
> nexusrbx-backend@1.0.0 start
> node server.js

[boot] NexusRBX Backend listening on 0.0.0.0:5001
[boot] env: {
  nodeEnv: 'development',
  hasFirebaseServiceAccount: true,
  hasAiGatewayApiKey: true,
  hasStripeSecretKey: true,
  railwayEnv: null,
  runJobWorker: false,
  runChatAgentReconciliationWorker: false,
  runAssetPublishingReconciliationWorker: false
}
[JobWorker] job execution, task projection, and outbox dispatch are disabled for this instance (set RUN_JOB_WORKER=true on the single worker instance)
[ops] {
  event: 'http_request',
  ts: '2026-09-09T09:13:10.676Z',
  requestId: 'abb6d2d8-9153-48be-898b-1e0aa379d527',
  method: 'OPTIONS',
  route: '/api/v2/events',
  status: 204,
  durationMs: 5
}
[ops] {
  event: 'security.app_check_rejected',
  ts: '2026-09-09T09:13:10.983Z',
  reason: 'missing_token',
  mode: 'monitor',
  route: '/api/v2/events'
}
[ops] {
  event: 'http_request',
  ts: '2026-09-09T09:13:12.727Z',
  requestId: 'f333d9ee-ead9-432f-9ef1-9de46611c8a7',
  method: 'OPTIONS',
  route: '/api/v2/agents/active',
  status: 204,
  durationMs: 1
}
[ops] {
  event: 'security.app_check_rejected',
  ts: '2026-09-09T09:13:12.731Z',
  reason: 'missing_token',
  mode: 'monitor',
  route: '/api/v2/agents/active'
}
[ops] {
  event: 'http_request',
  ts: '2026-09-09T09:13:12.862Z',
  requestId: '0b215d45-60e2-4cf3-8d85-60b848853081',
  method: 'OPTIONS',
  route: '/api/v2/agents/active',
  status: 204,
  durationMs: 0
}
[ops] {
  event: 'security.app_check_rejected',
  ts: '2026-09-09T09:13:13.173Z',
  reason: 'missing_token',
  mode: 'monitor',
  route: '/api/v2/agents/active'
}
[ops] {
  event: 'http_request',
  ts: '2026-09-09T09:13:15.129Z',
  requestId: 'fa50f7fa-768a-43ad-b68b-569d68cbea7f',
  method: 'OPTIONS',
  route: '/api/v2/events',
  status: 204,
  durationMs: 0
}
[ops] {
  event: 'http_request',
  ts: '2026-09-09T09:13:15.163Z',
  requestId: 'e4c59700-4ca0-4ffd-9008-79d9f899f97a',
  method: 'GET',
  route: '/api/v2/agents/active',
  status: 200,
  durationMs: 2433
}
[ops] {
  event: 'security.app_check_rejected',
  ts: '2026-09-09T09:13:15.164Z',
  reason: 'missing_token',
  mode: 'monitor',
  route: '/api/v2/events'
}
[ops] {
  event: 'http_request',
  ts: '2026-09-09T09:13:16.524Z',
  requestId: 'b798754b-c206-4f8f-9822-4985bd62f42a',
  method: 'GET',
  route: '/api/v2/agents/active',
  status: 200,
  durationMs: 3352
}
[ops] {
  event: 'http_request',
  ts: '2026-09-09T09:13:17.718Z',
  requestId: '37b4c7e1-1885-4140-a9de-7eb664c70cf1',
  method: 'OPTIONS',
  route: '/api/v2/events',
  status: 204,
  durationMs: 2
}
[ops] {
  event: 'security.app_check_rejected',
  ts: '2026-09-09T09:13:17.720Z',
  reason: 'missing_token',
  mode: 'monitor',
  route: '/api/v2/events'
}
[ops] {
  event: 'http_request',
  ts: '2026-09-09T09:13:22.586Z',
  requestId: 'd708da3b-db73-4565-8760-5338d2bbfb3c',
  method: 'OPTIONS',
  route: '/api/studio/status',
  status: 204,
  durationMs: 1
}
[ops] {
  event: 'http_request',
  ts: '2026-09-09T09:13:22.588Z',
  requestId: '353e728d-f0d4-4e92-b5d1-f1af92188789',
  method: 'OPTIONS',
  route: '/api/studio/mcp/status',
  status: 204,
  durationMs: 1
}
[ops] {
  event: 'http_request',
  ts: '2026-09-09T09:13:22.710Z',
  requestId: 'c22c2c0b-dbde-4c73-b7d9-f256f2fed762',
  method: 'OPTIONS',
  route: '/api/v2/events',
  status: 204,
  durationMs: 1
}
[ops] {
  event: 'http_request',
  ts: '2026-09-09T09:13:22.712Z',
  requestId: '3b39940c-ea35-4e84-8acd-e2e58daf8d25',
  method: 'OPTIONS',
  route: '/api/v2/agents/active',
  status: 204,
  durationMs: 1
}
[ops] {
  event: 'security.app_check_rejected',
  ts: '2026-09-09T09:13:22.715Z',
  reason: 'missing_token',
  mode: 'monitor',
  route: '/api/v2/agents/active'
}
[ops] {
  event: 'http_request',
  ts: '2026-09-09T09:13:22.864Z',
  requestId: 'f0450c0b-0ea9-4ca2-bcfa-213e03d9cded',
  method: 'OPTIONS',
  route: '/api/v2/agents/active',
  status: 204,
  durationMs: 2
}
[ops] {
  event: 'security.app_check_rejected',
  ts: '2026-09-09T09:13:22.891Z',
  reason: 'missing_token',
  mode: 'monitor',
  route: '/api/studio/status'
}
[ops] {
  event: 'security.app_check_rejected',
  ts: '2026-09-09T09:13:22.908Z',
  reason: 'missing_token',
  mode: 'monitor',
  route: '/api/studio/mcp/status'
}
[ops] {
  event: 'security.app_check_rejected',
  ts: '2026-09-09T09:13:23.014Z',
  reason: 'missing_token',
  mode: 'monitor',
  route: '/api/v2/events'
}
[ops] {
  event: 'security.app_check_rejected',
  ts: '2026-09-09T09:13:23.192Z',
  reason: 'missing_token',
  mode: 'monitor',
  route: '/api/v2/agents/active'
}
[ops] {
  event: 'http_request',
  ts: '2026-09-09T09:13:23.956Z',
  requestId: 'e9d18edd-8b1d-436f-8997-ddf7e4329b42',
  method: 'OPTIONS',
  route: '/api/v2/agents/active',
  status: 204,
  durationMs: 2
}
[ops] {
  event: 'http_request',
  ts: '2026-09-09T09:13:23.958Z',
  requestId: '62b7f152-fcae-4269-ad05-90ccb894f2b2',
  method: 'OPTIONS',
  route: '/api/onboarding',
  status: 204,
  durationMs: 1
}
[ops] {
  event: 'http_request',
  ts: '2026-09-09T09:13:23.959Z',
  requestId: 'f74cd869-5306-42d7-8ab4-98023378b8e8',
  method: 'OPTIONS',
  route: '/api/tasks',
  status: 204,
  durationMs: 1
}
[ops] {
  event: 'security.app_check_rejected',
  ts: '2026-09-09T09:13:23.960Z',
  reason: 'missing_token',
  mode: 'monitor',
  route: '/api/v2/agents/active'
}
[ops] {
  event: 'http_request',
  ts: '2026-09-09T09:13:23.964Z',
  requestId: 'e724b25e-e790-4314-bb86-88311c6b3909',
  method: 'OPTIONS',
  route: '/api/:id',
  status: 204,
  durationMs: 1
}
[ops] {
  event: 'http_request',
  ts: '2026-09-09T09:13:23.967Z',
  requestId: '979577b5-fc8e-48a0-9770-29d2a0580181',
  method: 'OPTIONS',
  route: '/api/roblox/oauth/status',
  status: 204,
  durationMs: 1
}
[ops] {
  event: 'http_request',
  ts: '2026-09-09T09:13:23.968Z',
  requestId: '17ba6894-9e53-421e-a35f-71801a8aec93',
  method: 'OPTIONS',
  route: '/api/user/teams',
  status: 204,
  durationMs: 0
}
[ops] {
  event: 'http_request',
  ts: '2026-09-09T09:13:24.008Z',
  requestId: '91aee398-07e5-4f0e-9b04-710092c7f4d0',
  method: 'OPTIONS',
  route: '/api/:id/:id',
  status: 204,
  durationMs: 1
}
[ops] {
  event: 'security.app_check_rejected',
  ts: '2026-09-09T09:13:24.266Z',
  reason: 'missing_token',
  mode: 'monitor',
  route: '/api/onboarding'
}
[ops] {
  event: 'security.app_check_rejected',
  ts: '2026-09-09T09:13:24.268Z',
  reason: 'missing_token',
  mode: 'monitor',
  route: '/api/tasks'
}
[ops] {
  event: 'http_request',
  ts: '2026-09-09T09:13:24.273Z',
  requestId: '80c633e8-302d-4be4-b333-917d1f3de93b',
  method: 'GET',
  route: '/api/tasks/',
  status: 503,
  durationMs: 5
}
[ops] {
  event: 'security.app_check_rejected',
  ts: '2026-09-09T09:13:24.274Z',
  reason: 'missing_token',
  mode: 'monitor',
  route: '/api/project-bindings'
}
[ops] {
  event: 'security.app_check_rejected',
  ts: '2026-09-09T09:13:24.298Z',
  reason: 'missing_token',
  mode: 'monitor',
  route: '/api/roblox/oauth/status'
}
[ops] {
  event: 'security.app_check_rejected',
  ts: '2026-09-09T09:13:24.301Z',
  reason: 'missing_token',
  mode: 'monitor',
  route: '/api/user/teams'
}
[ops] {
  event: 'http_request',
  ts: '2026-09-09T09:13:24.615Z',
  requestId: '08ca6873-2c86-47d4-aa22-c4064bf662f9',
  method: 'OPTIONS',
  route: '/api/:id',
  status: 204,
  durationMs: 0
}
[ops] {
  event: 'http_request',
  ts: '2026-09-09T09:13:24.616Z',
  requestId: '41cdb591-d18d-4f71-b4af-1ff35f38ea83',
  method: 'OPTIONS',
  route: '/api/user/teams',
  status: 204,
  durationMs: 0
}
[ops] {
  event: 'http_request',
  ts: '2026-09-09T09:13:25.071Z',
  requestId: '3771e77d-f383-4d47-a39b-7a4baf355adb',
  method: 'OPTIONS',
  route: '/api/studio/status',
  status: 204,
  durationMs: 0
}
[ops] {
  event: 'http_request',
  ts: '2026-09-09T09:13:25.071Z',
  requestId: '9053b217-8b2a-4106-84cd-9d6d274f4158',
  method: 'OPTIONS',
  route: '/api/studio/mcp/status',
  status: 204,
  durationMs: 0
}
[ops] {
  event: 'security.app_check_rejected',
  ts: '2026-09-09T09:13:25.382Z',
  reason: 'missing_token',
  mode: 'monitor',
  route: '/api/studio/status'
}
[ops] {
  event: 'http_request',
  ts: '2026-09-09T09:13:25.421Z',
  requestId: '9a7a2312-7fea-463d-93a0-8b574a8535d5',
  method: 'GET',
  route: '/api/onboarding/',
  status: 200,
  durationMs: 1154
}
[ops] {
  event: 'security.app_check_rejected',
  ts: '2026-09-09T09:13:25.422Z',
  reason: 'missing_token',
  mode: 'monitor',
  route: '/api/project-bindings/launch_6d8804b8-4f32-4869-a916-9be2eee2d44f'
}
[ops] {
  event: 'http_request',
  ts: '2026-09-09T09:13:25.538Z',
  requestId: '2df3d163-36b3-4240-a906-b3dab2717686',
  method: 'GET',
  route: '/api/project-bindings/',
  status: 200,
  durationMs: 1264
}
[ops] {
  event: 'http_request',
  ts: '2026-09-09T09:13:25.545Z',
  requestId: 'c1f97268-e3a4-4956-9634-3b248f52c9b1',
  method: 'GET',
  route: '/api/roblox/oauth/status',
  status: 200,
  durationMs: 1247
}
[ops] {
  event: 'security.app_check_rejected',
  ts: '2026-09-09T09:13:25.549Z',
  reason: 'missing_token',
  mode: 'monitor',
  route: '/api/project-bindings'
}
[ops] {
  event: 'security.app_check_rejected',
  ts: '2026-09-09T09:13:25.554Z',
  reason: 'missing_token',
  mode: 'monitor',
  route: '/api/user/teams'
}
[ops] {
  event: 'http_request',
  ts: '2026-09-09T09:13:25.631Z',
  requestId: '05e34675-a644-4050-b178-9f061091519a',
  method: 'GET',
  route: '/api/user/teams',
  status: 200,
  durationMs: 1330
}
[ops] {
  event: 'http_request',
  ts: '2026-09-09T09:13:25.632Z',
  requestId: 'b3a558d4-5988-4ad5-9545-b2f1c5f094db',
  method: 'GET',
  route: '/api/user/teams',
  status: 200,
  durationMs: 78
}
[ops] {
  event: 'http_request',
  ts: '2026-09-09T09:13:25.741Z',
  requestId: '8a11056d-402f-45e0-aeea-7ba4f9c67afe',
  method: 'GET',
  route: '/api/v2/agents/active',
  status: 200,
  durationMs: 3027
}
[ops] {
  event: 'security.app_check_rejected',
  ts: '2026-09-09T09:13:25.744Z',
  reason: 'missing_token',
  mode: 'monitor',
  route: '/api/studio/mcp/status'
}
project_resolution {
  requestId: 'c43dd7bf-bca8-45be-a12c-e556b445b617',
  userHash: '9e7a0952b3e25f3b',
  projectHash: '19824ffde52819c1',
  resolutionState: 'ready',
  failureCode: null
}
[ops] {
  event: 'http_request',
  ts: '2026-09-09T09:13:26.442Z',
  requestId: 'c43dd7bf-bca8-45be-a12c-e556b445b617',
  method: 'GET',
  route: '/api/project-bindings/:projectId',
  status: 200,
  durationMs: 1021
}
[ops] {
  event: 'http_request',
  ts: '2026-09-09T09:13:26.462Z',
  requestId: '126a247a-2fe2-48ad-8991-270eca402ef9',
  method: 'OPTIONS',
  route: '/api/v2/events',
  status: 204,
  durationMs: 0
}
[ops] {
  event: 'security.app_check_rejected',
  ts: '2026-09-09T09:13:26.463Z',
  reason: 'missing_token',
  mode: 'monitor',
  route: '/api/v2/events'
}
[ops] {
  event: 'http_request',
  ts: '2026-09-09T09:13:26.504Z',
  requestId: '1cebb6ab-1208-4d87-a8fc-911294ea0e20',
  method: 'GET',
  route: '/api/v2/agents/active',
  status: 200,
  durationMs: 3312
}
[ops] {
  event: 'http_request',
  ts: '2026-09-09T09:13:26.643Z',
  requestId: 'd7275d29-6239-451a-96be-2461cd0507fc',
  method: 'GET',
  route: '/api/project-bindings/',
  status: 200,
  durationMs: 1095
}
[ops] {
  event: 'http_request',
  ts: '2026-09-09T09:13:27.339Z',
  requestId: '0ad39370-8b03-4f55-8b5a-9141aa5cbd06',
  method: 'GET',
  route: '/api/v2/agents/active',
  status: 200,
  durationMs: 3379
}
[ops] {
  event: 'http_request',
  ts: '2026-09-09T09:13:27.651Z',
  requestId: 'e9845a84-c812-4a6f-83a7-d3d6e685e2a0',
  method: 'GET',
  route: '/api/studio/status',
  status: 200,
  durationMs: 2269
}
[ops] {
  event: 'http_request',
  ts: '2026-09-09T09:13:27.961Z',
  requestId: 'ffe53308-1d40-496e-89eb-0eb58b81be06',
  method: 'GET',
  route: '/api/studio/mcp/status',
  status: 200,
  durationMs: 2217
}
[ops] {
  event: 'http_request',
  ts: '2026-09-09T09:13:33.033Z',
  requestId: '4fa4792d-2bd1-44a0-aff0-e6a3b09ddc88',
  method: 'OPTIONS',
  route: '/api/v2/agents/active',
  status: 204,
  durationMs: 1
}
[ops] {
  event: 'http_request',
  ts: '2026-09-09T09:13:33.035Z',
  requestId: 'bb7c09d9-9e75-412a-98ac-17290246479e',
  method: 'OPTIONS',
  route: '/api/v2/agents/active',
  status: 204,
  durationMs: 0
}
[ops] {
  event: 'security.app_check_rejected',
  ts: '2026-09-09T09:13:33.036Z',
  reason: 'missing_token',
  mode: 'monitor',
  route: '/api/v2/agents/active'
}
[ops] {
  event: 'security.app_check_rejected',
  ts: '2026-09-09T09:13:33.040Z',
  reason: 'missing_token',
  mode: 'monitor',
  route: '/api/v2/agents/active'
}
[ops] {
  event: 'http_request',
  ts: '2026-09-09T09:13:33.268Z',
  requestId: '9b735955-b7c8-4cb4-87bc-f09a1122192b',
  method: 'OPTIONS',
  route: '/api/studio/status',
  status: 204,
  durationMs: 0
}
[ops] {
  event: 'http_request',
  ts: '2026-09-09T09:13:33.269Z',
  requestId: 'c264bd3c-7b6c-4b50-852c-7cf16aa43dc0',
  method: 'OPTIONS',
  route: '/api/studio/mcp/status',
  status: 204,
  durationMs: 0
}
[ops] {
  event: 'security.app_check_rejected',
  ts: '2026-09-09T09:13:33.575Z',
  reason: 'missing_token',
  mode: 'monitor',
  route: '/api/studio/status'
}
[ops] {
  event: 'http_request',
  ts: '2026-09-09T09:13:33.956Z',
  requestId: 'eab3a39b-292e-46d2-a605-4ae1526d223a',
  method: 'OPTIONS',
  route: '/api/v2/agents/active',
  status: 204,
  durationMs: 1
}
[ops] {
  event: 'http_request',
  ts: '2026-09-09T09:13:34.065Z',
  requestId: '119296f5-e861-4d84-902a-83954b8c3af7',
  method: 'GET',
  route: '/api/v2/agents/active',
  status: 200,
  durationMs: 1026
}
[ops] {
  event: 'security.app_check_rejected',
  ts: '2026-09-09T09:13:34.066Z',
  reason: 'missing_token',
  mode: 'monitor',
  route: '/api/studio/mcp/status'
}
[ops] {
  event: 'security.app_check_rejected',
  ts: '2026-09-09T09:13:34.264Z',
  reason: 'missing_token',
  mode: 'monitor',
  route: '/api/v2/agents/active'
}
[ops] {
  event: 'http_request',
  ts: '2026-09-09T09:13:34.318Z',
  requestId: '7b0df4cc-17c6-4380-9571-44bb4e4aec06',
  method: 'GET',
  route: '/api/v2/agents/active',
  status: 200,
  durationMs: 1282
}
[ops] {
  event: 'http_request',
  ts: '2026-09-09T09:13:34.733Z',
  requestId: '72f0dc92-65d5-43c8-ad1c-0d95b685c423',
  method: 'GET',
  route: '/api/studio/mcp/status',
  status: 200,
  durationMs: 667
}
[ops] {
  event: 'http_request',
  ts: '2026-09-09T09:13:35.082Z',
  requestId: 'a507ff72-0091-454f-898f-af1169080246',
  method: 'GET',
  route: '/api/v2/agents/active',
  status: 200,
  durationMs: 818
}
[ops] {
  event: 'http_request',
  ts: '2026-09-09T09:13:35.403Z',
  requestId: 'a402d0c3-a4fb-43ba-9e33-38c9255e1765',
  method: 'GET',
  route: '/api/studio/status',
  status: 200,
  durationMs: 1828
}
[ops] {
  event: 'http_request',
  ts: '2026-09-09T09:13:35.493Z',
  requestId: 'b4c4f831-28ac-468b-ad37-52e394d109e7',
  method: 'GET',
  route: '/api/v2/events',
  status: 200,
  durationMs: 24512
}
[ops] {
  event: 'http_request',
  ts: '2026-09-09T09:13:37.853Z',
  requestId: 'c06520eb-4fd7-43cc-9adc-72c8df84d482',
  method: 'OPTIONS',
  route: '/api/v2/events',
  status: 204,
  durationMs: 0
}
[ops] {
  event: 'security.app_check_rejected',
  ts: '2026-09-09T09:13:37.854Z',
  reason: 'missing_token',
  mode: 'monitor',
  route: '/api/v2/events'
}
[ops] {
  event: 'http_request',
  ts: '2026-09-09T09:13:42.241Z',
  requestId: '53d21db0-3a66-4081-a034-2252b455beaf',
  method: 'GET',
  route: '/api/v2/events',
  status: 200,
  durationMs: 27077
}
[ops] {
  event: 'http_request',
  ts: '2026-09-09T09:13:42.623Z',
  requestId: '10fdf991-de05-4a8a-9216-912d6d6ad7bd',
  method: 'OPTIONS',
  route: '/api/v2/agents/active',
  status: 204,
  durationMs: 0
}
[ops] {
  event: 'http_request',
  ts: '2026-09-09T09:13:42.624Z',
  requestId: '5b3de912-f153-486a-ac43-e56116861382',
  method: 'OPTIONS',
  route: '/api/v2/events',
  status: 204,
  durationMs: 0
}
[ops] {
  event: 'security.app_check_rejected',
  ts: '2026-09-09T09:13:42.625Z',
  reason: 'missing_token',
  mode: 'monitor',
  route: '/api/v2/agents/active'
}
[ops] {
  event: 'http_request',
  ts: '2026-09-09T09:13:42.723Z',
  requestId: '0edf1a56-94e5-4ee1-93d2-68e2a14255fb',
  method: 'OPTIONS',
  route: '/api/v2/agents/active',
  status: 204,
  durationMs: 1
}
[ops] {
  event: 'http_request',
  ts: '2026-09-09T09:13:42.856Z',
  requestId: '2b9f57bf-e944-40fb-a1b7-20ffb4a6d454',
  method: 'OPTIONS',
  route: '/api/v2/agents/active',
  status: 204,
  durationMs: 1
}
[ops] {
  event: 'security.app_check_rejected',
  ts: '2026-09-09T09:13:42.933Z',
  reason: 'missing_token',
  mode: 'monitor',
  route: '/api/v2/events'
}
[ops] {
  event: 'security.app_check_rejected',
  ts: '2026-09-09T09:13:43.041Z',
  reason: 'missing_token',
  mode: 'monitor',
  route: '/api/v2/agents/active'
}
[ops] {
  event: 'security.app_check_rejected',
  ts: '2026-09-09T09:13:43.166Z',
  reason: 'missing_token',
  mode: 'monitor',
  route: '/api/v2/agents/active'
}
[ops] {
  event: 'http_request',
  ts: '2026-09-09T09:13:43.534Z',
  requestId: '2e350c4d-143c-4ab5-b190-3f67f29ee2b5',
  method: 'GET',
  route: '/api/v2/agents/active',
  status: 200,
  durationMs: 910
}
[ops] {
  event: 'http_request',
  ts: '2026-09-09T09:13:44.034Z',
  requestId: 'c68e3061-ef0b-41d3-8b8d-e4c94f23e741',
  method: 'GET',
  route: '/api/v2/agents/active',
  status: 200,
  durationMs: 993
}
[ops] {
  event: 'http_request',
  ts: '2026-09-09T09:13:44.039Z',
  requestId: '96bd5ddf-ca98-454a-9b3d-a88d84ce15a1',
  method: 'GET',
  route: '/api/v2/agents/active',
  status: 200,
  durationMs: 872
}
[ops] {
  event: 'http_request',
  ts: '2026-09-09T09:13:44.263Z',
  requestId: 'ea89814b-a6d9-4ee5-a92b-e7af1d3028f5',
  method: 'OPTIONS',
  route: '/api/v2/agents/active',
  status: 204,
  durationMs: 0
}
[ops] {
  event: 'security.app_check_rejected',
  ts: '2026-09-09T09:13:44.574Z',
  reason: 'missing_token',
  mode: 'monitor',
  route: '/api/v2/agents/active'
}
[ops] {
  event: 'http_request',
  ts: '2026-09-09T09:13:45.356Z',
  requestId: '833014b3-4b05-45b0-b3bd-043e416a4fe6',
  method: 'GET',
  route: '/api/v2/agents/active',
  status: 200,
  durationMs: 782
}
[ops] {
  event: 'http_request',
  ts: '2026-09-09T09:13:45.540Z',
  requestId: 'c0ead2c7-3492-47b5-a7cb-3aac95423f2c',
  method: 'GET',
  route: '/api/v2/events',
  status: 200,
  durationMs: 27820
}
[ops] {
  event: 'http_request',
  ts: '2026-09-09T09:13:47.503Z',
  requestId: 'ff49b0d0-9aed-4971-9769-80127cf9f227',
  method: 'GET',
  route: '/api/v2/events',
  status: 200,
  durationMs: 24490
}
[ops] {
  event: 'http_request',
  ts: '2026-09-09T09:13:47.721Z',
  requestId: '60fc255e-d106-49a6-bc28-faf4b210d0c9',
  method: 'OPTIONS',
  route: '/api/v2/events',
  status: 204,
  durationMs: 0
}
[ops] {
  event: 'security.app_check_rejected',
  ts: '2026-09-09T09:13:47.723Z',
  reason: 'missing_token',
  mode: 'monitor',
  route: '/api/v2/events'
}
[ops] {
  event: 'http_request',
  ts: '2026-09-09T09:13:49.122Z',
  requestId: '7a6bf207-05ed-40e9-85ab-b6d46607012c',
  method: 'GET',
  route: '/api/v2/events',
  status: 200,
  durationMs: 11268
}
[ops] {
  event: 'http_request',
  ts: '2026-09-09T09:13:50.351Z',
  requestId: '80da9227-8c08-46f2-a6d6-df3fa94d8d87',
  method: 'OPTIONS',
  route: '/api/v2/events',
  status: 204,
  durationMs: 0
}
[ops] {
  event: 'security.app_check_rejected',
  ts: '2026-09-09T09:13:50.352Z',
  reason: 'missing_token',
  mode: 'monitor',
  route: '/api/v2/events'
}
[ops] {
  event: 'http_request',
  ts: '2026-09-09T09:13:51.214Z',
  requestId: '3b5eec07-81c1-4b9b-b0af-2a3441c80e87',
  method: 'GET',
  route: '/api/v2/events',
  status: 200,
  durationMs: 24752
}
[ops] {
  event: 'http_request',
  ts: '2026-09-09T09:13:51.220Z',
  requestId: '3265ae10-9234-4184-9f32-2a073af503c3',
  method: 'OPTIONS',
  route: '/api/v2/agents/active',
  status: 204,
  durationMs: 0
}
[ops] {
  event: 'security.app_check_rejected',
  ts: '2026-09-09T09:13:51.221Z',
  reason: 'missing_token',
  mode: 'monitor',
  route: '/api/v2/agents/active'
}
[ops] {
  event: 'http_request',
  ts: '2026-09-09T09:13:51.964Z',
  requestId: 'c0fff9c7-8ac4-4cdd-b751-1984d94fd0e2',
  method: 'GET',
  route: '/api/v2/agents/active',
  status: 200,
  durationMs: 744
}
[ops] {
  event: 'http_request',
  ts: '2026-09-09T09:13:52.627Z',
  requestId: '3205e5ab-5527-43eb-8b5b-2522df49d3ae',
  method: 'OPTIONS',
  route: '/api/v2/agents/active',
  status: 204,
  durationMs: 0
}
[ops] {
  event: 'http_request',
  ts: '2026-09-09T09:13:52.715Z',
  requestId: 'd4c314ba-2ee6-4e67-822f-78a8f8229532',
  method: 'OPTIONS',
  route: '/api/v2/agents/active',
  status: 204,
  durationMs: 0
}
[ops] {
  event: 'http_request',
  ts: '2026-09-09T09:13:52.860Z',
  requestId: 'caa7256d-171a-429e-bad8-53b9e6e214f7',
  method: 'OPTIONS',
  route: '/api/v2/agents/active',
  status: 204,
  durationMs: 0
}
[ops] {
  event: 'security.app_check_rejected',
  ts: '2026-09-09T09:13:52.936Z',
  reason: 'missing_token',
  mode: 'monitor',
  route: '/api/v2/agents/active'
}
[ops] {
  event: 'security.app_check_rejected',
  ts: '2026-09-09T09:13:53.029Z',
  reason: 'missing_token',
  mode: 'monitor',
  route: '/api/v2/agents/active'
}
[ops] {
  event: 'security.app_check_rejected',
  ts: '2026-09-09T09:13:53.168Z',
  reason: 'missing_token',
  mode: 'monitor',
  route: '/api/v2/agents/active'
}
[ops] {
  event: 'http_request',
  ts: '2026-09-09T09:13:53.662Z',
  requestId: '4123c727-624d-4e02-a062-c422492fe25f',
  method: 'GET',
  route: '/api/v2/agents/active',
  status: 200,
  durationMs: 726
}
[ops] {
  event: 'http_request',
  ts: '2026-09-09T09:13:53.847Z',
  requestId: '71ef7c37-76aa-40e6-9c50-18eed767cc9f',
  method: 'GET',
  route: '/api/v2/agents/active',
  status: 200,
  durationMs: 818
}
[ops] {
  event: 'http_request',
  ts: '2026-09-09T09:13:53.897Z',
  requestId: '594ddbd3-0af2-4746-8b42-8336d0b65756',
  method: 'GET',
  route: '/api/v2/agents/active',
  status: 200,
  durationMs: 729
}
[ops] {
  event: 'http_request',
  ts: '2026-09-09T09:13:53.958Z',
  requestId: '0284da44-75b7-4ab8-b421-d17174828d35',
  method: 'OPTIONS',
  route: '/api/v2/agents/active',
  status: 204,
  durationMs: 1
}
[ops] {
  event: 'security.app_check_rejected',
  ts: '2026-09-09T09:13:53.960Z',
  reason: 'missing_token',
  mode: 'monitor',
  route: '/api/v2/agents/active'
}
[ops] {
  event: 'http_request',
  ts: '2026-09-09T09:13:53.961Z',
  requestId: '03c4d793-878d-4603-afe0-c0ba70c0529f',
  method: 'OPTIONS',
  route: '/api/v2/events',
  status: 204,
  durationMs: 0
}
[ops] {
  event: 'http_request',
  ts: '2026-09-09T09:13:53.963Z',
  requestId: 'e3231d19-3f5a-4070-88d5-e24b146be0e9',
  method: 'OPTIONS',
  route: '/api/studio/status',
  status: 204,
  durationMs: 0
}
[ops] {
  event: 'http_request',
  ts: '2026-09-09T09:13:53.965Z',
  requestId: '7de0dd09-161a-4fcd-9154-0b6c129c67e4',
  method: 'OPTIONS',
  route: '/api/studio/mcp/status',
  status: 204,
  durationMs: 0
}
[ops] {
  event: 'security.app_check_rejected',
  ts: '2026-09-09T09:13:54.272Z',
  reason: 'missing_token',
  mode: 'monitor',
  route: '/api/v2/events'
}
[ops] {
  event: 'security.app_check_rejected',
  ts: '2026-09-09T09:13:54.274Z',
  reason: 'missing_token',
  mode: 'monitor',
  route: '/api/studio/status'
}
[ops] {
  event: 'security.app_check_rejected',
  ts: '2026-09-09T09:13:54.276Z',
  reason: 'missing_token',
  mode: 'monitor',
  route: '/api/studio/mcp/status'
}
[ops] {
  event: 'http_request',
  ts: '2026-09-09T09:13:54.793Z',
  requestId: '8b14e9b0-c5d3-47b8-be30-381b30a74425',
  method: 'GET',
  route: '/api/v2/agents/active',
  status: 200,
  durationMs: 833
}
[ops] {
  event: 'http_request',
  ts: '2026-09-09T09:13:54.895Z',
  requestId: '7dbc7da2-2c4b-40c1-a2d8-5a1dfa9ada6e',
  method: 'GET',
  route: '/api/studio/mcp/status',
  status: 200,
  durationMs: 619
}
[ops] {
  event: 'http_request',
  ts: '2026-09-09T09:13:54.988Z',
  requestId: 'b99bbdb6-d830-44b6-a39f-a3c1631e372c',
  method: 'OPTIONS',
  route: '/api/studio/status',
  status: 204,
  durationMs: 0
}
[ops] {
  event: 'security.app_check_rejected',
  ts: '2026-09-09T09:13:54.989Z',
  reason: 'missing_token',
  mode: 'monitor',
  route: '/api/studio/status'
}
[ops] {
  event: 'http_request',
  ts: '2026-09-09T09:13:54.991Z',
  requestId: '6263783c-b999-4044-9f9a-7af7c15419e2',
  method: 'OPTIONS',
  route: '/api/studio/mcp/status',
  status: 204,
  durationMs: 0
}
[ops] {
  event: 'security.app_check_rejected',
  ts: '2026-09-09T09:13:54.992Z',
  reason: 'missing_token',
  mode: 'monitor',
  route: '/api/studio/mcp/status'
}
[ops] {
  event: 'http_request',
  ts: '2026-09-09T09:13:55.368Z',
  requestId: 'a4e1b1e3-0be9-4f34-87c8-d1f16d8cd267',
  method: 'GET',
  route: '/api/studio/status',
  status: 200,
  durationMs: 1095
}
[ops] {
  event: 'http_request',
  ts: '2026-09-09T09:13:55.369Z',
  requestId: '81000ed3-dd64-4b9b-8af3-7b70948cf8dc',
  method: 'GET',
  route: '/api/studio/status',
  status: 200,
  durationMs: 380
}
[ops] {
  event: 'http_request',
  ts: '2026-09-09T09:13:55.608Z',
  requestId: '4287e060-f725-4d00-86a4-08c549ea8230',
  method: 'GET',
  route: '/api/studio/mcp/status',
  status: 200,
  durationMs: 617
}
[ops] {
  event: 'http_request',
  ts: '2026-09-09T09:13:57.966Z',
  requestId: '61e3025d-88da-4111-a1ef-2b5691e9b2d8',
  method: 'OPTIONS',
  route: '/api/studio/status',
  status: 204,
  durationMs: 1
}
[ops] {
  event: 'http_request',
  ts: '2026-09-09T09:13:57.968Z',
  requestId: '5bcc45f5-c1df-4407-b2b8-2727a6460c5e',
  method: 'OPTIONS',
  route: '/api/studio/mcp/status',
  status: 204,
  durationMs: 1
}
[ops] {
  event: 'security.app_check_rejected',
  ts: '2026-09-09T09:13:57.969Z',
  reason: 'missing_token',
  mode: 'monitor',
  route: '/api/studio/status'
}
[ops] {
  event: 'http_request',
  ts: '2026-09-09T09:13:57.972Z',
  requestId: '7cbdcb53-dc0b-4da9-8131-fef1b0c42e01',
  method: 'GET',
  route: '/api/studio/status',
  status: 200,
  durationMs: 4
}
[ops] {
  event: 'security.app_check_rejected',
  ts: '2026-09-09T09:13:57.973Z',
  reason: 'missing_token',
  mode: 'monitor',
  route: '/api/studio/mcp/status'
}
[ops] {
  event: 'http_request',
  ts: '2026-09-09T09:13:58.500Z',
  requestId: 'b12746be-7a5a-48c0-959f-62daa4d4578e',
  method: 'GET',
  route: '/api/studio/mcp/status',
  status: 200,
  durationMs: 528
}
[ops] {
  event: 'http_request',
  ts: '2026-09-09T09:14:01.221Z',
  requestId: '1b9e7e92-eb2a-443c-84f2-907ddcd17312',
  method: 'GET',
  route: '/api/v2/events',
  status: 200,
  durationMs: 13498
}
[ops] {
  event: 'http_request',
  ts: '2026-09-09T09:14:02.636Z',
  requestId: '8a2dbd62-159f-4adb-9204-fe48c5cf9d32',
  method: 'OPTIONS',
  route: '/api/v2/agents/active',
  status: 204,
  durationMs: 0
}
[ops] {
  event: 'security.app_check_rejected',
  ts: '2026-09-09T09:14:02.637Z',
  reason: 'missing_token',
  mode: 'monitor',
  route: '/api/v2/agents/active'
}
[ops] {
  event: 'http_request',
  ts: '2026-09-09T09:14:02.714Z',
  requestId: 'f853f287-32dd-4e8d-bdd3-742d1d23239e',
  method: 'OPTIONS',
  route: '/api/v2/agents/active',
  status: 204,
  durationMs: 0
}
[ops] {
  event: 'http_request',
  ts: '2026-09-09T09:14:02.715Z',
  requestId: 'ff9278af-d052-4455-ac02-147c66e9cec6',
  method: 'OPTIONS',
  route: '/api/v2/events',
  status: 204,
  durationMs: 0
}
[ops] {
  event: 'security.app_check_rejected',
  ts: '2026-09-09T09:14:02.717Z',
  reason: 'missing_token',
  mode: 'monitor',
  route: '/api/v2/agents/active'
}
[ops] {
  event: 'security.app_check_rejected',
  ts: '2026-09-09T09:14:02.719Z',
  reason: 'missing_token',
  mode: 'monitor',
  route: '/api/v2/events'
}
[ops] {
  event: 'http_request',
  ts: '2026-09-09T09:14:02.853Z',
  requestId: '42e96d22-caa6-4cf6-bc1d-22f2fb3d68e2',
  method: 'OPTIONS',
  route: '/api/v2/agents/active',
  status: 204,
  durationMs: 0
}
[ops] {
  event: 'security.app_check_rejected',
  ts: '2026-09-09T09:14:03.160Z',
  reason: 'missing_token',
  mode: 'monitor',
  route: '/api/v2/agents/active'
}
[ops] {
  event: 'http_request',
  ts: '2026-09-09T09:14:03.371Z',
  requestId: '5ff8df07-5ddf-4795-91b7-f8942c256655',
  method: 'GET',
  route: '/api/v2/agents/active',
  status: 200,
  durationMs: 734
}
[ops] {
  event: 'http_request',
  ts: '2026-09-09T09:14:03.484Z',
  requestId: 'b3685591-64b7-4e8a-996e-7e941cb78b28',
  method: 'GET',
  route: '/api/v2/agents/active',
  status: 200,
  durationMs: 768
}
[ops] {
  event: 'http_request',
  ts: '2026-09-09T09:14:03.956Z',
  requestId: '5105565e-eed1-4fb2-83c1-8564d44c2b47',
  method: 'OPTIONS',
  route: '/api/v2/agents/active',
  status: 204,
  durationMs: 0
}
[ops] {
  event: 'http_request',
  ts: '2026-09-09T09:14:04.043Z',
  requestId: '5c4cab44-7255-40f1-9363-f4068a4b2fc6',
  method: 'GET',
  route: '/api/v2/agents/active',
  status: 200,
  durationMs: 883
}
[ops] {
  event: 'security.app_check_rejected',
  ts: '2026-09-09T09:14:04.266Z',
  reason: 'missing_token',
  mode: 'monitor',
  route: '/api/v2/agents/active'
}
[ops] {
  event: 'http_request',
  ts: '2026-09-09T09:14:05.211Z',
  requestId: '942c258c-824b-431d-8347-dcf402a245da',
  method: 'GET',
  route: '/api/v2/agents/active',
  status: 200,
  durationMs: 945
}
[ops] {
  event: 'http_request',
  ts: '2026-09-09T09:14:05.424Z',
  requestId: '0ad3cc6d-2f51-4f32-849c-36e8dd89d720',
  method: 'OPTIONS',
  route: '/api/studio/status',
  status: 204,
  durationMs: 1
}
[ops] {
  event: 'http_request',
  ts: '2026-09-09T09:14:05.425Z',
  requestId: '30496eb2-8b6b-4527-ba4c-534c8047836d',
  method: 'OPTIONS',
  route: '/api/studio/mcp/status',
  status: 204,
  durationMs: 1
}
[ops] {
  event: 'security.app_check_rejected',
  ts: '2026-09-09T09:14:05.426Z',
  reason: 'missing_token',
  mode: 'monitor',
  route: '/api/studio/status'
}
[ops] {
  event: 'security.app_check_rejected',
  ts: '2026-09-09T09:14:05.429Z',
  reason: 'missing_token',
  mode: 'monitor',
  route: '/api/studio/mcp/status'
}
[ops] {
  event: 'http_request',
  ts: '2026-09-09T09:14:05.860Z',
  requestId: 'b4be658c-7345-4267-b922-99c644ebe7fd',
  method: 'GET',
  route: '/api/v2/events',
  status: 200,
  durationMs: 22926
}
[ops] {
  event: 'http_request',
  ts: '2026-09-09T09:14:05.983Z',
  requestId: 'af2918fe-1e01-4b82-bafd-92158dedd129',
  method: 'GET',
  route: '/api/studio/mcp/status',
  status: 200,
  durationMs: 554
}
[ops] {
  event: 'http_request',
  ts: '2026-09-09T09:14:06.779Z',
  requestId: 'fe059aea-8fd0-4695-89d5-d127c06c7bed',
  method: 'GET',
  route: '/api/studio/status',
  status: 200,
  durationMs: 1353
}
[ops] {
  event: 'http_request',
  ts: '2026-09-09T09:14:07.627Z',
  requestId: '96b26945-1a9a-4915-8391-08943d08df18',
  method: 'OPTIONS',
  route: '/api/v2/events',
  status: 204,
  durationMs: 0
}
[ops] {
  event: 'security.app_check_rejected',
  ts: '2026-09-09T09:14:07.628Z',
  reason: 'missing_token',
  mode: 'monitor',
  route: '/api/v2/events'
}
[ops] {
  event: 'http_request',
  ts: '2026-09-09T09:14:07.764Z',
  requestId: '3f972b6e-0490-4a6e-8e36-f6d726499d76',
  method: 'GET',
  route: '/api/v2/events',
  status: 200,
  durationMs: 13492
}
[ops] {
  event: 'http_request',
  ts: '2026-09-09T09:14:08.954Z',
  requestId: 'a3b7d16e-3a7d-4b39-856e-62fd7407e61e',
  method: 'OPTIONS',
  route: '/api/v2/events',
  status: 204,
  durationMs: 1
}
[ops] {
  event: 'security.app_check_rejected',
  ts: '2026-09-09T09:14:08.956Z',
  reason: 'missing_token',
  mode: 'monitor',
  route: '/api/v2/events'
}
[ops] {
  event: 'http_request',
  ts: '2026-09-09T09:14:11.810Z',
  requestId: '3aa12d09-4ed2-4b75-b831-38bbedd87b17',
  method: 'GET',
  route: '/api/v2/events',
  status: 200,
  durationMs: 21458
}
[ops] {
  event: 'http_request',
  ts: '2026-09-09T09:14:12.637Z',
  requestId: 'a3df1a2a-f2d2-43ab-b3e5-51c8b28552ef',
  method: 'OPTIONS',
  route: '/api/v2/agents/active',
  status: 204,
  durationMs: 1
}
[ops] {
  event: 'security.app_check_rejected',
  ts: '2026-09-09T09:14:12.638Z',
  reason: 'missing_token',
  mode: 'monitor',
  route: '/api/v2/agents/active'
}
[ops] {
  event: 'http_request',
  ts: '2026-09-09T09:14:12.714Z',
  requestId: '376d1c9f-61ca-4818-8753-8f4e5c9efc88',
  method: 'OPTIONS',
  route: '/api/v2/agents/active',
  status: 204,
  durationMs: 0
}
[ops] {
  event: 'http_request',
  ts: '2026-09-09T09:14:12.850Z',
  requestId: '6ced900a-59f8-45a0-993a-4d987c0b777c',
  method: 'OPTIONS',
  route: '/api/v2/agents/active',
  status: 204,
  durationMs: 0
}
[ops] {
  event: 'http_request',
  ts: '2026-09-09T09:14:12.853Z',
  requestId: 'f3209d36-b1ab-4143-8ee5-95e2611a1d18',
  method: 'OPTIONS',
  route: '/api/v2/events',
  status: 204,
  durationMs: 0
}
[ops] {
  event: 'security.app_check_rejected',
  ts: '2026-09-09T09:14:13.022Z',
  reason: 'missing_token',
  mode: 'monitor',
  route: '/api/v2/agents/active'
}
[ops] {
  event: 'security.app_check_rejected',
  ts: '2026-09-09T09:14:13.164Z',
  reason: 'missing_token',
  mode: 'monitor',
  route: '/api/v2/agents/active'
}
[ops] {
  event: 'security.app_check_rejected',
  ts: '2026-09-09T09:14:13.166Z',
  reason: 'missing_token',
  mode: 'monitor',
  route: '/api/v2/events'
}
[ops] {
  event: 'http_request',
  ts: '2026-09-09T09:14:13.392Z',
  requestId: '2994756b-7eb0-4375-8c84-4033523a4bb2',
  method: 'GET',
  route: '/api/v2/agents/active',
  status: 200,
  durationMs: 754
}
[ops] {
  event: 'http_request',
  ts: '2026-09-09T09:14:13.954Z',
  requestId: 'd6ef465e-6d9b-410e-8ea1-9c2337b121cc',
  method: 'OPTIONS',
  route: '/api/v2/agents/active',
  status: 204,
  durationMs: 0
}
[ops] {
  event: 'http_request',
  ts: '2026-09-09T09:14:13.981Z',
  requestId: 'c838910e-6acc-408d-8b8a-f86c26acbb67',
  method: 'GET',
  route: '/api/v2/agents/active',
  status: 200,
  durationMs: 817
}
[ops] {
  event: 'http_request',
  ts: '2026-09-09T09:14:14.062Z',
  requestId: '29d6304f-1267-4ca1-a751-9e6f65333953',
  method: 'GET',
  route: '/api/v2/agents/active',
  status: 200,
  durationMs: 1040
}
[ops] {
  event: 'security.app_check_rejected',
  ts: '2026-09-09T09:14:14.259Z',
  reason: 'missing_token',
  mode: 'monitor',
  route: '/api/v2/agents/active'
}
[ops] {
  event: 'http_request',
  ts: '2026-09-09T09:14:15.186Z',
  requestId: 'b1f28b93-8ed7-432e-9d50-d9c99aac29f7',
  method: 'GET',
  route: '/api/v2/agents/active',
  status: 200,
  durationMs: 927
}
[ops] {
  event: 'http_request',
  ts: '2026-09-09T09:14:18.914Z',
  requestId: 'ad2b7b79-65a7-44d3-8213-8e0a29d694e1',
  method: 'GET',
  route: '/api/v2/events',
  status: 200,
  durationMs: 16194
}
[ops] {
  event: 'http_request',
  ts: '2026-09-09T09:14:20.221Z',
  requestId: '7bc8662c-a0c6-4b50-af9f-11fe718ee772',
  method: 'OPTIONS',
  route: '/api/v2/events',
  status: 204,
  durationMs: 0
}
[ops] {
  event: 'security.app_check_rejected',
  ts: '2026-09-09T09:14:20.223Z',
  reason: 'missing_token',
  mode: 'monitor',
  route: '/api/v2/events'
}
[ops] {
  event: 'http_request',
  ts: '2026-09-09T09:14:21.867Z',
  requestId: '2514c629-b1e5-4fa0-81df-493a26ebf78c',
  method: 'GET',
  route: '/api/v2/events',
  status: 200,
  durationMs: 14239
}
[ops] {
  event: 'http_request',
  ts: '2026-09-09T09:14:22.628Z',
  requestId: '5f5c17df-5949-47d6-a38d-801772254736',
  method: 'OPTIONS',
  route: '/api/v2/agents/active',
  status: 204,
  durationMs: 0
}
[ops] {
  event: 'security.app_check_rejected',
  ts: '2026-09-09T09:14:22.629Z',
  reason: 'missing_token',
  mode: 'monitor',
  route: '/api/v2/agents/active'
}
[ops] {
  event: 'http_request',
  ts: '2026-09-09T09:14:22.631Z',
  requestId: 'deeff051-f670-44fb-9b5c-cc153229f7e8',
  method: 'OPTIONS',
  route: '/api/v2/events',
  status: 204,
  durationMs: 0
}
[ops] {
  event: 'http_request',
  ts: '2026-09-09T09:14:22.714Z',
  requestId: '1f91f2cd-eee4-43c2-9345-35591c3b9f92',
  method: 'OPTIONS',
  route: '/api/v2/agents/active',
  status: 204,
  durationMs: 1
}
[ops] {
  event: 'http_request',
  ts: '2026-09-09T09:14:22.856Z',
  requestId: '10792c22-8bf7-4afd-9b95-9a56309e21ea',
  method: 'OPTIONS',
  route: '/api/v2/agents/active',
  status: 204,
  durationMs: 1
}
[ops] {
  event: 'security.app_check_rejected',
  ts: '2026-09-09T09:14:22.936Z',
  reason: 'missing_token',
  mode: 'monitor',
  route: '/api/v2/events'
}
[ops] {
  event: 'security.app_check_rejected',
  ts: '2026-09-09T09:14:23.027Z',
  reason: 'missing_token',
  mode: 'monitor',
  route: '/api/v2/agents/active'
}
[ops] {
  event: 'security.app_check_rejected',
  ts: '2026-09-09T09:14:23.164Z',
  reason: 'missing_token',
  mode: 'monitor',
  route: '/api/v2/agents/active'
}
[ops] {
  event: 'http_request',
  ts: '2026-09-09T09:14:23.485Z',
  requestId: '2eee6352-c71f-4bfe-bf46-338588b84dad',
  method: 'GET',
  route: '/api/v2/agents/active',
  status: 200,
  durationMs: 856
}
[ops] {
  event: 'http_request',
  ts: '2026-09-09T09:14:23.796Z',
  requestId: '02e325a7-3e07-4e6c-b1b4-88c31c8044de',
  method: 'GET',
  route: '/api/v2/agents/active',
  status: 200,
  durationMs: 769
}
[ops] {
  event: 'http_request',
  ts: '2026-09-09T09:14:23.904Z',
  requestId: '44c8dd81-b6c7-4646-8979-96f0e5542bef',
  method: 'GET',
  route: '/api/v2/agents/active',
  status: 200,
  durationMs: 740
}
[ops] {
  event: 'http_request',
  ts: '2026-09-09T09:14:23.954Z',
  requestId: 'c28db714-4cc8-48e8-87d3-062ced63932c',
  method: 'OPTIONS',
  route: '/api/v2/agents/active',
  status: 204,
  durationMs: 0
}
[ops] {
  event: 'security.app_check_rejected',
  ts: '2026-09-09T09:14:24.261Z',
  reason: 'missing_token',
  mode: 'monitor',
  route: '/api/v2/agents/active'
}
[ops] {
  event: 'http_request',
  ts: '2026-09-09T09:14:24.277Z',
  requestId: 'cc04d927-281a-4f28-a72c-cdab9015cc3a',
  method: 'GET',
  route: '/api/v2/events',
  status: 200,
  durationMs: 15321
}
[ops] {
  event: 'http_request',
  ts: '2026-09-09T09:14:25.213Z',
  requestId: 'bbad2c4f-80ce-450a-a52c-36c4c557f731',
  method: 'GET',
  route: '/api/v2/agents/active',
  status: 200,
  durationMs: 953
}
[ops] {
  event: 'http_request',
  ts: '2026-09-09T09:14:25.376Z',
  requestId: '34ddfd3e-5144-4509-8f4c-faa5f1de0088',
  method: 'OPTIONS',
  route: '/api/studio/status',
  status: 204,
  durationMs: 0
}
[ops] {
  event: 'http_request',
  ts: '2026-09-09T09:14:25.377Z',
  requestId: '9bf3d6ff-8b4e-4f49-8d44-121fb4d74750',
  method: 'OPTIONS',
  route: '/api/studio/mcp/status',
  status: 204,
  durationMs: 0
}
[ops] {
  event: 'security.app_check_rejected',
  ts: '2026-09-09T09:14:25.377Z',
  reason: 'missing_token',
  mode: 'monitor',
  route: '/api/studio/status'
}
[ops] {
  event: 'security.app_check_rejected',
  ts: '2026-09-09T09:14:25.379Z',
  reason: 'missing_token',
  mode: 'monitor',
  route: '/api/studio/mcp/status'
}
[ops] {
  event: 'http_request',
  ts: '2026-09-09T09:14:25.892Z',
  requestId: '05f206ad-d948-4726-ac30-9f022f99dee8',
  method: 'GET',
  route: '/api/studio/mcp/status',
  status: 200,
  durationMs: 513
}
[ops] {
  event: 'http_request',
  ts: '2026-09-09T09:14:26.450Z',
  requestId: 'c819dfc6-017a-4a97-9285-2b6427f7e1cc',
  method: 'GET',
  route: '/api/studio/status',
  status: 200,
  durationMs: 1073
}
[ops] {
  event: 'http_request',
  ts: '2026-09-09T09:14:26.453Z',
  requestId: '1fc5a5f8-0fd7-4c12-87bb-81ab0196ece3',
  method: 'OPTIONS',
  route: '/api/v2/events',
  status: 204,
  durationMs: 0
}
[ops] {
  event: 'security.app_check_rejected',
  ts: '2026-09-09T09:14:26.455Z',
  reason: 'missing_token',
  mode: 'monitor',
  route: '/api/v2/events'
}
[ops] {
  event: 'http_request',
  ts: '2026-09-09T09:14:28.519Z',
  requestId: '74eba61d-ba25-4b8c-ace6-ea1678ac1c8e',
  method: 'OPTIONS',
  route: '/api/studio/status',
  status: 204,
  durationMs: 1
}
[ops] {
  event: 'http_request',
  ts: '2026-09-09T09:14:28.521Z',
  requestId: '9bc29f38-703d-4de9-a192-92d7e5addc43',
  method: 'OPTIONS',
  route: '/api/studio/mcp/status',
  status: 204,
  durationMs: 1
}
[ops] {
  event: 'security.app_check_rejected',
  ts: '2026-09-09T09:14:28.521Z',
  reason: 'missing_token',
  mode: 'monitor',
  route: '/api/studio/status'
}
[ops] {
  event: 'http_request',
  ts: '2026-09-09T09:14:28.523Z',
  requestId: 'a8c448b4-de15-4d22-8f97-9d3ac64575f2',
  method: 'GET',
  route: '/api/studio/status',
  status: 200,
  durationMs: 2
}
[ops] {
  event: 'security.app_check_rejected',
  ts: '2026-09-09T09:14:28.524Z',
  reason: 'missing_token',
  mode: 'monitor',
  route: '/api/studio/mcp/status'
}
[ops] {
  event: 'http_request',
  ts: '2026-09-09T09:14:29.116Z',
  requestId: 'f1045c25-9ec4-487c-8949-b1da12b09f3c',
  method: 'GET',
  route: '/api/studio/mcp/status',
  status: 200,
  durationMs: 592
}
[ops] {
  event: 'http_request',
  ts: '2026-09-09T09:14:32.629Z',
  requestId: 'c5cf77ef-aa7b-46d2-af9e-41158cd10706',
  method: 'OPTIONS',
  route: '/api/v2/agents/active',
  status: 204,
  durationMs: 0
}
[ops] {
  event: 'security.app_check_rejected',
  ts: '2026-09-09T09:14:32.630Z',
  reason: 'missing_token',
  mode: 'monitor',
  route: '/api/v2/agents/active'
}
[ops] {
  event: 'http_request',
  ts: '2026-09-09T09:14:32.719Z',
  requestId: '29aaa04c-3f5b-4190-8789-bbab5551b376',
  method: 'OPTIONS',
  route: '/api/v2/agents/active',
  status: 204,
  durationMs: 0
}
[ops] {
  event: 'security.app_check_rejected',
  ts: '2026-09-09T09:14:32.721Z',
  reason: 'missing_token',
  mode: 'monitor',
  route: '/api/v2/agents/active'
}
[ops] {
  event: 'http_request',
  ts: '2026-09-09T09:14:32.863Z',
  requestId: '456a5d70-cdeb-4183-ad51-4f111477ffa7',
  method: 'OPTIONS',
  route: '/api/v2/agents/active',
  status: 204,
  durationMs: 0
}
[ops] {
  event: 'security.app_check_rejected',
  ts: '2026-09-09T09:14:33.170Z',
  reason: 'missing_token',
  mode: 'monitor',
  route: '/api/v2/agents/active'
}
[ops] {
  event: 'http_request',
  ts: '2026-09-09T09:14:33.397Z',
  requestId: 'cacc7de1-f4d6-456f-bf6e-cfa62e3c8bab',
  method: 'GET',
  route: '/api/v2/agents/active',
  status: 200,
  durationMs: 767
}
[ops] {
  event: 'http_request',
  ts: '2026-09-09T09:14:33.536Z',
  requestId: '10082a1b-7665-49b8-a8bf-fde8acd873e7',
  method: 'GET',
  route: '/api/v2/agents/active',
  status: 200,
  durationMs: 816
}
[ops] {
  event: 'http_request',
  ts: '2026-09-09T09:14:34.060Z',
  requestId: '6972818a-da96-4b2e-9aa3-980ee186333c',
  method: 'GET',
  route: '/api/v2/agents/active',
  status: 200,
  durationMs: 890
}
[ops] {
  event: 'http_request',
  ts: '2026-09-09T09:14:34.272Z',
  requestId: '61d2cb88-cd32-4da5-a7e8-dc2a67575d54',
  method: 'OPTIONS',
  route: '/api/v2/agents/active',
  status: 204,
  durationMs: 0
}
[ops] {
  event: 'security.app_check_rejected',
  ts: '2026-09-09T09:14:34.595Z',
  reason: 'missing_token',
  mode: 'monitor',
  route: '/api/v2/agents/active'
}
[ops] {
  event: 'http_request',
  ts: '2026-09-09T09:14:35.026Z',
  requestId: '57355499-b23f-4558-94be-f0a24916d075',
  method: 'GET',
  route: '/api/v2/events',
  status: 200,
  durationMs: 21861
}
[ops] {
  event: 'http_request',
  ts: '2026-09-09T09:14:35.318Z',
  requestId: '431c9745-bc7e-451c-8d0d-80fc9d04fe1d',
  method: 'GET',
  route: '/api/v2/agents/active',
  status: 200,
  durationMs: 723
}
[ops] {
  event: 'http_request',
  ts: '2026-09-09T09:14:35.359Z',
  requestId: 'dfebd4e6-16bb-4a35-ad3b-3fdfdc09e0cf',
  method: 'OPTIONS',
  route: '/api/v2/events',
  status: 204,
  durationMs: 0
}
[ops] {
  event: 'security.app_check_rejected',
  ts: '2026-09-09T09:14:35.360Z',
  reason: 'missing_token',
  mode: 'monitor',
  route: '/api/v2/events'
}
[ops] {
  event: 'http_request',
  ts: '2026-09-09T09:14:36.788Z',
  requestId: '7046aceb-4fb0-4ca6-9a87-eb6be80cc75c',
  method: 'OPTIONS',
  route: '/api/studio/status',
  status: 204,
  durationMs: 1
}
[ops] {
  event: 'http_request',
  ts: '2026-09-09T09:14:36.790Z',
  requestId: '28519ccc-6f0c-40e3-b07f-cf1ec2f62dfb',
  method: 'OPTIONS',
  route: '/api/studio/mcp/status',
  status: 204,
  durationMs: 0
}
[ops] {
  event: 'security.app_check_rejected',
  ts: '2026-09-09T09:14:36.790Z',
  reason: 'missing_token',
  mode: 'monitor',
  route: '/api/studio/status'
}
[ops] {
  event: 'security.app_check_rejected',
  ts: '2026-09-09T09:14:36.792Z',
  reason: 'missing_token',
  mode: 'monitor',
  route: '/api/studio/mcp/status'
}
[ops] {
  event: 'http_request',
  ts: '2026-09-09T09:14:36.946Z',
  requestId: '3ecd58a5-fc59-43f1-b2a3-95977e3bc27e',
  method: 'GET',
  route: '/api/v2/events',
  status: 200,
  durationMs: 16723
}
[ops] {
  event: 'http_request',
  ts: '2026-09-09T09:14:37.459Z',
  requestId: 'be20fa25-de63-49b3-ad36-c06ee4255f13',
  method: 'GET',
  route: '/api/studio/mcp/status',
  status: 200,
  durationMs: 667
}
[ops] {
  event: 'http_request',
  ts: '2026-09-09T09:14:37.714Z',
  requestId: '44ea6944-b379-41ec-88ce-0db1f10d5fdf',
  method: 'OPTIONS',
  route: '/api/v2/events',
  status: 204,
  durationMs: 0
}
[ops] {
  event: 'security.app_check_rejected',
  ts: '2026-09-09T09:14:37.716Z',
  reason: 'missing_token',
  mode: 'monitor',
  route: '/api/v2/events'
}
[ops] {
  event: 'http_request',
  ts: '2026-09-09T09:14:38.037Z',
  requestId: 'f2b957ef-02b6-44e0-8ca6-c4a5c750474e',
  method: 'GET',
  route: '/api/studio/status',
  status: 200,
  durationMs: 1247
}
[ops] {
  event: 'http_request',
  ts: '2026-09-09T09:14:42.632Z',
  requestId: 'ad2cced0-5a88-40b7-be74-54f5769d9a8b',
  method: 'OPTIONS',
  route: '/api/v2/agents/active',
  status: 204,
  durationMs: 1
}
[ops] {
  event: 'security.app_check_rejected',
  ts: '2026-09-09T09:14:42.633Z',
  reason: 'missing_token',
  mode: 'monitor',
  route: '/api/v2/agents/active'
}
[ops] {
  event: 'http_request',
  ts: '2026-09-09T09:14:42.646Z',
  requestId: '7bbb4660-f1d7-415b-a4a9-fca1e0022b7d',
  method: 'GET',
  route: '/api/v2/events',
  status: 200,
  durationMs: 19711
}
[ops] {
  event: 'http_request',
  ts: '2026-09-09T09:14:42.726Z',
  requestId: 'c415209b-6f5d-4ee1-b449-fbba4f289244',
  method: 'OPTIONS',
  route: '/api/v2/agents/active',
  status: 204,
  durationMs: 1
}
[ops] {
  event: 'security.app_check_rejected',
  ts: '2026-09-09T09:14:42.728Z',
  reason: 'missing_token',
  mode: 'monitor',
  route: '/api/v2/agents/active'
}
[ops] {
  event: 'http_request',
  ts: '2026-09-09T09:14:42.851Z',
  requestId: '5df00abc-2b76-4de1-9407-89854861acc1',
  method: 'OPTIONS',
  route: '/api/v2/agents/active',
  status: 204,
  durationMs: 1
}
[ops] {
  event: 'security.app_check_rejected',
  ts: '2026-09-09T09:14:42.852Z',
  reason: 'missing_token',
  mode: 'monitor',
  route: '/api/v2/agents/active'
}
[ops] {
  event: 'http_request',
  ts: '2026-09-09T09:14:43.379Z',
  requestId: '836013a9-a855-4404-9119-2c0123549323',
  method: 'GET',
  route: '/api/v2/agents/active',
  status: 200,
  durationMs: 746
}
[ops] {
  event: 'http_request',
  ts: '2026-09-09T09:14:43.470Z',
  requestId: '2018de75-9e2b-435f-b7bd-e395e51207fa',
  method: 'GET',
  route: '/api/v2/agents/active',
  status: 200,
  durationMs: 741
}
[ops] {
  event: 'http_request',
  ts: '2026-09-09T09:14:43.645Z',
  requestId: '32177c0a-d083-4eba-99e5-9f9398253191',
  method: 'GET',
  route: '/api/v2/agents/active',
  status: 200,
  durationMs: 794
}
[ops] {
  event: 'http_request',
  ts: '2026-09-09T09:14:43.955Z',
  requestId: 'c2ca1728-b90d-4287-bcf9-3e6d05cfee37',
  method: 'OPTIONS',
  route: '/api/v2/agents/active',
  status: 204,
  durationMs: 1
}
[ops] {
  event: 'security.app_check_rejected',
  ts: '2026-09-09T09:14:44.258Z',
  reason: 'missing_token',
  mode: 'monitor',
  route: '/api/v2/agents/active'
}
[ops] {
  event: 'http_request',
  ts: '2026-09-09T09:14:45.129Z',
  requestId: '1102e49e-03e9-458e-aa27-5ddec2a1c18a',
  method: 'OPTIONS',
  route: '/api/v2/events',
  status: 204,
  durationMs: 0
}
[ops] {
  event: 'security.app_check_rejected',
  ts: '2026-09-09T09:14:45.131Z',
  reason: 'missing_token',
  mode: 'monitor',
  route: '/api/v2/events'
}
[ops] {
  event: 'http_request',
  ts: '2026-09-09T09:14:45.135Z',
  requestId: '19effb0d-7633-44dc-a04e-9066cb5944bd',
  method: 'GET',
  route: '/api/v2/agents/active',
  status: 200,
  durationMs: 878
}
[ops] {
  event: 'http_request',
  ts: '2026-09-09T09:14:45.312Z',
  requestId: '6a8aeae9-21d9-4c58-9537-13e540aba5e6',
  method: 'GET',
  route: '/api/v2/events',
  status: 200,
  durationMs: 18858
}
[ops] {
  event: 'http_request',
  ts: '2026-09-09T09:14:46.460Z',
  requestId: '461b71b1-8ccd-4356-944e-0be196bc69b8',
  method: 'OPTIONS',
  route: '/api/v2/events',
  status: 204,
  durationMs: 0
}
[ops] {
  event: 'security.app_check_rejected',
  ts: '2026-09-09T09:14:46.461Z',
  reason: 'missing_token',
  mode: 'monitor',
  route: '/api/v2/events'
}
[ops] {
  event: 'http_request',
  ts: '2026-09-09T09:14:51.091Z',
  requestId: '0c789362-8ad4-4a8f-8e35-e87815050707',
  method: 'GET',
  route: '/api/v2/events',
  status: 200,
  durationMs: 13375
}
[ops] {
  event: 'http_request',
  ts: '2026-09-09T09:14:52.631Z',
  requestId: '8bd02522-611d-496e-8d0d-a1077b6eaf6b',
  method: 'OPTIONS',
  route: '/api/v2/agents/active',
  status: 204,
  durationMs: 0
}
[ops] {
  event: 'security.app_check_rejected',
  ts: '2026-09-09T09:14:52.632Z',
  reason: 'missing_token',
  mode: 'monitor',
  route: '/api/v2/agents/active'
}
[ops] {
  event: 'http_request',
  ts: '2026-09-09T09:14:52.713Z',
  requestId: '12a54667-cfa8-4d5b-9c4b-19580606436b',
  method: 'OPTIONS',
  route: '/api/v2/agents/active',
  status: 204,
  durationMs: 0
}
[ops] {
  event: 'http_request',
  ts: '2026-09-09T09:14:52.714Z',
  requestId: '6b0e42e0-cb33-4eac-8e23-f239fbb60c0d',
  method: 'OPTIONS',
  route: '/api/v2/events',
  status: 204,
  durationMs: 0
}
[ops] {
  event: 'http_request',
  ts: '2026-09-09T09:14:52.856Z',
  requestId: '41d305b4-45a2-4987-884b-44a9983715d9',
  method: 'OPTIONS',
  route: '/api/v2/agents/active',
  status: 204,
  durationMs: 0
}
[ops] {
  event: 'security.app_check_rejected',
  ts: '2026-09-09T09:14:53.016Z',
  reason: 'missing_token',
  mode: 'monitor',
  route: '/api/v2/agents/active'
}
[ops] {
  event: 'security.app_check_rejected',
  ts: '2026-09-09T09:14:53.032Z',
  reason: 'missing_token',
  mode: 'monitor',
  route: '/api/v2/events'
}
[ops] {
  event: 'security.app_check_rejected',
  ts: '2026-09-09T09:14:53.170Z',
  reason: 'missing_token',
  mode: 'monitor',
  route: '/api/v2/agents/active'
}
[ops] {
  event: 'http_request',
  ts: '2026-09-09T09:14:53.417Z',
  requestId: '8fe0d84f-13f0-43a3-93b7-e393803cdd57',
  method: 'GET',
  route: '/api/v2/agents/active',
  status: 200,
  durationMs: 785
}
[ops] {
  event: 'http_request',
  ts: '2026-09-09T09:14:53.755Z',
  requestId: '12b1ba8c-4544-4be1-a7b3-af75a7259ac8',
  method: 'GET',
  route: '/api/v2/agents/active',
  status: 200,
  durationMs: 739
}
[ops] {
  event: 'http_request',
  ts: '2026-09-09T09:14:53.903Z',
  requestId: 'cf8aaa77-23b8-4c1f-abfb-d5c96df74ae4',
  method: 'GET',
  route: '/api/v2/agents/active',
  status: 200,
  durationMs: 733
}
[ops] {
  event: 'http_request',
  ts: '2026-09-09T09:14:54.273Z',
  requestId: 'bb85d306-3ad4-46cc-9351-01f5926e32f8',
  method: 'OPTIONS',
  route: '/api/v2/agents/active',
  status: 204,
  durationMs: 1
}
[ops] {
  event: 'http_request',
  ts: '2026-09-09T09:14:55.620Z',
  requestId: '80e19ba4-86d2-4542-b6c8-954e247c8a59',
  method: 'OPTIONS',
  route: '/api/studio/status',
  status: 204,
  durationMs: 1
}
[ops] {
  event: 'http_request',
  ts: '2026-09-09T09:14:55.621Z',
  requestId: '77ad789b-c004-4c6a-86e4-69517f50a658',
  method: 'OPTIONS',
  route: '/api/studio/mcp/status',
  status: 204,
  durationMs: 1
}
[ops] {
  event: 'security.app_check_rejected',
  ts: '2026-09-09T09:14:55.622Z',
  reason: 'missing_token',
  mode: 'monitor',
  route: '/api/studio/status'
}
[ops] {
  event: 'security.app_check_rejected',
  ts: '2026-09-09T09:14:55.627Z',
  reason: 'missing_token',
  mode: 'monitor',
  route: '/api/studio/mcp/status'
}
[ops] {
  event: 'http_request',
  ts: '2026-09-09T09:14:56.185Z',
  requestId: 'f4a87e1d-1219-4948-8d58-1ae1f553f1b7',
  method: 'GET',
  route: '/api/studio/mcp/status',
  status: 200,
  durationMs: 558
}
[ops] {
  event: 'http_request',
  ts: '2026-09-09T09:14:56.448Z',
  requestId: '04197292-9590-4744-9237-03684df42394',
  method: 'OPTIONS',
  route: '/api/roblox/oauth/status',
  status: 204,
  durationMs: 1
}
[ops] {
  event: 'http_request',
  ts: '2026-09-09T09:14:56.450Z',
  requestId: 'a1aff7c1-f29e-48c2-96ab-408c1c40d9f8',
  method: 'OPTIONS',
  route: '/api/billing/entitlements',
  status: 204,
  durationMs: 1
}
[ops] {
  event: 'security.app_check_rejected',
  ts: '2026-09-09T09:14:56.451Z',
  reason: 'missing_token',
  mode: 'monitor',
  route: '/api/roblox/oauth/status'
}
[ops] {
  event: 'http_request',
  ts: '2026-09-09T09:14:56.455Z',
  requestId: '3d6fc7f4-b9cf-45cf-a857-f43631714750',
  method: 'OPTIONS',
  route: '/api/billing/timezone',
  status: 204,
  durationMs: 1
}
[ops] {
  event: 'security.app_check_rejected',
  ts: '2026-09-09T09:14:56.458Z',
  reason: 'missing_token',
  mode: 'monitor',
  route: '/api/user/settings'
}
[ops] {
  event: 'http_request',
  ts: '2026-09-09T09:14:56.464Z',
  requestId: 'f226dbdb-27bd-40dc-9906-f4d062185296',
  method: 'OPTIONS',
  route: '/api/roblox/oauth/status',
  status: 204,
  durationMs: 1
}
[ops] {
  event: 'http_request',
  ts: '2026-09-09T09:14:56.468Z',
  requestId: 'ccae1687-c6c6-4e16-ad3e-da7cb4ed70fe',
  method: 'OPTIONS',
  route: '/api/billing/entitlements',
  status: 204,
  durationMs: 1
}
[ops] {
  event: 'http_request',
  ts: '2026-09-09T09:14:56.469Z',
  requestId: '3f20d496-4433-420c-9f11-ca804314ed1c',
  method: 'OPTIONS',
  route: '/api/billing/timezone',
  status: 204,
  durationMs: 0
}
[ops] {
  event: 'http_request',
  ts: '2026-09-09T09:14:56.471Z',
  requestId: '6da97511-affe-4dd5-8485-a927a440cbdd',
  method: 'OPTIONS',
  route: '/api/roblox/oauth/status',
  status: 204,
  durationMs: 0
}
[ops] {
  event: 'http_request',
  ts: '2026-09-09T09:14:56.662Z',
  requestId: '89cfb095-f6c7-4e21-bf70-af487e9fcdf5',
  method: 'GET',
  route: '/api/studio/status',
  status: 200,
  durationMs: 1040
}
[ops] {
  event: 'http_request',
  ts: '2026-09-09T09:14:56.701Z',
  requestId: 'c7668065-8c25-44fa-973b-944d11d3335c',
  method: 'GET',
  route: '/api/roblox/oauth/status',
  status: 200,
  durationMs: 250
}
[ops] {
  event: 'http_request',
  ts: '2026-09-09T09:14:56.704Z',
  requestId: '25b7a72e-40cb-4b5a-a69c-917efe8a266a',
  method: 'GET',
  route: '/api/user/settings',
  status: 200,
  durationMs: 247
}
[ops] {
  event: 'security.app_check_rejected',
  ts: '2026-09-09T09:14:56.705Z',
  reason: 'missing_token',
  mode: 'monitor',
  route: '/api/billing/entitlements'
}
[ops] {
  event: 'http_request',
  ts: '2026-09-09T09:14:56.709Z',
  requestId: 'a2bbd12e-0bc3-43f3-b1ff-cd951089499d',
  method: 'GET',
  route: '/api/billing/entitlements',
  status: 200,
  durationMs: 4
}
[ops] {
  event: 'security.app_check_rejected',
  ts: '2026-09-09T09:14:56.740Z',
  reason: 'missing_token',
  mode: 'monitor',
  route: '/api/billing/timezone'
}
[ops] {
  event: 'security.app_check_rejected',
  ts: '2026-09-09T09:14:56.775Z',
  reason: 'missing_token',
  mode: 'monitor',
  route: '/api/roblox/oauth/status'
}
[ops] {
  event: 'http_request',
  ts: '2026-09-09T09:14:56.778Z',
  requestId: 'a55a75ad-583f-4dc0-aac9-e53da1bac634',
  method: 'GET',
  route: '/api/roblox/oauth/status',
  status: 200,
  durationMs: 2
}
[ops] {
  event: 'security.app_check_rejected',
  ts: '2026-09-09T09:14:56.778Z',
  reason: 'missing_token',
  mode: 'monitor',
  route: '/api/billing/entitlements'
}
[ops] {
  event: 'http_request',
  ts: '2026-09-09T09:14:56.781Z',
  requestId: 'a1f50dfd-4df0-46ae-9e27-996df155e8d0',
  method: 'GET',
  route: '/api/billing/entitlements',
  status: 200,
  durationMs: 3
}
[ops] {
  event: 'security.app_check_rejected',
  ts: '2026-09-09T09:14:56.784Z',
  reason: 'missing_token',
  mode: 'monitor',
  route: '/api/billing/timezone'
}
[ops] {
  event: 'security.app_check_rejected',
  ts: '2026-09-09T09:14:56.789Z',
  reason: 'missing_token',
  mode: 'monitor',
  route: '/api/roblox/oauth/status'
}
[ops] {
  event: 'http_request',
  ts: '2026-09-09T09:14:56.791Z',
  requestId: '6697e0f8-48a2-40a5-99fd-e97007f31971',
  method: 'GET',
  route: '/api/roblox/oauth/status',
  status: 200,
  durationMs: 3
}
[ops] {
  event: 'http_request',
  ts: '2026-09-09T09:14:56.965Z',
  requestId: 'e46406b0-dc03-4981-9509-211196cee915',
  method: 'OPTIONS',
  route: '/api/:id/:id',
  status: 204,
  durationMs: 1
}
[ops] {
  event: 'security.app_check_rejected',
  ts: '2026-09-09T09:14:56.969Z',
  reason: 'missing_token',
  mode: 'monitor',
  route: '/api/project-bindings/launch_6d8804b8-4f32-4869-a916-9be2eee2d44f'
}
[ops] {
  event: 'http_request',
  ts: '2026-09-09T09:14:56.973Z',
  requestId: 'f85c08dd-e882-4155-b9d6-387ce262f7d0',
  method: 'OPTIONS',
  route: '/api/roblox/oauth/status',
  status: 204,
  durationMs: 1
}
[ops] {
  event: 'http_request',
  ts: '2026-09-09T09:14:56.974Z',
  requestId: 'b1582082-92c7-42c3-820c-5b3e3fbe6575',
  method: 'OPTIONS',
  route: '/api/:id/:id',
  status: 204,
  durationMs: 1
}
[ops] {
  event: 'security.app_check_rejected',
  ts: '2026-09-09T09:14:56.977Z',
  reason: 'missing_token',
  mode: 'monitor',
  route: '/api/roblox/oauth/status'
}
[ops] {
  event: 'http_request',
  ts: '2026-09-09T09:14:56.980Z',
  requestId: '1b586307-079a-4213-a158-71cc1a08e3a9',
  method: 'GET',
  route: '/api/roblox/oauth/status',
  status: 200,
  durationMs: 3
}
[ops] {
  event: 'security.app_check_rejected',
  ts: '2026-09-09T09:14:56.981Z',
  reason: 'missing_token',
  mode: 'monitor',
  route: '/api/project-bindings/launch_6d8804b8-4f32-4869-a916-9be2eee2d44f'
}
project_resolution {
  requestId: '4b0d5eb7-ed34-4c49-9cfb-a54d4212d61c',
  userHash: '9e7a0952b3e25f3b',
  projectHash: '19824ffde52819c1',
  resolutionState: 'ready',
  failureCode: null
}
[ops] {
  event: 'http_request',
  ts: '2026-09-09T09:14:57.187Z',
  requestId: '4b0d5eb7-ed34-4c49-9cfb-a54d4212d61c',
  method: 'GET',
  route: '/api/project-bindings/:projectId',
  status: 200,
  durationMs: 207
}
project_resolution {
  requestId: '393d6641-0e5f-4570-bdbb-cb5217bffd1e',
  userHash: '9e7a0952b3e25f3b',
  projectHash: '19824ffde52819c1',
  resolutionState: 'ready',
  failureCode: null
}
[ops] {
  event: 'http_request',
  ts: '2026-09-09T09:14:57.210Z',
  requestId: '393d6641-0e5f-4570-bdbb-cb5217bffd1e',
  method: 'GET',
  route: '/api/project-bindings/:projectId',
  status: 200,
  durationMs: 241
}
[ops] {
  event: 'http_request',
  ts: '2026-09-09T09:14:57.270Z',
  requestId: '7cedac6f-d541-4521-87a5-2d34d4863221',
  method: 'POST',
  route: '/api/billing/timezone',
  status: 200,
  durationMs: 487
}
[ops] {
  event: 'http_request',
  ts: '2026-09-09T09:14:57.300Z',
  requestId: '82ebbf68-635e-4b23-a4de-c8bd9dfed589',
  method: 'POST',
  route: '/api/billing/timezone',
  status: 200,
  durationMs: 589
}
[ops] {
  event: 'http_request',
  ts: '2026-09-09T09:14:57.439Z',
  requestId: '826f5a27-aba0-42ba-bccb-b477bcc1de79',
  method: 'OPTIONS',
  route: '/api/ui-designs/',
  status: 204,
  durationMs: 1
}
[ops] {
  event: 'http_request',
  ts: '2026-09-09T09:14:57.440Z',
  requestId: '0d8dd476-0bdc-435c-b21e-c5c2b5a1acfc',
  method: 'OPTIONS',
  route: '/api/onboarding',
  status: 204,
  durationMs: 0
}
[ops] {
  event: 'http_request',
  ts: '2026-09-09T09:14:57.441Z',
  requestId: '7358f4d9-e9d7-47ee-9f09-62bbcde2be61',
  method: 'OPTIONS',
  route: '/api/tasks',
  status: 204,
  durationMs: 0
}
[ops] {
  event: 'http_request',
  ts: '2026-09-09T09:14:57.442Z',
  requestId: '4cdc8da4-191a-49d6-a269-7cab1985dc59',
  method: 'OPTIONS',
  route: '/api/:id',
  status: 204,
  durationMs: 0
}
[ops] {
  event: 'security.app_check_rejected',
  ts: '2026-09-09T09:14:57.442Z',
  reason: 'missing_token',
  mode: 'monitor',
  route: '/api/ui-designs/'
}
[ops] {
  event: 'security.app_check_rejected',
  ts: '2026-09-09T09:14:57.446Z',
  reason: 'missing_token',
  mode: 'monitor',
  route: '/api/onboarding'
}
[ops] {
  event: 'security.app_check_rejected',
  ts: '2026-09-09T09:14:57.452Z',
  reason: 'missing_token',
  mode: 'monitor',
  route: '/api/tasks'
}
[ops] {
  event: 'http_request',
  ts: '2026-09-09T09:14:57.458Z',
  requestId: '7673cee1-4b24-4929-9429-23e4e5a8b0c6',
  method: 'GET',
  route: '/api/tasks/',
  status: 503,
  durationMs: 5
}
[ops] {
  event: 'security.app_check_rejected',
  ts: '2026-09-09T09:14:57.459Z',
  reason: 'missing_token',
  mode: 'monitor',
  route: '/api/project-bindings'
}
[ops] {
  event: 'http_request',
  ts: '2026-09-09T09:14:57.462Z',
  requestId: 'a75290a8-d122-450e-83ee-5790f0407788',
  method: 'OPTIONS',
  route: '/api/user/teams',
  status: 204,
  durationMs: 1
}
[ops] {
  event: 'security.app_check_rejected',
  ts: '2026-09-09T09:14:57.470Z',
  reason: 'missing_token',
  mode: 'monitor',
  route: '/api/user/teams'
}
[ops] {
  event: 'http_request',
  ts: '2026-09-09T09:14:57.756Z',
  requestId: 'fb1349dc-77db-4c5a-ad47-c557c40ccfe0',
  method: 'GET',
  route: '/api/onboarding/',
  status: 200,
  durationMs: 310
}
[ops] {
  event: 'http_request',
  ts: '2026-09-09T09:14:57.796Z',
  requestId: '3f10e8b8-21e6-4931-910b-eee414839110',
  method: 'GET',
  route: '/api/project-bindings/',
  status: 200,
  durationMs: 337
}
[ops] {
  event: 'http_request',
  ts: '2026-09-09T09:14:57.798Z',
  requestId: '1dcb8868-90e7-475f-9b09-d1568542daf9',
  method: 'GET',
  route: '/api/user/teams',
  status: 200,
  durationMs: 328
}
[ops] {
  event: 'http_request',
  ts: '2026-09-09T09:14:58.137Z',
  requestId: '49cf045c-61e0-48b8-b9fc-c565349bc375',
  method: 'GET',
  route: '/api/ui-designs/',
  status: 200,
  durationMs: 695
}
[ops] {
  event: 'http_request',
  ts: '2026-09-09T09:14:58.140Z',
  requestId: 'd96aa77f-3ad2-4529-a86a-3291af124db9',
  method: 'OPTIONS',
  route: '/api/ui-designs/:id',
  status: 204,
  durationMs: 0
}
[ops] {
  event: 'security.app_check_rejected',
  ts: '2026-09-09T09:14:58.142Z',
  reason: 'missing_token',
  mode: 'monitor',
  route: '/api/ui-designs/tRtjvXJsdRG7laZUMwVC'
}
[ops] {
  event: 'http_request',
  ts: '2026-09-09T09:14:59.045Z',
  requestId: 'bac2d552-842f-4458-9f23-a9e1150a331f',
  method: 'GET',
  route: '/api/ui-designs/:designId',
  status: 200,
  durationMs: 903
}
[ops] {
  event: 'http_request',
  ts: '2026-09-09T09:14:59.053Z',
  requestId: '5de83307-8e6b-4cc6-8ad4-507e6916baa1',
  method: 'OPTIONS',
  route: '/api/ui-designs/:id/:id',
  status: 204,
  durationMs: 1
}
[ops] {
  event: 'security.app_check_rejected',
  ts: '2026-09-09T09:14:59.055Z',
  reason: 'missing_token',
  mode: 'monitor',
  route: '/api/ui-designs/tRtjvXJsdRG7laZUMwVC/preview-manifest'
}
[ops] {
  event: 'http_request',
  ts: '2026-09-09T09:14:59.132Z',
  requestId: 'fab05577-fa6b-4889-83c6-d4ba454b0ef6',
  method: 'OPTIONS',
  route: '/api/studio/status',
  status: 204,
  durationMs: 1
}
[ops] {
  event: 'http_request',
  ts: '2026-09-09T09:14:59.134Z',
  requestId: '86d8c328-1ec7-4351-af48-94f7d14f1c21',
  method: 'OPTIONS',
  route: '/api/studio/mcp/status',
  status: 204,
  durationMs: 1
}
[ops] {
  event: 'security.app_check_rejected',
  ts: '2026-09-09T09:14:59.136Z',
  reason: 'missing_token',
  mode: 'monitor',
  route: '/api/studio/status'
}
[ops] {
  event: 'http_request',
  ts: '2026-09-09T09:14:59.140Z',
  requestId: 'a947ec1c-8586-450f-9a5c-6aabd5df8152',
  method: 'GET',
  route: '/api/studio/status',
  status: 200,
  durationMs: 5
}
[ops] {
  event: 'security.app_check_rejected',
  ts: '2026-09-09T09:14:59.141Z',
  reason: 'missing_token',
  mode: 'monitor',
  route: '/api/studio/mcp/status'
}
[ops] {
  event: 'http_request',
  ts: '2026-09-09T09:14:59.722Z',
  requestId: '29913b34-423f-422d-9a84-1d31c5b114de',
  method: 'GET',
  route: '/api/studio/mcp/status',
  status: 200,
  durationMs: 581
}
[ops] {
  event: 'http_request',
  ts: '2026-09-09T09:15:01.723Z',
  requestId: '3fe50ab2-9d64-4ed3-92a4-f32812625235',
  method: 'GET',
  route: '/api/ui-designs/:designId/preview-manifest',
  status: 200,
  durationMs: 2668
}
[ops] {
  event: 'http_request',
  ts: '2026-09-09T09:15:02.636Z',
  requestId: '55b551a2-9b02-47ca-99a2-1e954b72fd41',
  method: 'OPTIONS',
  route: '/api/v2/agents/active',
  status: 204,
  durationMs: 0
}
[ops] {
  event: 'security.app_check_rejected',
  ts: '2026-09-09T09:15:02.637Z',
  reason: 'missing_token',
  mode: 'monitor',
  route: '/api/v2/agents/active'
}
[ops] {
  event: 'http_request',
  ts: '2026-09-09T09:15:02.723Z',
  requestId: 'fd733d4b-4c5d-4990-876f-05dacc85abeb',
  method: 'OPTIONS',
  route: '/api/v2/agents/active',
  status: 204,
  durationMs: 0
}
[ops] {
  event: 'security.app_check_rejected',
  ts: '2026-09-09T09:15:02.726Z',
  reason: 'missing_token',
  mode: 'monitor',
  route: '/api/v2/agents/active'
}
[ops] {
  event: 'http_request',
  ts: '2026-09-09T09:15:02.851Z',
  requestId: '4b79b3fb-432c-4b0b-8c44-f3688710dca3',
  method: 'OPTIONS',
  route: '/api/v2/agents/active',
  status: 204,
  durationMs: 1
}
[ops] {
  event: 'security.app_check_rejected',
  ts: '2026-09-09T09:15:03.157Z',
  reason: 'missing_token',
  mode: 'monitor',
  route: '/api/v2/agents/active'
}
[ops] {
  event: 'http_request',
  ts: '2026-09-09T09:15:03.418Z',
  requestId: 'c559755e-9b3b-4646-90e5-40b8049df441',
  method: 'GET',
  route: '/api/v2/agents/active',
  status: 200,
  durationMs: 781
}
[ops] {
  event: 'http_request',
  ts: '2026-09-09T09:15:03.519Z',
  requestId: '9878fec6-320a-455b-bffd-1e920d37c949',
  method: 'GET',
  route: '/api/v2/agents/active',
  status: 200,
  durationMs: 794
}
[ops] {
  event: 'http_request',
  ts: '2026-09-09T09:15:03.920Z',
  requestId: 'a63b543f-bc74-43c6-983a-fd6b1a69c67a',
  method: 'GET',
  route: '/api/v2/agents/active',
  status: 200,
  durationMs: 764
}
[ops] {
  event: 'http_request',
  ts: '2026-09-09T09:15:05.209Z',
  requestId: 'd62f476b-ddbc-4482-8cb7-6aaa2745f8a3',
  method: 'GET',
  route: '/api/v2/events',
  status: 200,
  durationMs: 29849
}
[ops] {
  event: 'http_request',
  ts: '2026-09-09T09:15:05.362Z',
  requestId: 'f3357227-813b-45e5-a347-8a0121cf8c41',
  method: 'OPTIONS',
  route: '/api/v2/events',
  status: 204,
  durationMs: 1
}
[ops] {
  event: 'security.app_check_rejected',
  ts: '2026-09-09T09:15:05.365Z',
  reason: 'missing_token',
  mode: 'monitor',
  route: '/api/v2/events'
}
[ops] {
  event: 'http_request',
  ts: '2026-09-09T09:15:06.300Z',
  requestId: '67e2a6cc-5289-4000-9acb-1da49c8cec4d',
  method: 'GET',
  route: '/api/v2/events',
  status: 200,
  durationMs: 13268
}
[ops] {
  event: 'http_request',
  ts: '2026-09-09T09:15:07.346Z',
  requestId: '410f54e7-1979-4703-babf-b85430187590',
  method: 'GET',
  route: '/api/v2/events',
  status: 200,
  durationMs: 22215
}
[ops] {
  event: 'http_request',
  ts: '2026-09-09T09:15:07.631Z',
  requestId: 'b5d21e4f-f2f4-4558-9fd3-b74fe635af93',
  method: 'OPTIONS',
  route: '/api/v2/events',
  status: 204,
  durationMs: 0
}
[ops] {
  event: 'security.app_check_rejected',
  ts: '2026-09-09T09:15:07.632Z',
  reason: 'missing_token',
  mode: 'monitor',
  route: '/api/v2/events'
}
[ops] {
  event: 'http_request',
  ts: '2026-09-09T09:15:07.719Z',
  requestId: 'd1b94a9e-47f9-4023-89af-3daa87a670c6',
  method: 'OPTIONS',
  route: '/api/v2/events',
  status: 204,
  durationMs: 0
}
[ops] {
  event: 'security.app_check_rejected',
  ts: '2026-09-09T09:15:07.721Z',
  reason: 'missing_token',
  mode: 'monitor',
  route: '/api/v2/events'
}
[ops] {
  event: 'http_request',
  ts: '2026-09-09T09:15:08.044Z',
  requestId: 'cadfc262-d762-4093-b23d-2da068fe75eb',
  method: 'OPTIONS',
  route: '/api/studio/status',
  status: 204,
  durationMs: 1
}
[ops] {
  event: 'http_request',
  ts: '2026-09-09T09:15:08.046Z',
  requestId: '7c40bde2-fa12-4120-8420-af9e284067c9',
  method: 'OPTIONS',
  route: '/api/studio/mcp/status',
  status: 204,
  durationMs: 1
}
[ops] {
  event: 'security.app_check_rejected',
  ts: '2026-09-09T09:15:08.047Z',
  reason: 'missing_token',
  mode: 'monitor',
  route: '/api/studio/status'
}
[ops] {
  event: 'security.app_check_rejected',
  ts: '2026-09-09T09:15:08.050Z',
  reason: 'missing_token',
  mode: 'monitor',
  route: '/api/studio/mcp/status'
}
[ops] {
  event: 'http_request',
  ts: '2026-09-09T09:15:08.538Z',
  requestId: 'c0ab2520-5f5d-46ad-868d-829a8d5a5f0e',
  method: 'GET',
  route: '/api/studio/mcp/status',
  status: 200,
  durationMs: 489
}
[ops] {
  event: 'http_request',
  ts: '2026-09-09T09:15:09.221Z',
  requestId: '1fab420f-85bd-41f8-ac6a-24fa3de5d99c',
  method: 'GET',
  route: '/api/studio/status',
  status: 200,
  durationMs: 1174
}
[ops] {
  event: 'http_request',
  ts: '2026-09-09T09:15:12.628Z',
  requestId: 'de9f20d6-19ce-49d4-aabe-9f4e0d4a4b6d',
  method: 'OPTIONS',
  route: '/api/v2/agents/active',
  status: 204,
  durationMs: 1
}
[ops] {
  event: 'security.app_check_rejected',
  ts: '2026-09-09T09:15:12.630Z',
  reason: 'missing_token',
  mode: 'monitor',
  route: '/api/v2/agents/active'
}
[ops] {
  event: 'http_request',
  ts: '2026-09-09T09:15:12.720Z',
  requestId: '7ebd97bb-ee26-40b2-8b08-cb4dc49bd332',
  method: 'OPTIONS',
  route: '/api/v2/agents/active',
  status: 204,
  durationMs: 1
}
[ops] {
  event: 'security.app_check_rejected',
  ts: '2026-09-09T09:15:12.723Z',
  reason: 'missing_token',
  mode: 'monitor',
  route: '/api/v2/agents/active'
}
[ops] {
  event: 'http_request',
  ts: '2026-09-09T09:15:12.854Z',
  requestId: '51222345-89d9-48ec-bf13-ce12530d2b4a',
  method: 'OPTIONS',
  route: '/api/v2/agents/active',
  status: 204,
  durationMs: 1
}
[ops] {
  event: 'security.app_check_rejected',
  ts: '2026-09-09T09:15:13.168Z',
  reason: 'missing_token',
  mode: 'monitor',
  route: '/api/v2/agents/active'
}
[ops] {
  event: 'http_request',
  ts: '2026-09-09T09:15:13.416Z',
  requestId: 'ed41214e-904c-47b8-91fe-f83ff750b79f',
  method: 'GET',
  route: '/api/v2/agents/active',
  status: 200,
  durationMs: 786
}
[ops] {
  event: 'http_request',
  ts: '2026-09-09T09:15:13.653Z',
  requestId: 'b204d226-a70d-4479-89a2-18b65a31f1f5',
  method: 'GET',
  route: '/api/v2/agents/active',
  status: 200,
  durationMs: 930
}
[ops] {
  event: 'http_request',
  ts: '2026-09-09T09:15:14.172Z',
  requestId: 'c9a40ccb-b9f4-4eac-b9dc-48b63f72ca70',
  method: 'GET',
  route: '/api/v2/agents/active',
  status: 200,
  durationMs: 1004
}
[ops] {
  event: 'http_request',
  ts: '2026-09-09T09:15:20.677Z',
  requestId: '76ae14de-6e6a-4b49-8920-fb25c246e84a',
  method: 'GET',
  route: '/api/v2/events',
  status: 200,
  durationMs: 15312
}
[ops] {
  event: 'http_request',
  ts: '2026-09-09T09:15:22.624Z',
  requestId: 'd6e9f819-6085-4f87-8de4-42d5f80f026e',
  method: 'OPTIONS',
  route: '/api/v2/agents/active',
  status: 204,
  durationMs: 0
}
[ops] {
  event: 'security.app_check_rejected',
  ts: '2026-09-09T09:15:22.625Z',
  reason: 'missing_token',
  mode: 'monitor',
  route: '/api/v2/agents/active'
}
[ops] {
  event: 'http_request',
  ts: '2026-09-09T09:15:22.716Z',
  requestId: 'c9dbc945-fae4-448c-914f-4fc8ba4fed66',
  method: 'OPTIONS',
  route: '/api/v2/agents/active',
  status: 204,
  durationMs: 0
}
[ops] {
  event: 'http_request',
  ts: '2026-09-09T09:15:22.854Z',
  requestId: '27e7571b-f3bb-4ad0-b474-152f9b1fa87a',
  method: 'OPTIONS',
  route: '/api/v2/agents/active',
  status: 204,
  durationMs: 1
}
[ops] {
  event: 'http_request',
  ts: '2026-09-09T09:15:22.856Z',
  requestId: '75845560-8b7b-4469-b381-f0acc804d016',
  method: 'OPTIONS',
  route: '/api/v2/events',
  status: 204,
  durationMs: 0
}
[ops] {
  event: 'security.app_check_rejected',
  ts: '2026-09-09T09:15:23.035Z',
  reason: 'missing_token',
  mode: 'monitor',
  route: '/api/v2/agents/active'
}
[ops] {
  event: 'security.app_check_rejected',
  ts: '2026-09-09T09:15:23.162Z',
  reason: 'missing_token',
  mode: 'monitor',
  route: '/api/v2/agents/active'
}
[ops] {
  event: 'security.app_check_rejected',
  ts: '2026-09-09T09:15:23.164Z',
  reason: 'missing_token',
  mode: 'monitor',
  route: '/api/v2/events'
}
[ops] {
  event: 'http_request',
  ts: '2026-09-09T09:15:23.356Z',
  requestId: 'd9cc6ca6-1197-40fc-a640-102b53282dfa',
  method: 'GET',
  route: '/api/v2/agents/active',
  status: 200,
  durationMs: 731
}
[ops] {
  event: 'http_request',
  ts: '2026-09-09T09:15:23.853Z',
  requestId: 'c59d23bb-df75-46c2-a565-f84f231203c4',
  method: 'GET',
  route: '/api/v2/agents/active',
  status: 200,
  durationMs: 819
}
[ops] {
  event: 'http_request',
  ts: '2026-09-09T09:15:24.094Z',
  requestId: '93f5dd86-016a-48e9-90ab-a6906c096fd6',
  method: 'GET',
  route: '/api/v2/agents/active',
  status: 200,
  durationMs: 932
}
[ops] {
  event: 'http_request',
  ts: '2026-09-09T09:15:24.934Z',
  requestId: '8c80a34e-d216-4a10-9bf5-84d06c187ec2',
  method: 'OPTIONS',
  route: '/api/v2/events',
  status: 204,
  durationMs: 0
}
[ops] {
  event: 'security.app_check_rejected',
  ts: '2026-09-09T09:15:24.936Z',
  reason: 'missing_token',
  mode: 'monitor',
  route: '/api/v2/events'
}
[ops] {
  event: 'http_request',
  ts: '2026-09-09T09:15:26.483Z',
  requestId: '3e0d93e7-96a6-4607-bd7d-c91b1c1b7333',
  method: 'GET',
  route: '/api/v2/events',
  status: 200,
  durationMs: 18850
}
[ops] {
  event: 'http_request',
  ts: '2026-09-09T09:15:26.971Z',
  requestId: '17ebb543-d7eb-42f5-8777-2a4c2ece4806',
  method: 'OPTIONS',
  route: '/api/studio/status',
  status: 204,
  durationMs: 0
}
[ops] {
  event: 'http_request',
  ts: '2026-09-09T09:15:26.972Z',
  requestId: '6f6ac636-6eb6-4004-92e5-8b93d15ee53e',
  method: 'OPTIONS',
  route: '/api/studio/mcp/status',
  status: 204,
  durationMs: 0
}
[ops] {
  event: 'security.app_check_rejected',
  ts: '2026-09-09T09:15:27.284Z',
  reason: 'missing_token',
  mode: 'monitor',
  route: '/api/studio/status'
}
[ops] {
  event: 'security.app_check_rejected',
  ts: '2026-09-09T09:15:27.286Z',
  reason: 'missing_token',
  mode: 'monitor',
  route: '/api/studio/mcp/status'
}
[ops] {
  event: 'http_request',
  ts: '2026-09-09T09:15:27.435Z',
  requestId: '0f1a2aa6-9e2d-4167-aaa8-60de9bee8510',
  method: 'OPTIONS',
  route: '/api/v2/agents/active',
  status: 204,
  durationMs: 1
}
[ops] {
  event: 'http_request',
  ts: '2026-09-09T09:15:27.627Z',
  requestId: '0c9ebb68-6897-46d3-afe0-4f469bed9bbe',
  method: 'OPTIONS',
  route: '/api/v2/events',
  status: 204,
  durationMs: 1
}
[ops] {
  event: 'security.app_check_rejected',
  ts: '2026-09-09T09:15:27.629Z',
  reason: 'missing_token',
  mode: 'monitor',
  route: '/api/v2/events'
}
[ops] {
  event: 'http_request',
  ts: '2026-09-09T09:15:27.748Z',
  requestId: '41ee54ee-1d1f-473c-91d6-1f2ed2587a3e',
  method: 'GET',
  route: '/api/studio/mcp/status',
  status: 200,
  durationMs: 462
}
[ops] {
  event: 'security.app_check_rejected',
  ts: '2026-09-09T09:15:27.750Z',
  reason: 'missing_token',
  mode: 'monitor',
  route: '/api/v2/agents/active'
}
[ops] {
  event: 'http_request',
  ts: '2026-09-09T09:15:28.377Z',
  requestId: '28462c6d-e9e0-4215-a8dc-faf3ebf1ea57',
  method: 'GET',
  route: '/api/studio/status',
  status: 200,
  durationMs: 1093
}
[ops] {
  event: 'http_request',
  ts: '2026-09-09T09:15:28.507Z',
  requestId: '720fbe0d-50dc-46d9-8e40-8694709bd6b9',
  method: 'GET',
  route: '/api/v2/agents/active',
  status: 200,
  durationMs: 757
}
[ops] {
  event: 'http_request',
  ts: '2026-09-09T09:15:29.742Z',
  requestId: '30731a50-0b1c-43ee-aa7f-68234c78948a',
  method: 'OPTIONS',
  route: '/api/studio/status',
  status: 204,
  durationMs: 1
}
[ops] {
  event: 'http_request',
  ts: '2026-09-09T09:15:29.744Z',
  requestId: '0faf81ba-8cd4-42a2-9bb3-c773f789c5df',
  method: 'OPTIONS',
  route: '/api/studio/mcp/status',
  status: 204,
  durationMs: 1
}
[ops] {
  event: 'security.app_check_rejected',
  ts: '2026-09-09T09:15:29.745Z',
  reason: 'missing_token',
  mode: 'monitor',
  route: '/api/studio/status'
}
[ops] {
  event: 'http_request',
  ts: '2026-09-09T09:15:29.748Z',
  requestId: '695a5a88-f954-4656-87be-606578769301',
  method: 'GET',
  route: '/api/studio/status',
  status: 200,
  durationMs: 4
}
[ops] {
  event: 'security.app_check_rejected',
  ts: '2026-09-09T09:15:29.749Z',
  reason: 'missing_token',
  mode: 'monitor',
  route: '/api/studio/mcp/status'
}
[ops] {
  event: 'http_request',
  ts: '2026-09-09T09:15:30.254Z',
  requestId: '565e97b2-a22f-4ea9-ba0a-eda1baf0f935',
  method: 'GET',
  route: '/api/studio/mcp/status',
  status: 200,
  durationMs: 505
}
[ops] {
  event: 'http_request',
  ts: '2026-09-09T09:15:32.625Z',
  requestId: '100d73ed-c282-439d-a665-3e96e6cab46b',
  method: 'OPTIONS',
  route: '/api/v2/agents/active',
  status: 204,
  durationMs: 0
}
[ops] {
  event: 'security.app_check_rejected',
  ts: '2026-09-09T09:15:32.627Z',
  reason: 'missing_token',
  mode: 'monitor',
  route: '/api/v2/agents/active'
}
[ops] {
  event: 'http_request',
  ts: '2026-09-09T09:15:32.721Z',
  requestId: '4a9cffc9-a705-4bf1-9828-20d5ff7f9edf',
  method: 'OPTIONS',
  route: '/api/v2/agents/active',
  status: 204,
  durationMs: 0
}
[ops] {
  event: 'security.app_check_rejected',
  ts: '2026-09-09T09:15:32.724Z',
  reason: 'missing_token',
  mode: 'monitor',
  route: '/api/v2/agents/active'
}
[ops] {
  event: 'http_request',
  ts: '2026-09-09T09:15:32.858Z',
  requestId: '9277bc6b-0754-4313-a0f5-307663748fed',
  method: 'OPTIONS',
  route: '/api/v2/agents/active',
  status: 204,
  durationMs: 0
}
[ops] {
  event: 'security.app_check_rejected',
  ts: '2026-09-09T09:15:33.167Z',
  reason: 'missing_token',
  mode: 'monitor',
  route: '/api/v2/agents/active'
}
[ops] {
  event: 'http_request',
  ts: '2026-09-09T09:15:33.258Z',
  requestId: '0f41da63-6898-4be8-bf1d-c226f5971e98',
  method: 'GET',
  route: '/api/v2/events',
  status: 200,
  durationMs: 25537
}
[ops] {
  event: 'http_request',
  ts: '2026-09-09T09:15:33.322Z',
  requestId: '2e5a87a0-b2b2-423d-87c4-785552092a1e',
  method: 'GET',
  route: '/api/v2/agents/active',
  status: 200,
  durationMs: 695
}
[ops] {
  event: 'http_request',
  ts: '2026-09-09T09:15:33.594Z',
  requestId: 'd545c025-7945-4a05-80c8-33e44f09708e',
  method: 'GET',
  route: '/api/v2/agents/active',
  status: 200,
  durationMs: 870
}
[ops] {
  event: 'http_request',
  ts: '2026-09-09T09:15:33.896Z',
  requestId: '0d8d945f-d2e3-441f-a354-f34abf890549',
  method: 'GET',
  route: '/api/v2/agents/active',
  status: 200,
  durationMs: 728
}
[ops] {
  event: 'http_request',
  ts: '2026-09-09T09:15:34.498Z',
  requestId: '57c3dd12-f54b-40be-9137-3c5b40d229de',
  method: 'GET',
  route: '/api/v2/events',
  status: 200,
  durationMs: 11334
}
[ops] {
  event: 'http_request',
  ts: '2026-09-09T09:15:35.218Z',
  requestId: '1311e838-238b-4349-91de-62b0aeb1dbc4',
  method: 'OPTIONS',
  route: '/api/v2/events',
  status: 204,
  durationMs: 1
}
[ops] {
  event: 'security.app_check_rejected',
  ts: '2026-09-09T09:15:35.221Z',
  reason: 'missing_token',
  mode: 'monitor',
  route: '/api/v2/events'
}
[ops] {
  event: 'http_request',
  ts: '2026-09-09T09:15:35.358Z',
  requestId: 'dd9f03cd-e0de-4e43-bb5b-28b5b47898db',
  method: 'OPTIONS',
  route: '/api/v2/events',
  status: 204,
  durationMs: 1
}
[ops] {
  event: 'security.app_check_rejected',
  ts: '2026-09-09T09:15:35.360Z',
  reason: 'missing_token',
  mode: 'monitor',
  route: '/api/v2/events'
}
[ops] {
  event: 'http_request',
  ts: '2026-09-09T09:15:37.743Z',
  requestId: 'd131f6c0-876a-4627-ad9a-51957f63b670',
  method: 'OPTIONS',
  route: '/api/v2/agents/active',
  status: 204,
  durationMs: 1
}
[ops] {
  event: 'security.app_check_rejected',
  ts: '2026-09-09T09:15:37.745Z',
  reason: 'missing_token',
  mode: 'monitor',
  route: '/api/v2/agents/active'
}
[ops] {
  event: 'http_request',
  ts: '2026-09-09T09:15:38.620Z',
  requestId: 'dca2fb68-6363-43dc-91c3-9d92a3b27863',
  method: 'GET',
  route: '/api/v2/agents/active',
  status: 200,
  durationMs: 875
}
[ops] {
  event: 'http_request',
  ts: '2026-09-09T09:15:39.239Z',
  requestId: 'acf2f9dd-207a-4d94-8be5-d003dd16a645',
  method: 'OPTIONS',
  route: '/api/studio/status',
  status: 204,
  durationMs: 1
}
[ops] {
  event: 'http_request',
  ts: '2026-09-09T09:15:39.241Z',
  requestId: 'aeae34e1-620b-41b8-9666-36d8ed49175b',
  method: 'OPTIONS',
  route: '/api/studio/mcp/status',
  status: 204,
  durationMs: 1
}
[ops] {
  event: 'security.app_check_rejected',
  ts: '2026-09-09T09:15:39.242Z',
  reason: 'missing_token',
  mode: 'monitor',
  route: '/api/studio/status'
}
[ops] {
  event: 'security.app_check_rejected',
  ts: '2026-09-09T09:15:39.247Z',
  reason: 'missing_token',
  mode: 'monitor',
  route: '/api/studio/mcp/status'
}
[ops] {
  event: 'http_request',
  ts: '2026-09-09T09:15:40.070Z',
  requestId: '7e1cba7f-ff23-40b7-90d4-60b3932935aa',
  method: 'GET',
  route: '/api/studio/mcp/status',
  status: 200,
  durationMs: 823
}
[ops] {
  event: 'http_request',
  ts: '2026-09-09T09:15:40.502Z',
  requestId: '181766e2-460d-4d66-a550-69a85a6af0f7',
  method: 'GET',
  route: '/api/studio/status',
  status: 200,
  durationMs: 1260
}
[ops] {
  event: 'http_request',
  ts: '2026-09-09T09:15:41.621Z',
  requestId: '31808b83-e92e-4551-bb60-f02fd3dafa8f',
  method: 'GET',
  route: '/api/v2/events',
  status: 200,
  durationMs: 16685
}
[ops] {
  event: 'http_request',
  ts: '2026-09-09T09:15:41.637Z',
  requestId: '8be1f073-e601-4c73-b328-289cbb6443f8',
  method: 'OPTIONS',
  route: '/api/v2/agents/active',
  status: 204,
  durationMs: 1
}
[ops] {
  event: 'security.app_check_rejected',
  ts: '2026-09-09T09:15:41.640Z',
  reason: 'missing_token',
  mode: 'monitor',
  route: '/api/v2/agents/active'
}
[ops] {
  event: 'http_request',
  ts: '2026-09-09T09:15:42.514Z',
  requestId: '904eaa84-e171-40a6-b282-3f9d57484111',
  method: 'GET',
  route: '/api/v2/agents/active',
  status: 200,
  durationMs: 874
}
[ops] {
  event: 'http_request',
  ts: '2026-09-09T09:15:42.625Z',
  requestId: 'dec49b90-5251-4311-871a-3de283895228',
  method: 'OPTIONS',
  route: '/api/v2/agents/active',
  status: 204,
  durationMs: 0
}
[ops] {
  event: 'security.app_check_rejected',
  ts: '2026-09-09T09:15:42.626Z',
  reason: 'missing_token',
  mode: 'monitor',
  route: '/api/v2/agents/active'
}
[ops] {
  event: 'http_request',
  ts: '2026-09-09T09:15:42.716Z',
  requestId: '32828558-8c75-4718-aa0e-2132590dd3b2',
  method: 'OPTIONS',
  route: '/api/v2/agents/active',
  status: 204,
  durationMs: 0
}
[ops] {
  event: 'security.app_check_rejected',
  ts: '2026-09-09T09:15:42.718Z',
  reason: 'missing_token',
  mode: 'monitor',
  route: '/api/v2/agents/active'
}
[ops] {
  event: 'http_request',
  ts: '2026-09-09T09:15:42.855Z',
  requestId: '201f25c9-edb1-4d5b-ac8b-3727c19faf54',
  method: 'OPTIONS',
  route: '/api/v2/agents/active',
  status: 204,
  durationMs: 1
}
[ops] {
  event: 'security.app_check_rejected',
  ts: '2026-09-09T09:15:43.161Z',
  reason: 'missing_token',
  mode: 'monitor',
  route: '/api/v2/agents/active'
}
[ops] {
  event: 'http_request',
  ts: '2026-09-09T09:15:43.355Z',
  requestId: '7bcd7197-1ba0-4d77-a809-1d553a485e0b',
  method: 'GET',
  route: '/api/v2/agents/active',
  status: 200,
  durationMs: 729
}
[ops] {
  event: 'http_request',
  ts: '2026-09-09T09:15:43.504Z',
  requestId: 'e6bfa24f-7ad9-4334-bf4d-d534a060b3a3',
  method: 'GET',
  route: '/api/v2/agents/active',
  status: 200,
  durationMs: 786
}
[ops] {
  event: 'http_request',
  ts: '2026-09-09T09:15:44.108Z',
  requestId: '2bcf553d-8bb8-4934-accc-8538738505ab',
  method: 'GET',
  route: '/api/v2/agents/active',
  status: 200,
  durationMs: 947
}
[ops] {
  event: 'http_request',
  ts: '2026-09-09T09:15:44.946Z',
  requestId: 'd3ccdeb3-3853-48e7-ba7a-5e2b592a628c',
  method: 'OPTIONS',
  route: '/api/v2/events',
  status: 204,
  durationMs: 0
}
[ops] {
  event: 'security.app_check_rejected',
  ts: '2026-09-09T09:15:44.947Z',
  reason: 'missing_token',
  mode: 'monitor',
  route: '/api/v2/events'
}
[ops] {
  event: 'http_request',
  ts: '2026-09-09T09:15:46.120Z',
  requestId: '1d5068ff-1e73-4e6f-a146-13d71b056fb4',
  method: 'GET',
  route: '/api/v2/events',
  status: 200,
  durationMs: 10900
}
[ops] {
  event: 'http_request',
  ts: '2026-09-09T09:15:47.437Z',
  requestId: '948ca7bd-8f5a-42fc-818f-9bbd76d7a5ed',
  method: 'OPTIONS',
  route: '/api/v2/agents/active',
  status: 204,
  durationMs: 0
}
[ops] {
  event: 'http_request',
  ts: '2026-09-09T09:15:47.717Z',
  requestId: '374089ad-376d-48bf-9e0a-6e9558932c62',
  method: 'OPTIONS',
  route: '/api/v2/events',
  status: 204,
  durationMs: 1
}
[ops] {
  event: 'security.app_check_rejected',
  ts: '2026-09-09T09:15:47.719Z',
  reason: 'missing_token',
  mode: 'monitor',
  route: '/api/v2/events'
}
[ops] {
  event: 'security.app_check_rejected',
  ts: '2026-09-09T09:15:47.752Z',
  reason: 'missing_token',
  mode: 'monitor',
  route: '/api/v2/agents/active'
}
[ops] {
  event: 'http_request',
  ts: '2026-09-09T09:15:48.560Z',
  requestId: '2682eb76-7f38-4b9e-820d-51141497b130',
  method: 'GET',
  route: '/api/v2/agents/active',
  status: 200,
  durationMs: 808
}
[ops] {
  event: 'http_request',
  ts: '2026-09-09T09:15:51.724Z',
  requestId: 'fe2ea600-be4e-40eb-8a07-1466032c1975',
  method: 'GET',
  route: '/api/v2/events',
  status: 200,
  durationMs: 24096
}
[ops] {
  event: 'http_request',
  ts: '2026-09-09T09:15:52.633Z',
  requestId: 'b8c228cc-101a-410f-8b97-63e2a75c7bfa',
  method: 'OPTIONS',
  route: '/api/v2/agents/active',
  status: 204,
  durationMs: 0
}
[ops] {
  event: 'http_request',
  ts: '2026-09-09T09:15:52.634Z',
  requestId: 'dbdbdc3d-3239-4e47-851c-41f06c61aceb',
  method: 'OPTIONS',
  route: '/api/v2/events',
  status: 204,
  durationMs: 0
}
[ops] {
  event: 'security.app_check_rejected',
  ts: '2026-09-09T09:15:52.635Z',
  reason: 'missing_token',
  mode: 'monitor',
  route: '/api/v2/agents/active'
}
[ops] {
  event: 'http_request',
  ts: '2026-09-09T09:15:52.723Z',
  requestId: '0d4ad80e-d58e-4fb2-a1b0-b4adfc7efd91',
  method: 'OPTIONS',
  route: '/api/v2/agents/active',
  status: 204,
  durationMs: 1
}
[ops] {
  event: 'http_request',
  ts: '2026-09-09T09:15:52.865Z',
  requestId: '411a6323-a785-47a3-9d01-1501a296da0f',
  method: 'OPTIONS',
  route: '/api/v2/agents/active',
  status: 204,
  durationMs: 1
}
[ops] {
  event: 'security.app_check_rejected',
  ts: '2026-09-09T09:15:52.939Z',
  reason: 'missing_token',
  mode: 'monitor',
  route: '/api/v2/events'
}
[ops] {
  event: 'security.app_check_rejected',
  ts: '2026-09-09T09:15:53.029Z',
  reason: 'missing_token',
  mode: 'monitor',
  route: '/api/v2/agents/active'
}
[ops] {
  event: 'security.app_check_rejected',
  ts: '2026-09-09T09:15:53.168Z',
  reason: 'missing_token',
  mode: 'monitor',
  route: '/api/v2/agents/active'
}
[ops] {
  event: 'http_request',
  ts: '2026-09-09T09:15:53.357Z',
  requestId: '22907da2-7d19-4eab-86c2-c473625af4ca',
  method: 'GET',
  route: '/api/v2/agents/active',
  status: 200,
  durationMs: 723
}
[ops] {
  event: 'http_request',
  ts: '2026-09-09T09:15:53.898Z',
  requestId: '1189cfea-8c13-4bec-a31d-ec27c6c13dbb',
  method: 'GET',
  route: '/api/v2/agents/active',
  status: 200,
  durationMs: 869
}
[ops] {
  event: 'http_request',
  ts: '2026-09-09T09:15:53.909Z',
  requestId: '1ed8941d-ee11-48cb-8fb9-aa460e8c38a5',
  method: 'GET',
  route: '/api/v2/agents/active',
  status: 200,
  durationMs: 741
}
[ops] {
  event: 'http_request',
  ts: '2026-09-09T09:15:56.686Z',
  requestId: '4325c90b-f9ad-4004-a12a-321c1f2c77be',
  method: 'OPTIONS',
  route: '/api/studio/status',
  status: 204,
  durationMs: 0
}
[ops] {
  event: 'http_request',
  ts: '2026-09-09T09:15:56.688Z',
  requestId: 'a8b2d364-03ae-4064-b510-ddaf300a3865',
  method: 'OPTIONS',
  route: '/api/studio/mcp/status',
  status: 204,
  durationMs: 0
}
[ops] {
  event: 'security.app_check_rejected',
  ts: '2026-09-09T09:15:56.689Z',
  reason: 'missing_token',
  mode: 'monitor',
  route: '/api/studio/status'
}
[ops] {
  event: 'security.app_check_rejected',
  ts: '2026-09-09T09:15:56.693Z',
  reason: 'missing_token',
  mode: 'monitor',
  route: '/api/studio/mcp/status'
}
[ops] {
  event: 'http_request',
  ts: '2026-09-09T09:15:57.182Z',
  requestId: '8633be57-9bb3-4212-a349-71fbdde5dc47',
  method: 'GET',
  route: '/api/studio/mcp/status',
  status: 200,
  durationMs: 489
}
[ops] {
  event: 'http_request',
  ts: '2026-09-09T09:15:57.446Z',
  requestId: '6bc93a2a-3058-4059-acae-04c64692e4d4',
  method: 'OPTIONS',
  route: '/api/v2/agents/active',
  status: 204,
  durationMs: 0
}
[ops] {
  event: 'security.app_check_rejected',
  ts: '2026-09-09T09:15:57.752Z',
  reason: 'missing_token',
  mode: 'monitor',
  route: '/api/v2/agents/active'
}
[ops] {
  event: 'http_request',
  ts: '2026-09-09T09:15:57.904Z',
  requestId: '7a46a4d8-fa6d-4172-a77e-1bacbc44aa26',
  method: 'GET',
  route: '/api/v2/events',
  status: 200,
  durationMs: 22544
}
[ops] {
  event: 'http_request',
  ts: '2026-09-09T09:15:58.066Z',
  requestId: '0a34b799-29ed-4593-b73a-267cc22edb75',
  method: 'GET',
  route: '/api/studio/status',
  status: 200,
  durationMs: 1378
}
[ops] {
  event: 'http_request',
  ts: '2026-09-09T09:15:58.390Z',
  requestId: '1db10123-7802-43fe-9998-def09c9984ea',
  method: 'OPTIONS',
  route: '/api/studio/status',
  status: 204,
  durationMs: 1
}
[ops] {
  event: 'http_request',
  ts: '2026-09-09T09:15:58.392Z',
  requestId: 'f8a961ec-8c30-44db-835e-4149ff175536',
  method: 'OPTIONS',
  route: '/api/studio/mcp/status',
  status: 204,
  durationMs: 0
}
[ops] {
  event: 'http_request',
  ts: '2026-09-09T09:15:58.471Z',
  requestId: 'e81b2a5f-b554-48a7-a39e-0ff18f81c669',
  method: 'GET',
  route: '/api/v2/agents/active',
  status: 200,
  durationMs: 719
}
[ops] {
  event: 'security.app_check_rejected',
  ts: '2026-09-09T09:15:58.473Z',
  reason: 'missing_token',
  mode: 'monitor',
  route: '/api/studio/status'
}
[ops] {
  event: 'http_request',
  ts: '2026-09-09T09:15:58.477Z',
  requestId: 'e3307781-5d1d-4579-a16f-505dcf733e46',
  method: 'GET',
  route: '/api/studio/status',
  status: 200,
  durationMs: 5
}
[ops] {
  event: 'security.app_check_rejected',
  ts: '2026-09-09T09:15:58.478Z',
  reason: 'missing_token',
  mode: 'monitor',
  route: '/api/studio/mcp/status'
}
[ops] {
  event: 'http_request',
  ts: '2026-09-09T09:15:59.014Z',
  requestId: 'e9b72418-dc6b-4d44-996e-c67489bd244e',
  method: 'GET',
  route: '/api/studio/mcp/status',
  status: 200,
  durationMs: 536
}
[ops] {
  event: 'http_request',
  ts: '2026-09-09T09:15:59.170Z',
  requestId: 'cb38d7fe-81d0-4b76-a1bd-a70cbdf6b6b0',
  method: 'GET',
  route: '/api/v2/events',
  status: 200,
  durationMs: 14223
}
[ops] {
  event: 'http_request',
  ts: '2026-09-09T09:15:59.940Z',
  requestId: '28f54dd7-071c-44e2-bd6d-d8c4500ad923',
  method: 'OPTIONS',
  route: '/api/v2/events',
  status: 204,
  durationMs: 1
}
[ops] {
  event: 'security.app_check_rejected',
  ts: '2026-09-09T09:15:59.942Z',
  reason: 'missing_token',
  mode: 'monitor',
  route: '/api/v2/events'
}
[ops] {
  event: 'http_request',
  ts: '2026-09-09T09:16:00.267Z',
  requestId: '5243ebdd-7e8f-4212-a1e8-dd07c4924a3d',
  method: 'OPTIONS',
  route: '/api/studio/status',
  status: 204,
  durationMs: 0
}
[ops] {
  event: 'http_request',
  ts: '2026-09-09T09:16:00.268Z',
  requestId: 'ac7611d3-352e-4343-8d4f-baad946f2a2b',
  method: 'OPTIONS',
  route: '/api/studio/mcp/status',
  status: 204,
  durationMs: 0
}
[ops] {
  event: 'security.app_check_rejected',
  ts: '2026-09-09T09:16:00.269Z',
  reason: 'missing_token',
  mode: 'monitor',
  route: '/api/studio/status'
}
[ops] {
  event: 'http_request',
  ts: '2026-09-09T09:16:00.272Z',
  requestId: '79c60eef-89ac-47a7-9cd6-f891449f786b',
  method: 'GET',
  route: '/api/studio/status',
  status: 200,
  durationMs: 3
}
[ops] {
  event: 'security.app_check_rejected',
  ts: '2026-09-09T09:16:00.273Z',
  reason: 'missing_token',
  mode: 'monitor',
  route: '/api/studio/mcp/status'
}
[ops] {
  event: 'http_request',
  ts: '2026-09-09T09:16:00.358Z',
  requestId: '535d28ee-9901-4e50-8933-9f4387e23436',
  method: 'OPTIONS',
  route: '/api/v2/events',
  status: 204,
  durationMs: 0
}
[ops] {
  event: 'security.app_check_rejected',
  ts: '2026-09-09T09:16:00.360Z',
  reason: 'missing_token',
  mode: 'monitor',
  route: '/api/v2/events'
}
[ops] {
  event: 'http_request',
  ts: '2026-09-09T09:16:00.844Z',
  requestId: 'a74be2d6-e29c-4b91-8d9f-c3b0e23fb54d',
  method: 'GET',
  route: '/api/studio/mcp/status',
  status: 200,
  durationMs: 571
}
[ops] {
  event: 'http_request',
  ts: '2026-09-09T09:16:02.632Z',
  requestId: '80fea531-018d-45eb-b4f1-ab45a3b0542d',
  method: 'OPTIONS',
  route: '/api/v2/agents/active',
  status: 204,
  durationMs: 1
}
[ops] {
  event: 'security.app_check_rejected',
  ts: '2026-09-09T09:16:02.633Z',
  reason: 'missing_token',
  mode: 'monitor',
  route: '/api/v2/agents/active'
}
[ops] {
  event: 'http_request',
  ts: '2026-09-09T09:16:02.717Z',
  requestId: '88be440a-4d40-4c96-a4df-ab314e7423d0',
  method: 'OPTIONS',
  route: '/api/v2/agents/active',
  status: 204,
  durationMs: 1
}
[ops] {
  event: 'security.app_check_rejected',
  ts: '2026-09-09T09:16:02.718Z',
  reason: 'missing_token',
  mode: 'monitor',
  route: '/api/v2/agents/active'
}
[ops] {
  event: 'http_request',
  ts: '2026-09-09T09:16:02.858Z',
  requestId: '38905845-9eae-4a63-a2f3-62208c5884e9',
  method: 'OPTIONS',
  route: '/api/v2/agents/active',
  status: 204,
  durationMs: 0
}
[ops] {
  event: 'security.app_check_rejected',
  ts: '2026-09-09T09:16:03.173Z',
  reason: 'missing_token',
  mode: 'monitor',
  route: '/api/v2/agents/active'
}
[ops] {
  event: 'http_request',
  ts: '2026-09-09T09:16:03.421Z',
  requestId: '0fece705-7cf8-455e-98b5-d1a113611c5b',
  method: 'GET',
  route: '/api/v2/agents/active',
  status: 200,
  durationMs: 788
}
[ops] {
  event: 'http_request',
  ts: '2026-09-09T09:16:03.504Z',
  requestId: 'cd6ff9f8-4e3b-47d6-a6a7-d9a14a1e3659',
  method: 'GET',
  route: '/api/v2/agents/active',
  status: 200,
  durationMs: 785
}
[ops] {
  event: 'http_request',
  ts: '2026-09-09T09:16:03.884Z',
  requestId: 'd78882d7-e875-4444-95f9-23114efd2d5c',
  method: 'GET',
  route: '/api/v2/agents/active',
  status: 200,
  durationMs: 711
}
[ops] {
  event: 'http_request',
  ts: '2026-09-09T09:16:07.432Z',
  requestId: '6df16a11-c33d-4a7f-ab97-ef85f273082e',
  method: 'OPTIONS',
  route: '/api/v2/agents/active',
  status: 204,
  durationMs: 0
}
[ops] {
  event: 'security.app_check_rejected',
  ts: '2026-09-09T09:16:07.433Z',
  reason: 'missing_token',
  mode: 'monitor',
  route: '/api/v2/agents/active'
}
[ops] {
  event: 'http_request',
  ts: '2026-09-09T09:16:08.123Z',
  requestId: 'b46401a8-13e7-4ad3-8096-fdadfd1b756d',
  method: 'GET',
  route: '/api/v2/agents/active',
  status: 200,
  durationMs: 690
}
[ops] {
  event: 'http_request',
  ts: '2026-09-09T09:16:09.979Z',
  requestId: '7d4f2fbc-7ce3-4b5d-8280-86fa44fac9c2',
  method: 'GET',
  route: '/api/v2/events',
  status: 200,
  durationMs: 22260
}
[ops] {
  event: 'http_request',
  ts: '2026-09-09T09:16:10.535Z',
  requestId: '6d391e82-5213-4244-83e6-1ace2dd3b266',
  method: 'OPTIONS',
  route: '/api/v2/events',
  status: 204,
  durationMs: 2
}
[ops] {
  event: 'http_request',
  ts: '2026-09-09T09:16:10.537Z',
  requestId: '30d46163-186a-47a5-b8f4-505a9d9cb988',
  method: 'OPTIONS',
  route: '/api/studio/status',
  status: 204,
  durationMs: 1
}
[ops] {
  event: 'security.app_check_rejected',
  ts: '2026-09-09T09:16:10.538Z',
  reason: 'missing_token',
  mode: 'monitor',
  route: '/api/v2/events'
}
[ops] {
  event: 'http_request',
  ts: '2026-09-09T09:16:10.541Z',
  requestId: '242f4e10-b35c-4158-888f-8f6394dd9cc4',
  method: 'OPTIONS',
  route: '/api/studio/mcp/status',
  status: 204,
  durationMs: 0
}
[ops] {
  event: 'security.app_check_rejected',
  ts: '2026-09-09T09:16:10.843Z',
  reason: 'missing_token',
  mode: 'monitor',
  route: '/api/studio/status'
}
[ops] {
  event: 'security.app_check_rejected',
  ts: '2026-09-09T09:16:10.846Z',
  reason: 'missing_token',
  mode: 'monitor',
  route: '/api/studio/mcp/status'
}
[ops] {
  event: 'http_request',
  ts: '2026-09-09T09:16:11.352Z',
  requestId: '4ae57b45-039e-4ec9-a1e3-dd1cc9e9ad4e',
  method: 'GET',
  route: '/api/studio/mcp/status',
  status: 200,
  durationMs: 507
}
[ops] {
  event: 'http_request',
  ts: '2026-09-09T09:16:11.875Z',
  requestId: 'eaf53765-2a88-45ae-9f4d-c56cf1d4e6f7',
  method: 'GET',
  route: '/api/studio/status',
  status: 200,
  durationMs: 1033
}
[ops] {
  event: 'http_request',
  ts: '2026-09-09T09:16:12.629Z',
  requestId: '7ef1e4a3-a397-43d8-a5d3-71ab6ffc6319',
  method: 'OPTIONS',
  route: '/api/v2/agents/active',
  status: 204,
  durationMs: 0
}
[ops] {
  event: 'security.app_check_rejected',
  ts: '2026-09-09T09:16:12.630Z',
  reason: 'missing_token',
  mode: 'monitor',
  route: '/api/v2/agents/active'
}
[ops] {
  event: 'http_request',
  ts: '2026-09-09T09:16:12.721Z',
  requestId: '5b45babe-e711-4b71-a61d-6f537982bf81',
  method: 'OPTIONS',
  route: '/api/v2/agents/active',
  status: 204,
  durationMs: 0
}
[ops] {
  event: 'security.app_check_rejected',
  ts: '2026-09-09T09:16:12.723Z',
  reason: 'missing_token',
  mode: 'monitor',
  route: '/api/v2/agents/active'
}
[ops] {
  event: 'http_request',
  ts: '2026-09-09T09:16:12.862Z',
  requestId: 'b42e5d53-7589-40dd-bcd2-3465412a15d1',
  method: 'OPTIONS',
  route: '/api/v2/agents/active',
  status: 204,
  durationMs: 0
}
[ops] {
  event: 'http_request',
  ts: '2026-09-09T09:16:12.923Z',
  requestId: '3ebb649a-af42-4d86-a3d1-8b66a695a41e',
  method: 'GET',
  route: '/api/v2/events',
  status: 200,
  durationMs: 19984
}
[ops] {
  event: 'security.app_check_rejected',
  ts: '2026-09-09T09:16:12.924Z',
  reason: 'missing_token',
  mode: 'monitor',
  route: '/api/v2/agents/active'
}
[ops] {
  event: 'http_request',
  ts: '2026-09-09T09:16:13.443Z',
  requestId: '80bc12fc-29f1-4ee5-a1df-eeaf12919bb4',
  method: 'GET',
  route: '/api/v2/agents/active',
  status: 200,
  durationMs: 813
}
[ops] {
  event: 'http_request',
  ts: '2026-09-09T09:16:13.683Z',
  requestId: '7c7a8291-6de5-48d9-88f6-c37ac0801b5f',
  method: 'GET',
  route: '/api/v2/agents/active',
  status: 200,
  durationMs: 759
}
[ops] {
  event: 'http_request',
  ts: '2026-09-09T09:16:13.885Z',
  requestId: '6fb5e16e-2d77-4da8-bf79-9feb4a1ea223',
  method: 'GET',
  route: '/api/v2/agents/active',
  status: 200,
  durationMs: 1162
}
[ops] {
  event: 'http_request',
  ts: '2026-09-09T09:16:15.132Z',
  requestId: 'e31d3383-374d-4b90-b75c-f5289a3b42ca',
  method: 'OPTIONS',
  route: '/api/v2/events',
  status: 204,
  durationMs: 0
}
[ops] {
  event: 'security.app_check_rejected',
  ts: '2026-09-09T09:16:15.133Z',
  reason: 'missing_token',
  mode: 'monitor',
  route: '/api/v2/events'
}
[ops] {
  event: 'http_request',
  ts: '2026-09-09T09:16:17.759Z',
  requestId: 'f2a85205-4c1b-4f46-b1a9-48f2100d696f',
  method: 'OPTIONS',
  route: '/api/v2/agents/active',
  status: 204,
  durationMs: 1
}
[ops] {
  event: 'security.app_check_rejected',
  ts: '2026-09-09T09:16:17.761Z',
  reason: 'missing_token',
  mode: 'monitor',
  route: '/api/v2/agents/active'
}
[ops] {
  event: 'http_request',
  ts: '2026-09-09T09:16:18.529Z',
  requestId: 'cc54ba96-8b57-4f4c-9ac2-fc4cf4593d4c',
  method: 'GET',
  route: '/api/v2/agents/active',
  status: 200,
  durationMs: 768
}
[ops] {
  event: 'http_request',
  ts: '2026-09-09T09:16:22.721Z',
  requestId: 'd286cfde-8165-4f5b-bc94-4a35e2bec93d',
  method: 'OPTIONS',
  route: '/api/v2/agents/active',
  status: 204,
  durationMs: 1
}
[ops] {
  event: 'security.app_check_rejected',
  ts: '2026-09-09T09:16:22.723Z',
  reason: 'missing_token',
  mode: 'monitor',
  route: '/api/v2/agents/active'
}
[ops] {
  event: 'http_request',
  ts: '2026-09-09T09:16:22.850Z',
  requestId: '7c5da0d2-51dd-4bc6-af33-cc8a4a4c70df',
  method: 'OPTIONS',
  route: '/api/v2/agents/active',
  status: 204,
  durationMs: 1
}
[ops] {
  event: 'security.app_check_rejected',
  ts: '2026-09-09T09:16:23.159Z',
  reason: 'missing_token',
  mode: 'monitor',
  route: '/api/v2/agents/active'
}
[ops] {
  event: 'http_request',
  ts: '2026-09-09T09:16:23.449Z',
  requestId: '87ad1732-b091-4da9-9e5a-a383e055f9c8',
  method: 'GET',
  route: '/api/v2/agents/active',
  status: 200,
  durationMs: 726
}
[ops] {
  event: 'http_request',
  ts: '2026-09-09T09:16:23.942Z',
  requestId: '6aa5d6b7-0e55-4458-a38e-b9684d8ed8ff',
  method: 'GET',
  route: '/api/v2/agents/active',
  status: 200,
  durationMs: 784
}
[ops] {
  event: 'http_request',
  ts: '2026-09-09T09:16:24.075Z',
  requestId: '76c0fceb-29ab-4378-8876-50d684636ac2',
  method: 'OPTIONS',
  route: '/api/v2/agents/active',
  status: 204,
  durationMs: 1
}
[ops] {
  event: 'security.app_check_rejected',
  ts: '2026-09-09T09:16:24.077Z',
  reason: 'missing_token',
  mode: 'monitor',
  route: '/api/v2/agents/active'
}
[ops] {
  event: 'http_request',
  ts: '2026-09-09T09:16:24.157Z',
  requestId: 'e21cd564-eeb1-4b71-b992-83ab75d744dd',
  method: 'GET',
  route: '/api/v2/events',
  status: 200,
  durationMs: 23797
}
[ops] {
  event: 'http_request',
  ts: '2026-09-09T09:16:24.817Z',
  requestId: '8d54c0ce-2732-46d8-b355-4f236a00d900',
  method: 'GET',
  route: '/api/v2/agents/active',
  status: 200,
  durationMs: 740
}
[ops] {
  event: 'http_request',
  ts: '2026-09-09T09:16:25.098Z',
  requestId: 'cb6544fe-e565-4874-ad05-e9e2f714e571',
  method: 'GET',
  route: '/api/v2/events',
  status: 200,
  durationMs: 14561
}
[ops] {
  event: 'http_request',
  ts: '2026-09-09T09:16:25.223Z',
  requestId: '92ddb5e6-eb2c-441b-ad8f-149a385dcf54',
  method: 'OPTIONS',
  route: '/api/v2/events',
  status: 204,
  durationMs: 1
}
[ops] {
  event: 'security.app_check_rejected',
  ts: '2026-09-09T09:16:25.225Z',
  reason: 'missing_token',
  mode: 'monitor',
  route: '/api/v2/events'
}
[ops] {
  event: 'http_request',
  ts: '2026-09-09T09:16:25.358Z',
  requestId: '79d47999-e8f5-4beb-bba4-cb678b21d679',
  method: 'OPTIONS',
  route: '/api/v2/events',
  status: 204,
  durationMs: 1
}
[ops] {
  event: 'security.app_check_rejected',
  ts: '2026-09-09T09:16:25.360Z',
  reason: 'missing_token',
  mode: 'monitor',
  route: '/api/v2/events'
}
[ops] {
  event: 'http_request',
  ts: '2026-09-09T09:16:26.227Z',
  requestId: '2fc54438-11e7-4648-89ab-f19d4814be2a',
  method: 'OPTIONS',
  route: '/api/billing/entitlements',
  status: 204,
  durationMs: 1
}
[ops] {
  event: 'security.app_check_rejected',
  ts: '2026-09-09T09:16:26.229Z',
  reason: 'missing_token',
  mode: 'monitor',
  route: '/api/billing/entitlements'
}
[ops] {
  event: 'http_request',
  ts: '2026-09-09T09:16:26.232Z',
  requestId: 'a980fa05-827b-4c0c-bc9f-e28ce021cfd0',
  method: 'GET',
  route: '/api/billing/entitlements',
  status: 200,
  durationMs: 3
}
[ops] {
  event: 'http_request',
  ts: '2026-09-09T09:16:26.471Z',
  requestId: '181e3915-2af7-4165-92d6-8f38f1dfd8c1',
  method: 'OPTIONS',
  route: '/api/billing/entitlements',
  status: 204,
  durationMs: 1
}
[ops] {
  event: 'security.app_check_rejected',
  ts: '2026-09-09T09:16:26.474Z',
  reason: 'missing_token',
  mode: 'monitor',
  route: '/api/billing/entitlements'
}
[ops] {
  event: 'http_request',
  ts: '2026-09-09T09:16:26.476Z',
  requestId: 'e55080e1-2471-4fb9-be63-735199a6b0cb',
  method: 'GET',
  route: '/api/billing/entitlements',
  status: 200,
  durationMs: 3
}
[ops] {
  event: 'http_request',
  ts: '2026-09-09T09:16:27.443Z',
  requestId: '03fe994c-05b4-4d88-9662-32d47648dcd4',
  method: 'OPTIONS',
  route: '/api/v2/agents/active',
  status: 204,
  durationMs: 1
}
[ops] {
  event: 'security.app_check_rejected',
  ts: '2026-09-09T09:16:27.752Z',
  reason: 'missing_token',
  mode: 'monitor',
  route: '/api/v2/agents/active'
}
[ops] {
  event: 'http_request',
  ts: '2026-09-09T09:16:28.668Z',
  requestId: 'ebe95411-334c-4eae-bcc7-136b08d78cf7',
  method: 'GET',
  route: '/api/v2/agents/active',
  status: 200,
  durationMs: 916
}
[ops] {
  event: 'http_request',
  ts: '2026-09-09T09:16:29.029Z',
  requestId: 'f0ed4a90-ed59-4abf-b4e5-1a2e3de88dbe',
  method: 'OPTIONS',
  route: '/api/studio/status',
  status: 204,
  durationMs: 1
}
[ops] {
  event: 'security.app_check_rejected',
  ts: '2026-09-09T09:16:29.033Z',
  reason: 'missing_token',
  mode: 'monitor',
  route: '/api/studio/status'
}
[ops] {
  event: 'http_request',
  ts: '2026-09-09T09:16:29.038Z',
  requestId: '04be7c56-40ba-4654-a462-ab1b1ccb997f',
  method: 'OPTIONS',
  route: '/api/studio/mcp/status',
  status: 204,
  durationMs: 1
}
[ops] {
  event: 'security.app_check_rejected',
  ts: '2026-09-09T09:16:29.355Z',
  reason: 'missing_token',
  mode: 'monitor',
  route: '/api/studio/mcp/status'
}
[ops] {
  event: 'http_request',
  ts: '2026-09-09T09:16:29.413Z',
  requestId: '237ad3cd-bad9-438f-93e6-38de678e3cb0',
  method: 'OPTIONS',
  route: '/api/billing/entitlements',
  status: 204,
  durationMs: 1
}
[ops] {
  event: 'security.app_check_rejected',
  ts: '2026-09-09T09:16:29.414Z',
  reason: 'missing_token',
  mode: 'monitor',
  route: '/api/billing/entitlements'
}
[ops] {
  event: 'http_request',
  ts: '2026-09-09T09:16:29.417Z',
  requestId: '8c8c7e71-965d-4621-bb14-044762f679f0',
  method: 'GET',
  route: '/api/billing/entitlements',
  status: 200,
  durationMs: 3
}
[ops] {
  event: 'http_request',
  ts: '2026-09-09T09:16:30.072Z',
  requestId: '21abae9d-dd57-4b0b-b0c4-c3619a0255d6',
  method: 'GET',
  route: '/api/studio/mcp/status',
  status: 200,
  durationMs: 717
}
[ops] {
  event: 'http_request',
  ts: '2026-09-09T09:16:30.119Z',
  requestId: 'c86602ee-ccce-42ca-ad52-f1309141dc20',
  method: 'GET',
  route: '/api/studio/status',
  status: 200,
  durationMs: 1087
}
[ops] {
  event: 'http_request',
  ts: '2026-09-09T09:16:30.859Z',
  requestId: '91cbf9ca-36e3-4c9c-8214-28ffa431044c',
  method: 'OPTIONS',
  route: '/api/studio/status',
  status: 204,
  durationMs: 1
}
[ops] {
  event: 'http_request',
  ts: '2026-09-09T09:16:30.861Z',
  requestId: '50afa74d-531f-498e-afa1-4fa5b291dc43',
  method: 'OPTIONS',
  route: '/api/studio/mcp/status',
  status: 204,
  durationMs: 1
}
[ops] {
  event: 'security.app_check_rejected',
  ts: '2026-09-09T09:16:30.864Z',
  reason: 'missing_token',
  mode: 'monitor',
  route: '/api/studio/status'
}
[ops] {
  event: 'http_request',
  ts: '2026-09-09T09:16:30.867Z',
  requestId: 'fb905619-ea58-44c2-bed8-f3eff345e3cd',
  method: 'GET',
  route: '/api/studio/status',
  status: 200,
  durationMs: 3
}
[ops] {
  event: 'security.app_check_rejected',
  ts: '2026-09-09T09:16:30.868Z',
  reason: 'missing_token',
  mode: 'monitor',
  route: '/api/studio/mcp/status'
}
[ops] {
  event: 'http_request',
  ts: '2026-09-09T09:16:31.335Z',
  requestId: 'c07b70b6-cc59-4d58-82c4-19b5bab3dc1a',
  method: 'GET',
  route: '/api/studio/mcp/status',
  status: 200,
  durationMs: 467
}
[ops] {
  event: 'http_request',
  ts: '2026-09-09T09:16:32.717Z',
  requestId: '7968405d-5f9a-4f10-92ff-4449f5331f67',
  method: 'OPTIONS',
  route: '/api/v2/agents/active',
  status: 204,
  durationMs: 1
}
[ops] {
  event: 'security.app_check_rejected',
  ts: '2026-09-09T09:16:32.719Z',
  reason: 'missing_token',
  mode: 'monitor',
  route: '/api/v2/agents/active'
}
[ops] {
  event: 'http_request',
  ts: '2026-09-09T09:16:32.856Z',
  requestId: 'c85d0271-9926-4887-8e83-084cb88ebc03',
  method: 'OPTIONS',
  route: '/api/v2/agents/active',
  status: 204,
  durationMs: 0
}
[ops] {
  event: 'security.app_check_rejected',
  ts: '2026-09-09T09:16:32.857Z',
  reason: 'missing_token',
  mode: 'monitor',
  route: '/api/v2/agents/active'
}
[ops] {
  event: 'http_request',
  ts: '2026-09-09T09:16:32.912Z',
  requestId: 'f9b04449-34c9-4d80-95e8-1beef5dbf4af',
  method: 'OPTIONS',
  route: '/api/v2/agents/active',
  status: 204,
  durationMs: 1
}
[ops] {
  event: 'security.app_check_rejected',
  ts: '2026-09-09T09:16:33.223Z',
  reason: 'missing_token',
  mode: 'monitor',
  route: '/api/v2/agents/active'
}
[ops] {
  event: 'http_request',
  ts: '2026-09-09T09:16:33.560Z',
  requestId: 'a1b9dc36-c02d-4945-a6fa-f0bc4b756cfb',
  method: 'GET',
  route: '/api/v2/agents/active',
  status: 200,
  durationMs: 704
}
[ops] {
  event: 'http_request',
  ts: '2026-09-09T09:16:33.566Z',
  requestId: 'dcbffb08-cce1-4c3b-9647-722e2ef84e8f',
  method: 'GET',
  route: '/api/v2/agents/active',
  status: 200,
  durationMs: 847
}
[ops] {
  event: 'http_request',
  ts: '2026-09-09T09:16:33.994Z',
  requestId: '092d55df-9078-4739-abcf-26d5a1409a15',
  method: 'GET',
  route: '/api/v2/agents/active',
  status: 200,
  durationMs: 771
}
[ops] {
  event: 'http_request',
  ts: '2026-09-09T09:16:34.134Z',
  requestId: 'e32131ab-6236-4249-a768-08045df151ae',
  method: 'GET',
  route: '/api/v2/events',
  status: 200,
  durationMs: 34192
}
[ops] {
  event: 'http_request',
  ts: '2026-09-09T09:16:34.935Z',
  requestId: 'c7ecdda5-0e67-4637-9d39-5099cd9e567e',
  method: 'OPTIONS',
  route: '/api/v2/events',
  status: 204,
  durationMs: 1
}
[ops] {
  event: 'security.app_check_rejected',
  ts: '2026-09-09T09:16:34.936Z',
  reason: 'missing_token',
  mode: 'monitor',
  route: '/api/v2/events'
}
[ops] {
  event: 'http_request',
  ts: '2026-09-09T09:16:34.961Z',
  requestId: 'a36c7352-e31c-428b-83f7-eb6ee69c2218',
  method: 'GET',
  route: '/api/v2/events',
  status: 200,
  durationMs: 19829
}
[ops] {
  event: 'http_request',
  ts: '2026-09-09T09:16:35.962Z',
  requestId: 'c395c24c-add5-4f76-8ae0-8509e029dd0d',
  method: 'OPTIONS',
  route: '/api/v2/events',
  status: 204,
  durationMs: 1
}
[ops] {
  event: 'security.app_check_rejected',
  ts: '2026-09-09T09:16:35.964Z',
  reason: 'missing_token',
  mode: 'monitor',
  route: '/api/v2/events'
}
[ops] {
  event: 'http_request',
  ts: '2026-09-09T09:16:37.447Z',
  requestId: '5ee16895-a55d-4177-8af4-dc7d812c268d',
  method: 'OPTIONS',
  route: '/api/v2/agents/active',
  status: 204,
  durationMs: 1
}
[ops] {
  event: 'security.app_check_rejected',
  ts: '2026-09-09T09:16:37.751Z',
  reason: 'missing_token',
  mode: 'monitor',
  route: '/api/v2/agents/active'
}
[ops] {
  event: 'http_request',
  ts: '2026-09-09T09:16:38.647Z',
  requestId: '5347c5db-ce5e-4ca8-b458-0a6d6a0750e0',
  method: 'GET',
  route: '/api/v2/agents/active',
  status: 200,
  durationMs: 896
}
[ops] {
  event: 'http_request',
  ts: '2026-09-09T09:16:39.453Z',
  requestId: 'f2190984-cb85-449d-b734-02e30b2e4ac7',
  method: 'GET',
  route: '/api/v2/events',
  status: 200,
  durationMs: 14228
}
[ops] {
  event: 'http_request',
  ts: '2026-09-09T09:16:40.227Z',
  requestId: 'b4f01854-597d-4bd7-81f8-84c5240343db',
  method: 'OPTIONS',
  route: '/api/v2/events',
  status: 204,
  durationMs: 1
}
[ops] {
  event: 'security.app_check_rejected',
  ts: '2026-09-09T09:16:40.230Z',
  reason: 'missing_token',
  mode: 'monitor',
  route: '/api/v2/events'
}
[ops] {
  event: 'http_request',
  ts: '2026-09-09T09:16:41.897Z',
  requestId: '13f64303-1bee-45ac-919b-c6f2f478d978',
  method: 'OPTIONS',
  route: '/api/studio/status',
  status: 204,
  durationMs: 1
}
[ops] {
  event: 'http_request',
  ts: '2026-09-09T09:16:41.897Z',
  requestId: 'c0aa7a3f-d28b-4c76-9eb7-c1394466d63e',
  method: 'OPTIONS',
  route: '/api/studio/mcp/status',
  status: 204,
  durationMs: 0
}
[ops] {
  event: 'security.app_check_rejected',
  ts: '2026-09-09T09:16:42.213Z',
  reason: 'missing_token',
  mode: 'monitor',
  route: '/api/studio/status'
}
[ops] {
  event: 'security.app_check_rejected',
  ts: '2026-09-09T09:16:42.220Z',
  reason: 'missing_token',
  mode: 'monitor',
  route: '/api/studio/mcp/status'
}
[ops] {
  event: 'http_request',
  ts: '2026-09-09T09:16:42.713Z',
  requestId: '8c99a159-289d-4d72-b5ce-0fc45451c7d9',
  method: 'GET',
  route: '/api/studio/mcp/status',
  status: 200,
  durationMs: 493
}
[ops] {
  event: 'http_request',
  ts: '2026-09-09T09:16:42.745Z',
  requestId: 'f041aa0e-5355-4a28-ba28-cdd0d91017ee',
  method: 'OPTIONS',
  route: '/api/v2/agents/active',
  status: 204,
  durationMs: 1
}
[ops] {
  event: 'security.app_check_rejected',
  ts: '2026-09-09T09:16:42.754Z',
  reason: 'missing_token',
  mode: 'monitor',
  route: '/api/v2/agents/active'
}
[ops] {
  event: 'http_request',
  ts: '2026-09-09T09:16:42.851Z',
  requestId: '6ef7ce91-5a95-4e55-97c9-1303dca04a16',
  method: 'OPTIONS',
  route: '/api/v2/agents/active',
  status: 204,
  durationMs: 1
}
[ops] {
  event: 'security.app_check_rejected',
  ts: '2026-09-09T09:16:43.212Z',
  reason: 'missing_token',
  mode: 'monitor',
  route: '/api/v2/agents/active'
}
[ops] {
  event: 'http_request',
  ts: '2026-09-09T09:16:43.258Z',
  requestId: 'f29e373f-755b-4c56-9a94-20fc3d315212',
  method: 'GET',
  route: '/api/studio/status',
  status: 200,
  durationMs: 1045
}
[ops] {
  event: 'http_request',
  ts: '2026-09-09T09:16:43.856Z',
  requestId: '9c284d89-9995-4b4d-ab3e-0fcab0d4bc0c',
  method: 'GET',
  route: '/api/v2/agents/active',
  status: 200,
  durationMs: 1103
}
[ops] {
  event: 'http_request',
  ts: '2026-09-09T09:16:43.869Z',
  requestId: '1bea0192-e219-46c4-b592-e64a50850b7d',
  method: 'OPTIONS',
  route: '/api/v2/agents/active',
  status: 204,
  durationMs: 1
}
[ops] {
  event: 'security.app_check_rejected',
  ts: '2026-09-09T09:16:43.870Z',
  reason: 'missing_token',
  mode: 'monitor',
  route: '/api/v2/agents/active'
}
[ops] {
  event: 'http_request',
  ts: '2026-09-09T09:16:44.117Z',
  requestId: '03ecc814-9594-444f-b267-8b97a3fb8e62',
  method: 'GET',
  route: '/api/v2/agents/active',
  status: 200,
  durationMs: 906
}
[ops] {
  event: 'http_request',
  ts: '2026-09-09T09:16:44.283Z',
  requestId: '5ef260b2-8e13-48ea-92dc-e9a6ec6d01ce',
  method: 'GET',
  route: '/api/v2/events',
  status: 200,
  durationMs: 18923
}
[ops] {
  event: 'http_request',
  ts: '2026-09-09T09:16:44.661Z',
  requestId: '61686fb7-a511-43a8-aa86-c1ebb6d31684',
  method: 'GET',
  route: '/api/v2/agents/active',
  status: 200,
  durationMs: 791
}
[ops] {
  event: 'http_request',
  ts: '2026-09-09T09:16:45.361Z',
  requestId: 'fcdb725f-3b0d-449a-aeb6-3aa714527339',
  method: 'OPTIONS',
  route: '/api/v2/events',
  status: 204,
  durationMs: 1
}
[ops] {
  event: 'security.app_check_rejected',
  ts: '2026-09-09T09:16:45.363Z',
  reason: 'missing_token',
  mode: 'monitor',
  route: '/api/v2/events'
}
[ops] {
  event: 'http_request',
  ts: '2026-09-09T09:16:47.446Z',
  requestId: '46b367f4-0fe3-469b-b2f8-6aefb50473c5',
  method: 'OPTIONS',
  route: '/api/v2/agents/active',
  status: 204,
  durationMs: 1
}
[ops] {
  event: 'security.app_check_rejected',
  ts: '2026-09-09T09:16:47.762Z',
  reason: 'missing_token',
  mode: 'monitor',
  route: '/api/v2/agents/active'
}
[ops] {
  event: 'http_request',
  ts: '2026-09-09T09:16:48.714Z',
  requestId: '4449b82f-4200-466c-890b-265d02cbca6f',
  method: 'GET',
  route: '/api/v2/agents/active',
  status: 200,
  durationMs: 952
}
[ops] {
  event: 'http_request',
  ts: '2026-09-09T09:16:49.506Z',
  requestId: 'eac5b816-48ba-48be-af7c-3960c15eb4e4',
  method: 'GET',
  route: '/api/v2/events',
  status: 200,
  durationMs: 14570
}
[ops] {
  event: 'http_request',
  ts: '2026-09-09T09:16:49.937Z',
  requestId: '1acc52cb-ac00-4bfd-b106-492df36a08a1',
  method: 'OPTIONS',
  route: '/api/v2/events',
  status: 204,
  durationMs: 1
}
[ops] {
  event: 'security.app_check_rejected',
  ts: '2026-09-09T09:16:49.939Z',
  reason: 'missing_token',
  mode: 'monitor',
  route: '/api/v2/events'
}
[ops] {
  event: 'http_request',
  ts: '2026-09-09T09:16:50.594Z',
  requestId: 'cee6ee93-3ed7-453d-9baf-05ed3861d793',
  method: 'OPTIONS',
  route: '/api/ui-designs/',
  status: 204,
  durationMs: 1
}
[ops] {
  event: 'security.app_check_rejected',
  ts: '2026-09-09T09:16:50.599Z',
  reason: 'missing_token',
  mode: 'monitor',
  route: '/api/ui-designs/'
}
[ops] {
  event: 'http_request',
  ts: '2026-09-09T09:16:50.604Z',
  requestId: '063f7064-da49-4a30-9f31-84da1e80875f',
  method: 'OPTIONS',
  route: '/api/v2/agents/active',
  status: 204,
  durationMs: 1
}
[ops] {
  event: 'http_request',
  ts: '2026-09-09T09:16:50.609Z',
  requestId: 'c037d63f-ba09-46da-80d4-b9aff5024812',
  method: 'OPTIONS',
  route: '/api/onboarding',
  status: 204,
  durationMs: 1
}
[ops] {
  event: 'http_request',
  ts: '2026-09-09T09:16:50.611Z',
  requestId: '004be5d1-ce82-4c4f-9727-70b2ec6ed4df',
  method: 'OPTIONS',
  route: '/api/tasks',
  status: 204,
  durationMs: 0
}
[ops] {
  event: 'http_request',
  ts: '2026-09-09T09:16:50.616Z',
  requestId: '34c5418f-42c4-4984-82f2-176a7283dc7d',
  method: 'OPTIONS',
  route: '/api/studio/status',
  status: 204,
  durationMs: 1
}
[ops] {
  event: 'http_request',
  ts: '2026-09-09T09:16:50.623Z',
  requestId: 'bb3953eb-a9a0-41da-a27e-70bc0db56dd8',
  method: 'OPTIONS',
  route: '/api/studio/mcp/status',
  status: 204,
  durationMs: 1
}
[ops] {
  event: 'http_request',
  ts: '2026-09-09T09:16:50.625Z',
  requestId: '5e9b3230-00ea-4117-a591-60e0b81c7109',
  method: 'OPTIONS',
  route: '/api/:id',
  status: 204,
  durationMs: 1
}
[ops] {
  event: 'http_request',
  ts: '2026-09-09T09:16:50.627Z',
  requestId: 'c7fdbdd6-f8d8-4e47-9698-fca880f1f8ef',
  method: 'OPTIONS',
  route: '/api/roblox/oauth/status',
  status: 204,
  durationMs: 1
}
[ops] {
  event: 'http_request',
  ts: '2026-09-09T09:16:50.629Z',
  requestId: 'd693b173-531d-411d-99e6-ea57b491b2c2',
  method: 'OPTIONS',
  route: '/api/user/teams',
  status: 204,
  durationMs: 1
}
[ops] {
  event: 'http_request',
  ts: '2026-09-09T09:16:50.751Z',
  requestId: '82ef9900-cf28-44e7-a15a-443ca0ac9499',
  method: 'OPTIONS',
  route: '/api/ui-designs/',
  status: 204,
  durationMs: 1
}
[ops] {
  event: 'http_request',
  ts: '2026-09-09T09:16:50.754Z',
  requestId: '54b87d18-3f53-488b-8e47-e06bdf352510',
  method: 'OPTIONS',
  route: '/api/v2/agents/active',
  status: 204,
  durationMs: 1
}
[ops] {
  event: 'http_request',
  ts: '2026-09-09T09:16:50.756Z',
  requestId: '370d62f4-4170-476e-9d3a-59172db83377',
  method: 'OPTIONS',
  route: '/api/onboarding',
  status: 204,
  durationMs: 1
}
[ops] {
  event: 'http_request',
  ts: '2026-09-09T09:16:50.764Z',
  requestId: 'f947fe82-388c-4578-b6b6-e3e39b907808',
  method: 'OPTIONS',
  route: '/api/tasks',
  status: 204,
  durationMs: 1
}
[ops] {
  event: 'http_request',
  ts: '2026-09-09T09:16:50.786Z',
  requestId: 'afe7a480-d75b-4690-90ca-1009c8666654',
  method: 'OPTIONS',
  route: '/api/:id/:id',
  status: 204,
  durationMs: 2
}
[ops] {
  event: 'security.app_check_rejected',
  ts: '2026-09-09T09:16:50.910Z',
  reason: 'missing_token',
  mode: 'monitor',
  route: '/api/v2/agents/active'
}
[ops] {
  event: 'security.app_check_rejected',
  ts: '2026-09-09T09:16:50.919Z',
  reason: 'missing_token',
  mode: 'monitor',
  route: '/api/onboarding'
}
[ops] {
  event: 'security.app_check_rejected',
  ts: '2026-09-09T09:16:50.924Z',
  reason: 'missing_token',
  mode: 'monitor',
  route: '/api/tasks'
}
[ops] {
  event: 'security.app_check_rejected',
  ts: '2026-09-09T09:16:50.933Z',
  reason: 'missing_token',
  mode: 'monitor',
  route: '/api/project-bindings'
}
[ops] {
  event: 'security.app_check_rejected',
  ts: '2026-09-09T09:16:50.936Z',
  reason: 'missing_token',
  mode: 'monitor',
  route: '/api/roblox/oauth/status'
}
[ops] {
  event: 'http_request',
  ts: '2026-09-09T09:16:50.929Z',
  requestId: '903cd38e-b264-4fa6-8370-d6a7984658f2',
  method: 'GET',
  route: '/api/tasks/',
  status: 503,
  durationMs: 5
}
[ops] {
  event: 'http_request',
  ts: '2026-09-09T09:16:51.171Z',
  requestId: 'b5fce07b-f2f3-4665-bb35-409222bc34ca',
  method: 'GET',
  route: '/api/onboarding/',
  status: 200,
  durationMs: 252
}
[ops] {
  event: 'security.app_check_rejected',
  ts: '2026-09-09T09:16:51.180Z',
  reason: 'missing_token',
  mode: 'monitor',
  route: '/api/user/teams'
}
[ops] {
  event: 'http_request',
  ts: '2026-09-09T09:16:51.192Z',
  requestId: 'd51eb6ae-c47f-40bb-8cff-fceb6540a939',
  method: 'GET',
  route: '/api/roblox/oauth/status',
  status: 200,
  durationMs: 257
}
[ops] {
  event: 'security.app_check_rejected',
  ts: '2026-09-09T09:16:51.216Z',
  reason: 'missing_token',
  mode: 'monitor',
  route: '/api/ui-designs/'
}
[ops] {
  event: 'http_request',
  ts: '2026-09-09T09:16:51.222Z',
  requestId: 'b95a308b-0f81-4775-b6d2-8ffe1937d3f0',
  method: 'GET',
  route: '/api/ui-designs/',
  status: 200,
  durationMs: 623
}
[ops] {
  event: 'security.app_check_rejected',
  ts: '2026-09-09T09:16:51.227Z',
  reason: 'missing_token',
  mode: 'monitor',
  route: '/api/v2/agents/active'
}
[ops] {
  event: 'http_request',
  ts: '2026-09-09T09:16:51.237Z',
  requestId: '75c2786d-50c2-4be5-9bd2-c2424a633bb4',
  method: 'GET',
  route: '/api/project-bindings/',
  status: 200,
  durationMs: 305
}
[ops] {
  event: 'security.app_check_rejected',
  ts: '2026-09-09T09:16:51.268Z',
  reason: 'missing_token',
  mode: 'monitor',
  route: '/api/onboarding'
}
[ops] {
  event: 'http_request',
  ts: '2026-09-09T09:16:51.325Z',
  requestId: '2436f9fb-a019-4e85-87ba-6cd9e87b365f',
  method: 'OPTIONS',
  route: '/api/:id',
  status: 204,
  durationMs: 1
}
[ops] {
  event: 'http_request',
  ts: '2026-09-09T09:16:51.326Z',
  requestId: 'a5eab64e-7c9b-4d3e-8d00-a87bed471419',
  method: 'OPTIONS',
  route: '/api/user/teams',
  status: 204,
  durationMs: 1
}
[ops] {
  event: 'http_request',
  ts: '2026-09-09T09:16:51.448Z',
  requestId: '27e4b813-9a7d-4a34-8789-5e1792f0daac',
  method: 'GET',
  route: '/api/user/teams',
  status: 200,
  durationMs: 268
}
[ops] {
  event: 'security.app_check_rejected',
  ts: '2026-09-09T09:16:51.451Z',
  reason: 'missing_token',
  mode: 'monitor',
  route: '/api/tasks'
}
[ops] {
  event: 'http_request',
  ts: '2026-09-09T09:16:51.454Z',
  requestId: 'b1e0c8aa-8cf4-4d82-9614-103671fd1613',
  method: 'GET',
  route: '/api/tasks/',
  status: 503,
  durationMs: 4
}
[ops] {
  event: 'security.app_check_rejected',
  ts: '2026-09-09T09:16:51.455Z',
  reason: 'missing_token',
  mode: 'monitor',
  route: '/api/project-bindings/launch_6d8804b8-4f32-4869-a916-9be2eee2d44f'
}
[ops] {
  event: 'http_request',
  ts: '2026-09-09T09:16:51.613Z',
  requestId: '252db3fd-5643-4904-8b80-2b2df931c35b',
  method: 'GET',
  route: '/api/onboarding/',
  status: 200,
  durationMs: 345
}
[ops] {
  event: 'security.app_check_rejected',
  ts: '2026-09-09T09:16:51.614Z',
  reason: 'missing_token',
  mode: 'monitor',
  route: '/api/project-bindings'
}
project_resolution {
  requestId: 'be3c1bf3-0687-4059-b7c3-9bd2b4f38c0a',
  userHash: '9e7a0952b3e25f3b',
  projectHash: '19824ffde52819c1',
  resolutionState: 'ready',
  failureCode: null
}
[ops] {
  event: 'http_request',
  ts: '2026-09-09T09:16:51.769Z',
  requestId: 'be3c1bf3-0687-4059-b7c3-9bd2b4f38c0a',
  method: 'GET',
  route: '/api/project-bindings/:projectId',
  status: 200,
  durationMs: 314
}
[ops] {
  event: 'security.app_check_rejected',
  ts: '2026-09-09T09:16:51.781Z',
  reason: 'missing_token',
  mode: 'monitor',
  route: '/api/user/teams'
}
[ops] {
  event: 'http_request',
  ts: '2026-09-09T09:16:51.784Z',
  requestId: 'aa6acb47-da2d-43de-b127-fd928814a8d3',
  method: 'GET',
  route: '/api/user/teams',
  status: 200,
  durationMs: 4
}
[ops] {
  event: 'http_request',
  ts: '2026-09-09T09:16:51.814Z',
  requestId: 'fe8cc494-f4b4-4847-93cb-a084aff92f94',
  method: 'GET',
  route: '/api/v2/agents/active',
  status: 200,
  durationMs: 904
}
[ops] {
  event: 'http_request',
  ts: '2026-09-09T09:16:51.862Z',
  requestId: 'b5955ff8-1a33-438f-9902-1246b09395d5',
  method: 'GET',
  route: '/api/project-bindings/',
  status: 200,
  durationMs: 248
}
[ops] {
  event: 'http_request',
  ts: '2026-09-09T09:16:52.062Z',
  requestId: 'ea3cf870-e324-4c70-a0d6-1686f3f189c0',
  method: 'GET',
  route: '/api/ui-designs/',
  status: 200,
  durationMs: 847
}
[ops] {
  event: 'http_request',
  ts: '2026-09-09T09:16:52.077Z',
  requestId: '5b95d6b6-f42a-466c-b1d1-3a59361b8fa6',
  method: 'GET',
  route: '/api/v2/agents/active',
  status: 200,
  durationMs: 851
}
[ops] {
  event: 'http_request',
  ts: '2026-09-09T09:16:52.104Z',
  requestId: '46ce3490-50d4-4260-b959-29b801af6f4f',
  method: 'OPTIONS',
  route: '/api/ui-designs/:id',
  status: 204,
  durationMs: 1
}
[ops] {
  event: 'security.app_check_rejected',
  ts: '2026-09-09T09:16:52.112Z',
  reason: 'missing_token',
  mode: 'monitor',
  route: '/api/ui-designs/tRtjvXJsdRG7laZUMwVC'
}
[ops] {
  event: 'http_request',
  ts: '2026-09-09T09:16:52.944Z',
  requestId: 'f2e0e3c8-1843-43d5-8b0b-6c3400e9f48f',
  method: 'OPTIONS',
  route: '/api/v2/agents/active',
  status: 204,
  durationMs: 0
}
[ops] {
  event: 'http_request',
  ts: '2026-09-09T09:16:52.949Z',
  requestId: '6d96f53d-8d99-451f-b1a7-194a7fddfbfa',
  method: 'OPTIONS',
  route: '/api/v2/agents/active',
  status: 204,
  durationMs: 1
}
[ops] {
  event: 'http_request',
  ts: '2026-09-09T09:16:52.951Z',
  requestId: 'f303cdde-196a-4ddd-b439-3a4eb7bb4228',
  method: 'OPTIONS',
  route: '/api/v2/agents/active',
  status: 204,
  durationMs: 1
}
[ops] {
  event: 'http_request',
  ts: '2026-09-09T09:16:53.217Z',
  requestId: 'f3fa189c-c227-49f5-899f-5b4bc5798225',
  method: 'GET',
  route: '/api/ui-designs/:designId',
  status: 200,
  durationMs: 1105
}
[ops] {
  event: 'http_request',
  ts: '2026-09-09T09:16:53.229Z',
  requestId: 'bb8efae7-2107-4463-b97e-f089cfe9a714',
  method: 'OPTIONS',
  route: '/api/ui-designs/:id/:id',
  status: 204,
  durationMs: 1
}
[ops] {
  event: 'security.app_check_rejected',
  ts: '2026-09-09T09:16:53.231Z',
  reason: 'missing_token',
  mode: 'monitor',
  route: '/api/ui-designs/tRtjvXJsdRG7laZUMwVC/preview-manifest'
}
[ops] {
  event: 'security.app_check_rejected',
  ts: '2026-09-09T09:16:53.262Z',
  reason: 'missing_token',
  mode: 'monitor',
  route: '/api/v2/agents/active'
}
[ops] {
  event: 'security.app_check_rejected',
  ts: '2026-09-09T09:16:53.266Z',
  reason: 'missing_token',
  mode: 'monitor',
  route: '/api/v2/agents/active'
}
[ops] {
  event: 'security.app_check_rejected',
  ts: '2026-09-09T09:16:53.270Z',
  reason: 'missing_token',
  mode: 'monitor',
  route: '/api/v2/agents/active'
}
[ops] {
  event: 'http_request',
  ts: '2026-09-09T09:16:53.277Z',
  requestId: 'ee852dcb-4295-49e9-b9f3-3dca5953d3f4',
  method: 'OPTIONS',
  route: '/api/v2/events',
  status: 204,
  durationMs: 1
}
[ops] {
  event: 'http_request',
  ts: '2026-09-09T09:16:53.281Z',
  requestId: '6d0b1d1f-6ccc-4919-ad47-fab51f42e249',
  method: 'GET',
  route: '/api/v2/events',
  status: 200,
  durationMs: 17318
}
[ops] {
  event: 'security.app_check_rejected',
  ts: '2026-09-09T09:16:53.284Z',
  reason: 'missing_token',
  mode: 'monitor',
  route: '/api/v2/events'
}
[ops] {
  event: 'http_request',
  ts: '2026-09-09T09:16:53.984Z',
  requestId: '7bcd6b6e-0b2e-4abe-b1b4-05e68410d2a9',
  method: 'GET',
  route: '/api/v2/agents/active',
  status: 200,
  durationMs: 722
}
[ops] {
  event: 'http_request',
  ts: '2026-09-09T09:16:54.024Z',
  requestId: '8b52d055-8e29-481a-a531-91ee712b78a5',
  method: 'GET',
  route: '/api/v2/agents/active',
  status: 200,
  durationMs: 758
}
[ops] {
  event: 'http_request',
  ts: '2026-09-09T09:16:54.164Z',
  requestId: 'e42850da-27a8-44be-bd21-9ca676610cbe',
  method: 'GET',
  route: '/api/v2/agents/active',
  status: 200,
  durationMs: 894
}
[ops] {
  event: 'http_request',
  ts: '2026-09-09T09:16:55.227Z',
  requestId: '22c13f8b-affd-4a64-8973-1ba5169e345f',
  method: 'OPTIONS',
  route: '/api/v2/events',
  status: 204,
  durationMs: 1
}
[ops] {
  event: 'security.app_check_rejected',
  ts: '2026-09-09T09:16:55.230Z',
  reason: 'missing_token',
  mode: 'monitor',
  route: '/api/v2/events'
}
[ops] {
  event: 'http_request',
  ts: '2026-09-09T09:16:55.638Z',
  requestId: '01db36cd-db93-4a92-afbd-d7fcbb3d189d',
  method: 'GET',
  route: '/api/v2/events',
  status: 200,
  durationMs: 10275
}
[ops] {
  event: 'http_request',
  ts: '2026-09-09T09:16:55.814Z',
  requestId: '09effb15-1923-49d6-ac2f-d899354a411d',
  method: 'GET',
  route: '/api/ui-designs/:designId/preview-manifest',
  status: 200,
  durationMs: 2584
}
[ops] {
  event: 'http_request',
  ts: '2026-09-09T09:16:57.261Z',
  requestId: 'b0c93868-8b28-4771-8032-fc29f7062a1c',
  method: 'GET',
  route: '/api/v2/events',
  status: 200,
  durationMs: 17031
}
[ops] {
  event: 'http_request',
  ts: '2026-09-09T09:16:57.716Z',
  requestId: '5a1ec1f7-4f8e-426e-a144-87d8df3b47b8',
  method: 'OPTIONS',
  route: '/api/v2/events',
  status: 204,
  durationMs: 0
}
[ops] {
  event: 'security.app_check_rejected',
  ts: '2026-09-09T09:16:57.718Z',
  reason: 'missing_token',
  mode: 'monitor',
  route: '/api/v2/events'
}
[ops] {
  event: 'http_request',
  ts: '2026-09-09T09:16:57.855Z',
  requestId: '2bdf4c2d-7882-4889-a40b-1b3ddc073d8a',
  method: 'OPTIONS',
  route: '/api/v2/events',
  status: 204,
  durationMs: 1
}
[ops] {
  event: 'security.app_check_rejected',
  ts: '2026-09-09T09:16:57.857Z',
  reason: 'missing_token',
  mode: 'monitor',
  route: '/api/v2/events'
}
[ops] {
  event: 'http_request',
  ts: '2026-09-09T09:16:58.078Z',
  requestId: '4a426f0b-13a6-453a-a053-77eef7c91244',
  method: 'OPTIONS',
  route: '/api/studio/status',
  status: 204,
  durationMs: 0
}
[ops] {
  event: 'http_request',
  ts: '2026-09-09T09:16:58.079Z',
  requestId: '3eedc43f-1545-44bb-a51c-663c51979d56',
  method: 'OPTIONS',
  route: '/api/studio/mcp/status',
  status: 204,
  durationMs: 0
}
[ops] {
  event: 'security.app_check_rejected',
  ts: '2026-09-09T09:16:58.079Z',
  reason: 'missing_token',
  mode: 'monitor',
  route: '/api/studio/status'
}
[ops] {
  event: 'security.app_check_rejected',
  ts: '2026-09-09T09:16:58.082Z',
  reason: 'missing_token',
  mode: 'monitor',
  route: '/api/studio/mcp/status'
}
[ops] {
  event: 'http_request',
  ts: '2026-09-09T09:16:58.914Z',
  requestId: '89f59b12-55de-4803-bbdb-eeb17c597cf7',
  method: 'GET',
  route: '/api/studio/mcp/status',
  status: 200,
  durationMs: 833
}
[ops] {
  event: 'http_request',
  ts: '2026-09-09T09:16:59.385Z',
  requestId: 'bd958f83-a5aa-4425-b39c-b2ddaba7a111',
  method: 'GET',
  route: '/api/studio/status',
  status: 200,
  durationMs: 1306
}
[ops] {
  event: 'http_request',
  ts: '2026-09-09T09:17:00.753Z',
  requestId: '24ef05b7-77e2-4915-943b-b14c86fc50d4',
  method: 'OPTIONS',
  route: '/api/v2/agents/active',
  status: 204,
  durationMs: 1
}
[ops] {
  event: 'security.app_check_rejected',
  ts: '2026-09-09T09:17:00.755Z',
  reason: 'missing_token',
  mode: 'monitor',
  route: '/api/v2/agents/active'
}
[ops] {
  event: 'http_request',
  ts: '2026-09-09T09:17:01.373Z',
  requestId: '7e83c795-1370-4476-8e06-7e86ec210410',
  method: 'OPTIONS',
  route: '/api/studio/status',
  status: 204,
  durationMs: 1
}
[ops] {
  event: 'http_request',
  ts: '2026-09-09T09:17:01.374Z',
  requestId: '07955b16-52d9-4286-b08b-9024a9e54c36',
  method: 'OPTIONS',
  route: '/api/studio/mcp/status',
  status: 204,
  durationMs: 0
}
[ops] {
  event: 'security.app_check_rejected',
  ts: '2026-09-09T09:17:01.374Z',
  reason: 'missing_token',
  mode: 'monitor',
  route: '/api/studio/status'
}
[ops] {
  event: 'http_request',
  ts: '2026-09-09T09:17:01.377Z',
  requestId: 'c2d7746a-9801-4366-bb72-b7fe243232c6',
  method: 'GET',
  route: '/api/studio/status',
  status: 200,
  durationMs: 3
}
[ops] {
  event: 'security.app_check_rejected',
  ts: '2026-09-09T09:17:01.377Z',
  reason: 'missing_token',
  mode: 'monitor',
  route: '/api/studio/mcp/status'
}
[ops] {
  event: 'http_request',
  ts: '2026-09-09T09:17:01.485Z',
  requestId: 'b0622000-2591-4716-a508-336e1dcba741',
  method: 'GET',
  route: '/api/v2/agents/active',
  status: 200,
  durationMs: 730
}
[ops] {
  event: 'http_request',
  ts: '2026-09-09T09:17:01.857Z',
  requestId: 'db9de297-99d0-4bda-893f-d5b9cc181f23',
  method: 'GET',
  route: '/api/studio/mcp/status',
  status: 200,
  durationMs: 480
}
[ops] {
  event: 'http_request',
  ts: '2026-09-09T09:17:02.636Z',
  requestId: '66c82143-d540-4e9c-9ae4-bfcb1f8fa6fd',
  method: 'OPTIONS',
  route: '/api/v2/agents/active',
  status: 204,
  durationMs: 0
}
[ops] {
  event: 'security.app_check_rejected',
  ts: '2026-09-09T09:17:02.638Z',
  reason: 'missing_token',
  mode: 'monitor',
  route: '/api/v2/agents/active'
}
[ops] {
  event: 'http_request',
  ts: '2026-09-09T09:17:02.726Z',
  requestId: '79fd16d3-1413-4872-a543-f6f16c6ae942',
  method: 'OPTIONS',
  route: '/api/v2/agents/active',
  status: 204,
  durationMs: 1
}
[ops] {
  event: 'security.app_check_rejected',
  ts: '2026-09-09T09:17:02.729Z',
  reason: 'missing_token',
  mode: 'monitor',
  route: '/api/v2/agents/active'
}
[ops] {
  event: 'http_request',
  ts: '2026-09-09T09:17:02.851Z',
  requestId: '14236c11-96ed-48c4-abf2-023de52ba8cf',
  method: 'OPTIONS',
  route: '/api/v2/agents/active',
  status: 204,
  durationMs: 1
}
[ops] {
  event: 'security.app_check_rejected',
  ts: '2026-09-09T09:17:03.171Z',
  reason: 'missing_token',
  mode: 'monitor',
  route: '/api/v2/agents/active'
}
[ops] {
  event: 'http_request',
  ts: '2026-09-09T09:17:03.404Z',
  requestId: '2b77346c-1f86-4c8d-8b48-efcb1fbe3797',
  method: 'GET',
  route: '/api/v2/agents/active',
  status: 200,
  durationMs: 766
}
[ops] {
  event: 'http_request',
  ts: '2026-09-09T09:17:03.556Z',
  requestId: '55bb383e-13c2-4a92-9b55-554730d5acda',
  method: 'GET',
  route: '/api/v2/agents/active',
  status: 200,
  durationMs: 827
}
[ops] {
  event: 'http_request',
  ts: '2026-09-09T09:17:04.015Z',
  requestId: '78409604-1368-4aae-93be-dc5705b86390',
  method: 'GET',
  route: '/api/v2/agents/active',
  status: 200,
  durationMs: 844
}
[ops] {
  event: 'http_request',
  ts: '2026-09-09T09:17:10.400Z',
  requestId: '7c7e5a46-e120-443a-98ac-592e8eed7125',
  method: 'GET',
  route: '/api/v2/events',
  status: 200,
  durationMs: 17116
}
[ops] {
  event: 'http_request',
  ts: '2026-09-09T09:17:10.754Z',
  requestId: 'd48bcae2-3ba0-43d1-b7e4-5e18ebc1b903',
  method: 'OPTIONS',
  route: '/api/v2/agents/active',
  status: 204,
  durationMs: 1
}
[ops] {
  event: 'http_request',
  ts: '2026-09-09T09:17:10.756Z',
  requestId: '9b7404ee-1f5f-43d3-99dc-f3b14d79bf5f',
  method: 'OPTIONS',
  route: '/api/v2/events',
  status: 204,
  durationMs: 1
}
[ops] {
  event: 'security.app_check_rejected',
  ts: '2026-09-09T09:17:10.757Z',
  reason: 'missing_token',
  mode: 'monitor',
  route: '/api/v2/agents/active'
}
[ops] {
  event: 'security.app_check_rejected',
  ts: '2026-09-09T09:17:11.073Z',
  reason: 'missing_token',
  mode: 'monitor',
  route: '/api/v2/events'
}
[ops] {
  event: 'http_request',
  ts: '2026-09-09T09:17:11.457Z',
  requestId: 'cab5ad05-4dc9-4059-bea8-872c19fa5c7a',
  method: 'GET',
  route: '/api/v2/agents/active',
  status: 200,
  durationMs: 700
}
[ops] {
  event: 'http_request',
  ts: '2026-09-09T09:17:12.627Z',
  requestId: '189beb0f-81fe-4052-81a5-9716b22d0398',
  method: 'OPTIONS',
  route: '/api/v2/agents/active',
  status: 204,
  durationMs: 1
}
[ops] {
  event: 'http_request',
  ts: '2026-09-09T09:17:12.716Z',
  requestId: '71eb6a24-fabc-497e-b016-b7431f1a92cb',
  method: 'OPTIONS',
  route: '/api/v2/agents/active',
  status: 204,
  durationMs: 1
}
[ops] {
  event: 'http_request',
  ts: '2026-09-09T09:17:12.859Z',
  requestId: 'a20708cf-adad-4098-9a01-26f85fbb8b49',
  method: 'OPTIONS',
  route: '/api/v2/agents/active',
  status: 204,
  durationMs: 0
}
[ops] {
  event: 'security.app_check_rejected',
  ts: '2026-09-09T09:17:12.935Z',
  reason: 'missing_token',
  mode: 'monitor',
  route: '/api/v2/agents/active'
}
[ops] {
  event: 'security.app_check_rejected',
  ts: '2026-09-09T09:17:13.030Z',
  reason: 'missing_token',
  mode: 'monitor',
  route: '/api/v2/agents/active'
}
[ops] {
  event: 'security.app_check_rejected',
  ts: '2026-09-09T09:17:13.170Z',
  reason: 'missing_token',
  mode: 'monitor',
  route: '/api/v2/agents/active'
}
[ops] {
  event: 'http_request',
  ts: '2026-09-09T09:17:13.311Z',
  requestId: '88a79cae-1a4b-406e-956d-12cbed64a8db',
  method: 'OPTIONS',
  route: '/api/studio/status',
  status: 204,
  durationMs: 1
}
[ops] {
  event: 'http_request',
  ts: '2026-09-09T09:17:13.313Z',
  requestId: 'c76d890e-1946-42de-94e6-ed33b501b261',
  method: 'OPTIONS',
  route: '/api/studio/mcp/status',
  status: 204,
  durationMs: 1
}
[ops] {
  event: 'http_request',
  ts: '2026-09-09T09:17:13.507Z',
  requestId: '2c45566c-a128-450d-b161-1a20232496c4',
  method: 'GET',
  route: '/api/v2/events',
  status: 200,
  durationMs: 23568
}
[ops] {
  event: 'http_request',
  ts: '2026-09-09T09:17:13.830Z',
  requestId: 'c289b4ea-8f6f-4e3d-a72c-708de2e05b9e',
  method: 'GET',
  route: '/api/v2/agents/active',
  status: 200,
  durationMs: 895
}
[ops] {
  event: 'security.app_check_rejected',
  ts: '2026-09-09T09:17:13.832Z',
  reason: 'missing_token',
  mode: 'monitor',
  route: '/api/studio/status'
}
[ops] {
  event: 'http_request',
  ts: '2026-09-09T09:17:13.877Z',
  requestId: 'd8060e18-a505-4353-94fa-99b52a01de20',
  method: 'GET',
  route: '/api/v2/agents/active',
  status: 200,
  durationMs: 848
}
[ops] {
  event: 'security.app_check_rejected',
  ts: '2026-09-09T09:17:13.879Z',
  reason: 'missing_token',
  mode: 'monitor',
  route: '/api/studio/mcp/status'
}
[ops] {
  event: 'http_request',
  ts: '2026-09-09T09:17:14.027Z',
  requestId: 'c7f58e5b-e9ed-4c61-9988-e558df81ccb3',
  method: 'GET',
  route: '/api/v2/agents/active',
  status: 200,
  durationMs: 857
}
[ops] {
  event: 'http_request',
  ts: '2026-09-09T09:17:14.502Z',
  requestId: '96bb4488-3d0d-4c23-9c96-de3bec79fa68',
  method: 'GET',
  route: '/api/studio/mcp/status',
  status: 200,
  durationMs: 623
}
[ops] {
  event: 'http_request',
  ts: '2026-09-09T09:17:14.914Z',
  requestId: '7069e888-bd42-4c83-ae75-baf7f9a1aaef',
  method: 'GET',
  route: '/api/studio/status',
  status: 200,
  durationMs: 1083
}
[ops] {
  event: 'http_request',
  ts: '2026-09-09T09:17:16.475Z',
  requestId: 'f42c4553-fbfd-4eb0-a7bc-0573378ff5df',
  method: 'GET',
  route: '/api/v2/events',
  status: 200,
  durationMs: 21245
}
[ops] {
  event: 'http_request',
  ts: '2026-09-09T09:17:17.626Z',
  requestId: 'a03440cc-42e6-466c-b577-db142dc05926',
  method: 'OPTIONS',
  route: '/api/v2/events',
  status: 204,
  durationMs: 0
}
[ops] {
  event: 'security.app_check_rejected',
  ts: '2026-09-09T09:17:17.627Z',
  reason: 'missing_token',
  mode: 'monitor',
  route: '/api/v2/events'
}
[ops] {
  event: 'http_request',
  ts: '2026-09-09T09:17:19.418Z',
  requestId: 'f41422c4-8b0a-4675-9d48-1cfe4231bb01',
  method: 'GET',
  route: '/api/v2/events',
  status: 200,
  durationMs: 21561
}
[ops] {
  event: 'http_request',
  ts: '2026-09-09T09:17:20.355Z',
  requestId: 'c3e33624-4c09-4e8c-8c15-d77ad6a67ad6',
  method: 'OPTIONS',
  route: '/api/v2/events',
  status: 204,
  durationMs: 0
}
[ops] {
  event: 'security.app_check_rejected',
  ts: '2026-09-09T09:17:20.357Z',
  reason: 'missing_token',
  mode: 'monitor',
  route: '/api/v2/events'
}
[ops] {
  event: 'http_request',
  ts: '2026-09-09T09:17:20.742Z',
  requestId: 'c1192f43-3b92-4a9f-b625-6ebb1fc51ff8',
  method: 'OPTIONS',
  route: '/api/v2/agents/active',
  status: 204,
  durationMs: 0
}
[ops] {
  event: 'http_request',
  ts: '2026-09-09T09:17:20.762Z',
  requestId: '33314574-49fb-455c-b225-95010bea919f',
  method: 'OPTIONS',
  route: '/api/studio/status',
  status: 204,
  durationMs: 1
}
[ops] {
  event: 'http_request',
  ts: '2026-09-09T09:17:20.767Z',
  requestId: 'a20dfff8-383e-4c46-8970-e6932a39b525',
  method: 'OPTIONS',
  route: '/api/studio/mcp/status',
  status: 204,
  durationMs: 1
}
[ops] {
  event: 'security.app_check_rejected',
  ts: '2026-09-09T09:17:21.059Z',
  reason: 'missing_token',
  mode: 'monitor',
  route: '/api/v2/agents/active'
}
[ops] {
  event: 'security.app_check_rejected',
  ts: '2026-09-09T09:17:21.075Z',
  reason: 'missing_token',
  mode: 'monitor',
  route: '/api/studio/status'
}
[ops] {
  event: 'security.app_check_rejected',
  ts: '2026-09-09T09:17:21.077Z',
  reason: 'missing_token',
  mode: 'monitor',
  route: '/api/studio/mcp/status'
}
[ops] {
  event: 'http_request',
  ts: '2026-09-09T09:17:21.801Z',
  requestId: 'ff254973-7095-4ce4-b0a4-92dbac14716c',
  method: 'GET',
  route: '/api/studio/mcp/status',
  status: 200,
  durationMs: 723
}
[ops] {
  event: 'http_request',
  ts: '2026-09-09T09:17:21.833Z',
  requestId: 'c39d1755-10ed-4639-910c-162ea5d7c8c0',
  method: 'GET',
  route: '/api/v2/agents/active',
  status: 200,
  durationMs: 774
}
[ops] {
  event: 'http_request',
  ts: '2026-09-09T09:17:22.142Z',
  requestId: '598050f6-a3f7-4cb1-9ab2-4dd65bb0d4e8',
  method: 'GET',
  route: '/api/studio/status',
  status: 200,
  durationMs: 1067
}
[ops] {
  event: 'http_request',
  ts: '2026-09-09T09:17:22.627Z',
  requestId: '6541edb1-a4f3-4ebf-84f9-457859c077f6',
  method: 'OPTIONS',
  route: '/api/v2/agents/active',
  status: 204,
  durationMs: 1
}
[ops] {
  event: 'http_request',
  ts: '2026-09-09T09:17:22.717Z',
  requestId: 'c88187c0-841b-4d25-a522-b91b4658ce75',
  method: 'OPTIONS',
  route: '/api/v2/agents/active',
  status: 204,
  durationMs: 0
}
[ops] {
  event: 'http_request',
  ts: '2026-09-09T09:17:22.852Z',
  requestId: '3d317608-9b15-4fff-ac86-e56ef98a9707',
  method: 'OPTIONS',
  route: '/api/v2/agents/active',
  status: 204,
  durationMs: 0
}
[ops] {
  event: 'security.app_check_rejected',
  ts: '2026-09-09T09:17:22.945Z',
  reason: 'missing_token',
  mode: 'monitor',
  route: '/api/v2/agents/active'
}
[ops] {
  event: 'security.app_check_rejected',
  ts: '2026-09-09T09:17:23.037Z',
  reason: 'missing_token',
  mode: 'monitor',
  route: '/api/v2/agents/active'
}
[ops] {
  event: 'http_request',
  ts: '2026-09-09T09:17:23.054Z',
  requestId: '3bce0804-30f3-4ac9-b86a-06a3dc0149e9',
  method: 'GET',
  route: '/api/v2/events',
  status: 200,
  durationMs: 25336
}
[ops] {
  event: 'security.app_check_rejected',
  ts: '2026-09-09T09:17:23.056Z',
  reason: 'missing_token',
  mode: 'monitor',
  route: '/api/v2/agents/active'
}
[ops] {
  event: 'http_request',
  ts: '2026-09-09T09:17:23.729Z',
  requestId: '3378b5e6-cdd7-4394-bfcc-f9a18e74c7be',
  method: 'GET',
  route: '/api/v2/agents/active',
  status: 200,
  durationMs: 784
}
[ops] {
  event: 'http_request',
  ts: '2026-09-09T09:17:23.789Z',
  requestId: 'dcdc04a5-7042-4051-a2be-95a6a3ce19b3',
  method: 'GET',
  route: '/api/v2/agents/active',
  status: 200,
  durationMs: 752
}
[ops] {
  event: 'http_request',
  ts: '2026-09-09T09:17:23.814Z',
  requestId: '6798f328-8666-4b27-a78d-fd6b29512a48',
  method: 'GET',
  route: '/api/v2/agents/active',
  status: 200,
  durationMs: 759
}
[ops] {
  event: 'http_request',
  ts: '2026-09-09T09:17:25.228Z',
  requestId: '15106131-0470-4ec1-bbb7-f0abdf3f65b5',
  method: 'OPTIONS',
  route: '/api/v2/events',
  status: 204,
  durationMs: 1
}
[ops] {
  event: 'security.app_check_rejected',
  ts: '2026-09-09T09:17:25.230Z',
  reason: 'missing_token',
  mode: 'monitor',
  route: '/api/v2/events'
}
[ops] {
  event: 'http_request',
  ts: '2026-09-09T09:17:27.732Z',
  requestId: 'eb8b744b-e31b-44cf-b3fb-da5cab980590',
  method: 'GET',
  route: '/api/v2/events',
  status: 200,
  durationMs: 16659
}
[ops] {
  event: 'http_request',
  ts: '2026-09-09T09:17:28.252Z',
  requestId: 'b2b15050-1598-4c77-afa3-69a0826f6f91',
  method: 'OPTIONS',
  route: '/api/v2/events',
  status: 204,
  durationMs: 1
}
[ops] {
  event: 'security.app_check_rejected',
  ts: '2026-09-09T09:17:28.253Z',
  reason: 'missing_token',
  mode: 'monitor',
  route: '/api/v2/events'
}
[ops] {
  event: 'http_request',
  ts: '2026-09-09T09:17:30.749Z',
  requestId: '8f52ece6-f68f-405e-81cb-a8469c2cc0f3',
  method: 'OPTIONS',
  route: '/api/v2/agents/active',
  status: 204,
  durationMs: 1
}
[ops] {
  event: 'security.app_check_rejected',
  ts: '2026-09-09T09:17:31.054Z',
  reason: 'missing_token',
  mode: 'monitor',
  route: '/api/v2/agents/active'
}
[ops] {
  event: 'http_request',
  ts: '2026-09-09T09:17:31.771Z',
  requestId: '44d5f19d-93fe-4af7-b457-cdfbecfb40b5',
  method: 'GET',
  route: '/api/v2/agents/active',
  status: 200,
  durationMs: 717
}
[ops] {
  event: 'http_request',
  ts: '2026-09-09T09:17:32.176Z',
  requestId: 'ece8a48c-94ff-4e98-8d49-2ff3f586e47c',
  method: 'OPTIONS',
  route: '/api/studio/status',
  status: 204,
  durationMs: 0
}
[ops] {
  event: 'http_request',
  ts: '2026-09-09T09:17:32.177Z',
  requestId: 'd72f714f-c3b0-45dc-b00c-ec46d3f08fb3',
  method: 'OPTIONS',
  route: '/api/studio/mcp/status',
  status: 204,
  durationMs: 0
}
[ops] {
  event: 'security.app_check_rejected',
  ts: '2026-09-09T09:17:32.177Z',
  reason: 'missing_token',
  mode: 'monitor',
  route: '/api/studio/status'
}
[ops] {
  event: 'security.app_check_rejected',
  ts: '2026-09-09T09:17:32.485Z',
  reason: 'missing_token',
  mode: 'monitor',
  route: '/api/studio/mcp/status'
}
[ops] {
  event: 'http_request',
  ts: '2026-09-09T09:17:32.624Z',
  requestId: 'ea4c4b3b-0bc2-47a0-a0d8-2ddafb8e51c6',
  method: 'OPTIONS',
  route: '/api/v2/agents/active',
  status: 204,
  durationMs: 0
}
[ops] {
  event: 'http_request',
  ts: '2026-09-09T09:17:32.716Z',
  requestId: '1ac28596-2f57-4366-9ef3-0ad7582f1820',
  method: 'OPTIONS',
  route: '/api/v2/agents/active',
  status: 204,
  durationMs: 1
}
[ops] {
  event: 'http_request',
  ts: '2026-09-09T09:17:32.853Z',
  requestId: '9699cac5-243f-490a-9314-50cfbb9e566e',
  method: 'OPTIONS',
  route: '/api/v2/agents/active',
  status: 204,
  durationMs: 0
}
[ops] {
  event: 'security.app_check_rejected',
  ts: '2026-09-09T09:17:32.937Z',
  reason: 'missing_token',
  mode: 'monitor',
  route: '/api/v2/agents/active'
}
[ops] {
  event: 'http_request',
  ts: '2026-09-09T09:17:33.081Z',
  requestId: '5545ee4f-459c-4109-9834-86f14423baae',
  method: 'GET',
  route: '/api/studio/mcp/status',
  status: 200,
  durationMs: 597
}
[ops] {
  event: 'security.app_check_rejected',
  ts: '2026-09-09T09:17:33.082Z',
  reason: 'missing_token',
  mode: 'monitor',
  route: '/api/v2/agents/active'
}
[ops] {
  event: 'http_request',
  ts: '2026-09-09T09:17:33.275Z',
  requestId: 'caf31388-1a63-4f12-8ae8-83f988da9730',
  method: 'GET',
  route: '/api/studio/status',
  status: 200,
  durationMs: 1098
}
[ops] {
  event: 'security.app_check_rejected',
  ts: '2026-09-09T09:17:33.276Z',
  reason: 'missing_token',
  mode: 'monitor',
  route: '/api/v2/agents/active'
}
[ops] {
  event: 'http_request',
  ts: '2026-09-09T09:17:33.784Z',
  requestId: 'cba064fa-523b-4b4b-a418-11fb224fd553',
  method: 'GET',
  route: '/api/v2/agents/active',
  status: 200,
  durationMs: 848
}
[ops] {
  event: 'http_request',
  ts: '2026-09-09T09:17:33.834Z',
  requestId: '56a32e2c-2af5-4bce-8995-0e3af580f0a6',
  method: 'GET',
  route: '/api/v2/agents/active',
  status: 200,
  durationMs: 752
}
[ops] {
  event: 'http_request',
  ts: '2026-09-09T09:17:34.044Z',
  requestId: '11bc6a3a-55c3-4ea1-a56c-07e0a652482f',
  method: 'GET',
  route: '/api/v2/agents/active',
  status: 200,
  durationMs: 768
}
[ops] {
  event: 'http_request',
  ts: '2026-09-09T09:17:36.997Z',
  requestId: 'c9b7e9de-17fa-4cd7-a8aa-71cf17b176e4',
  method: 'GET',
  route: '/api/v2/events',
  status: 200,
  durationMs: 19371
}
[ops] {
  event: 'http_request',
  ts: '2026-09-09T09:17:37.630Z',
  requestId: '3ea0d38d-deca-45cc-bff7-3d83ba5fda55',
  method: 'OPTIONS',
  route: '/api/v2/events',
  status: 204,
  durationMs: 0
}
[ops] {
  event: 'security.app_check_rejected',
  ts: '2026-09-09T09:17:37.631Z',
  reason: 'missing_token',
  mode: 'monitor',
  route: '/api/v2/events'
}
[ops] {
  event: 'http_request',
  ts: '2026-09-09T09:17:38.004Z',
  requestId: 'f1239137-7b22-4727-9f2d-ac564892ce64',
  method: 'GET',
  route: '/api/v2/events',
  status: 200,
  durationMs: 9751
}
[ops] {
  event: 'http_request',
  ts: '2026-09-09T09:17:38.544Z',
  requestId: 'ed5eea0a-af10-4130-b949-10ef739eeeef',
  method: 'OPTIONS',
  route: '/api/v2/events',
  status: 204,
  durationMs: 0
}
[ops] {
  event: 'security.app_check_rejected',
  ts: '2026-09-09T09:17:38.546Z',
  reason: 'missing_token',
  mode: 'monitor',
  route: '/api/v2/events'
}
[ops] {
  event: 'http_request',
  ts: '2026-09-09T09:17:39.671Z',
  requestId: '9b14263b-dbe5-4943-8f2a-c0adcb770ff7',
  method: 'GET',
  route: '/api/v2/events',
  status: 200,
  durationMs: 19314
}
[ops] {
  event: 'http_request',
  ts: '2026-09-09T09:17:40.353Z',
  requestId: 'b880f43a-6f3e-4887-aa26-c625b086e9a6',
  method: 'OPTIONS',
  route: '/api/v2/events',
  status: 204,
  durationMs: 0
}
[ops] {
  event: 'security.app_check_rejected',
  ts: '2026-09-09T09:17:40.354Z',
  reason: 'missing_token',
  mode: 'monitor',
  route: '/api/v2/events'
}
[ops] {
  event: 'http_request',
  ts: '2026-09-09T09:17:40.751Z',
  requestId: '3517a5d6-11dd-4b2d-a314-4fbd4223e6cc',
  method: 'OPTIONS',
  route: '/api/v2/agents/active',
  status: 204,
  durationMs: 0
}
[ops] {
  event: 'security.app_check_rejected',
  ts: '2026-09-09T09:17:41.060Z',
  reason: 'missing_token',
  mode: 'monitor',
  route: '/api/v2/agents/active'
}
[ops] {
  event: 'http_request',
  ts: '2026-09-09T09:17:41.698Z',
  requestId: 'c5eca4d3-f34c-474c-9f3a-69851d42a522',
  method: 'GET',
  route: '/api/v2/events',
  status: 200,
  durationMs: 16468
}
[ops] {
  event: 'http_request',
  ts: '2026-09-09T09:17:41.760Z',
  requestId: 'c76dd5db-79ff-495e-b9a9-dca386783f38',
  method: 'GET',
  route: '/api/v2/agents/active',
  status: 200,
  durationMs: 700
}
[ops] {
  event: 'http_request',
  ts: '2026-09-09T09:17:42.624Z',
  requestId: '748281cd-4f83-46f6-866b-b2d879cd758d',
  method: 'OPTIONS',
  route: '/api/v2/agents/active',
  status: 204,
  durationMs: 0
}
[ops] {
  event: 'security.app_check_rejected',
  ts: '2026-09-09T09:17:42.624Z',
  reason: 'missing_token',
  mode: 'monitor',
  route: '/api/v2/agents/active'
}
[ops] {
  event: 'http_request',
  ts: '2026-09-09T09:17:42.718Z',
  requestId: '6b1a7be3-1a5d-4e6f-a821-342d2954a08a',
  method: 'OPTIONS',
  route: '/api/v2/agents/active',
  status: 204,
  durationMs: 0
}
[ops] {
  event: 'http_request',
  ts: '2026-09-09T09:17:42.719Z',
  requestId: '3628aac8-4636-4547-95df-96b27f9f6014',
  method: 'OPTIONS',
  route: '/api/v2/events',
  status: 204,
  durationMs: 1
}
[ops] {
  event: 'http_request',
  ts: '2026-09-09T09:17:42.852Z',
  requestId: 'f53fc91d-c3fe-4f40-b16c-2896a8e23072',
  method: 'OPTIONS',
  route: '/api/v2/agents/active',
  status: 204,
  durationMs: 1
}
[ops] {
  event: 'security.app_check_rejected',
  ts: '2026-09-09T09:17:43.028Z',
  reason: 'missing_token',
  mode: 'monitor',
  route: '/api/v2/agents/active'
}
[ops] {
  event: 'security.app_check_rejected',
  ts: '2026-09-09T09:17:43.030Z',
  reason: 'missing_token',
  mode: 'monitor',
  route: '/api/v2/events'
}
[ops] {
  event: 'security.app_check_rejected',
  ts: '2026-09-09T09:17:43.167Z',
  reason: 'missing_token',
  mode: 'monitor',
  route: '/api/v2/agents/active'
}
[ops] {
  event: 'http_request',
  ts: '2026-09-09T09:17:43.585Z',
  requestId: 'b8e12236-83ec-4466-8778-2208d62b793d',
  method: 'GET',
  route: '/api/v2/agents/active',
  status: 200,
  durationMs: 961
}
[ops] {
  event: 'http_request',
  ts: '2026-09-09T09:17:43.803Z',
  requestId: 'b1e81b2a-02ef-4a84-a78d-cfcd3e663cf9',
  method: 'GET',
  route: '/api/v2/agents/active',
  status: 200,
  durationMs: 776
}
[ops] {
  event: 'http_request',
  ts: '2026-09-09T09:17:43.837Z',
  requestId: '044dcc3f-e492-414f-aa25-0b28c4cbd8c3',
  method: 'GET',
  route: '/api/v2/agents/active',
  status: 200,
  durationMs: 670
}
[ops] {
  event: 'http_request',
  ts: '2026-09-09T09:17:44.921Z',
  requestId: '2123cdb5-ffcf-4618-9d1f-87eb6b0f6916',
  method: 'OPTIONS',
  route: '/api/studio/status',
  status: 204,
  durationMs: 0
}
[ops] {
  event: 'http_request',
  ts: '2026-09-09T09:17:44.922Z',
  requestId: '7637f6cc-6f0b-498b-8d5d-6deda6bd79da',
  method: 'OPTIONS',
  route: '/api/studio/mcp/status',
  status: 204,
  durationMs: 0
}
[ops] {
  event: 'security.app_check_rejected',
  ts: '2026-09-09T09:17:44.924Z',
  reason: 'missing_token',
  mode: 'monitor',
  route: '/api/studio/status'
}
[ops] {
  event: 'security.app_check_rejected',
  ts: '2026-09-09T09:17:44.925Z',
  reason: 'missing_token',
  mode: 'monitor',
  route: '/api/studio/mcp/status'
}
[ops] {
  event: 'http_request',
  ts: '2026-09-09T09:17:45.433Z',
  requestId: 'f6144e1b-35c2-4866-8fe3-bd99cce2e7cb',
  method: 'GET',
  route: '/api/studio/mcp/status',
  status: 200,
  durationMs: 508
}
[ops] {
  event: 'http_request',
  ts: '2026-09-09T09:17:46.093Z',
  requestId: '61c656bc-1275-45ba-81dc-03f8d14d45bc',
  method: 'GET',
  route: '/api/studio/status',
  status: 200,
  durationMs: 1169
}
[ops] {
  event: 'http_request',
  ts: '2026-09-09T09:17:50.742Z',
  requestId: '5a5095e3-e6ab-4e57-b90e-8808768a70eb',
  method: 'OPTIONS',
  route: '/api/v2/agents/active',
  status: 204,
  durationMs: 1
}
[ops] {
  event: 'security.app_check_rejected',
  ts: '2026-09-09T09:17:51.056Z',
  reason: 'missing_token',
  mode: 'monitor',
  route: '/api/v2/agents/active'
}
[ops] {
  event: 'http_request',
  ts: '2026-09-09T09:17:51.765Z',
  requestId: '82ee4836-2563-4fd7-a537-2e707e709dc7',
  method: 'GET',
  route: '/api/v2/agents/active',
  status: 200,
  durationMs: 709
}
[ops] {
  event: 'http_request',
  ts: '2026-09-09T09:17:52.152Z',
  requestId: 'f65a3512-9de1-4071-90e8-2c70dfec44f6',
  method: 'OPTIONS',
  route: '/api/studio/status',
  status: 204,
  durationMs: 1
}
[ops] {
  event: 'security.app_check_rejected',
  ts: '2026-09-09T09:17:52.156Z',
  reason: 'missing_token',
  mode: 'monitor',
  route: '/api/studio/status'
}
[ops] {
  event: 'http_request',
  ts: '2026-09-09T09:17:52.160Z',
  requestId: '78290526-c83b-44e0-a526-d26b256fb781',
  method: 'OPTIONS',
  route: '/api/studio/mcp/status',
  status: 204,
  durationMs: 1
}
[ops] {
  event: 'security.app_check_rejected',
  ts: '2026-09-09T09:17:52.463Z',
  reason: 'missing_token',
  mode: 'monitor',
  route: '/api/studio/mcp/status'
}
[ops] {
  event: 'http_request',
  ts: '2026-09-09T09:17:52.939Z',
  requestId: 'ed320465-c791-42ad-b855-c297b6a3bcd3',
  method: 'OPTIONS',
  route: '/api/v2/agents/active',
  status: 204,
  durationMs: 1
}
[ops] {
  event: 'http_request',
  ts: '2026-09-09T09:17:52.942Z',
  requestId: '2f7b776a-9dcc-4db3-a212-5d11256a4c4e',
  method: 'OPTIONS',
  route: '/api/v2/agents/active',
  status: 204,
  durationMs: 1
}
[ops] {
  event: 'http_request',
  ts: '2026-09-09T09:17:52.944Z',
  requestId: 'f7a40054-b81e-4cf2-8b42-a65015a775c6',
  method: 'OPTIONS',
  route: '/api/v2/agents/active',
  status: 204,
  durationMs: 1
}
[ops] {
  event: 'http_request',
  ts: '2026-09-09T09:17:53.004Z',
  requestId: '85e105f4-554a-4648-a2cc-324aee2d692e',
  method: 'GET',
  route: '/api/studio/mcp/status',
  status: 200,
  durationMs: 541
}
[ops] {
  event: 'security.app_check_rejected',
  ts: '2026-09-09T09:17:53.245Z',
  reason: 'missing_token',
  mode: 'monitor',
  route: '/api/v2/agents/active'
}
[ops] {
  event: 'security.app_check_rejected',
  ts: '2026-09-09T09:17:53.261Z',
  reason: 'missing_token',
  mode: 'monitor',
  route: '/api/v2/agents/active'
}
[ops] {
  event: 'security.app_check_rejected',
  ts: '2026-09-09T09:17:53.264Z',
  reason: 'missing_token',
  mode: 'monitor',
  route: '/api/v2/agents/active'
}
[ops] {
  event: 'http_request',
  ts: '2026-09-09T09:17:53.312Z',
  requestId: 'cbf21a14-0340-465f-9e8c-077fb8be31fd',
  method: 'GET',
  route: '/api/studio/status',
  status: 200,
  durationMs: 1157
}
[ops] {
  event: 'http_request',
  ts: '2026-09-09T09:17:53.956Z',
  requestId: '246c77cd-68e2-491b-819e-81159f3ea71b',
  method: 'GET',
  route: '/api/v2/agents/active',
  status: 200,
  durationMs: 692
}
[ops] {
  event: 'http_request',
  ts: '2026-09-09T09:17:54.022Z',
  requestId: '76727158-4cd9-49c8-b735-c58e825e3114',
  method: 'GET',
  route: '/api/v2/agents/active',
  status: 200,
  durationMs: 762
}
[ops] {
  event: 'http_request',
  ts: '2026-09-09T09:17:54.154Z',
  requestId: 'f5fa766d-eaa8-42d1-8615-6b033e609fcc',
  method: 'GET',
  route: '/api/v2/agents/active',
  status: 200,
  durationMs: 910
}
[ops] {
  event: 'http_request',
  ts: '2026-09-09T09:17:54.422Z',
  requestId: 'f24334bb-ad8d-4d8b-bee8-a8db43794962',
  method: 'GET',
  route: '/api/v2/events',
  status: 200,
  durationMs: 16791
}
[ops] {
  event: 'http_request',
  ts: '2026-09-09T09:17:55.129Z',
  requestId: '8258201b-4bd4-4dce-b9be-c7f830686627',
  method: 'OPTIONS',
  route: '/api/v2/events',
  status: 204,
  durationMs: 0
}
[ops] {
  event: 'security.app_check_rejected',
  ts: '2026-09-09T09:17:55.131Z',
  reason: 'missing_token',
  mode: 'monitor',
  route: '/api/v2/events'
}
[ops] {
  event: 'http_request',
  ts: '2026-09-09T09:17:56.846Z',
  requestId: 'bcde45ec-150c-4541-acd0-cf2813d89645',
  method: 'GET',
  route: '/api/v2/events',
  status: 200,
  durationMs: 16492
}
[ops] {
  event: 'http_request',
  ts: '2026-09-09T09:17:57.851Z',
  requestId: '032e4c96-bb0e-4bdd-98bd-d4effceac5c4',
  method: 'OPTIONS',
  route: '/api/v2/events',
  status: 204,
  durationMs: 0
}
[ops] {
  event: 'security.app_check_rejected',
  ts: '2026-09-09T09:17:57.852Z',
  reason: 'missing_token',
  mode: 'monitor',
  route: '/api/v2/events'
}
[ops] {
  event: 'http_request',
  ts: '2026-09-09T09:17:59.415Z',
  requestId: '87965271-5aae-44d2-94a7-085718c68864',
  method: 'OPTIONS',
  route: '/api/studio/status',
  status: 204,
  durationMs: 0
}
[ops] {
  event: 'http_request',
  ts: '2026-09-09T09:17:59.416Z',
  requestId: '41e1b90e-bbd4-4872-be27-597167656ac6',
  method: 'OPTIONS',
  route: '/api/studio/mcp/status',
  status: 204,
  durationMs: 0
}
[ops] {
  event: 'security.app_check_rejected',
  ts: '2026-09-09T09:17:59.416Z',
  reason: 'missing_token',
  mode: 'monitor',
  route: '/api/studio/status'
}
[ops] {
  event: 'security.app_check_rejected',
  ts: '2026-09-09T09:17:59.418Z',
  reason: 'missing_token',
  mode: 'monitor',
  route: '/api/studio/mcp/status'
}
[ops] {
  event: 'http_request',
  ts: '2026-09-09T09:18:00.104Z',
  requestId: '0229c2b7-0d84-454a-88b2-0cacc1229b87',
  method: 'GET',
  route: '/api/studio/mcp/status',
  status: 200,
  durationMs: 686
}
[ops] {
  event: 'http_request',
  ts: '2026-09-09T09:18:00.629Z',
  requestId: '923bbab8-0513-4e74-a7cb-656cee93956a',
  method: 'GET',
  route: '/api/studio/status',
  status: 200,
  durationMs: 1213
}
[ops] {
  event: 'http_request',
  ts: '2026-09-09T09:18:00.746Z',
  requestId: '46b77432-7ee9-4ecd-bf89-5c8dc5ba9fae',
  method: 'OPTIONS',
  route: '/api/v2/agents/active',
  status: 204,
  durationMs: 1
}
[ops] {
  event: 'http_request',
  ts: '2026-09-09T09:18:00.881Z',
  requestId: '42bf6a50-a97b-4676-a2d6-45d861f432a3',
  method: 'GET',
  route: '/api/v2/events',
  status: 200,
  durationMs: 22335
}
[ops] {
  event: 'security.app_check_rejected',
  ts: '2026-09-09T09:18:00.882Z',
  reason: 'missing_token',
  mode: 'monitor',
  route: '/api/v2/agents/active'
}
[ops] {
  event: 'http_request',
  ts: '2026-09-09T09:18:01.587Z',
  requestId: '4678ad57-d318-4411-a811-2137d28434c2',
  method: 'GET',
  route: '/api/v2/agents/active',
  status: 200,
  durationMs: 705
}
[ops] {
  event: 'http_request',
  ts: '2026-09-09T09:18:02.627Z',
  requestId: '4e75cb8e-81ef-472d-bffc-3fe964edc0aa',
  method: 'OPTIONS',
  route: '/api/v2/agents/active',
  status: 204,
  durationMs: 1
}
[ops] {
  event: 'security.app_check_rejected',
  ts: '2026-09-09T09:18:02.628Z',
  reason: 'missing_token',
  mode: 'monitor',
  route: '/api/v2/agents/active'
}
[ops] {
  event: 'http_request',
  ts: '2026-09-09T09:18:02.721Z',
  requestId: 'ff303fea-bd54-4bd4-a94e-e7faaa53787b',
  method: 'OPTIONS',
  route: '/api/v2/agents/active',
  status: 204,
  durationMs: 0
}
[ops] {
  event: 'security.app_check_rejected',
  ts: '2026-09-09T09:18:02.723Z',
  reason: 'missing_token',
  mode: 'monitor',
  route: '/api/v2/agents/active'
}
[ops] {
  event: 'http_request',
  ts: '2026-09-09T09:18:02.857Z',
  requestId: '1fdffa49-2e71-4a92-9bc5-e665ad3ed54a',
  method: 'OPTIONS',
  route: '/api/v2/agents/active',
  status: 204,
  durationMs: 0
}
[ops] {
  event: 'security.app_check_rejected',
  ts: '2026-09-09T09:18:03.163Z',
  reason: 'missing_token',
  mode: 'monitor',
  route: '/api/v2/agents/active'
}
[ops] {
  event: 'http_request',
  ts: '2026-09-09T09:18:03.260Z',
  requestId: '8627e284-3175-4919-bb63-8aba4d48bdc0',
  method: 'OPTIONS',
  route: '/api/v2/events',
  status: 204,
  durationMs: 1
}
[ops] {
  event: 'security.app_check_rejected',
  ts: '2026-09-09T09:18:03.262Z',
  reason: 'missing_token',
  mode: 'monitor',
  route: '/api/v2/events'
}
[ops] {
  event: 'http_request',
  ts: '2026-09-09T09:18:03.281Z',
  requestId: 'ff8f974f-946b-47cc-a589-26129f78a210',
  method: 'OPTIONS',
  route: '/api/studio/status',
  status: 204,
  durationMs: 0
}
[ops] {
  event: 'http_request',
  ts: '2026-09-09T09:18:03.281Z',
  requestId: '6db68c08-fd42-4ce5-a836-6e65489d8db1',
  method: 'OPTIONS',
  route: '/api/studio/mcp/status',
  status: 204,
  durationMs: 0
}
[ops] {
  event: 'http_request',
  ts: '2026-09-09T09:18:03.379Z',
  requestId: '6c75d7cf-1d7a-429f-a785-91d32effa866',
  method: 'GET',
  route: '/api/v2/agents/active',
  status: 200,
  durationMs: 752
}
[ops] {
  event: 'security.app_check_rejected',
  ts: '2026-09-09T09:18:03.381Z',
  reason: 'missing_token',
  mode: 'monitor',
  route: '/api/studio/status'
}
[ops] {
  event: 'http_request',
  ts: '2026-09-09T09:18:03.383Z',
  requestId: 'b25add4e-d6e0-48f8-b376-b6ac4b26b0c1',
  method: 'GET',
  route: '/api/studio/status',
  status: 200,
  durationMs: 3
}
[ops] {
  event: 'security.app_check_rejected',
  ts: '2026-09-09T09:18:03.384Z',
  reason: 'missing_token',
  mode: 'monitor',
  route: '/api/studio/mcp/status'
}
[ops] {
  event: 'http_request',
  ts: '2026-09-09T09:18:03.547Z',
  requestId: '50214b97-c4b0-40e8-b0bd-5500406c49a3',
  method: 'GET',
  route: '/api/v2/agents/active',
  status: 200,
  durationMs: 825
}
[ops] {
  event: 'http_request',
  ts: '2026-09-09T09:18:03.837Z',
  requestId: '09caf4b7-02c9-4b7a-8a38-b05bf30afcb8',
  method: 'GET',
  route: '/api/studio/mcp/status',
  status: 200,
  durationMs: 453
}
[ops] {
  event: 'http_request',
  ts: '2026-09-09T09:18:03.970Z',
  requestId: 'c6ab4b7e-5608-44ea-8687-9adfca725a2e',
  method: 'GET',
  route: '/api/v2/agents/active',
  status: 200,
  durationMs: 808
}
[ops] {
  event: 'http_request',
  ts: '2026-09-09T09:18:04.866Z',
  requestId: '70745ca7-fb2b-4b4d-9545-a0270fc419d5',
  method: 'GET',
  route: '/api/v2/events',
  status: 200,
  durationMs: 21836
}
[ops] {
  event: 'http_request',
  ts: '2026-09-09T09:18:05.213Z',
  requestId: 'bd37ca19-bc05-4a45-afc4-22bb3a3ba84f',
  method: 'OPTIONS',
  route: '/api/v2/events',
  status: 204,
  durationMs: 0
}
[ops] {
  event: 'security.app_check_rejected',
  ts: '2026-09-09T09:18:05.215Z',
  reason: 'missing_token',
  mode: 'monitor',
  route: '/api/v2/events'
}
[ops] {
  event: 'http_request',
  ts: '2026-09-09T09:18:10.973Z',
  requestId: 'ce052295-bcab-40f6-bc5c-de6beb83c888',
  method: 'GET',
  route: '/api/v2/events',
  status: 200,
  durationMs: 7710
}
[ops] {
  event: 'http_request',
  ts: '2026-09-09T09:18:11.061Z',
  requestId: '6ea038c8-850e-463b-860b-8dd70e6f6db9',
  method: 'OPTIONS',
  route: '/api/v2/agents/active',
  status: 204,
  durationMs: 1
}
[ops] {
  event: 'security.app_check_rejected',
  ts: '2026-09-09T09:18:11.063Z',
  reason: 'missing_token',
  mode: 'monitor',
  route: '/api/v2/agents/active'
}
[ops] {
  event: 'http_request',
  ts: '2026-09-09T09:18:11.826Z',
  requestId: 'db37b72a-fc83-4062-b1b1-1ab803d6c18d',
  method: 'GET',
  route: '/api/v2/agents/active',
  status: 200,
  durationMs: 763
}
[ops] {
  event: 'http_request',
  ts: '2026-09-09T09:18:12.250Z',
  requestId: '46adaf2d-ad95-4a0c-89a5-47adb7257e89',
  method: 'GET',
  route: '/api/v2/events',
  status: 200,
  durationMs: 14398
}
[ops] {
  event: 'http_request',
  ts: '2026-09-09T09:18:12.638Z',
  requestId: 'bae36c47-fe40-4ff7-b572-2b0cbeee4e5f',
  method: 'OPTIONS',
  route: '/api/v2/agents/active',
  status: 204,
  durationMs: 0
}
[ops] {
  event: 'security.app_check_rejected',
  ts: '2026-09-09T09:18:12.639Z',
  reason: 'missing_token',
  mode: 'monitor',
  route: '/api/v2/agents/active'
}
[ops] {
  event: 'http_request',
  ts: '2026-09-09T09:18:12.715Z',
  requestId: 'a45b37ef-ddf2-4df3-a6d7-40f45a826a08',
  method: 'OPTIONS',
  route: '/api/v2/agents/active',
  status: 204,
  durationMs: 0
}
[ops] {
  event: 'http_request',
  ts: '2026-09-09T09:18:12.855Z',
  requestId: '07024272-cf12-4507-9bfb-d28097b0ba01',
  method: 'OPTIONS',
  route: '/api/v2/agents/active',
  status: 204,
  durationMs: 0
}
[ops] {
  event: 'http_request',
  ts: '2026-09-09T09:18:12.856Z',
  requestId: 'a0fc35b2-8e6a-4423-8ca3-768e5c66a6d3',
  method: 'OPTIONS',
  route: '/api/v2/events',
  status: 204,
  durationMs: 0
}
[ops] {
  event: 'security.app_check_rejected',
  ts: '2026-09-09T09:18:13.024Z',
  reason: 'missing_token',
  mode: 'monitor',
  route: '/api/v2/agents/active'
}
[ops] {
  event: 'security.app_check_rejected',
  ts: '2026-09-09T09:18:13.163Z',
  reason: 'missing_token',
  mode: 'monitor',
  route: '/api/v2/agents/active'
}
[ops] {
  event: 'security.app_check_rejected',
  ts: '2026-09-09T09:18:13.165Z',
  reason: 'missing_token',
  mode: 'monitor',
  route: '/api/v2/events'
}
[ops] {
  event: 'http_request',
  ts: '2026-09-09T09:18:13.249Z',
  requestId: '3d8a2fe2-f1f2-46e2-b9be-a6b9c0259bfe',
  method: 'OPTIONS',
  route: '/api/v2/events',
  status: 204,
  durationMs: 0
}
[ops] {
  event: 'security.app_check_rejected',
  ts: '2026-09-09T09:18:13.250Z',
  reason: 'missing_token',
  mode: 'monitor',
  route: '/api/v2/events'
}
[ops] {
  event: 'http_request',
  ts: '2026-09-09T09:18:13.354Z',
  requestId: '266c215c-d436-4236-97ce-60690f968126',
  method: 'GET',
  route: '/api/v2/agents/active',
  status: 200,
  durationMs: 714
}
[ops] {
  event: 'http_request',
  ts: '2026-09-09T09:18:13.833Z',
  requestId: '0e3b0f0d-b67d-4858-862c-352fe4aa161a',
  method: 'GET',
  route: '/api/v2/agents/active',
  status: 200,
  durationMs: 809
}
[ops] {
  event: 'http_request',
  ts: '2026-09-09T09:18:13.928Z',
  requestId: 'baa7fc74-5744-495c-83c3-9c307bc1761a',
  method: 'GET',
  route: '/api/v2/agents/active',
  status: 200,
  durationMs: 764
}
[ops] {
  event: 'http_request',
  ts: '2026-09-09T09:18:16.112Z',
  requestId: '46bad85c-458e-4bf4-891a-4c15fbf507f7',
  method: 'OPTIONS',
  route: '/api/studio/status',
  status: 204,
  durationMs: 0
}
[ops] {
  event: 'http_request',
  ts: '2026-09-09T09:18:16.112Z',
  requestId: '723ece42-37a6-4ea0-83d1-6169774d4e83',
  method: 'OPTIONS',
  route: '/api/studio/mcp/status',
  status: 204,
  durationMs: 0
}
[ops] {
  event: 'security.app_check_rejected',
  ts: '2026-09-09T09:18:16.114Z',
  reason: 'missing_token',
  mode: 'monitor',
  route: '/api/studio/status'
}
[ops] {
  event: 'security.app_check_rejected',
  ts: '2026-09-09T09:18:16.117Z',
  reason: 'missing_token',
  mode: 'monitor',
  route: '/api/studio/mcp/status'
}
[ops] {
  event: 'http_request',
  ts: '2026-09-09T09:18:16.603Z',
  requestId: '22bc9163-e784-46e0-b95f-73f9a6349fd0',
  method: 'GET',
  route: '/api/studio/mcp/status',
  status: 200,
  durationMs: 486
}
[ops] {
  event: 'http_request',
  ts: '2026-09-09T09:18:17.116Z',
  requestId: '368b58d9-adf5-4d0d-afaf-2beaf4e0e3a3',
  method: 'GET',
  route: '/api/studio/status',
  status: 200,
  durationMs: 1002
}
[ops] {
  event: 'http_request',
  ts: '2026-09-09T09:18:19.602Z',
  requestId: '80ab5ef2-daed-44c6-b1a0-ce67f9958cd0',
  method: 'GET',
  route: '/api/v2/events',
  status: 200,
  durationMs: 14386
}
[ops] {
  event: 'http_request',
  ts: '2026-09-09T09:18:20.216Z',
  requestId: '2aee2b6e-c0b4-4e98-a04d-0a383fe88fdc',
  method: 'OPTIONS',
  route: '/api/v2/events',
  status: 204,
  durationMs: 1
}
[ops] {
  event: 'security.app_check_rejected',
  ts: '2026-09-09T09:18:20.219Z',
  reason: 'missing_token',
  mode: 'monitor',
  route: '/api/v2/events'
}
[ops] {
  event: 'http_request',
  ts: '2026-09-09T09:18:20.749Z',
  requestId: '7fb00bac-ccac-45a9-a9d3-e23be11cb1b6',
  method: 'OPTIONS',
  route: '/api/v2/agents/active',
  status: 204,
  durationMs: 0
}
[ops] {
  event: 'security.app_check_rejected',
  ts: '2026-09-09T09:18:20.750Z',
  reason: 'missing_token',
  mode: 'monitor',
  route: '/api/v2/agents/active'
}
[ops] {
  event: 'http_request',
  ts: '2026-09-09T09:18:21.605Z',
  requestId: '66faa175-37ae-45d8-9b43-7d31b2bc06ab',
  method: 'GET',
  route: '/api/v2/agents/active',
  status: 200,
  durationMs: 856
}
[ops] {
  event: 'http_request',
  ts: '2026-09-09T09:18:22.354Z',
  requestId: '561662d8-6bf5-46a2-82ef-b6123bbc3b22',
  method: 'GET',
  route: '/api/v2/events',
  status: 200,
  durationMs: 27223
}
[ops] {
  event: 'http_request',
  ts: '2026-09-09T09:18:22.629Z',
  requestId: '56913993-4dae-4324-9e42-971c6050407b',
  method: 'OPTIONS',
  route: '/api/v2/agents/active',
  status: 204,
  durationMs: 0
}
[ops] {
  event: 'security.app_check_rejected',
  ts: '2026-09-09T09:18:22.630Z',
  reason: 'missing_token',
  mode: 'monitor',
  route: '/api/v2/agents/active'
}
[ops] {
  event: 'http_request',
  ts: '2026-09-09T09:18:22.632Z',
  requestId: '4a61324c-e447-479a-8a0c-540c5811cecc',
  method: 'OPTIONS',
  route: '/api/v2/events',
  status: 204,
  durationMs: 0
}
[ops] {
  event: 'security.app_check_rejected',
  ts: '2026-09-09T09:18:22.633Z',
  reason: 'missing_token',
  mode: 'monitor',
  route: '/api/v2/events'
}
[ops] {
  event: 'http_request',
  ts: '2026-09-09T09:18:22.714Z',
  requestId: '50e515cc-a03f-43bd-b0af-38aed8b77b8e',
  method: 'OPTIONS',
  route: '/api/v2/agents/active',
  status: 204,
  durationMs: 0
}
[ops] {
  event: 'http_request',
  ts: '2026-09-09T09:18:22.857Z',
  requestId: '9e8fd2f4-4dfa-463c-a6f7-12d80967a265',
  method: 'OPTIONS',
  route: '/api/v2/agents/active',
  status: 204,
  durationMs: 0
}
[ops] {
  event: 'security.app_check_rejected',
  ts: '2026-09-09T09:18:23.033Z',
  reason: 'missing_token',
  mode: 'monitor',
  route: '/api/v2/agents/active'
}
[ops] {
  event: 'security.app_check_rejected',
  ts: '2026-09-09T09:18:23.170Z',
  reason: 'missing_token',
  mode: 'monitor',
  route: '/api/v2/agents/active'
}
[ops] {
  event: 'http_request',
  ts: '2026-09-09T09:18:23.321Z',
  requestId: '5c83179d-26c7-4a43-82aa-06e80d0362bf',
  method: 'OPTIONS',
  route: '/api/studio/status',
  status: 204,
  durationMs: 1
}
[ops] {
  event: 'security.app_check_rejected',
  ts: '2026-09-09T09:18:23.322Z',
  reason: 'missing_token',
  mode: 'monitor',
  route: '/api/studio/status'
}
[ops] {
  event: 'http_request',
  ts: '2026-09-09T09:18:23.324Z',
  requestId: '4bb72c9a-ece0-4320-8c47-3d076ca1d3f6',
  method: 'OPTIONS',
  route: '/api/studio/mcp/status',
  status: 204,
  durationMs: 0
}
[ops] {
  event: 'http_request',
  ts: '2026-09-09T09:18:23.409Z',
  requestId: '60698d35-b5fb-4ea7-87c8-2f4aa74070c9',
  method: 'GET',
  route: '/api/v2/agents/active',
  status: 200,
  durationMs: 779
}
[ops] {
  event: 'security.app_check_rejected',
  ts: '2026-09-09T09:18:23.634Z',
  reason: 'missing_token',
  mode: 'monitor',
  route: '/api/studio/mcp/status'
}
[ops] {
  event: 'http_request',
  ts: '2026-09-09T09:18:23.857Z',
  requestId: '17549cd1-7cf4-4847-84b4-e479b418810e',
  method: 'GET',
  route: '/api/v2/agents/active',
  status: 200,
  durationMs: 825
}
[ops] {
  event: 'http_request',
  ts: '2026-09-09T09:18:24.010Z',
  requestId: 'a7211488-0617-4099-ad1c-ae6845bbb59c',
  method: 'GET',
  route: '/api/v2/agents/active',
  status: 200,
  durationMs: 840
}
[ops] {
  event: 'http_request',
  ts: '2026-09-09T09:18:24.346Z',
  requestId: '432f58cb-39d7-443f-9065-bb02367ce74a',
  method: 'GET',
  route: '/api/studio/mcp/status',
  status: 200,
  durationMs: 712
}
[ops] {
  event: 'http_request',
  ts: '2026-09-09T09:18:24.466Z',
  requestId: 'e47bfb96-4bdd-4dde-abbc-d403980dd03d',
  method: 'GET',
  route: '/api/studio/status',
  status: 200,
  durationMs: 1143
}
[ops] {
  event: 'http_request',
  ts: '2026-09-09T09:18:30.756Z',
  requestId: '14359dce-a2f3-47cb-9692-06e389454e99',
  method: 'OPTIONS',
  route: '/api/v2/agents/active',
  status: 204,
  durationMs: 1
}
[ops] {
  event: 'security.app_check_rejected',
  ts: '2026-09-09T09:18:31.065Z',
  reason: 'missing_token',
  mode: 'monitor',
  route: '/api/v2/agents/active'
}
[ops] {
  event: 'http_request',
  ts: '2026-09-09T09:18:31.815Z',
  requestId: '12e95d0d-4181-4539-b7f4-6638ba7b5b2f',
  method: 'GET',
  route: '/api/v2/agents/active',
  status: 200,
  durationMs: 751
}
[ops] {
  event: 'http_request',
  ts: '2026-09-09T09:18:32.636Z',
  requestId: 'c31a2a4c-dc49-4ecf-8efa-54a16987d43d',
  method: 'OPTIONS',
  route: '/api/v2/agents/active',
  status: 204,
  durationMs: 0
}
[ops] {
  event: 'http_request',
  ts: '2026-09-09T09:18:32.715Z',
  requestId: '90b90cb1-52e5-4917-aea8-5c87951ef57f',
  method: 'OPTIONS',
  route: '/api/v2/agents/active',
  status: 204,
  durationMs: 1
}
[ops] {
  event: 'http_request',
  ts: '2026-09-09T09:18:32.855Z',
  requestId: '33845d1a-fdc4-4bab-a16d-e195c11bae02',
  method: 'OPTIONS',
  route: '/api/v2/agents/active',
  status: 204,
  durationMs: 0
}
[ops] {
  event: 'security.app_check_rejected',
  ts: '2026-09-09T09:18:32.950Z',
  reason: 'missing_token',
  mode: 'monitor',
  route: '/api/v2/agents/active'
}
[ops] {
  event: 'security.app_check_rejected',
  ts: '2026-09-09T09:18:33.027Z',
  reason: 'missing_token',
  mode: 'monitor',
  route: '/api/v2/agents/active'
}
[ops] {
  event: 'security.app_check_rejected',
  ts: '2026-09-09T09:18:33.168Z',
  reason: 'missing_token',
  mode: 'monitor',
  route: '/api/v2/agents/active'
}
[ops] {
  event: 'http_request',
  ts: '2026-09-09T09:18:33.692Z',
  requestId: '474f4a6b-d64c-490b-8e74-fd0fe6c406cc',
  method: 'GET',
  route: '/api/v2/agents/active',
  status: 200,
  durationMs: 742
}
[ops] {
  event: 'http_request',
  ts: '2026-09-09T09:18:33.842Z',
  requestId: 'a3039137-7ac8-4547-a8f9-e73583572850',
  method: 'OPTIONS',
  route: '/api/studio/status',
  status: 204,
  durationMs: 0
}
[ops] {
  event: 'security.app_check_rejected',
  ts: '2026-09-09T09:18:33.843Z',
  reason: 'missing_token',
  mode: 'monitor',
  route: '/api/studio/status'
}
[ops] {
  event: 'http_request',
  ts: '2026-09-09T09:18:33.846Z',
  requestId: '64550575-3c84-4889-be28-5e39bba8c384',
  method: 'OPTIONS',
  route: '/api/studio/mcp/status',
  status: 204,
  durationMs: 0
}
[ops] {
  event: 'http_request',
  ts: '2026-09-09T09:18:33.893Z',
  requestId: '3f7fd8a8-9c79-4f11-a9cd-5d196251c8e6',
  method: 'GET',
  route: '/api/v2/agents/active',
  status: 200,
  durationMs: 725
}
[ops] {
  event: 'security.app_check_rejected',
  ts: '2026-09-09T09:18:33.894Z',
  reason: 'missing_token',
  mode: 'monitor',
  route: '/api/studio/mcp/status'
}
[ops] {
  event: 'http_request',
  ts: '2026-09-09T09:18:34.090Z',
  requestId: '6b1a8b76-d4f0-4522-96a1-380a232b0496',
  method: 'GET',
  route: '/api/v2/agents/active',
  status: 200,
  durationMs: 1063
}
[ops] {
  event: 'http_request',
  ts: '2026-09-09T09:18:34.535Z',
  requestId: '36e94040-15c8-4fbf-9233-0e646260223f',
  method: 'GET',
  route: '/api/studio/mcp/status',
  status: 200,
  durationMs: 641
}
[ops] {
  event: 'http_request',
  ts: '2026-09-09T09:18:34.886Z',
  requestId: 'e645755e-b264-4a16-ba66-6b1357747667',
  method: 'GET',
  route: '/api/studio/status',
  status: 200,
  durationMs: 1042
}
[ops] {
  event: 'http_request',
  ts: '2026-09-09T09:18:36.186Z',
  requestId: 'b560dfb1-1d3f-43e4-9669-d32b815ceed3',
  method: 'GET',
  route: '/api/v2/events',
  status: 200,
  durationMs: 23022
}
[ops] {
  event: 'http_request',
  ts: '2026-09-09T09:18:37.852Z',
  requestId: 'e0e24067-1009-449a-b7c3-fe80644e68de',
  method: 'OPTIONS',
  route: '/api/v2/events',
  status: 204,
  durationMs: 0
}
[ops] {
  event: 'security.app_check_rejected',
  ts: '2026-09-09T09:18:37.853Z',
  reason: 'missing_token',
  mode: 'monitor',
  route: '/api/v2/events'
}
[ops] {
  event: 'http_request',
  ts: '2026-09-09T09:18:38.195Z',
  requestId: '0b6501d6-c890-4cda-9924-27795316342c',
  method: 'GET',
  route: '/api/v2/events',
  status: 200,
  durationMs: 24945
}
[ops] {
  event: 'http_request',
  ts: '2026-09-09T09:18:38.570Z',
  requestId: '70c74d0b-4878-42aa-84f3-d0d397334192',
  method: 'OPTIONS',
  route: '/api/v2/events',
  status: 204,
  durationMs: 1
}
[ops] {
  event: 'security.app_check_rejected',
  ts: '2026-09-09T09:18:38.573Z',
  reason: 'missing_token',
  mode: 'monitor',
  route: '/api/v2/events'
}
[ops] {
  event: 'http_request',
  ts: '2026-09-09T09:18:40.748Z',
  requestId: '86acfed8-514c-4680-8a5c-73ae056508f5',
  method: 'OPTIONS',
  route: '/api/v2/agents/active',
  status: 204,
  durationMs: 0
}
[ops] {
  event: 'security.app_check_rejected',
  ts: '2026-09-09T09:18:41.066Z',
  reason: 'missing_token',
  mode: 'monitor',
  route: '/api/v2/agents/active'
}
[ops] {
  event: 'http_request',
  ts: '2026-09-09T09:18:41.075Z',
  requestId: '5bae732b-d0ef-46b4-8a6f-d1f7858e3950',
  method: 'GET',
  route: '/api/v2/events',
  status: 200,
  durationMs: 20856
}
[ops] {
  event: 'http_request',
  ts: '2026-09-09T09:18:41.855Z',
  requestId: '336cdcd7-7d12-4c14-a1dd-31913f02252e',
  method: 'GET',
  route: '/api/v2/agents/active',
  status: 200,
  durationMs: 789
}
[ops] {
  event: 'http_request',
  ts: '2026-09-09T09:18:42.623Z',
  requestId: '91ed8c30-346a-4223-96d0-d44dd9e137ea',
  method: 'OPTIONS',
  route: '/api/v2/agents/active',
  status: 204,
  durationMs: 0
}
[ops] {
  event: 'security.app_check_rejected',
  ts: '2026-09-09T09:18:42.627Z',
  reason: 'missing_token',
  mode: 'monitor',
  route: '/api/v2/agents/active'
}
[ops] {
  event: 'http_request',
  ts: '2026-09-09T09:18:42.719Z',
  requestId: '8a47b3e0-55b5-43e9-8d02-b66b796809e8',
  method: 'OPTIONS',
  route: '/api/v2/agents/active',
  status: 204,
  durationMs: 0
}
[ops] {
  event: 'http_request',
  ts: '2026-09-09T09:18:42.720Z',
  requestId: 'bb219b38-488a-45b1-98a3-0982bec5c39b',
  method: 'OPTIONS',
  route: '/api/v2/events',
  status: 204,
  durationMs: 0
}
[ops] {
  event: 'http_request',
  ts: '2026-09-09T09:18:42.856Z',
  requestId: '57dece22-ef28-491d-9b2e-8aef4698a606',
  method: 'OPTIONS',
  route: '/api/v2/agents/active',
  status: 204,
  durationMs: 0
}
[ops] {
  event: 'security.app_check_rejected',
  ts: '2026-09-09T09:18:43.026Z',
  reason: 'missing_token',
  mode: 'monitor',
  route: '/api/v2/agents/active'
}
[ops] {
  event: 'security.app_check_rejected',
  ts: '2026-09-09T09:18:43.028Z',
  reason: 'missing_token',
  mode: 'monitor',
  route: '/api/v2/events'
}
[ops] {
  event: 'security.app_check_rejected',
  ts: '2026-09-09T09:18:43.166Z',
  reason: 'missing_token',
  mode: 'monitor',
  route: '/api/v2/agents/active'
}
[ops] {
  event: 'http_request',
  ts: '2026-09-09T09:18:43.389Z',
  requestId: '0d635788-183a-4bf5-aea4-e8224a63009b',
  method: 'GET',
  route: '/api/v2/agents/active',
  status: 200,
  durationMs: 762
}
[ops] {
  event: 'http_request',
  ts: '2026-09-09T09:18:43.505Z',
  requestId: 'a6cccfb1-1def-4ff8-8afd-694b16839710',
  method: 'GET',
  route: '/api/v2/events',
  status: 200,
  durationMs: 20872
}
[ops] {
  event: 'http_request',
  ts: '2026-09-09T09:18:44.022Z',
  requestId: 'fb641820-39ae-4e0e-afec-3ceb1bfc241b',
  method: 'GET',
  route: '/api/v2/agents/active',
  status: 200,
  durationMs: 856
}
[ops] {
  event: 'http_request',
  ts: '2026-09-09T09:18:44.154Z',
  requestId: 'd589d9ae-1618-44ac-a16e-13a33c558663',
  method: 'GET',
  route: '/api/v2/agents/active',
  status: 200,
  durationMs: 1128
}
[ops] {
  event: 'http_request',
  ts: '2026-09-09T09:18:45.137Z',
  requestId: 'e0f86dcb-5f93-4d35-afdb-283dac8a4e11',
  method: 'OPTIONS',
  route: '/api/v2/events',
  status: 204,
  durationMs: 0
}
[ops] {
  event: 'security.app_check_rejected',
  ts: '2026-09-09T09:18:45.138Z',
  reason: 'missing_token',
  mode: 'monitor',
  route: '/api/v2/events'
}
[ops] {
  event: 'http_request',
  ts: '2026-09-09T09:18:47.127Z',
  requestId: '8c151582-6c76-4078-b367-3901a7530444',
  method: 'OPTIONS',
  route: '/api/studio/status',
  status: 204,
  durationMs: 0
}
[ops] {
  event: 'http_request',
  ts: '2026-09-09T09:18:47.127Z',
  requestId: '818e5343-04ef-4392-b8ce-85d83fea9590',
  method: 'OPTIONS',
  route: '/api/studio/mcp/status',
  status: 204,
  durationMs: 0
}
[ops] {
  event: 'security.app_check_rejected',
  ts: '2026-09-09T09:18:47.129Z',
  reason: 'missing_token',
  mode: 'monitor',
  route: '/api/studio/status'
}
[ops] {
  event: 'security.app_check_rejected',
  ts: '2026-09-09T09:18:47.131Z',
  reason: 'missing_token',
  mode: 'monitor',
  route: '/api/studio/mcp/status'
}
[ops] {
  event: 'http_request',
  ts: '2026-09-09T09:18:47.598Z',
  requestId: '8619aa02-7fc4-4eba-a0b3-c2ea6f4ddc72',
  method: 'GET',
  route: '/api/studio/mcp/status',
  status: 200,
  durationMs: 468
}
[ops] {
  event: 'http_request',
  ts: '2026-09-09T09:18:48.091Z',
  requestId: '05663bc0-79bd-4f47-af13-12262179022c',
  method: 'GET',
  route: '/api/studio/status',
  status: 200,
  durationMs: 963
}
[ops] {
  event: 'http_request',
  ts: '2026-09-09T09:18:50.534Z',
  requestId: '109ca879-e67f-42fd-9ebd-e042814933c5',
  method: 'GET',
  route: '/api/v2/events',
  status: 200,
  durationMs: 12681
}
[ops] {
  event: 'http_request',
  ts: '2026-09-09T09:18:50.745Z',
  requestId: 'd1535e39-fdf1-4c0b-a052-cd74bdb5c8d2',
  method: 'OPTIONS',
  route: '/api/v2/agents/active',
  status: 204,
  durationMs: 1
}
[ops] {
  event: 'security.app_check_rejected',
  ts: '2026-09-09T09:18:51.051Z',
  reason: 'missing_token',
  mode: 'monitor',
  route: '/api/v2/agents/active'
}
[ops] {
  event: 'http_request',
  ts: '2026-09-09T09:18:51.777Z',
  requestId: '04b7fadc-2b87-48c7-8959-26125a4b8d99',
  method: 'GET',
  route: '/api/v2/agents/active',
  status: 200,
  durationMs: 726
}
[ops] {
  event: 'http_request',
  ts: '2026-09-09T09:18:52.631Z',
  requestId: '12a8cbec-3b5d-482a-b6e1-e889023e9324',
  method: 'OPTIONS',
  route: '/api/v2/agents/active',
  status: 204,
  durationMs: 0
}
[ops] {
  event: 'security.app_check_rejected',
  ts: '2026-09-09T09:18:52.632Z',
  reason: 'missing_token',
  mode: 'monitor',
  route: '/api/v2/agents/active'
}
[ops] {
  event: 'http_request',
  ts: '2026-09-09T09:18:52.724Z',
  requestId: 'f53ecfe4-cdb5-4ffd-a873-ff40803e9853',
  method: 'OPTIONS',
  route: '/api/v2/agents/active',
  status: 204,
  durationMs: 0
}
[ops] {
  event: 'security.app_check_rejected',
  ts: '2026-09-09T09:18:52.726Z',
  reason: 'missing_token',
  mode: 'monitor',
  route: '/api/v2/agents/active'
}
[ops] {
  event: 'http_request',
  ts: '2026-09-09T09:18:52.853Z',
  requestId: '058453f3-28ba-4678-b2b0-4537ee012783',
  method: 'OPTIONS',
  route: '/api/v2/agents/active',
  status: 204,
  durationMs: 1
}
[ops] {
  event: 'http_request',
  ts: '2026-09-09T09:18:52.854Z',
  requestId: '9fd590ba-0465-4338-9f41-32489a6ab25b',
  method: 'OPTIONS',
  route: '/api/v2/events',
  status: 204,
  durationMs: 0
}
[ops] {
  event: 'security.app_check_rejected',
  ts: '2026-09-09T09:18:52.855Z',
  reason: 'missing_token',
  mode: 'monitor',
  route: '/api/v2/agents/active'
}
[ops] {
  event: 'security.app_check_rejected',
  ts: '2026-09-09T09:18:53.167Z',
  reason: 'missing_token',
  mode: 'monitor',
  route: '/api/v2/events'
}
[ops] {
  event: 'http_request',
  ts: '2026-09-09T09:18:53.380Z',
  requestId: 'e0220fa9-93f2-4843-b34f-0ae99d408d5d',
  method: 'GET',
  route: '/api/v2/agents/active',
  status: 200,
  durationMs: 748
}
[ops] {
  event: 'http_request',
  ts: '2026-09-09T09:18:53.607Z',
  requestId: 'f70e95d9-1c18-43c5-9c22-8ca7e8888493',
  method: 'GET',
  route: '/api/v2/agents/active',
  status: 200,
  durationMs: 881
}
[ops] {
  event: 'http_request',
  ts: '2026-09-09T09:18:53.734Z',
  requestId: '7d355326-40f5-425c-be35-f5e8df48b510',
  method: 'GET',
  route: '/api/v2/agents/active',
  status: 200,
  durationMs: 879
}
[ops] {
  event: 'http_request',
  ts: '2026-09-09T09:18:54.480Z',
  requestId: 'f69cfb3c-e784-4e67-aa5a-6ceb2decc9ef',
  method: 'OPTIONS',
  route: '/api/studio/status',
  status: 204,
  durationMs: 1
}
[ops] {
  event: 'security.app_check_rejected',
  ts: '2026-09-09T09:18:54.481Z',
  reason: 'missing_token',
  mode: 'monitor',
  route: '/api/studio/status'
}
[ops] {
  event: 'http_request',
  ts: '2026-09-09T09:18:54.484Z',
  requestId: '377ae4db-569e-4634-939b-a88817b4e622',
  method: 'OPTIONS',
  route: '/api/studio/mcp/status',
  status: 204,
  durationMs: 0
}
[ops] {
  event: 'security.app_check_rejected',
  ts: '2026-09-09T09:18:54.793Z',
  reason: 'missing_token',
  mode: 'monitor',
  route: '/api/studio/mcp/status'
}
[ops] {
  event: 'http_request',
  ts: '2026-09-09T09:18:55.244Z',
  requestId: '2127ec5d-cfa3-4e15-b6ed-bd335fca25f7',
  method: 'GET',
  route: '/api/studio/mcp/status',
  status: 200,
  durationMs: 451
}
[ops] {
  event: 'http_request',
  ts: '2026-09-09T09:18:55.495Z',
  requestId: '81796595-c223-46c8-96eb-ea39fda8932b',
  method: 'GET',
  route: '/api/studio/status',
  status: 200,
  durationMs: 1013
}
[ops] {
  event: 'http_request',
  ts: '2026-09-09T09:18:56.371Z',
  requestId: '43fc8bad-fe2e-4fc1-be8b-d91978a025ed',
  method: 'GET',
  route: '/api/v2/events',
  status: 200,
  durationMs: 17799
}
[ops] {
  event: 'http_request',
  ts: '2026-09-09T09:18:57.346Z',
  requestId: '0e52ea6c-1f9f-4155-8e56-4e66253c9d87',
  method: 'GET',
  route: '/api/v2/events',
  status: 200,
  durationMs: 14318
}
[ops] {
  event: 'http_request',
  ts: '2026-09-09T09:18:57.718Z',
  requestId: '98803521-fb5f-4d6e-94b0-ad64b3506fef',
  method: 'OPTIONS',
  route: '/api/v2/events',
  status: 204,
  durationMs: 0
}
[ops] {
  event: 'security.app_check_rejected',
  ts: '2026-09-09T09:18:57.719Z',
  reason: 'missing_token',
  mode: 'monitor',
  route: '/api/v2/events'
}
[ops] {
  event: 'http_request',
  ts: '2026-09-09T09:18:58.242Z',
  requestId: '0bda498b-2f55-4249-89b7-c62f0c99b114',
  method: 'OPTIONS',
  route: '/api/v2/events',
  status: 204,
  durationMs: 0
}
[ops] {
  event: 'security.app_check_rejected',
  ts: '2026-09-09T09:18:58.243Z',
  reason: 'missing_token',
  mode: 'monitor',
  route: '/api/v2/events'
}
[ops] {
  event: 'http_request',
  ts: '2026-09-09T09:19:00.646Z',
  requestId: '90228cb4-ee71-454d-8f0b-14ee5ddb9306',
  method: 'OPTIONS',
  route: '/api/studio/status',
  status: 204,
  durationMs: 0
}
[ops] {
  event: 'http_request',
  ts: '2026-09-09T09:19:00.648Z',
  requestId: 'c1e6aa78-1b2a-42bf-9044-bfa8ac386977',
  method: 'OPTIONS',
  route: '/api/studio/mcp/status',
  status: 204,
  durationMs: 0
}
[ops] {
  event: 'http_request',
  ts: '2026-09-09T09:19:00.750Z',
  requestId: '7e74edfb-4b72-4d7b-ba02-8fd5a0925dcb',
  method: 'OPTIONS',
  route: '/api/v2/agents/active',
  status: 204,
  durationMs: 0
}
[ops] {
  event: 'security.app_check_rejected',
  ts: '2026-09-09T09:19:00.751Z',
  reason: 'missing_token',
  mode: 'monitor',
  route: '/api/v2/agents/active'
}
[ops] {
  event: 'security.app_check_rejected',
  ts: '2026-09-09T09:19:00.958Z',
  reason: 'missing_token',
  mode: 'monitor',
  route: '/api/studio/status'
}
[ops] {
  event: 'security.app_check_rejected',
  ts: '2026-09-09T09:19:00.960Z',
  reason: 'missing_token',
  mode: 'monitor',
  route: '/api/studio/mcp/status'
}
[ops] {
  event: 'http_request',
  ts: '2026-09-09T09:19:01.495Z',
  requestId: '852602b1-edab-4047-be00-1286f14f433e',
  method: 'GET',
  route: '/api/studio/mcp/status',
  status: 200,
  durationMs: 535
}
[ops] {
  event: 'http_request',
  ts: '2026-09-09T09:19:01.700Z',
  requestId: 'dcda9626-7ad7-4716-98d8-745c9d335bb0',
  method: 'GET',
  route: '/api/v2/agents/active',
  status: 200,
  durationMs: 950
}
[ops] {
  event: 'http_request',
  ts: '2026-09-09T09:19:02.094Z',
  requestId: 'eb03588f-4bd3-4485-a212-a3045695bc43',
  method: 'GET',
  route: '/api/studio/status',
  status: 200,
  durationMs: 1137
}
[ops] {
  event: 'http_request',
  ts: '2026-09-09T09:19:02.630Z',
  requestId: '8eb266c4-8148-4380-bc20-0edb57437b3f',
  method: 'OPTIONS',
  route: '/api/v2/agents/active',
  status: 204,
  durationMs: 2
}
[ops] {
  event: 'security.app_check_rejected',
  ts: '2026-09-09T09:19:02.635Z',
  reason: 'missing_token',
  mode: 'monitor',
  route: '/api/v2/agents/active'
}
[ops] {
  event: 'http_request',
  ts: '2026-09-09T09:19:02.725Z',
  requestId: '8f57b3df-bf8a-4533-9b49-2652596e3775',
  method: 'OPTIONS',
  route: '/api/v2/agents/active',
  status: 204,
  durationMs: 2
}
[ops] {
  event: 'security.app_check_rejected',
  ts: '2026-09-09T09:19:02.735Z',
  reason: 'missing_token',
  mode: 'monitor',
  route: '/api/v2/agents/active'
}
[ops] {
  event: 'http_request',
  ts: '2026-09-09T09:19:02.856Z',
  requestId: '34a24fc0-91df-43f5-a055-38b11fc27e43',
  method: 'OPTIONS',
  route: '/api/v2/agents/active',
  status: 204,
  durationMs: 0
}
[ops] {
  event: 'security.app_check_rejected',
  ts: '2026-09-09T09:19:03.170Z',
  reason: 'missing_token',
  mode: 'monitor',
  route: '/api/v2/agents/active'
}
[ops] {
  event: 'http_request',
  ts: '2026-09-09T09:19:03.385Z',
  requestId: '4086e12e-fb58-413b-a1ef-9fe35e86d23c',
  method: 'GET',
  route: '/api/v2/agents/active',
  status: 200,
  durationMs: 751
}
[ops] {
  event: 'http_request',
  ts: '2026-09-09T09:19:03.570Z',
  requestId: '12ba841d-e46a-469f-9307-65d0623454ea',
  method: 'GET',
  route: '/api/v2/events',
  status: 200,
  durationMs: 18432
}
[ops] {
  event: 'http_request',
  ts: '2026-09-09T09:19:03.615Z',
  requestId: '315b4332-290a-4774-9c10-d046fe9d5c1f',
  method: 'GET',
  route: '/api/v2/agents/active',
  status: 200,
  durationMs: 881
}
[ops] {
  event: 'http_request',
  ts: '2026-09-09T09:19:03.945Z',
  requestId: '41a5e8c9-c280-4fe9-b5b2-c18e77349835',
  method: 'GET',
  route: '/api/v2/agents/active',
  status: 200,
  durationMs: 776
}
[ops] {
  event: 'http_request',
  ts: '2026-09-09T09:19:04.890Z',
  requestId: '7720a947-7d26-45d0-9f8f-91420483a899',
  method: 'OPTIONS',
  route: '/api/studio/status',
  status: 204,
  durationMs: 0
}
[ops] {
  event: 'http_request',
  ts: '2026-09-09T09:19:04.890Z',
  requestId: '162c1bc6-467d-4d40-9c50-14852985e724',
  method: 'OPTIONS',
  route: '/api/studio/mcp/status',
  status: 204,
  durationMs: 0
}
[ops] {
  event: 'security.app_check_rejected',
  ts: '2026-09-09T09:19:04.891Z',
  reason: 'missing_token',
  mode: 'monitor',
  route: '/api/studio/status'
}
[ops] {
  event: 'http_request',
  ts: '2026-09-09T09:19:04.892Z',
  requestId: '6bec5dc4-c3fd-48cc-b243-4e0459b659cd',
  method: 'GET',
  route: '/api/studio/status',
  status: 200,
  durationMs: 2
}
[ops] {
  event: 'security.app_check_rejected',
  ts: '2026-09-09T09:19:04.893Z',
  reason: 'missing_token',
  mode: 'monitor',
  route: '/api/studio/mcp/status'
}
[ops] {
  event: 'http_request',
  ts: '2026-09-09T09:19:05.125Z',
  requestId: '926d12fa-2e0c-4e5e-aecb-061ce0729e85',
  method: 'OPTIONS',
  route: '/api/v2/events',
  status: 204,
  durationMs: 0
}
[ops] {
  event: 'security.app_check_rejected',
  ts: '2026-09-09T09:19:05.126Z',
  reason: 'missing_token',
  mode: 'monitor',
  route: '/api/v2/events'
}
[ops] {
  event: 'http_request',
  ts: '2026-09-09T09:19:05.327Z',
  requestId: '6261e6b5-4d7a-4bc9-878b-ec6a71e97f70',
  method: 'GET',
  route: '/api/studio/mcp/status',
  status: 200,
  durationMs: 434
}
[ops] {
  event: 'http_request',
  ts: '2026-09-09T09:19:10.536Z',
  requestId: '2e165a2a-0a23-4490-adcb-1b278c5492df',
  method: 'GET',
  route: '/api/v2/events',
  status: 200,
  durationMs: 12816
}
[ops] {
  event: 'http_request',
  ts: '2026-09-09T09:19:10.750Z',
  requestId: 'be4684ab-6b69-4f27-befd-ce208dce05e8',
  method: 'OPTIONS',
  route: '/api/v2/agents/active',
  status: 204,
  durationMs: 1
}
[ops] {
  event: 'security.app_check_rejected',
  ts: '2026-09-09T09:19:11.061Z',
  reason: 'missing_token',
  mode: 'monitor',
  route: '/api/v2/agents/active'
}
[ops] {
  event: 'http_request',
  ts: '2026-09-09T09:19:11.804Z',
  requestId: '655596cf-81aa-42fa-a985-b94e6186187c',
  method: 'GET',
  route: '/api/v2/agents/active',
  status: 200,
  durationMs: 743
}
[ops] {
  event: 'http_request',
  ts: '2026-09-09T09:19:12.949Z',
  requestId: 'e127a0e5-70b9-4194-886b-f65bab9b7f5c',
  method: 'OPTIONS',
  route: '/api/v2/agents/active',
  status: 204,
  durationMs: 0
}
[ops] {
  event: 'security.app_check_rejected',
  ts: '2026-09-09T09:19:12.951Z',
  reason: 'missing_token',
  mode: 'monitor',
  route: '/api/v2/agents/active'
}
[ops] {
  event: 'http_request',
  ts: '2026-09-09T09:19:12.955Z',
  requestId: '009ea80c-45eb-439c-9966-bb445cdd9cea',
  method: 'OPTIONS',
  route: '/api/v2/agents/active',
  status: 204,
  durationMs: 1
}
[ops] {
  event: 'http_request',
  ts: '2026-09-09T09:19:12.957Z',
  requestId: 'f959b678-07f6-49a5-a88c-9c80c83ae024',
  method: 'OPTIONS',
  route: '/api/v2/events',
  status: 204,
  durationMs: 1
}
[ops] {
  event: 'http_request',
  ts: '2026-09-09T09:19:12.959Z',
  requestId: 'df9b9cca-a82e-488a-8dad-18ceb1268dfe',
  method: 'OPTIONS',
  route: '/api/v2/agents/active',
  status: 204,
  durationMs: 1
}
[ops] {
  event: 'http_request',
  ts: '2026-09-09T09:19:13.135Z',
  requestId: 'bd6652fe-0bfa-40b1-b6ad-f2074dd7e477',
  method: 'GET',
  route: '/api/v2/events',
  status: 200,
  durationMs: 19968
}
[ops] {
  event: 'security.app_check_rejected',
  ts: '2026-09-09T09:19:13.137Z',
  reason: 'missing_token',
  mode: 'monitor',
  route: '/api/v2/agents/active'
}
[ops] {
  event: 'security.app_check_rejected',
  ts: '2026-09-09T09:19:13.273Z',
  reason: 'missing_token',
  mode: 'monitor',
  route: '/api/v2/agents/active'
}
[ops] {
  event: 'security.app_check_rejected',
  ts: '2026-09-09T09:19:13.276Z',
  reason: 'missing_token',
  mode: 'monitor',
  route: '/api/v2/events'
}
[ops] {
  event: 'http_request',
  ts: '2026-09-09T09:19:13.739Z',
  requestId: '904077de-7b00-47e8-86d0-a7d2c29bdbfa',
  method: 'GET',
  route: '/api/v2/agents/active',
  status: 200,
  durationMs: 788
}
[ops] {
  event: 'security.app_check_rejected',
  ts: '2026-09-09T09:19:13.775Z',
  reason: 'missing_token',
  mode: 'monitor',
  route: '/api/models'
}
[ops] {
  event: 'http_request',
  ts: '2026-09-09T09:19:13.793Z',
  requestId: '9b2bcaf5-bc7f-4d74-90a7-00f40dbf248b',
  method: 'GET',
  route: '/api/models/',
  status: 200,
  durationMs: 18
}
[ops] {
  event: 'http_request',
  ts: '2026-09-09T09:19:13.797Z',
  requestId: '2d6805e0-d72b-4f3d-bac0-32f597aa4be0',
  method: 'OPTIONS',
  route: '/api/ui-designs/',
  status: 204,
  durationMs: 1
}
[ops] {
  event: 'security.app_check_rejected',
  ts: '2026-09-09T09:19:13.800Z',
  reason: 'missing_token',
  mode: 'monitor',
  route: '/api/ui-designs/'
}
[ops] {
  event: 'http_request',
  ts: '2026-09-09T09:19:13.806Z',
  requestId: '6f533556-8567-4064-b340-f90d27878c4c',
  method: 'OPTIONS',
  route: '/api/v2/agents/active',
  status: 204,
  durationMs: 1
}
[ops] {
  event: 'http_request',
  ts: '2026-09-09T09:19:13.808Z',
  requestId: 'a7c1b5ce-c5e5-481f-bd06-72462a4c9552',
  method: 'OPTIONS',
  route: '/api/onboarding',
  status: 204,
  durationMs: 0
}
[ops] {
  event: 'http_request',
  ts: '2026-09-09T09:19:13.812Z',
  requestId: '30cdc781-0f6e-4dc8-979d-f43b24a54552',
  method: 'OPTIONS',
  route: '/api/tasks',
  status: 204,
  durationMs: 1
}
[ops] {
  event: 'http_request',
  ts: '2026-09-09T09:19:13.815Z',
  requestId: '1d1de7ee-26f1-4f24-949c-0c0c44ab74d4',
  method: 'OPTIONS',
  route: '/api/studio/status',
  status: 204,
  durationMs: 1
}
[ops] {
  event: 'http_request',
  ts: '2026-09-09T09:19:13.818Z',
  requestId: '0b4a73f9-2df6-468b-bfd8-22aac1d82d96',
  method: 'OPTIONS',
  route: '/api/studio/mcp/status',
  status: 204,
  durationMs: 0
}
[ops] {
  event: 'http_request',
  ts: '2026-09-09T09:19:13.821Z',
  requestId: 'a276c9be-dd7f-4d21-9766-c8370762b650',
  method: 'OPTIONS',
  route: '/api/:id',
  status: 204,
  durationMs: 1
}
[ops] {
  event: 'http_request',
  ts: '2026-09-09T09:19:13.823Z',
  requestId: 'dfba839c-cc1a-4ece-bcba-43223b3666a4',
  method: 'OPTIONS',
  route: '/api/roblox/oauth/status',
  status: 204,
  durationMs: 1
}
[ops] {
  event: 'http_request',
  ts: '2026-09-09T09:19:13.826Z',
  requestId: '6ad6bc59-85c7-4b0f-9e2c-116f0212c403',
  method: 'OPTIONS',
  route: '/api/user/teams',
  status: 204,
  durationMs: 1
}
[ops] {
  event: 'http_request',
  ts: '2026-09-09T09:19:13.828Z',
  requestId: 'd4bcb945-2755-421b-8486-41671861f6dc',
  method: 'OPTIONS',
  route: '/api/ui-designs/',
  status: 204,
  durationMs: 1
}
[ops] {
  event: 'http_request',
  ts: '2026-09-09T09:19:13.852Z',
  requestId: 'f29ed6ce-969f-4f51-bb66-e74e4cb2baa1',
  method: 'OPTIONS',
  route: '/api/:id/:id',
  status: 204,
  durationMs: 1
}
[ops] {
  event: 'http_request',
  ts: '2026-09-09T09:19:14.097Z',
  requestId: 'c1721358-6e9f-4ef4-bb94-d667022e9d5c',
  method: 'GET',
  route: '/api/v2/agents/active',
  status: 200,
  durationMs: 824
}
[ops] {
  event: 'security.app_check_rejected',
  ts: '2026-09-09T09:19:14.121Z',
  reason: 'missing_token',
  mode: 'monitor',
  route: '/api/v2/agents/active'
}
[ops] {
  event: 'security.app_check_rejected',
  ts: '2026-09-09T09:19:14.124Z',
  reason: 'missing_token',
  mode: 'monitor',
  route: '/api/onboarding'
}
[ops] {
  event: 'security.app_check_rejected',
  ts: '2026-09-09T09:19:14.126Z',
  reason: 'missing_token',
  mode: 'monitor',
  route: '/api/tasks'
}
[ops] {
  event: 'http_request',
  ts: '2026-09-09T09:19:14.131Z',
  requestId: 'f4f0bbe5-b967-427f-83d6-c141a611b0ff',
  method: 'GET',
  route: '/api/tasks/',
  status: 503,
  durationMs: 5
}
[ops] {
  event: 'security.app_check_rejected',
  ts: '2026-09-09T09:19:14.131Z',
  reason: 'missing_token',
  mode: 'monitor',
  route: '/api/studio/status'
}
[ops] {
  event: 'security.app_check_rejected',
  ts: '2026-09-09T09:19:14.142Z',
  reason: 'missing_token',
  mode: 'monitor',
  route: '/api/studio/mcp/status'
}
[ops] {
  event: 'http_request',
  ts: '2026-09-09T09:19:14.195Z',
  requestId: '9cd3a720-7250-4ef5-982f-d508a6427149',
  method: 'GET',
  route: '/api/ui-designs/',
  status: 200,
  durationMs: 395
}
[ops] {
  event: 'security.app_check_rejected',
  ts: '2026-09-09T09:19:14.200Z',
  reason: 'missing_token',
  mode: 'monitor',
  route: '/api/project-bindings'
}
[ops] {
  event: 'http_request',
  ts: '2026-09-09T09:19:14.214Z',
  requestId: '7175a11d-0a20-4661-9024-78675cf960e1',
  method: 'GET',
  route: '/api/v2/agents/active',
  status: 200,
  durationMs: 1077
}
[ops] {
  event: 'http_request',
  ts: '2026-09-09T09:19:14.383Z',
  requestId: '0c797f1c-8da4-4b9d-a1a9-c493cc6620f4',
  method: 'GET',
  route: '/api/onboarding/',
  status: 200,
  durationMs: 260
}
[ops] {
  event: 'security.app_check_rejected',
  ts: '2026-09-09T09:19:14.386Z',
  reason: 'missing_token',
  mode: 'monitor',
  route: '/api/roblox/oauth/status'
}
[ops] {
  event: 'http_request',
  ts: '2026-09-09T09:19:14.429Z',
  requestId: '1716f9b5-3cdf-45a3-8a22-581dbc33b3fb',
  method: 'OPTIONS',
  route: '/api/:id',
  status: 204,
  durationMs: 1
}
[ops] {
  event: 'http_request',
  ts: '2026-09-09T09:19:14.430Z',
  requestId: 'e5fef1f6-2698-498c-8d8c-d6a70f9aaf40',
  method: 'OPTIONS',
  route: '/api/user/teams',
  status: 204,
  durationMs: 1
}
[ops] {
  event: 'http_request',
  ts: '2026-09-09T09:19:14.579Z',
  requestId: '48af8363-aa72-49b9-82f3-04e3bd02af8f',
  method: 'GET',
  route: '/api/project-bindings/',
  status: 200,
  durationMs: 380
}
[ops] {
  event: 'security.app_check_rejected',
  ts: '2026-09-09T09:19:14.581Z',
  reason: 'missing_token',
  mode: 'monitor',
  route: '/api/user/teams'
}
[ops] {
  event: 'http_request',
  ts: '2026-09-09T09:19:14.646Z',
  requestId: '034bf688-0944-45be-abf0-3fc66b0bffb1',
  method: 'GET',
  route: '/api/roblox/oauth/status',
  status: 200,
  durationMs: 260
}
[ops] {
  event: 'security.app_check_rejected',
  ts: '2026-09-09T09:19:14.650Z',
  reason: 'missing_token',
  mode: 'monitor',
  route: '/api/ui-designs/'
}
[ops] {
  event: 'http_request',
  ts: '2026-09-09T09:19:14.776Z',
  requestId: '6bfc4c51-d64f-4d07-933e-b2bc9f34762e',
  method: 'GET',
  route: '/api/studio/mcp/status',
  status: 200,
  durationMs: 634
}
[ops] {
  event: 'security.app_check_rejected',
  ts: '2026-09-09T09:19:14.777Z',
  reason: 'missing_token',
  mode: 'monitor',
  route: '/api/project-bindings/launch_6d8804b8-4f32-4869-a916-9be2eee2d44f'
}
[ops] {
  event: 'http_request',
  ts: '2026-09-09T09:19:14.889Z',
  requestId: '26f55143-0cd6-4924-af82-92337073f284',
  method: 'GET',
  route: '/api/v2/agents/active',
  status: 200,
  durationMs: 769
}
[ops] {
  event: 'security.app_check_rejected',
  ts: '2026-09-09T09:19:14.890Z',
  reason: 'missing_token',
  mode: 'monitor',
  route: '/api/project-bindings'
}
[ops] {
  event: 'http_request',
  ts: '2026-09-09T09:19:14.899Z',
  requestId: '9eb3a453-999e-40d1-a8a2-0db94b3bf095',
  method: 'GET',
  route: '/api/user/teams',
  status: 200,
  durationMs: 319
}
[ops] {
  event: 'security.app_check_rejected',
  ts: '2026-09-09T09:19:14.901Z',
  reason: 'missing_token',
  mode: 'monitor',
  route: '/api/user/teams'
}
[ops] {
  event: 'http_request',
  ts: '2026-09-09T09:19:14.903Z',
  requestId: 'a92fff55-d0b8-4aef-86aa-60d2b8037203',
  method: 'GET',
  route: '/api/user/teams',
  status: 200,
  durationMs: 1
}
project_resolution {
  requestId: '1a7bf2e7-4b56-4047-aad9-a8035dd5784a',
  userHash: '9e7a0952b3e25f3b',
  projectHash: '19824ffde52819c1',
  resolutionState: 'ready',
  failureCode: null
}
[ops] {
  event: 'http_request',
  ts: '2026-09-09T09:19:15.010Z',
  requestId: '1a7bf2e7-4b56-4047-aad9-a8035dd5784a',
  method: 'GET',
  route: '/api/project-bindings/:projectId',
  status: 200,
  durationMs: 233
}
[ops] {
  event: 'http_request',
  ts: '2026-09-09T09:19:15.128Z',
  requestId: '15a78fcd-96ef-4d55-874a-a18791de049c',
  method: 'GET',
  route: '/api/project-bindings/',
  status: 200,
  durationMs: 238
}
[ops] {
  event: 'http_request',
  ts: '2026-09-09T09:19:15.169Z',
  requestId: 'aff282e5-56a0-48e2-a49b-a239a796018a',
  method: 'GET',
  route: '/api/studio/status',
  status: 200,
  durationMs: 1038
}
[ops] {
  event: 'http_request',
  ts: '2026-09-09T09:19:15.222Z',
  requestId: '12a82f6f-c577-4623-b995-f2b596abe51a',
  method: 'GET',
  route: '/api/ui-designs/',
  status: 200,
  durationMs: 572
}
[ops] {
  event: 'http_request',
  ts: '2026-09-09T09:19:15.230Z',
  requestId: '2fe18c01-2a28-4a30-ae90-b97a0181f86b',
  method: 'OPTIONS',
  route: '/api/ui-designs/:id',
  status: 204,
  durationMs: 1
}
[ops] {
  event: 'security.app_check_rejected',
  ts: '2026-09-09T09:19:15.231Z',
  reason: 'missing_token',
  mode: 'monitor',
  route: '/api/ui-designs/tRtjvXJsdRG7laZUMwVC'
}
[ops] {
  event: 'http_request',
  ts: '2026-09-09T09:19:15.356Z',
  requestId: '7b03f06d-4cdc-4a37-9f15-7297c7b90090',
  method: 'OPTIONS',
  route: '/api/v2/events',
  status: 204,
  durationMs: 0
}
[ops] {
  event: 'security.app_check_rejected',
  ts: '2026-09-09T09:19:15.357Z',
  reason: 'missing_token',
  mode: 'monitor',
  route: '/api/v2/events'
}
[ops] {
  event: 'http_request',
  ts: '2026-09-09T09:19:16.188Z',
  requestId: 'a67dcaa3-c408-493c-883d-8e2caf19f177',
  method: 'GET',
  route: '/api/ui-designs/:designId',
  status: 200,
  durationMs: 958
}
[ops] {
  event: 'http_request',
  ts: '2026-09-09T09:19:16.191Z',
  requestId: '51c4fb12-9ee8-4fe6-8d2a-352a33dee18e',
  method: 'OPTIONS',
  route: '/api/ui-designs/:id/:id',
  status: 204,
  durationMs: 0
}
[ops] {
  event: 'security.app_check_rejected',
  ts: '2026-09-09T09:19:16.193Z',
  reason: 'missing_token',
  mode: 'monitor',
  route: '/api/ui-designs/tRtjvXJsdRG7laZUMwVC/preview-manifest'
}
[ops] {
  event: 'http_request',
  ts: '2026-09-09T09:19:16.284Z',
  requestId: '24c11c2f-7953-43e5-ac5c-ed7638927f2c',
  method: 'OPTIONS',
  route: '/api/v2/events',
  status: 204,
  durationMs: 1
}
[ops] {
  event: 'security.app_check_rejected',
  ts: '2026-09-09T09:19:16.285Z',
  reason: 'missing_token',
  mode: 'monitor',
  route: '/api/v2/events'
}
[ops] {
  event: 'http_request',
  ts: '2026-09-09T09:19:18.101Z',
  requestId: '95abbe88-2579-4142-b8bc-f55150c9e306',
  method: 'OPTIONS',
  route: '/api/studio/status',
  status: 204,
  durationMs: 0
}
[ops] {
  event: 'http_request',
  ts: '2026-09-09T09:19:18.102Z',
  requestId: '039c571e-6983-4365-80ab-cb351e94324c',
  method: 'OPTIONS',
  route: '/api/studio/mcp/status',
  status: 204,
  durationMs: 0
}
[ops] {
  event: 'security.app_check_rejected',
  ts: '2026-09-09T09:19:18.104Z',
  reason: 'missing_token',
  mode: 'monitor',
  route: '/api/studio/status'
}
[ops] {
  event: 'http_request',
  ts: '2026-09-09T09:19:18.106Z',
  requestId: '314e8c66-56b6-4c9d-9e7a-173e55f35f7d',
  method: 'GET',
  route: '/api/studio/status',
  status: 200,
  durationMs: 2
}
[ops] {
  event: 'security.app_check_rejected',
  ts: '2026-09-09T09:19:18.106Z',
  reason: 'missing_token',
  mode: 'monitor',
  route: '/api/studio/mcp/status'
}
[ops] {
  event: 'http_request',
  ts: '2026-09-09T09:19:18.593Z',
  requestId: '2b80ea51-e576-4c2e-8229-01da0082a54f',
  method: 'GET',
  route: '/api/studio/mcp/status',
  status: 200,
  durationMs: 487
}
[ops] {
  event: 'http_request',
  ts: '2026-09-09T09:19:18.784Z',
  requestId: 'f6f62375-bf78-4070-bf49-d953857c5a81',
  method: 'GET',
  route: '/api/ui-designs/:designId/preview-manifest',
  status: 200,
  durationMs: 2592
}
[ops] {
  event: 'http_request',
  ts: '2026-09-09T09:19:20.624Z',
  requestId: '2c2f26d3-e8f6-40d5-b84e-91d7b21b4d3e',
  method: 'GET',
  route: '/api/v2/events',
  status: 200,
  durationMs: 22380
}
[ops] {
  event: 'http_request',
  ts: '2026-09-09T09:19:21.685Z',
  requestId: '6c28495d-8432-41fb-9066-60f2c66d961f',
  method: 'GET',
  route: '/api/v2/events',
  status: 200,
  durationMs: 16558
}
[ops] {
  event: 'http_request',
  ts: '2026-09-09T09:19:22.627Z',
  requestId: '9b88a6d9-5aaf-4d64-9595-cf58310bdfc5',
  method: 'OPTIONS',
  route: '/api/v2/agents/active',
  status: 204,
  durationMs: 0
}
[ops] {
  event: 'http_request',
  ts: '2026-09-09T09:19:22.627Z',
  requestId: '33dadb5f-1662-4a16-ae74-2d4d763e0724',
  method: 'OPTIONS',
  route: '/api/v2/events',
  status: 204,
  durationMs: 0
}
[ops] {
  event: 'security.app_check_rejected',
  ts: '2026-09-09T09:19:22.628Z',
  reason: 'missing_token',
  mode: 'monitor',
  route: '/api/v2/agents/active'
}
[ops] {
  event: 'security.app_check_rejected',
  ts: '2026-09-09T09:19:22.629Z',
  reason: 'missing_token',
  mode: 'monitor',
  route: '/api/v2/events'
}
[ops] {
  event: 'http_request',
  ts: '2026-09-09T09:19:22.720Z',
  requestId: '612880d8-2019-415a-a446-57e160beceae',
  method: 'OPTIONS',
  route: '/api/v2/agents/active',
  status: 204,
  durationMs: 0
}
[ops] {
  event: 'security.app_check_rejected',
  ts: '2026-09-09T09:19:22.722Z',
  reason: 'missing_token',
  mode: 'monitor',
  route: '/api/v2/agents/active'
}
[ops] {
  event: 'http_request',
  ts: '2026-09-09T09:19:22.857Z',
  requestId: '57c484d8-2532-4a7d-bc9d-65d2dc5393e8',
  method: 'OPTIONS',
  route: '/api/v2/agents/active',
  status: 204,
  durationMs: 0
}
[ops] {
  event: 'security.app_check_rejected',
  ts: '2026-09-09T09:19:22.858Z',
  reason: 'missing_token',
  mode: 'monitor',
  route: '/api/v2/agents/active'
}
[ops] {
  event: 'http_request',
  ts: '2026-09-09T09:19:23.439Z',
  requestId: '879a3a36-5465-4b2b-99d9-33a39f24d525',
  method: 'GET',
  route: '/api/v2/agents/active',
  status: 200,
  durationMs: 811
}
[ops] {
  event: 'http_request',
  ts: '2026-09-09T09:19:23.546Z',
  requestId: '762bd4b1-22ca-4b8d-a897-3b2d4ca3dc3f',
  method: 'GET',
  route: '/api/v2/agents/active',
  status: 200,
  durationMs: 824
}
[ops] {
  event: 'http_request',
  ts: '2026-09-09T09:19:23.637Z',
  requestId: '8bc8c2db-4ad3-4225-8174-484787907425',
  method: 'GET',
  route: '/api/v2/agents/active',
  status: 200,
  durationMs: 780
}
[ops] {
  event: 'http_request',
  ts: '2026-09-09T09:19:23.775Z',
  requestId: '5d163108-2282-4928-ba28-c39fb1c2e468',
  method: 'OPTIONS',
  route: '/api/v2/agents/active',
  status: 204,
  durationMs: 0
}
[ops] {
  event: 'security.app_check_rejected',
  ts: '2026-09-09T09:19:23.776Z',
  reason: 'missing_token',
  mode: 'monitor',
  route: '/api/v2/agents/active'
}
[ops] {
  event: 'http_request',
  ts: '2026-09-09T09:19:24.448Z',
  requestId: 'b66c38e6-9303-4712-9799-d9c47cb99645',
  method: 'GET',
  route: '/api/v2/agents/active',
  status: 200,
  durationMs: 672
}
[ops] {
  event: 'http_request',
  ts: '2026-09-09T09:19:30.666Z',
  requestId: '2282ac2a-b57f-44b7-853f-a4a4e8125418',
  method: 'GET',
  route: '/api/v2/events',
  status: 200,
  durationMs: 17390
}
[ops] {
  event: 'http_request',
  ts: '2026-09-09T09:19:32.624Z',
  requestId: 'd1dffc8c-2878-4ba2-ab20-b609dc6c1cf3',
  method: 'OPTIONS',
  route: '/api/v2/agents/active',
  status: 204,
  durationMs: 0
}
[ops] {
  event: 'security.app_check_rejected',
  ts: '2026-09-09T09:19:32.625Z',
  reason: 'missing_token',
  mode: 'monitor',
  route: '/api/v2/agents/active'
}
[ops] {
  event: 'http_request',
  ts: '2026-09-09T09:19:32.718Z',
  requestId: 'ddfda2d9-36e9-41f1-b4a0-cebeb041c7c3',
  method: 'OPTIONS',
  route: '/api/v2/agents/active',
  status: 204,
  durationMs: 0
}
[ops] {
  event: 'http_request',
  ts: '2026-09-09T09:19:32.719Z',
  requestId: '10406a9f-500a-4d56-b291-9618938950a1',
  method: 'OPTIONS',
  route: '/api/v2/events',
  status: 204,
  durationMs: 0
}
[ops] {
  event: 'http_request',
  ts: '2026-09-09T09:19:32.851Z',
  requestId: 'e64cc5fc-cad8-4271-8dcd-9a8152cdadd3',
  method: 'OPTIONS',
  route: '/api/v2/agents/active',
  status: 204,
  durationMs: 0
}
[ops] {
  event: 'http_request',
  ts: '2026-09-09T09:19:32.973Z',
  requestId: '2c89cf30-776b-4c39-943c-6758e2c08f97',
  method: 'GET',
  route: '/api/v2/events',
  status: 200,
  durationMs: 17616
}
[ops] {
  event: 'security.app_check_rejected',
  ts: '2026-09-09T09:19:32.974Z',
  reason: 'missing_token',
  mode: 'monitor',
  route: '/api/v2/agents/active'
}
[ops] {
  event: 'security.app_check_rejected',
  ts: '2026-09-09T09:19:33.028Z',
  reason: 'missing_token',
  mode: 'monitor',
  route: '/api/v2/events'
}
[ops] {
  event: 'security.app_check_rejected',
  ts: '2026-09-09T09:19:33.030Z',
  reason: 'missing_token',
  mode: 'monitor',
  route: '/api/v2/agents/active'
}
[ops] {
  event: 'http_request',
  ts: '2026-09-09T09:19:33.488Z',
  requestId: '5aff594a-d909-44bc-a124-b834ed4a0363',
  method: 'GET',
  route: '/api/v2/agents/active',
  status: 200,
  durationMs: 863
}
[ops] {
  event: 'http_request',
  ts: '2026-09-09T09:19:33.773Z',
  requestId: 'bf722511-9f16-44f7-908c-bac11671c61f',
  method: 'OPTIONS',
  route: '/api/v2/agents/active',
  status: 204,
  durationMs: 0
}
[ops] {
  event: 'http_request',
  ts: '2026-09-09T09:19:33.886Z',
  requestId: '3d01e005-5da5-415d-8f90-1a91acda7125',
  method: 'GET',
  route: '/api/v2/agents/active',
  status: 200,
  durationMs: 856
}
[ops] {
  event: 'http_request',
  ts: '2026-09-09T09:19:33.934Z',
  requestId: 'c79e069c-0f2c-4b9d-98bc-7b62ff792ca0',
  method: 'GET',
  route: '/api/v2/agents/active',
  status: 200,
  durationMs: 960
}
[ops] {
  event: 'security.app_check_rejected',
  ts: '2026-09-09T09:19:34.080Z',
  reason: 'missing_token',
  mode: 'monitor',
  route: '/api/v2/agents/active'
}
[ops] {
  event: 'http_request',
  ts: '2026-09-09T09:19:34.721Z',
  requestId: '62680821-73fd-4c0f-9dac-4fb0511f9a46',
  method: 'GET',
  route: '/api/v2/events',
  status: 200,
  durationMs: 12091
}
[ops] {
  event: 'http_request',
  ts: '2026-09-09T09:19:34.967Z',
  requestId: 'c6d377f3-1542-4a88-80ff-4bb608ae13f0',
  method: 'GET',
  route: '/api/v2/agents/active',
  status: 200,
  durationMs: 887
}
[ops] {
  event: 'http_request',
  ts: '2026-09-09T09:19:35.161Z',
  requestId: 'a0bc8bc4-22ad-4ce0-b972-86b11936aae6',
  method: 'OPTIONS',
  route: '/api/v2/events',
  status: 204,
  durationMs: 0
}
[ops] {
  event: 'security.app_check_rejected',
  ts: '2026-09-09T09:19:35.162Z',
  reason: 'missing_token',
  mode: 'monitor',
  route: '/api/v2/events'
}
[ops] {
  event: 'http_request',
  ts: '2026-09-09T09:19:35.335Z',
  requestId: '40da381e-dc30-4a3d-ae75-106a6be2154f',
  method: 'OPTIONS',
  route: '/api/studio/status',
  status: 204,
  durationMs: 1
}
[ops] {
  event: 'http_request',
  ts: '2026-09-09T09:19:35.337Z',
  requestId: '53b56cca-8b51-4018-9f3a-267bbaad1100',
  method: 'OPTIONS',
  route: '/api/studio/mcp/status',
  status: 204,
  durationMs: 1
}
[ops] {
  event: 'security.app_check_rejected',
  ts: '2026-09-09T09:19:35.338Z',
  reason: 'missing_token',
  mode: 'monitor',
  route: '/api/studio/status'
}
[ops] {
  event: 'security.app_check_rejected',
  ts: '2026-09-09T09:19:35.341Z',
  reason: 'missing_token',
  mode: 'monitor',
  route: '/api/studio/mcp/status'
}
[ops] {
  event: 'http_request',
  ts: '2026-09-09T09:19:35.354Z',
  requestId: '5941dc07-f145-4e66-8813-39f5feff6312',
  method: 'OPTIONS',
  route: '/api/v2/events',
  status: 204,
  durationMs: 1
}
[ops] {
  event: 'security.app_check_rejected',
  ts: '2026-09-09T09:19:35.355Z',
  reason: 'missing_token',
  mode: 'monitor',
  route: '/api/v2/events'
}
[ops] {
  event: 'http_request',
  ts: '2026-09-09T09:19:35.965Z',
  requestId: '0b5d7061-a396-4d73-b050-1ba1222cc4c3',
  method: 'GET',
  route: '/api/studio/mcp/status',
  status: 200,
  durationMs: 624
}
[ops] {
  event: 'http_request',
  ts: '2026-09-09T09:19:36.343Z',
  requestId: '1014b195-dbd6-4faf-9b07-2b6ff50db05d',
  method: 'GET',
  route: '/api/studio/status',
  status: 200,
  durationMs: 1005
}
[ops] {
  event: 'http_request',
  ts: '2026-09-09T09:19:39.849Z',
  requestId: '6900e8e4-44b8-4773-af9c-c8e26b4f2b93',
  method: 'GET',
  route: '/api/v2/events',
  status: 200,
  durationMs: 23565
}
[ops] {
  event: 'http_request',
  ts: '2026-09-09T09:19:41.278Z',
  requestId: 'ada3bffb-a8c4-42e6-98b7-7263e49e8428',
  method: 'OPTIONS',
  route: '/api/v2/events',
  status: 204,
  durationMs: 0
}
[ops] {
  event: 'security.app_check_rejected',
  ts: '2026-09-09T09:19:41.279Z',
  reason: 'missing_token',
  mode: 'monitor',
  route: '/api/v2/events'
}
[ops] {
  event: 'http_request',
  ts: '2026-09-09T09:19:42.647Z',
  requestId: '666ef62b-8915-4094-9356-07c15256af2e',
  method: 'OPTIONS',
  route: '/api/v2/agents/active',
  status: 204,
  durationMs: 2
}
[ops] {
  event: 'security.app_check_rejected',
  ts: '2026-09-09T09:19:42.654Z',
  reason: 'missing_token',
  mode: 'monitor',
  route: '/api/v2/agents/active'
}
[ops] {
  event: 'http_request',
  ts: '2026-09-09T09:19:42.714Z',
  requestId: '76b56d02-9325-43c9-bf9b-3e2b6c41112b',
  method: 'OPTIONS',
  route: '/api/v2/agents/active',
  status: 204,
  durationMs: 0
}
[ops] {
  event: 'http_request',
  ts: '2026-09-09T09:19:42.853Z',
  requestId: '15a7fea2-2f79-4cca-a3b9-da56d2b154c1',
  method: 'OPTIONS',
  route: '/api/v2/agents/active',
  status: 204,
  durationMs: 0
}
[ops] {
  event: 'security.app_check_rejected',
  ts: '2026-09-09T09:19:43.024Z',
  reason: 'missing_token',
  mode: 'monitor',
  route: '/api/v2/agents/active'
}
[ops] {
  event: 'security.app_check_rejected',
  ts: '2026-09-09T09:19:43.162Z',
  reason: 'missing_token',
  mode: 'monitor',
  route: '/api/v2/agents/active'
}
[ops] {
  event: 'http_request',
  ts: '2026-09-09T09:19:43.362Z',
  requestId: '0eaf37a6-bb43-495c-8b61-2461c349e878',
  method: 'GET',
  route: '/api/v2/agents/active',
  status: 200,
  durationMs: 709
}
[ops] {
  event: 'http_request',
  ts: '2026-09-09T09:19:43.769Z',
  requestId: '58e6a2ad-6b38-4d53-bbb2-4cb3ee859b5b',
  method: 'GET',
  route: '/api/v2/agents/active',
  status: 200,
  durationMs: 745
}
[ops] {
  event: 'http_request',
  ts: '2026-09-09T09:19:43.782Z',
  requestId: 'bf0d6206-bd96-4dec-95f8-4bd4de26b903',
  method: 'OPTIONS',
  route: '/api/v2/agents/active',
  status: 204,
  durationMs: 0
}
[ops] {
  event: 'http_request',
  ts: '2026-09-09T09:19:43.970Z',
  requestId: '19de5bae-fd00-4484-acbb-e69625795125',
  method: 'GET',
  route: '/api/v2/agents/active',
  status: 200,
  durationMs: 808
}
[ops] {
  event: 'security.app_check_rejected',
  ts: '2026-09-09T09:19:44.093Z',
  reason: 'missing_token',
  mode: 'monitor',
  route: '/api/v2/agents/active'
}
[ops] {
  event: 'http_request',
  ts: '2026-09-09T09:19:44.950Z',
  requestId: 'e208a429-87b3-4fa2-b3ff-da9c87d4762c',
  method: 'GET',
  route: '/api/v2/agents/active',
  status: 200,
  durationMs: 856
}
[ops] {
  event: 'http_request',
  ts: '2026-09-09T09:19:45.181Z',
  requestId: 'cb0afa66-450c-4b71-b7cb-ed1055bdce86',
  method: 'OPTIONS',
  route: '/api/studio/status',
  status: 204,
  durationMs: 1
}
[ops] {
  event: 'http_request',
  ts: '2026-09-09T09:19:45.182Z',
  requestId: '64e6f52b-a13e-471a-bd0d-7c37e6c28f81',
  method: 'OPTIONS',
  route: '/api/studio/mcp/status',
  status: 204,
  durationMs: 0
}
[ops] {
  event: 'security.app_check_rejected',
  ts: '2026-09-09T09:19:45.183Z',
  reason: 'missing_token',
  mode: 'monitor',
  route: '/api/studio/status'
}
[ops] {
  event: 'security.app_check_rejected',
  ts: '2026-09-09T09:19:45.490Z',
  reason: 'missing_token',
  mode: 'monitor',
  route: '/api/studio/mcp/status'
}
[ops] {
  event: 'http_request',
  ts: '2026-09-09T09:19:46.048Z',
  requestId: '32a777e5-142f-4421-8771-8cbf0e73ba22',
  method: 'GET',
  route: '/api/studio/mcp/status',
  status: 200,
  durationMs: 559
}
[ops] {
  event: 'http_request',
  ts: '2026-09-09T09:19:46.199Z',
  requestId: '3ad119e3-c71f-470e-822c-39c35b48b58f',
  method: 'GET',
  route: '/api/studio/status',
  status: 200,
  durationMs: 1016
}
[ops] {
  event: 'http_request',
  ts: '2026-09-09T09:19:48.631Z',
  requestId: '405bb6d2-e624-4ed6-a6c6-9815efc5f8b3',
  method: 'OPTIONS',
  route: '/api/studio/status',
  status: 204,
  durationMs: 1
}
[ops] {
  event: 'http_request',
  ts: '2026-09-09T09:19:48.633Z',
  requestId: '03280577-a5f9-4f0c-988f-28fe05cbd409',
  method: 'OPTIONS',
  route: '/api/studio/mcp/status',
  status: 204,
  durationMs: 1
}
[ops] {
  event: 'security.app_check_rejected',
  ts: '2026-09-09T09:19:48.633Z',
  reason: 'missing_token',
  mode: 'monitor',
  route: '/api/studio/status'
}
[ops] {
  event: 'http_request',
  ts: '2026-09-09T09:19:48.636Z',
  requestId: '3bb14a80-edda-427c-b9de-5030de76995b',
  method: 'GET',
  route: '/api/studio/status',
  status: 200,
  durationMs: 2
}
[ops] {
  event: 'security.app_check_rejected',
  ts: '2026-09-09T09:19:48.636Z',
  reason: 'missing_token',
  mode: 'monitor',
  route: '/api/studio/mcp/status'
}
[ops] {
  event: 'http_request',
  ts: '2026-09-09T09:19:49.065Z',
  requestId: 'b57957b1-5cb1-4046-9a67-b0e1febe653b',
  method: 'GET',
  route: '/api/studio/mcp/status',
  status: 200,
  durationMs: 429
}
[ops] {
  event: 'http_request',
  ts: '2026-09-09T09:19:49.865Z',
  requestId: '2715ded3-457a-41d0-be0b-c8c11bc5c47d',
  method: 'GET',
  route: '/api/v2/events',
  status: 200,
  durationMs: 8587
}
[ops] {
  event: 'http_request',
  ts: '2026-09-09T09:19:50.893Z',
  requestId: '43270c4e-168e-46e4-8c3b-ed50d22b5601',
  method: 'GET',
  route: '/api/v2/events',
  status: 200,
  durationMs: 15731
}
[ops] {
  event: 'http_request',
  ts: '2026-09-09T09:19:51.591Z',
  requestId: '74723237-26d4-44a6-bb72-ed6fa347c131',
  method: 'OPTIONS',
  route: '/api/v2/events',
  status: 204,
  durationMs: 0
}
[ops] {
  event: 'security.app_check_rejected',
  ts: '2026-09-09T09:19:51.592Z',
  reason: 'missing_token',
  mode: 'monitor',
  route: '/api/v2/events'
}
[ops] {
  event: 'http_request',
  ts: '2026-09-09T09:19:52.637Z',
  requestId: '07a4fdfb-2343-4910-8114-15e84c7e1ced',
  method: 'OPTIONS',
  route: '/api/v2/agents/active',
  status: 204,
  durationMs: 0
}
[ops] {
  event: 'http_request',
  ts: '2026-09-09T09:19:52.637Z',
  requestId: '93c07f39-8a6a-4d40-95f3-4d217f922302',
  method: 'OPTIONS',
  route: '/api/v2/events',
  status: 204,
  durationMs: 0
}
[ops] {
  event: 'security.app_check_rejected',
  ts: '2026-09-09T09:19:52.638Z',
  reason: 'missing_token',
  mode: 'monitor',
  route: '/api/v2/agents/active'
}
[ops] {
  event: 'security.app_check_rejected',
  ts: '2026-09-09T09:19:52.639Z',
  reason: 'missing_token',
  mode: 'monitor',
  route: '/api/v2/events'
}
[ops] {
  event: 'http_request',
  ts: '2026-09-09T09:19:52.717Z',
  requestId: '3e3a997c-9a67-4a2f-bc7c-d52a948f5f61',
  method: 'OPTIONS',
  route: '/api/v2/agents/active',
  status: 204,
  durationMs: 1
}
[ops] {
  event: 'security.app_check_rejected',
  ts: '2026-09-09T09:19:52.721Z',
  reason: 'missing_token',
  mode: 'monitor',
  route: '/api/v2/agents/active'
}
[ops] {
  event: 'http_request',
  ts: '2026-09-09T09:19:52.864Z',
  requestId: 'e106dc5a-733c-42a6-b597-f395667975f5',
  method: 'OPTIONS',
  route: '/api/v2/agents/active',
  status: 204,
  durationMs: 1
}
[ops] {
  event: 'security.app_check_rejected',
  ts: '2026-09-09T09:19:53.178Z',
  reason: 'missing_token',
  mode: 'monitor',
  route: '/api/v2/agents/active'
}
[ops] {
  event: 'http_request',
  ts: '2026-09-09T09:19:53.367Z',
  requestId: '0f0d2ab5-27a9-4dee-acd9-dc6acd8284df',
  method: 'GET',
  route: '/api/v2/agents/active',
  status: 200,
  durationMs: 730
}
[ops] {
  event: 'http_request',
  ts: '2026-09-09T09:19:53.569Z',
  requestId: 'ea7a5daf-5bc7-43a4-b82b-110ecb435419',
  method: 'GET',
  route: '/api/v2/agents/active',
  status: 200,
  durationMs: 849
}
[ops] {
  event: 'http_request',
  ts: '2026-09-09T09:19:53.779Z',
  requestId: 'ef5d7c48-de55-4cb6-832f-340eb231cd8e',
  method: 'OPTIONS',
  route: '/api/v2/agents/active',
  status: 204,
  durationMs: 1
}
[ops] {
  event: 'http_request',
  ts: '2026-09-09T09:19:53.916Z',
  requestId: '159c6991-c18b-4c6c-96d1-c3eb9c0fa314',
  method: 'GET',
  route: '/api/v2/agents/active',
  status: 200,
  durationMs: 739
}
[ops] {
  event: 'security.app_check_rejected',
  ts: '2026-09-09T09:19:54.091Z',
  reason: 'missing_token',
  mode: 'monitor',
  route: '/api/v2/agents/active'
}
[ops] {
  event: 'http_request',
  ts: '2026-09-09T09:19:54.826Z',
  requestId: '2ee721c0-8481-45f6-9104-f50395510bdd',
  method: 'GET',
  route: '/api/v2/agents/active',
  status: 200,
  durationMs: 735
}
[ops] {
  event: 'http_request',
  ts: '2026-09-09T09:19:54.917Z',
  requestId: 'e591bc45-bfb8-4c45-bda4-8db9df126a03',
  method: 'GET',
  route: '/api/v2/events',
  status: 200,
  durationMs: 21890
}
[ops] {
  event: 'http_request',
  ts: '2026-09-09T09:19:55.222Z',
  requestId: '7e6db92e-3342-457e-88b0-0647816fa319',
  method: 'OPTIONS',
  route: '/api/v2/events',
  status: 204,
  durationMs: 0
}
[ops] {
  event: 'security.app_check_rejected',
  ts: '2026-09-09T09:19:55.224Z',
  reason: 'missing_token',
  mode: 'monitor',
  route: '/api/v2/events'
}
[ops] {
  event: 'http_request',
  ts: '2026-09-09T09:19:55.892Z',
  requestId: '6bd30af4-0a20-474d-8704-ab8ea58e03f2',
  method: 'GET',
  route: '/api/v2/events',
  status: 200,
  durationMs: 20537
}
[ops] {
  event: 'http_request',
  ts: '2026-09-09T09:19:56.885Z',
  requestId: '2ecc1204-493d-45f7-a256-d961af5797b8',
  method: 'OPTIONS',
  route: '/api/billing/entitlements',
  status: 204,
  durationMs: 0
}
[ops] {
  event: 'security.app_check_rejected',
  ts: '2026-09-09T09:19:56.887Z',
  reason: 'missing_token',
  mode: 'monitor',
  route: '/api/billing/entitlements'
}
[ops] {
  event: 'http_request',
  ts: '2026-09-09T09:19:56.888Z',
  requestId: '7f72d583-b6ca-434d-b7ae-47396327a117',
  method: 'GET',
  route: '/api/billing/entitlements',
  status: 200,
  durationMs: 2
}
[ops] {
  event: 'http_request',
  ts: '2026-09-09T09:19:57.853Z',
  requestId: '318cda39-1a09-4638-bfe9-5828b7975112',
  method: 'OPTIONS',
  route: '/api/v2/events',
  status: 204,
  durationMs: 0
}
[ops] {
  event: 'security.app_check_rejected',
  ts: '2026-09-09T09:19:57.853Z',
  reason: 'missing_token',
  mode: 'monitor',
  route: '/api/v2/events'
}
[ops] {
  event: 'http_request',
  ts: '2026-09-09T09:20:02.102Z',
  requestId: '386cebbb-52aa-49f3-a6b3-cfaea9b53642',
  method: 'OPTIONS',
  route: '/api/studio/status',
  status: 204,
  durationMs: 0
}
[ops] {
  event: 'http_request',
  ts: '2026-09-09T09:20:02.103Z',
  requestId: 'fa15a2e2-8c28-4424-8e3a-160d6e06561b',
  method: 'OPTIONS',
  route: '/api/studio/mcp/status',
  status: 204,
  durationMs: 0
}
[ops] {
  event: 'security.app_check_rejected',
  ts: '2026-09-09T09:20:02.411Z',
  reason: 'missing_token',
  mode: 'monitor',
  route: '/api/studio/status'
}
[ops] {
  event: 'security.app_check_rejected',
  ts: '2026-09-09T09:20:02.413Z',
  reason: 'missing_token',
  mode: 'monitor',
  route: '/api/studio/mcp/status'
}
[ops] {
  event: 'http_request',
  ts: '2026-09-09T09:20:02.631Z',
  requestId: '730f6137-b2f7-469e-80c4-70c62b4d543a',
  method: 'OPTIONS',
  route: '/api/v2/agents/active',
  status: 204,
  durationMs: 0
}
[ops] {
  event: 'http_request',
  ts: '2026-09-09T09:20:02.719Z',
  requestId: 'f1b4f8c1-5ba8-4c65-aa24-19522b4927ee',
  method: 'OPTIONS',
  route: '/api/v2/agents/active',
  status: 204,
  durationMs: 0
}
[ops] {
  event: 'http_request',
  ts: '2026-09-09T09:20:02.862Z',
  requestId: '699fc422-4912-4961-9ebc-630f39fee9d9',
  method: 'OPTIONS',
  route: '/api/v2/agents/active',
  status: 204,
  durationMs: 0
}
[ops] {
  event: 'security.app_check_rejected',
  ts: '2026-09-09T09:20:02.938Z',
  reason: 'missing_token',
  mode: 'monitor',
  route: '/api/v2/agents/active'
}
[ops] {
  event: 'http_request',
  ts: '2026-09-09T09:20:03.025Z',
  requestId: '918ed470-b146-42cd-b176-c654dad32432',
  method: 'GET',
  route: '/api/studio/mcp/status',
  status: 200,
  durationMs: 613
}
[ops] {
  event: 'security.app_check_rejected',
  ts: '2026-09-09T09:20:03.026Z',
  reason: 'missing_token',
  mode: 'monitor',
  route: '/api/v2/agents/active'
}
[ops] {
  event: 'http_request',
  ts: '2026-09-09T09:20:03.611Z',
  requestId: '12928df5-766e-45a7-b8fd-deb255c84bd6',
  method: 'GET',
  route: '/api/studio/status',
  status: 200,
  durationMs: 1201
}
[ops] {
  event: 'security.app_check_rejected',
  ts: '2026-09-09T09:20:03.613Z',
  reason: 'missing_token',
  mode: 'monitor',
  route: '/api/v2/agents/active'
}
[ops] {
  event: 'http_request',
  ts: '2026-09-09T09:20:03.765Z',
  requestId: '0e32c399-8e2c-46f9-8671-36968c0da226',
  method: 'GET',
  route: '/api/v2/agents/active',
  status: 200,
  durationMs: 828
}
[ops] {
  event: 'http_request',
  ts: '2026-09-09T09:20:03.784Z',
  requestId: '7bf89861-28e6-4de2-a734-a5b71e5f8439',
  method: 'OPTIONS',
  route: '/api/v2/agents/active',
  status: 204,
  durationMs: 1
}
[ops] {
  event: 'http_request',
  ts: '2026-09-09T09:20:03.854Z',
  requestId: '5ae0829b-eeb3-4560-81fa-f0342d6d1fbf',
  method: 'GET',
  route: '/api/v2/agents/active',
  status: 200,
  durationMs: 828
}
[ops] {
  event: 'security.app_check_rejected',
  ts: '2026-09-09T09:20:04.089Z',
  reason: 'missing_token',
  mode: 'monitor',
  route: '/api/v2/agents/active'
}
[ops] {
  event: 'http_request',
  ts: '2026-09-09T09:20:04.466Z',
  requestId: '3abc48e1-9ad2-482f-8bef-a7e05ed33a03',
  method: 'GET',
  route: '/api/v2/agents/active',
  status: 200,
  durationMs: 853
}
[ops] {
  event: 'http_request',
  ts: '2026-09-09T09:20:04.568Z',
  requestId: '0bfdff43-187e-4250-b0e3-7000246c4c37',
  method: 'GET',
  route: '/api/v2/events',
  status: 200,
  durationMs: 11929
}
[ops] {
  event: 'http_request',
  ts: '2026-09-09T09:20:04.941Z',
  requestId: '3c72d26a-8360-43e8-a0a8-bba26cb3ec0d',
  method: 'GET',
  route: '/api/v2/agents/active',
  status: 200,
  durationMs: 852
}
[ops] {
  event: 'http_request',
  ts: '2026-09-09T09:20:05.138Z',
  requestId: '7f4f737e-5386-41fc-a1e7-007c726c5c77',
  method: 'OPTIONS',
  route: '/api/v2/events',
  status: 204,
  durationMs: 1
}
[ops] {
  event: 'security.app_check_rejected',
  ts: '2026-09-09T09:20:05.140Z',
  reason: 'missing_token',
  mode: 'monitor',
  route: '/api/v2/events'
}
[ops] {
  event: 'http_request',
  ts: '2026-09-09T09:20:06.352Z',
  requestId: '5dfe0711-94b1-46b4-b4ce-ff69fb556776',
  method: 'OPTIONS',
  route: '/api/studio/status',
  status: 204,
  durationMs: 1
}
[ops] {
  event: 'http_request',
  ts: '2026-09-09T09:20:06.353Z',
  requestId: 'ec850709-c29b-40e0-a38f-a402a2134f84',
  method: 'OPTIONS',
  route: '/api/studio/mcp/status',
  status: 204,
  durationMs: 1
}
[ops] {
  event: 'security.app_check_rejected',
  ts: '2026-09-09T09:20:06.353Z',
  reason: 'missing_token',
  mode: 'monitor',
  route: '/api/studio/status'
}
[ops] {
  event: 'http_request',
  ts: '2026-09-09T09:20:06.356Z',
  requestId: '6a7487fe-8595-485c-93b5-fa12889dc9d3',
  method: 'GET',
  route: '/api/studio/status',
  status: 200,
  durationMs: 3
}
[ops] {
  event: 'security.app_check_rejected',
  ts: '2026-09-09T09:20:06.357Z',
  reason: 'missing_token',
  mode: 'monitor',
  route: '/api/studio/mcp/status'
}
[ops] {
  event: 'http_request',
  ts: '2026-09-09T09:20:06.554Z',
  requestId: '2eee694d-fa6f-4a64-9f27-7e2963f42c9a',
  method: 'GET',
  route: '/api/v2/events',
  status: 200,
  durationMs: 14962
}
[ops] {
  event: 'http_request',
  ts: '2026-09-09T09:20:06.843Z',
  requestId: '1a69b27b-2056-4679-8de2-07fb44eaed7a',
  method: 'GET',
  route: '/api/studio/mcp/status',
  status: 200,
  durationMs: 486
}
[ops] {
  event: 'http_request',
  ts: '2026-09-09T09:20:08.795Z',
  requestId: 'da0dedbf-9e65-484c-ba85-4e7a2fb0ad65',
  method: 'OPTIONS',
  route: '/api/ui-designs/',
  status: 204,
  durationMs: 1
}
[ops] {
  event: 'security.app_check_rejected',
  ts: '2026-09-09T09:20:08.800Z',
  reason: 'missing_token',
  mode: 'monitor',
  route: '/api/ui-designs/'
}
[ops] {
  event: 'http_request',
  ts: '2026-09-09T09:20:08.804Z',
  requestId: '71529b63-e90c-41cf-9594-0a567e2405b6',
  method: 'OPTIONS',
  route: '/api/v2/agents/active',
  status: 204,
  durationMs: 0
}
[ops] {
  event: 'security.app_check_rejected',
  ts: '2026-09-09T09:20:08.806Z',
  reason: 'missing_token',
  mode: 'monitor',
  route: '/api/v2/agents/active'
}
[ops] {
  event: 'http_request',
  ts: '2026-09-09T09:20:08.810Z',
  requestId: '83ca4e8f-2c34-4365-a617-153d8d3340fd',
  method: 'OPTIONS',
  route: '/api/onboarding',
  status: 204,
  durationMs: 1
}
[ops] {
  event: 'http_request',
  ts: '2026-09-09T09:20:08.813Z',
  requestId: '5b5162ba-6995-4940-a7d4-e369ce8ad344',
  method: 'OPTIONS',
  route: '/api/tasks',
  status: 204,
  durationMs: 1
}
[ops] {
  event: 'http_request',
  ts: '2026-09-09T09:20:08.817Z',
  requestId: '9e30b83f-2dea-4267-8108-477c359427c3',
  method: 'OPTIONS',
  route: '/api/studio/status',
  status: 204,
  durationMs: 1
}
[ops] {
  event: 'http_request',
  ts: '2026-09-09T09:20:08.820Z',
  requestId: 'fd644d10-2792-4652-ae76-c024e088c473',
  method: 'OPTIONS',
  route: '/api/studio/mcp/status',
  status: 204,
  durationMs: 0
}
[ops] {
  event: 'http_request',
  ts: '2026-09-09T09:20:08.823Z',
  requestId: 'b3e64cc2-2131-49d5-88fe-e4a73701ea19',
  method: 'OPTIONS',
  route: '/api/:id',
  status: 204,
  durationMs: 1
}
[ops] {
  event: 'http_request',
  ts: '2026-09-09T09:20:08.825Z',
  requestId: '3e8f19d8-4a9b-4ed7-a627-05ac5a3d42d6',
  method: 'OPTIONS',
  route: '/api/roblox/oauth/status',
  status: 204,
  durationMs: 1
}
[ops] {
  event: 'http_request',
  ts: '2026-09-09T09:20:08.827Z',
  requestId: '845d0bc3-9bf0-448e-a54d-bc5d101d6add',
  method: 'OPTIONS',
  route: '/api/user/teams',
  status: 204,
  durationMs: 1
}
[ops] {
  event: 'http_request',
  ts: '2026-09-09T09:20:08.871Z',
  requestId: '51a5511a-482a-425c-b47b-481854b31f52',
  method: 'OPTIONS',
  route: '/api/:id/:id',
  status: 204,
  durationMs: 1
}
[ops] {
  event: 'security.app_check_rejected',
  ts: '2026-09-09T09:20:09.116Z',
  reason: 'missing_token',
  mode: 'monitor',
  route: '/api/onboarding'
}
[ops] {
  event: 'security.app_check_rejected',
  ts: '2026-09-09T09:20:09.118Z',
  reason: 'missing_token',
  mode: 'monitor',
  route: '/api/tasks'
}
[ops] {
  event: 'http_request',
  ts: '2026-09-09T09:20:09.120Z',
  requestId: '1ce304bb-2a6f-4df4-a60a-96687e577acb',
  method: 'GET',
  route: '/api/tasks/',
  status: 503,
  durationMs: 3
}
[ops] {
  event: 'security.app_check_rejected',
  ts: '2026-09-09T09:20:09.128Z',
  reason: 'missing_token',
  mode: 'monitor',
  route: '/api/studio/mcp/status'
}
[ops] {
  event: 'security.app_check_rejected',
  ts: '2026-09-09T09:20:09.131Z',
  reason: 'missing_token',
  mode: 'monitor',
  route: '/api/studio/status'
}
[ops] {
  event: 'security.app_check_rejected',
  ts: '2026-09-09T09:20:09.134Z',
  reason: 'missing_token',
  mode: 'monitor',
  route: '/api/project-bindings'
}
[ops] {
  event: 'http_request',
  ts: '2026-09-09T09:20:09.321Z',
  requestId: 'a07361cb-de7c-4582-88ac-acbb61a06f91',
  method: 'GET',
  route: '/api/ui-designs/',
  status: 200,
  durationMs: 522
}
[ops] {
  event: 'security.app_check_rejected',
  ts: '2026-09-09T09:20:09.323Z',
  reason: 'missing_token',
  mode: 'monitor',
  route: '/api/roblox/oauth/status'
}
[ops] {
  event: 'http_request',
  ts: '2026-09-09T09:20:09.332Z',
  requestId: 'b25cfe8c-29cc-432b-a734-6a22caf19d67',
  method: 'OPTIONS',
  route: '/api/ui-designs/:id',
  status: 204,
  durationMs: 0
}
[ops] {
  event: 'http_request',
  ts: '2026-09-09T09:20:09.345Z',
  requestId: 'd81ba680-13c8-487f-93ac-351630881240',
  method: 'GET',
  route: '/api/onboarding/',
  status: 200,
  durationMs: 230
}
[ops] {
  event: 'security.app_check_rejected',
  ts: '2026-09-09T09:20:09.347Z',
  reason: 'missing_token',
  mode: 'monitor',
  route: '/api/user/teams'
}
[ops] {
  event: 'http_request',
  ts: '2026-09-09T09:20:09.436Z',
  requestId: 'a42927ab-59f7-4368-8073-3a30c1ad7e30',
  method: 'OPTIONS',
  route: '/api/:id',
  status: 204,
  durationMs: 1
}
[ops] {
  event: 'http_request',
  ts: '2026-09-09T09:20:09.436Z',
  requestId: '98e35946-2075-4f1a-8f96-4532826242d7',
  method: 'OPTIONS',
  route: '/api/user/teams',
  status: 204,
  durationMs: 0
}
[ops] {
  event: 'http_request',
  ts: '2026-09-09T09:20:09.573Z',
  requestId: '0c587787-93f6-4735-8538-8decfc386d16',
  method: 'GET',
  route: '/api/roblox/oauth/status',
  status: 200,
  durationMs: 250
}
[ops] {
  event: 'security.app_check_rejected',
  ts: '2026-09-09T09:20:09.576Z',
  reason: 'missing_token',
  mode: 'monitor',
  route: '/api/project-bindings/launch_6d8804b8-4f32-4869-a916-9be2eee2d44f'
}
[ops] {
  event: 'http_request',
  ts: '2026-09-09T09:20:09.591Z',
  requestId: '0ec3d5c3-c099-4ce0-a6d1-02bdcf22dd82',
  method: 'GET',
  route: '/api/studio/mcp/status',
  status: 200,
  durationMs: 463
}
[ops] {
  event: 'security.app_check_rejected',
  ts: '2026-09-09T09:20:09.593Z',
  reason: 'missing_token',
  mode: 'monitor',
  route: '/api/ui-designs/tRtjvXJsdRG7laZUMwVC'
}
[ops] {
  event: 'http_request',
  ts: '2026-09-09T09:20:09.609Z',
  requestId: 'caa2aedb-fc71-4650-a4dc-070b111e15d4',
  method: 'GET',
  route: '/api/project-bindings/',
  status: 200,
  durationMs: 475
}
[ops] {
  event: 'security.app_check_rejected',
  ts: '2026-09-09T09:20:09.615Z',
  reason: 'missing_token',
  mode: 'monitor',
  route: '/api/project-bindings'
}
[ops] {
  event: 'http_request',
  ts: '2026-09-09T09:20:09.622Z',
  requestId: '5a76c23f-4302-47be-8cc7-6056c6e6e03b',
  method: 'GET',
  route: '/api/user/teams',
  status: 200,
  durationMs: 275
}
[ops] {
  event: 'security.app_check_rejected',
  ts: '2026-09-09T09:20:09.626Z',
  reason: 'missing_token',
  mode: 'monitor',
  route: '/api/user/teams'
}
[ops] {
  event: 'http_request',
  ts: '2026-09-09T09:20:09.629Z',
  requestId: 'f13d477f-9425-4f95-8155-2ff5f0955d18',
  method: 'GET',
  route: '/api/user/teams',
  status: 200,
  durationMs: 3
}
[ops] {
  event: 'http_request',
  ts: '2026-09-09T09:20:09.638Z',
  requestId: 'ce557318-132c-46b1-a5ea-f9b097120cb6',
  method: 'GET',
  route: '/api/v2/agents/active',
  status: 200,
  durationMs: 833
}
project_resolution {
  requestId: '15fbb24e-c997-482b-b5a1-8b9904ea95db',
  userHash: '9e7a0952b3e25f3b',
  projectHash: '19824ffde52819c1',
  resolutionState: 'ready',
  failureCode: null
}
[ops] {
  event: 'http_request',
  ts: '2026-09-09T09:20:09.803Z',
  requestId: '15fbb24e-c997-482b-b5a1-8b9904ea95db',
  method: 'GET',
  route: '/api/project-bindings/:projectId',
  status: 200,
  durationMs: 227
}
[ops] {
  event: 'http_request',
  ts: '2026-09-09T09:20:09.852Z',
  requestId: 'e1fdf5d1-322a-4d1f-858b-56542bb45c21',
  method: 'GET',
  route: '/api/project-bindings/',
  status: 200,
  durationMs: 237
}
[ops] {
  event: 'http_request',
  ts: '2026-09-09T09:20:10.305Z',
  requestId: '16a8ac54-67a8-48bb-ad49-f00179241459',
  method: 'GET',
  route: '/api/studio/status',
  status: 200,
  durationMs: 1174
}
[ops] {
  event: 'http_request',
  ts: '2026-09-09T09:20:10.680Z',
  requestId: '6caf9f3d-240b-4c2e-b1fa-f8abaeb2bc78',
  method: 'GET',
  route: '/api/ui-designs/:designId',
  status: 200,
  durationMs: 1088
}
[ops] {
  event: 'http_request',
  ts: '2026-09-09T09:20:10.686Z',
  requestId: 'c53c5c28-deba-449e-9599-ba03428187f9',
  method: 'OPTIONS',
  route: '/api/ui-designs/:id/:id',
  status: 204,
  durationMs: 0
}
[ops] {
  event: 'security.app_check_rejected',
  ts: '2026-09-09T09:20:10.687Z',
  reason: 'missing_token',
  mode: 'monitor',
  route: '/api/ui-designs/tRtjvXJsdRG7laZUMwVC/preview-manifest'
}
[ops] {
  event: 'http_request',
  ts: '2026-09-09T09:20:11.149Z',
  requestId: 'cba8ce85-768d-41eb-bd66-5ca72730902f',
  method: 'GET',
  route: '/api/v2/events',
  status: 200,
  durationMs: 15926
}
[ops] {
  event: 'http_request',
  ts: '2026-09-09T09:20:11.289Z',
  requestId: '277a6703-d2ef-48d3-a804-06d845a4f5fd',
  method: 'OPTIONS',
  route: '/api/v2/events',
  status: 204,
  durationMs: 0
}
[ops] {
  event: 'security.app_check_rejected',
  ts: '2026-09-09T09:20:11.290Z',
  reason: 'missing_token',
  mode: 'monitor',
  route: '/api/v2/events'
}
[ops] {
  event: 'http_request',
  ts: '2026-09-09T09:20:12.937Z',
  requestId: '2967ccac-e70d-47dd-a4ed-e3cf3beeb517',
  method: 'OPTIONS',
  route: '/api/v2/agents/active',
  status: 204,
  durationMs: 0
}
[ops] {
  event: 'security.app_check_rejected',
  ts: '2026-09-09T09:20:12.938Z',
  reason: 'missing_token',
  mode: 'monitor',
  route: '/api/v2/agents/active'
}
[ops] {
  event: 'http_request',
  ts: '2026-09-09T09:20:12.941Z',
  requestId: '1014e17f-9032-48a0-90d9-6004ef69bb4c',
  method: 'OPTIONS',
  route: '/api/v2/agents/active',
  status: 204,
  durationMs: 1
}
[ops] {
  event: 'http_request',
  ts: '2026-09-09T09:20:12.943Z',
  requestId: '63152226-2f86-408b-a71c-a764e89f622e',
  method: 'OPTIONS',
  route: '/api/v2/events',
  status: 204,
  durationMs: 1
}
[ops] {
  event: 'http_request',
  ts: '2026-09-09T09:20:12.946Z',
  requestId: '11480c08-808d-4871-af03-00330b90ca6d',
  method: 'OPTIONS',
  route: '/api/v2/agents/active',
  status: 204,
  durationMs: 0
}
[ops] {
  event: 'security.app_check_rejected',
  ts: '2026-09-09T09:20:13.249Z',
  reason: 'missing_token',
  mode: 'monitor',
  route: '/api/v2/agents/active'
}
[ops] {
  event: 'security.app_check_rejected',
  ts: '2026-09-09T09:20:13.251Z',
  reason: 'missing_token',
  mode: 'monitor',
  route: '/api/v2/agents/active'
}
[ops] {
  event: 'security.app_check_rejected',
  ts: '2026-09-09T09:20:13.252Z',
  reason: 'missing_token',
  mode: 'monitor',
  route: '/api/v2/events'
}
[ops] {
  event: 'http_request',
  ts: '2026-09-09T09:20:13.284Z',
  requestId: 'e98c9ece-e72c-4d1d-8017-f88c50452849',
  method: 'GET',
  route: '/api/ui-designs/:designId/preview-manifest',
  status: 200,
  durationMs: 2597
}
[ops] {
  event: 'http_request',
  ts: '2026-09-09T09:20:13.623Z',
  requestId: 'ebc997b1-359b-46f6-bae2-a637f1addd1f',
  method: 'GET',
  route: '/api/v2/events',
  status: 200,
  durationMs: 8484
}
[ops] {
  event: 'http_request',
  ts: '2026-09-09T09:20:13.791Z',
  requestId: '8de7631c-a6b7-45ea-b0fa-4a701953f7fa',
  method: 'GET',
  route: '/api/v2/agents/active',
  status: 200,
  durationMs: 853
}
[ops] {
  event: 'http_request',
  ts: '2026-09-09T09:20:14.095Z',
  requestId: 'f47d4d15-47e2-47e3-b157-d4767aa87a96',
  method: 'GET',
  route: '/api/v2/agents/active',
  status: 200,
  durationMs: 845
}
[ops] {
  event: 'http_request',
  ts: '2026-09-09T09:20:14.175Z',
  requestId: 'a40d961b-30a6-4ad1-bbd3-224f71d5a132',
  method: 'GET',
  route: '/api/v2/agents/active',
  status: 200,
  durationMs: 924
}
[ops] {
  event: 'http_request',
  ts: '2026-09-09T09:20:14.677Z',
  requestId: '5ea5d889-1c83-4cc4-9ed0-b03da18a403e',
  method: 'GET',
  route: '/api/v2/events',
  status: 200,
  durationMs: 16824
}
[ops] {
  event: 'http_request',
  ts: '2026-09-09T09:20:15.129Z',
  requestId: '609ab509-5212-43bc-b4ce-80f88ad95dc0',
  method: 'OPTIONS',
  route: '/api/v2/events',
  status: 204,
  durationMs: 1
}
[ops] {
  event: 'security.app_check_rejected',
  ts: '2026-09-09T09:20:15.132Z',
  reason: 'missing_token',
  mode: 'monitor',
  route: '/api/v2/events'
}
[ops] {
  event: 'http_request',
  ts: '2026-09-09T09:20:15.357Z',
  requestId: 'b3d2b375-b66d-4489-a23d-89cd42973a46',
  method: 'OPTIONS',
  route: '/api/v2/events',
  status: 204,
  durationMs: 0
}
[ops] {
  event: 'security.app_check_rejected',
  ts: '2026-09-09T09:20:15.359Z',
  reason: 'missing_token',
  mode: 'monitor',
  route: '/api/v2/events'
}
[ops] {
  event: 'http_request',
  ts: '2026-09-09T09:20:18.800Z',
  requestId: '616078ff-bab2-4883-8c58-b1f6458dd499',
  method: 'OPTIONS',
  route: '/api/v2/agents/active',
  status: 204,
  durationMs: 0
}
[ops] {
  event: 'security.app_check_rejected',
  ts: '2026-09-09T09:20:18.801Z',
  reason: 'missing_token',
  mode: 'monitor',
  route: '/api/v2/agents/active'
}
[ops] {
  event: 'http_request',
  ts: '2026-09-09T09:20:19.079Z',
  requestId: '36a46690-0f89-46ec-af5e-105ae0cf5b1c',
  method: 'OPTIONS',
  route: '/api/studio/status',
  status: 204,
  durationMs: 0
}
[ops] {
  event: 'http_request',
  ts: '2026-09-09T09:20:19.079Z',
  requestId: '89dec391-a6cc-4d29-9592-b79e0cbdba3d',
  method: 'OPTIONS',
  route: '/api/studio/mcp/status',
  status: 204,
  durationMs: 0
}
[ops] {
  event: 'security.app_check_rejected',
  ts: '2026-09-09T09:20:19.080Z',
  reason: 'missing_token',
  mode: 'monitor',
  route: '/api/studio/status'
}
[ops] {
  event: 'security.app_check_rejected',
  ts: '2026-09-09T09:20:19.082Z',
  reason: 'missing_token',
  mode: 'monitor',
  route: '/api/studio/mcp/status'
}
[ops] {
  event: 'http_request',
  ts: '2026-09-09T09:20:19.475Z',
  requestId: 'c6e4f38c-3c4a-4331-a258-da7d06ead9e8',
  method: 'GET',
  route: '/api/v2/agents/active',
  status: 200,
  durationMs: 674
}
[ops] {
  event: 'http_request',
  ts: '2026-09-09T09:20:19.548Z',
  requestId: 'b58d71cf-1bac-4bd3-98b6-76d23d00d1c4',
  method: 'GET',
  route: '/api/studio/mcp/status',
  status: 200,
  durationMs: 466
}
[ops] {
  event: 'http_request',
  ts: '2026-09-09T09:20:20.118Z',
  requestId: 'c007f569-f01d-4553-ae8d-fafb02caf945',
  method: 'GET',
  route: '/api/studio/status',
  status: 200,
  durationMs: 1038
}
[ops] {
  event: 'http_request',
  ts: '2026-09-09T09:20:22.627Z',
  requestId: '7efd7366-a2f2-498a-b36e-f445cdb33403',
  method: 'OPTIONS',
  route: '/api/v2/agents/active',
  status: 204,
  durationMs: 1
}
[ops] {
  event: 'security.app_check_rejected',
  ts: '2026-09-09T09:20:22.629Z',
  reason: 'missing_token',
  mode: 'monitor',
  route: '/api/v2/agents/active'
}
[ops] {
  event: 'http_request',
  ts: '2026-09-09T09:20:22.717Z',
  requestId: '129c5405-230a-41a8-a519-1bd7a96f5b10',
  method: 'OPTIONS',
  route: '/api/v2/agents/active',
  status: 204,
  durationMs: 0
}
[ops] {
  event: 'security.app_check_rejected',
  ts: '2026-09-09T09:20:22.719Z',
  reason: 'missing_token',
  mode: 'monitor',
  route: '/api/v2/agents/active'
}
[ops] {
  event: 'http_request',
  ts: '2026-09-09T09:20:22.852Z',
  requestId: '5cfea57e-429d-43ae-84a5-1a39cd297927',
  method: 'OPTIONS',
  route: '/api/v2/agents/active',
  status: 204,
  durationMs: 0
}
[ops] {
  event: 'security.app_check_rejected',
  ts: '2026-09-09T09:20:23.163Z',
  reason: 'missing_token',
  mode: 'monitor',
  route: '/api/v2/agents/active'
}
[ops] {
  event: 'http_request',
  ts: '2026-09-09T09:20:23.398Z',
  requestId: '4eedbcf6-154b-42f9-804c-2b529758b61f',
  method: 'GET',
  route: '/api/v2/agents/active',
  status: 200,
  durationMs: 769
}
[ops] {
  event: 'http_request',
  ts: '2026-09-09T09:20:23.618Z',
  requestId: 'a6ae0b0b-cc8d-4cad-9814-678f1ff37e80',
  method: 'GET',
  route: '/api/v2/agents/active',
  status: 200,
  durationMs: 899
}
[ops] {
  event: 'http_request',
  ts: '2026-09-09T09:20:23.882Z',
  requestId: '60d0aa24-7d68-4832-9ea9-b5cf8be97082',
  method: 'GET',
  route: '/api/v2/agents/active',
  status: 200,
  durationMs: 720
}
[ops] {
  event: 'http_request',
  ts: '2026-09-09T09:20:26.518Z',
  requestId: 'f258a13e-15c6-453e-91cc-33d50782709c',
  method: 'GET',
  route: '/api/v2/events',
  status: 200,
  durationMs: 15228
}
[ops] {
  event: 'http_request',
  ts: '2026-09-09T09:20:27.304Z',
  requestId: '39429e8d-90a7-4d4a-9d71-ccee88382f28',
  method: 'GET',
  route: '/api/v2/events',
  status: 200,
  durationMs: 14053
}
[ops] {
  event: 'http_request',
  ts: '2026-09-09T09:20:27.719Z',
  requestId: 'e3bced28-0543-4069-8fdf-951e7404bc24',
  method: 'OPTIONS',
  route: '/api/v2/events',
  status: 204,
  durationMs: 0
}
[ops] {
  event: 'security.app_check_rejected',
  ts: '2026-09-09T09:20:27.721Z',
  reason: 'missing_token',
  mode: 'monitor',
  route: '/api/v2/events'
}
[ops] {
  event: 'http_request',
  ts: '2026-09-09T09:20:28.787Z',
  requestId: '3c353280-420b-4871-84e6-c108e13c747a',
  method: 'OPTIONS',
  route: '/api/v2/agents/active',
  status: 204,
  durationMs: 0
}
[ops] {
  event: 'http_request',
  ts: '2026-09-09T09:20:28.788Z',
  requestId: '34129cf2-4fb5-434d-8584-c6b0938f785b',
  method: 'OPTIONS',
  route: '/api/v2/events',
  status: 204,
  durationMs: 0
}
[ops] {
  event: 'security.app_check_rejected',
  ts: '2026-09-09T09:20:28.789Z',
  reason: 'missing_token',
  mode: 'monitor',
  route: '/api/v2/agents/active'
}
[ops] {
  event: 'security.app_check_rejected',
  ts: '2026-09-09T09:20:29.102Z',
  reason: 'missing_token',
  mode: 'monitor',
  route: '/api/v2/events'
}
[ops] {
  event: 'http_request',
  ts: '2026-09-09T09:20:29.905Z',
  requestId: 'c6d7e49c-0f4f-4ac8-a557-0acda57c0099',
  method: 'GET',
  route: '/api/v2/agents/active',
  status: 200,
  durationMs: 1117
}
[ops] {
  event: 'http_request',
  ts: '2026-09-09T09:20:30.554Z',
  requestId: '220be3ca-8cb6-45be-9f04-a85881d84fbc',
  method: 'GET',
  route: '/api/v2/events',
  status: 200,
  durationMs: 15422
}
[ops] {
  event: 'http_request',
  ts: '2026-09-09T09:20:32.627Z',
  requestId: '3a429fce-c921-4748-b9c3-9914787685ac',
  method: 'OPTIONS',
  route: '/api/v2/agents/active',
  status: 204,
  durationMs: 0
}
[ops] {
  event: 'http_request',
  ts: '2026-09-09T09:20:32.628Z',
  requestId: '6271b25c-b6e9-4e8f-9c29-19e18f85882c',
  method: 'OPTIONS',
  route: '/api/v2/events',
  status: 204,
  durationMs: 0
}
[ops] {
  event: 'security.app_check_rejected',
  ts: '2026-09-09T09:20:32.628Z',
  reason: 'missing_token',
  mode: 'monitor',
  route: '/api/v2/agents/active'
}
[ops] {
  event: 'http_request',
  ts: '2026-09-09T09:20:32.718Z',
  requestId: '73a86c9b-cedf-4960-9efb-4c7275d0125c',
  method: 'OPTIONS',
  route: '/api/v2/agents/active',
  status: 204,
  durationMs: 0
}
[ops] {
  event: 'http_request',
  ts: '2026-09-09T09:20:32.859Z',
  requestId: 'ecb83142-3f43-4847-be67-cab1adf63051',
  method: 'OPTIONS',
  route: '/api/v2/agents/active',
  status: 204,
  durationMs: 0
}
[ops] {
  event: 'http_request',
  ts: '2026-09-09T09:20:32.905Z',
  requestId: '56fa2531-b1d2-4891-a22a-520d7256383c',
  method: 'GET',
  route: '/api/v2/events',
  status: 200,
  durationMs: 17546
}
[ops] {
  event: 'security.app_check_rejected',
  ts: '2026-09-09T09:20:32.906Z',
  reason: 'missing_token',
  mode: 'monitor',
  route: '/api/v2/events'
}
[ops] {
  event: 'security.app_check_rejected',
  ts: '2026-09-09T09:20:32.936Z',
  reason: 'missing_token',
  mode: 'monitor',
  route: '/api/v2/agents/active'
}
[ops] {
  event: 'security.app_check_rejected',
  ts: '2026-09-09T09:20:33.030Z',
  reason: 'missing_token',
  mode: 'monitor',
  route: '/api/v2/agents/active'
}
[ops] {
  event: 'http_request',
  ts: '2026-09-09T09:20:33.653Z',
  requestId: '9d6b90f4-0b48-4a84-86dc-0ff720c04653',
  method: 'GET',
  route: '/api/v2/agents/active',
  status: 200,
  durationMs: 1025
}
[ops] {
  event: 'http_request',
  ts: '2026-09-09T09:20:33.981Z',
  requestId: '9b7741e7-1047-457e-ba1c-e03a6aa26fc2',
  method: 'GET',
  route: '/api/v2/agents/active',
  status: 200,
  durationMs: 1045
}
[ops] {
  event: 'http_request',
  ts: '2026-09-09T09:20:34.000Z',
  requestId: '926cdbfa-98d1-4938-bb01-85b846bfd6ec',
  method: 'GET',
  route: '/api/v2/agents/active',
  status: 200,
  durationMs: 970
}
[ops] {
  event: 'http_request',
  ts: '2026-09-09T09:20:35.358Z',
  requestId: '6cdb6056-5b5e-4f1c-b200-54d14181d882',
  method: 'OPTIONS',
  route: '/api/v2/events',
  status: 204,
  durationMs: 0
}
[ops] {
  event: 'security.app_check_rejected',
  ts: '2026-09-09T09:20:35.360Z',
  reason: 'missing_token',
  mode: 'monitor',
  route: '/api/v2/events'
}
[ops] {
  event: 'http_request',
  ts: '2026-09-09T09:20:36.853Z',
  requestId: '7efffef6-6442-4e8a-9a1b-0ef499db1d10',
  method: 'OPTIONS',
  route: '/api/studio/status',
  status: 204,
  durationMs: 0
}
[ops] {
  event: 'http_request',
  ts: '2026-09-09T09:20:36.853Z',
  requestId: '9678e5d4-adf5-41d4-a68a-dfb59409fe22',
  method: 'OPTIONS',
  route: '/api/studio/mcp/status',
  status: 204,
  durationMs: 0
}
[ops] {
  event: 'security.app_check_rejected',
  ts: '2026-09-09T09:20:36.854Z',
  reason: 'missing_token',
  mode: 'monitor',
  route: '/api/studio/status'
}
[ops] {
  event: 'security.app_check_rejected',
  ts: '2026-09-09T09:20:36.858Z',
  reason: 'missing_token',
  mode: 'monitor',
  route: '/api/studio/mcp/status'
}
[ops] {
  event: 'http_request',
  ts: '2026-09-09T09:20:37.504Z',
  requestId: '11c9c2e8-3bb4-4881-87d1-7106be36ce94',
  method: 'GET',
  route: '/api/studio/mcp/status',
  status: 200,
  durationMs: 647
}
[ops] {
  event: 'http_request',
  ts: '2026-09-09T09:20:38.178Z',
  requestId: '81ea80df-d67c-4120-82e4-ab952cdcd479',
  method: 'GET',
  route: '/api/studio/status',
  status: 200,
  durationMs: 1324
}
[ops] {
  event: 'http_request',
  ts: '2026-09-09T09:20:38.792Z',
  requestId: '4717f96d-f424-4859-8835-e7c230bd7d63',
  method: 'OPTIONS',
  route: '/api/v2/agents/active',
  status: 204,
  durationMs: 1
}
[ops] {
  event: 'security.app_check_rejected',
  ts: '2026-09-09T09:20:39.098Z',
  reason: 'missing_token',
  mode: 'monitor',
  route: '/api/v2/agents/active'
}
[ops] {
  event: 'http_request',
  ts: '2026-09-09T09:20:39.826Z',
  requestId: '8951f0eb-997f-44a4-8615-ac897dafeb9a',
  method: 'GET',
  route: '/api/v2/agents/active',
  status: 200,
  durationMs: 728
}
[ops] {
  event: 'http_request',
  ts: '2026-09-09T09:20:40.312Z',
  requestId: '90b994e0-a21f-4256-b8df-b6d589b78d48',
  method: 'OPTIONS',
  route: '/api/studio/status',
  status: 204,
  durationMs: 1
}
[ops] {
  event: 'security.app_check_rejected',
  ts: '2026-09-09T09:20:40.314Z',
  reason: 'missing_token',
  mode: 'monitor',
  route: '/api/studio/status'
}
[ops] {
  event: 'http_request',
  ts: '2026-09-09T09:20:40.316Z',
  requestId: 'dc92ef2f-3c20-459a-ad8f-74b4275056eb',
  method: 'GET',
  route: '/api/studio/status',
  status: 200,
  durationMs: 2
}
[ops] {
  event: 'http_request',
  ts: '2026-09-09T09:20:40.317Z',
  requestId: '1f83f731-731a-41c6-b369-262ee0144d6f',
  method: 'OPTIONS',
  route: '/api/studio/mcp/status',
  status: 204,
  durationMs: 1
}
[ops] {
  event: 'security.app_check_rejected',
  ts: '2026-09-09T09:20:40.318Z',
  reason: 'missing_token',
  mode: 'monitor',
  route: '/api/studio/mcp/status'
}
[ops] {
  event: 'http_request',
  ts: '2026-09-09T09:20:40.829Z',
  requestId: '6a312597-a88e-486c-9751-8c75b49e72a4',
  method: 'GET',
  route: '/api/studio/mcp/status',
  status: 200,
  durationMs: 512
}
[ops] {
  event: 'http_request',
  ts: '2026-09-09T09:20:42.627Z',
  requestId: '46c797e5-4a35-42d7-a8ef-9edcfff9bbc1',
  method: 'OPTIONS',
  route: '/api/v2/agents/active',
  status: 204,
  durationMs: 0
}
[ops] {
  event: 'security.app_check_rejected',
  ts: '2026-09-09T09:20:42.628Z',
  reason: 'missing_token',
  mode: 'monitor',
  route: '/api/v2/agents/active'
}
[ops] {
  event: 'http_request',
  ts: '2026-09-09T09:20:42.718Z',
  requestId: '1396b37f-94b5-42f6-8d42-2b1c37fe8b4e',
  method: 'OPTIONS',
  route: '/api/v2/agents/active',
  status: 204,
  durationMs: 1
}
[ops] {
  event: 'security.app_check_rejected',
  ts: '2026-09-09T09:20:42.721Z',
  reason: 'missing_token',
  mode: 'monitor',
  route: '/api/v2/agents/active'
}
[ops] {
  event: 'http_request',
  ts: '2026-09-09T09:20:42.860Z',
  requestId: '6b99dbca-cb55-425f-bfca-9c1bef9f97ec',
  method: 'OPTIONS',
  route: '/api/v2/agents/active',
  status: 204,
  durationMs: 0
}
[ops] {
  event: 'security.app_check_rejected',
  ts: '2026-09-09T09:20:42.861Z',
  reason: 'missing_token',
  mode: 'monitor',
  route: '/api/v2/agents/active'
}
[ops] {
  event: 'http_request',
  ts: '2026-09-09T09:20:43.521Z',
  requestId: '58ee5487-a9a6-4e65-990c-1fe20ae85b5e',
  method: 'GET',
  route: '/api/v2/agents/active',
  status: 200,
  durationMs: 893
}
[ops] {
  event: 'http_request',
  ts: '2026-09-09T09:20:43.531Z',
  requestId: '713fefa4-8875-4105-91c7-e8ae9ec9fb9f',
  method: 'GET',
  route: '/api/v2/agents/active',
  status: 200,
  durationMs: 810
}
[ops] {
  event: 'http_request',
  ts: '2026-09-09T09:20:43.605Z',
  requestId: 'e94175ee-a59b-40c1-a1fa-3d414193bd28',
  method: 'GET',
  route: '/api/v2/agents/active',
  status: 200,
  durationMs: 744
}
[ops] {
  event: 'http_request',
  ts: '2026-09-09T09:20:48.788Z',
  requestId: '59371ab0-fd12-4046-b8e3-a42fc4205299',
  method: 'OPTIONS',
  route: '/api/v2/agents/active',
  status: 204,
  durationMs: 0
}
[ops] {
  event: 'security.app_check_rejected',
  ts: '2026-09-09T09:20:49.098Z',
  reason: 'missing_token',
  mode: 'monitor',
  route: '/api/v2/agents/active'
}
[ops] {
  event: 'http_request',
  ts: '2026-09-09T09:20:49.317Z',
  requestId: '30b364d6-8525-472d-b03e-c20811b9860a',
  method: 'GET',
  route: '/api/v2/events',
  status: 200,
  durationMs: 21596
}
[ops] {
  event: 'http_request',
  ts: '2026-09-09T09:20:49.808Z',
  requestId: '1a4f4213-7636-4ea3-91d7-a38947396243',
  method: 'GET',
  route: '/api/v2/agents/active',
  status: 200,
  durationMs: 712
}
[ops] {
  event: 'http_request',
  ts: '2026-09-09T09:20:50.138Z',
  requestId: 'bc7d06f5-26b8-4850-879d-7099ebd6ed2d',
  method: 'OPTIONS',
  route: '/api/studio/status',
  status: 204,
  durationMs: 0
}
[ops] {
  event: 'http_request',
  ts: '2026-09-09T09:20:50.138Z',
  requestId: 'cda12007-61a3-45bc-9f53-95219538196b',
  method: 'OPTIONS',
  route: '/api/studio/mcp/status',
  status: 204,
  durationMs: 0
}
[ops] {
  event: 'security.app_check_rejected',
  ts: '2026-09-09T09:20:50.140Z',
  reason: 'missing_token',
  mode: 'monitor',
  route: '/api/studio/status'
}
[ops] {
  event: 'http_request',
  ts: '2026-09-09T09:20:50.225Z',
  requestId: 'd61f3abd-980c-4888-b8cd-4dd342a9346b',
  method: 'OPTIONS',
  route: '/api/v2/events',
  status: 204,
  durationMs: 0
}
[ops] {
  event: 'http_request',
  ts: '2026-09-09T09:20:50.370Z',
  requestId: '9001b198-d419-40c6-b846-970b98e8d99e',
  method: 'GET',
  route: '/api/v2/events',
  status: 200,
  durationMs: 21268
}
[ops] {
  event: 'security.app_check_rejected',
  ts: '2026-09-09T09:20:50.447Z',
  reason: 'missing_token',
  mode: 'monitor',
  route: '/api/studio/mcp/status'
}
[ops] {
  event: 'security.app_check_rejected',
  ts: '2026-09-09T09:20:50.530Z',
  reason: 'missing_token',
  mode: 'monitor',
  route: '/api/v2/events'
}
[ops] {
  event: 'http_request',
  ts: '2026-09-09T09:20:51.290Z',
  requestId: 'a4e2f328-f64a-4242-ad45-c148a95ec744',
  method: 'OPTIONS',
  route: '/api/v2/events',
  status: 204,
  durationMs: 1
}
[ops] {
  event: 'security.app_check_rejected',
  ts: '2026-09-09T09:20:51.292Z',
  reason: 'missing_token',
  mode: 'monitor',
  route: '/api/v2/events'
}
[ops] {
  event: 'http_request',
  ts: '2026-09-09T09:20:51.422Z',
  requestId: '96198c35-1f5d-410d-b655-463f1659425f',
  method: 'GET',
  route: '/api/studio/mcp/status',
  status: 200,
  durationMs: 975
}
[ops] {
  event: 'http_request',
  ts: '2026-09-09T09:20:52.169Z',
  requestId: '7e2ffdd0-d7a4-45bc-843b-c610b81a5627',
  method: 'GET',
  route: '/api/studio/status',
  status: 200,
  durationMs: 2029
}
[ops] {
  event: 'http_request',
  ts: '2026-09-09T09:20:52.627Z',
  requestId: '7f671105-a04c-4b6b-b6be-dbb4b421ba77',
  method: 'OPTIONS',
  route: '/api/v2/agents/active',
  status: 204,
  durationMs: 1
}
[ops] {
  event: 'security.app_check_rejected',
  ts: '2026-09-09T09:20:52.632Z',
  reason: 'missing_token',
  mode: 'monitor',
  route: '/api/v2/agents/active'
}
[ops] {
  event: 'http_request',
  ts: '2026-09-09T09:20:52.719Z',
  requestId: 'ab80f8cf-cfe9-4888-a9ed-ec1cc8f4297d',
  method: 'OPTIONS',
  route: '/api/v2/agents/active',
  status: 204,
  durationMs: 0
}
[ops] {
  event: 'security.app_check_rejected',
  ts: '2026-09-09T09:20:52.721Z',
  reason: 'missing_token',
  mode: 'monitor',
  route: '/api/v2/agents/active'
}
[ops] {
  event: 'http_request',
  ts: '2026-09-09T09:20:52.856Z',
  requestId: '7e5b4606-d7a4-416a-9b9d-2b0df015ffc2',
  method: 'OPTIONS',
  route: '/api/v2/agents/active',
  status: 204,
  durationMs: 1
}
[ops] {
  event: 'security.app_check_rejected',
  ts: '2026-09-09T09:20:53.165Z',
  reason: 'missing_token',
  mode: 'monitor',
  route: '/api/v2/agents/active'
}
[ops] {
  event: 'http_request',
  ts: '2026-09-09T09:20:53.868Z',
  requestId: 'c56f3cf7-7c1a-49d6-8d89-998e8a8c4bee',
  method: 'GET',
  route: '/api/v2/events',
  status: 200,
  durationMs: 18509
}
[ops] {
  event: 'http_request',
  ts: '2026-09-09T09:20:54.063Z',
  requestId: '33854229-8ee0-405e-a2dd-391c4de1661d',
  method: 'GET',
  route: '/api/v2/agents/active',
  status: 200,
  durationMs: 1431
}
[ops] {
  event: 'http_request',
  ts: '2026-09-09T09:20:54.156Z',
  requestId: '16c8c257-79af-40b6-a252-3bd6ce30a1b1',
  method: 'GET',
  route: '/api/v2/agents/active',
  status: 200,
  durationMs: 1436
}
[ops] {
  event: 'http_request',
  ts: '2026-09-09T09:20:54.675Z',
  requestId: '5b9e12ac-adc4-4d0a-9e43-2dd0e6caa4ae',
  method: 'GET',
  route: '/api/v2/agents/active',
  status: 200,
  durationMs: 1510
}
[ops] {
  event: 'http_request',
  ts: '2026-09-09T09:20:55.352Z',
  requestId: '240e9d03-467d-49ee-8fd3-84849c1deefb',
  method: 'OPTIONS',
  route: '/api/v2/events',
  status: 204,
  durationMs: 0
}
[ops] {
  event: 'security.app_check_rejected',
  ts: '2026-09-09T09:20:55.353Z',
  reason: 'missing_token',
  mode: 'monitor',
  route: '/api/v2/events'
}
[ops] {
  event: 'http_request',
  ts: '2026-09-09T09:20:59.095Z',
  requestId: '104fa642-05e3-4f49-9b8e-12eaeb5fc206',
  method: 'OPTIONS',
  route: '/api/v2/agents/active',
  status: 204,
  durationMs: 0
}
[ops] {
  event: 'security.app_check_rejected',
  ts: '2026-09-09T09:20:59.404Z',
  reason: 'missing_token',
  mode: 'monitor',
  route: '/api/v2/agents/active'
}
[ops] {
  event: 'http_request',
  ts: '2026-09-09T09:21:00.610Z',
  requestId: '227937cd-d522-4e12-b842-6cc77ed27712',
  method: 'GET',
  route: '/api/v2/events',
  status: 200,
  durationMs: 27705
}
[ops] {
  event: 'http_request',
  ts: '2026-09-09T09:21:01.673Z',
  requestId: '9e54fad0-a027-436f-892c-aa13f39df624',
  method: 'GET',
  route: '/api/v2/agents/active',
  status: 200,
  durationMs: 2270
}
[ops] {
  event: 'http_request',
  ts: '2026-09-09T09:21:02.933Z',
  requestId: 'fb76b8c2-0834-4cda-97bc-e79be092b0d8',
  method: 'OPTIONS',
  route: '/api/v2/agents/active',
  status: 204,
  durationMs: 0
}
[ops] {
  event: 'http_request',
  ts: '2026-09-09T09:21:02.934Z',
  requestId: '47597eb1-214b-4413-be3c-5ffed4af2687',
  method: 'OPTIONS',
  route: '/api/v2/events',
  status: 204,
  durationMs: 0
}
[ops] {
  event: 'security.app_check_rejected',
  ts: '2026-09-09T09:21:02.935Z',
  reason: 'missing_token',
  mode: 'monitor',
  route: '/api/v2/agents/active'
}
[ops] {
  event: 'http_request',
  ts: '2026-09-09T09:21:02.936Z',
  requestId: 'dc31b47a-166b-4e5f-9070-f9462d3fab74',
  method: 'OPTIONS',
  route: '/api/v2/agents/active',
  status: 204,
  durationMs: 0
}
[ops] {
  event: 'http_request',
  ts: '2026-09-09T09:21:02.937Z',
  requestId: '46d85f82-5590-4cd0-bf44-0cd715f12b48',
  method: 'OPTIONS',
  route: '/api/v2/agents/active',
  status: 204,
  durationMs: 0
}
[ops] {
  event: 'security.app_check_rejected',
  ts: '2026-09-09T09:21:03.244Z',
  reason: 'missing_token',
  mode: 'monitor',
  route: '/api/v2/events'
}
[ops] {
  event: 'security.app_check_rejected',
  ts: '2026-09-09T09:21:03.245Z',
  reason: 'missing_token',
  mode: 'monitor',
  route: '/api/v2/agents/active'
}
[ops] {
  event: 'security.app_check_rejected',
  ts: '2026-09-09T09:21:03.247Z',
  reason: 'missing_token',
  mode: 'monitor',
  route: '/api/v2/agents/active'
}
[ops] {
  event: 'http_request',
  ts: '2026-09-09T09:21:03.635Z',
  requestId: '5edba849-ba0d-49fd-affa-ad2d0abda070',
  method: 'OPTIONS',
  route: '/api/studio/status',
  status: 204,
  durationMs: 0
}
[ops] {
  event: 'http_request',
  ts: '2026-09-09T09:21:03.636Z',
  requestId: '86d46a83-4f39-40fd-884d-9cd4da93bce6',
  method: 'OPTIONS',
  route: '/api/studio/mcp/status',
  status: 204,
  durationMs: 0
}
[ops] {
  event: 'http_request',
  ts: '2026-09-09T09:21:04.655Z',
  requestId: 'e7a4441a-7fb4-4ec2-9b27-42ecf2e40f14',
  method: 'GET',
  route: '/api/v2/agents/active',
  status: 200,
  durationMs: 1720
}
[ops] {
  event: 'security.app_check_rejected',
  ts: '2026-09-09T09:21:04.656Z',
  reason: 'missing_token',
  mode: 'monitor',
  route: '/api/studio/status'
}
[ops] {
  event: 'http_request',
  ts: '2026-09-09T09:21:04.691Z',
  requestId: '8a31acba-9875-40db-84c5-90a235854d46',
  method: 'GET',
  route: '/api/v2/agents/active',
  status: 200,
  durationMs: 1446
}
[ops] {
  event: 'security.app_check_rejected',
  ts: '2026-09-09T09:21:04.693Z',
  reason: 'missing_token',
  mode: 'monitor',
  route: '/api/studio/mcp/status'
}
[ops] {
  event: 'http_request',
  ts: '2026-09-09T09:21:04.716Z',
  requestId: 'ea9ee2e0-b0b6-43ca-a343-2ac14728b1db',
  method: 'GET',
  route: '/api/v2/agents/active',
  status: 200,
  durationMs: 1469
}
[ops] {
  event: 'http_request',
  ts: '2026-09-09T09:21:05.140Z',
  requestId: '03ac8163-a475-45a5-b0c2-34d61c151374',
  method: 'GET',
  route: '/api/studio/mcp/status',
  status: 200,
  durationMs: 447
}
[ops] {
  event: 'http_request',
  ts: '2026-09-09T09:21:05.917Z',
  requestId: '822a4360-3ca9-4636-956e-21474526e858',
  method: 'GET',
  route: '/api/studio/status',
  status: 200,
  durationMs: 1261
}
[ops] {
  event: 'http_request',
  ts: '2026-09-09T09:21:07.572Z',
  requestId: 'e5f14db4-fdad-4f9f-b154-d56610e47183',
  method: 'GET',
  route: '/api/v2/events',
  status: 200,
  durationMs: 17042
}
[ops] {
  event: 'http_request',
  ts: '2026-09-09T09:21:07.727Z',
  requestId: '2af43a1f-8f6d-4771-9395-851c9b71f136',
  method: 'OPTIONS',
  route: '/api/v2/events',
  status: 204,
  durationMs: 0
}
[ops] {
  event: 'security.app_check_rejected',
  ts: '2026-09-09T09:21:07.729Z',
  reason: 'missing_token',
  mode: 'monitor',
  route: '/api/v2/events'
}
[ops] {
  event: 'http_request',
  ts: '2026-09-09T09:21:08.193Z',
  requestId: '515642b1-4ef6-4da0-bf91-fec4eec7a80a',
  method: 'OPTIONS',
  route: '/api/studio/status',
  status: 204,
  durationMs: 1
}
[ops] {
  event: 'http_request',
  ts: '2026-09-09T09:21:08.195Z',
  requestId: 'd169096a-46e8-4255-b8cb-4583d3f7b803',
  method: 'OPTIONS',
  route: '/api/studio/mcp/status',
  status: 204,
  durationMs: 1
}
[ops] {
  event: 'security.app_check_rejected',
  ts: '2026-09-09T09:21:08.196Z',
  reason: 'missing_token',
  mode: 'monitor',
  route: '/api/studio/status'
}
[ops] {
  event: 'http_request',
  ts: '2026-09-09T09:21:08.198Z',
  requestId: 'eb703b8f-d6c3-4e1a-8e9c-bd0731c13776',
  method: 'GET',
  route: '/api/studio/status',
  status: 200,
  durationMs: 2
}
[ops] {
  event: 'security.app_check_rejected',
  ts: '2026-09-09T09:21:08.198Z',
  reason: 'missing_token',
  mode: 'monitor',
  route: '/api/studio/mcp/status'
}
[ops] {
  event: 'http_request',
  ts: '2026-09-09T09:21:08.622Z',
  requestId: 'd6997cf0-d41d-463c-aee2-813032faa3af',
  method: 'GET',
  route: '/api/studio/mcp/status',
  status: 200,
  durationMs: 424
}
[ops] {
  event: 'http_request',
  ts: '2026-09-09T09:21:08.798Z',
  requestId: '39a74334-8154-48c9-a579-c25ec640e418',
  method: 'OPTIONS',
  route: '/api/v2/agents/active',
  status: 204,
  durationMs: 1
}
[ops] {
  event: 'security.app_check_rejected',
  ts: '2026-09-09T09:21:09.105Z',
  reason: 'missing_token',
  mode: 'monitor',
  route: '/api/v2/agents/active'
}
[ops] {
  event: 'http_request',
  ts: '2026-09-09T09:21:09.904Z',
  requestId: '6086169f-1fd8-4ee7-bad3-5e3be04a4d67',
  method: 'GET',
  route: '/api/v2/agents/active',
  status: 200,
  durationMs: 799
}
[ops] {
  event: 'http_request',
  ts: '2026-09-09T09:21:10.846Z',
  requestId: '9f2c6767-95fd-49e2-b479-f1fb3c1195ea',
  method: 'OPTIONS',
  route: '/api/studio/status',
  status: 204,
  durationMs: 1
}
[ops] {
  event: 'security.app_check_rejected',
  ts: '2026-09-09T09:21:10.849Z',
  reason: 'missing_token',
  mode: 'monitor',
  route: '/api/studio/status'
}
[ops] {
  event: 'http_request',
  ts: '2026-09-09T09:21:10.852Z',
  requestId: 'c7d9fbb9-fd4c-4479-9a05-ea544524bf88',
  method: 'GET',
  route: '/api/studio/status',
  status: 200,
  durationMs: 4
}
[ops] {
  event: 'http_request',
  ts: '2026-09-09T09:21:10.853Z',
  requestId: 'bcc8dcf0-582f-4bb8-9bbf-801b769a475f',
  method: 'OPTIONS',
  route: '/api/studio/mcp/status',
  status: 204,
  durationMs: 0
}
[ops] {
  event: 'security.app_check_rejected',
  ts: '2026-09-09T09:21:10.854Z',
  reason: 'missing_token',
  mode: 'monitor',
  route: '/api/studio/mcp/status'
}
[ops] {
  event: 'http_request',
  ts: '2026-09-09T09:21:11.337Z',
  requestId: '7a58bcc6-a6ee-48e6-b933-2bd3ddfbac20',
  method: 'GET',
  route: '/api/studio/mcp/status',
  status: 200,
  durationMs: 483
}
[ops] {
  event: 'http_request',
  ts: '2026-09-09T09:21:12.634Z',
  requestId: '423f2103-025e-46de-abb1-3e7ef6736a5b',
  method: 'OPTIONS',
  route: '/api/v2/agents/active',
  status: 204,
  durationMs: 1
}
[ops] {
  event: 'security.app_check_rejected',
  ts: '2026-09-09T09:21:12.637Z',
  reason: 'missing_token',
  mode: 'monitor',
  route: '/api/v2/agents/active'
}
[ops] {
  event: 'http_request',
  ts: '2026-09-09T09:21:12.721Z',
  requestId: '29da72ac-a6a3-458d-ba5a-5919fcbb8dff',
  method: 'OPTIONS',
  route: '/api/v2/agents/active',
  status: 204,
  durationMs: 1
}
[ops] {
  event: 'security.app_check_rejected',
  ts: '2026-09-09T09:21:12.724Z',
  reason: 'missing_token',
  mode: 'monitor',
  route: '/api/v2/agents/active'
}
[ops] {
  event: 'http_request',
  ts: '2026-09-09T09:21:12.863Z',
  requestId: '3843f27a-8340-4b00-a902-118a1f1b4227',
  method: 'OPTIONS',
  route: '/api/v2/agents/active',
  status: 204,
  durationMs: 1
}
[ops] {
  event: 'security.app_check_rejected',
  ts: '2026-09-09T09:21:13.178Z',
  reason: 'missing_token',
  mode: 'monitor',
  route: '/api/v2/agents/active'
}
[ops] {
  event: 'http_request',
  ts: '2026-09-09T09:21:13.380Z',
  requestId: '8c52f4b0-d282-4460-9bd4-41497434717e',
  method: 'GET',
  route: '/api/v2/agents/active',
  status: 200,
  durationMs: 744
}
[ops] {
  event: 'http_request',
  ts: '2026-09-09T09:21:13.575Z',
  requestId: '9d2b9e42-adae-4bc6-92e3-b7cf7dd49f6f',
  method: 'GET',
  route: '/api/v2/agents/active',
  status: 200,
  durationMs: 852
}
[ops] {
  event: 'http_request',
  ts: '2026-09-09T09:21:14.048Z',
  requestId: 'f884f32f-2db6-4e2d-8765-e4b05c161981',
  method: 'GET',
  route: '/api/v2/agents/active',
  status: 200,
  durationMs: 870
}
[ops] {
  event: 'http_request',
  ts: '2026-09-09T09:21:14.408Z',
  requestId: '5c79bd72-b46f-4b56-a7bb-37cfdcbc47e5',
  method: 'OPTIONS',
  route: '/api/billing/timezone',
  status: 204,
  durationMs: 1
}
[ops] {
  event: 'http_request',
  ts: '2026-09-09T09:21:14.410Z',
  requestId: '7ba5e680-8120-420f-aac4-efd08c86049a',
  method: 'OPTIONS',
  route: '/api/roblox/oauth/status',
  status: 204,
  durationMs: 1
}
[ops] {
  event: 'security.app_check_rejected',
  ts: '2026-09-09T09:21:14.416Z',
  reason: 'missing_token',
  mode: 'monitor',
  route: '/api/billing/timezone'
}
[ops] {
  event: 'http_request',
  ts: '2026-09-09T09:21:14.424Z',
  requestId: '79425302-82d3-44ec-b9e4-b4ae6aaa6a11',
  method: 'POST',
  route: '/api/billing/timezone',
  status: 200,
  durationMs: 14
}
[ops] {
  event: 'security.app_check_rejected',
  ts: '2026-09-09T09:21:14.426Z',
  reason: 'missing_token',
  mode: 'monitor',
  route: '/api/roblox/oauth/status'
}
[ops] {
  event: 'http_request',
  ts: '2026-09-09T09:21:14.429Z',
  requestId: '05a3494a-6fcb-4629-b6f3-e66bb7dc962a',
  method: 'OPTIONS',
  route: '/api/billing/entitlements',
  status: 204,
  durationMs: 1
}
[ops] {
  event: 'http_request',
  ts: '2026-09-09T09:21:14.431Z',
  requestId: '9e8cea96-5aa5-45ec-badb-06989a22cd23',
  method: 'OPTIONS',
  route: '/api/billing/timezone',
  status: 204,
  durationMs: 1
}
[ops] {
  event: 'http_request',
  ts: '2026-09-09T09:21:14.432Z',
  requestId: '543673b9-c7c0-4153-9134-8e95727b0a1b',
  method: 'OPTIONS',
  route: '/api/user/settings',
  status: 204,
  durationMs: 1
}
[ops] {
  event: 'http_request',
  ts: '2026-09-09T09:21:14.433Z',
  requestId: 'db4e7006-f7e9-443a-b781-27093617647c',
  method: 'OPTIONS',
  route: '/api/roblox/oauth/status',
  status: 204,
  durationMs: 1
}
[ops] {
  event: 'security.app_check_rejected',
  ts: '2026-09-09T09:21:14.436Z',
  reason: 'missing_token',
  mode: 'monitor',
  route: '/api/billing/entitlements'
}
[ops] {
  event: 'http_request',
  ts: '2026-09-09T09:21:14.438Z',
  requestId: '305a76ee-d907-4329-97eb-c90711bdae5a',
  method: 'GET',
  route: '/api/billing/entitlements',
  status: 200,
  durationMs: 3
}
[ops] {
  event: 'http_request',
  ts: '2026-09-09T09:21:14.442Z',
  requestId: 'a79c269c-6d1b-428d-b35d-504e0aa58e9c',
  method: 'OPTIONS',
  route: '/api/billing/entitlements',
  status: 204,
  durationMs: 1
}
[ops] {
  event: 'security.app_check_rejected',
  ts: '2026-09-09T09:21:14.444Z',
  reason: 'missing_token',
  mode: 'monitor',
  route: '/api/billing/timezone'
}
[ops] {
  event: 'http_request',
  ts: '2026-09-09T09:21:14.450Z',
  requestId: '9c4987b1-8a7f-4388-ad6c-f9d0577c059b',
  method: 'POST',
  route: '/api/billing/timezone',
  status: 200,
  durationMs: 8
}
[ops] {
  event: 'security.app_check_rejected',
  ts: '2026-09-09T09:21:14.451Z',
  reason: 'missing_token',
  mode: 'monitor',
  route: '/api/billing/entitlements'
}
[ops] {
  event: 'http_request',
  ts: '2026-09-09T09:21:14.453Z',
  requestId: 'cb98cbd9-d099-4cbc-96f0-5f25442fee35',
  method: 'GET',
  route: '/api/billing/entitlements',
  status: 200,
  durationMs: 2
}
[ops] {
  event: 'http_request',
  ts: '2026-09-09T09:21:14.455Z',
  requestId: '80a26423-cb20-41cd-9818-19b5826e96a9',
  method: 'OPTIONS',
  route: '/api/roblox/oauth/status',
  status: 204,
  durationMs: 1
}
[ops] {
  event: 'security.app_check_rejected',
  ts: '2026-09-09T09:21:14.456Z',
  reason: 'missing_token',
  mode: 'monitor',
  route: '/api/user/settings'
}
[ops] {
  event: 'security.app_check_rejected',
  ts: '2026-09-09T09:21:14.458Z',
  reason: 'missing_token',
  mode: 'monitor',
  route: '/api/roblox/oauth/status'
}
[ops] {
  event: 'security.app_check_rejected',
  ts: '2026-09-09T09:21:14.462Z',
  reason: 'missing_token',
  mode: 'monitor',
  route: '/api/roblox/oauth/status'
}
[ops] {
  event: 'http_request',
  ts: '2026-09-09T09:21:14.502Z',
  requestId: '2b6f9a7d-0fd0-460b-aa9a-ea188ff88957',
  method: 'OPTIONS',
  route: '/api/roblox/oauth/status',
  status: 204,
  durationMs: 1
}
[ops] {
  event: 'http_request',
  ts: '2026-09-09T09:21:14.503Z',
  requestId: 'ff9c280b-bdd6-45d0-9cb8-e826d2b4b9c6',
  method: 'OPTIONS',
  route: '/api/billing/entitlements',
  status: 204,
  durationMs: 1
}
[ops] {
  event: 'http_request',
  ts: '2026-09-09T09:21:14.615Z',
  requestId: '47afe943-a586-4771-b866-e8f5e74f3c64',
  method: 'OPTIONS',
  route: '/api/roblox/oauth/status',
  status: 204,
  durationMs: 0
}
[ops] {
  event: 'http_request',
  ts: '2026-09-09T09:21:14.616Z',
  requestId: '5f7ee038-5039-44a5-8b2e-3eb225d2f6cf',
  method: 'OPTIONS',
  route: '/api/billing/entitlements',
  status: 204,
  durationMs: 0
}
[ops] {
  event: 'http_request',
  ts: '2026-09-09T09:21:14.658Z',
  requestId: '2cfc284a-17de-402b-8ada-c3bdee445cb4',
  method: 'GET',
  route: '/api/roblox/oauth/status',
  status: 200,
  durationMs: 232
}
[ops] {
  event: 'http_request',
  ts: '2026-09-09T09:21:14.658Z',
  requestId: '4aec7dec-feb6-4ea7-8c40-8ad0d8444a4d',
  method: 'GET',
  route: '/api/roblox/oauth/status',
  status: 200,
  durationMs: 200
}
[ops] {
  event: 'http_request',
  ts: '2026-09-09T09:21:14.658Z',
  requestId: '0cce35ef-f20d-4ac7-816d-9888a49d7b50',
  method: 'GET',
  route: '/api/roblox/oauth/status',
  status: 200,
  durationMs: 197
}
[ops] {
  event: 'security.app_check_rejected',
  ts: '2026-09-09T09:21:14.659Z',
  reason: 'missing_token',
  mode: 'monitor',
  route: '/api/roblox/oauth/status'
}
[ops] {
  event: 'http_request',
  ts: '2026-09-09T09:21:14.661Z',
  requestId: '9efa88b4-35d9-41a3-af28-e3209b315814',
  method: 'GET',
  route: '/api/roblox/oauth/status',
  status: 200,
  durationMs: 2
}
[ops] {
  event: 'security.app_check_rejected',
  ts: '2026-09-09T09:21:14.662Z',
  reason: 'missing_token',
  mode: 'monitor',
  route: '/api/billing/entitlements'
}
[ops] {
  event: 'http_request',
  ts: '2026-09-09T09:21:14.664Z',
  requestId: 'af7b0801-14af-46f8-9a65-38a1b706b99a',
  method: 'GET',
  route: '/api/billing/entitlements',
  status: 200,
  durationMs: 2
}
[ops] {
  event: 'security.app_check_rejected',
  ts: '2026-09-09T09:21:14.664Z',
  reason: 'missing_token',
  mode: 'monitor',
  route: '/api/roblox/oauth/status'
}
[ops] {
  event: 'http_request',
  ts: '2026-09-09T09:21:14.666Z',
  requestId: '5feb0fb7-58c4-4b60-8452-93f8c3206995',
  method: 'GET',
  route: '/api/roblox/oauth/status',
  status: 200,
  durationMs: 2
}
[ops] {
  event: 'security.app_check_rejected',
  ts: '2026-09-09T09:21:14.666Z',
  reason: 'missing_token',
  mode: 'monitor',
  route: '/api/billing/entitlements'
}
[ops] {
  event: 'http_request',
  ts: '2026-09-09T09:21:14.668Z',
  requestId: '6fd945c8-aebf-42bc-a8ec-0d127083fd1e',
  method: 'GET',
  route: '/api/billing/entitlements',
  status: 200,
  durationMs: 2
}
[ops] {
  event: 'http_request',
  ts: '2026-09-09T09:21:14.691Z',
  requestId: '03aa6118-eed0-4a90-b75d-a1d1cb9eaf43',
  method: 'GET',
  route: '/api/user/settings',
  status: 200,
  durationMs: 235
}
[ops] {
  event: 'security.app_check_rejected',
  ts: '2026-09-09T09:21:14.692Z',
  reason: 'missing_token',
  mode: 'monitor',
  route: '/api/user/settings'
}
[ops] {
  event: 'security.app_check_rejected',
  ts: '2026-09-09T09:21:14.769Z',
  reason: 'missing_token',
  mode: 'monitor',
  route: '/api/models'
}
[ops] {
  event: 'http_request',
  ts: '2026-09-09T09:21:14.784Z',
  requestId: '23287191-5496-4b4a-88ff-34e1b4f9606f',
  method: 'GET',
  route: '/api/models/',
  status: 200,
  durationMs: 16
}
[ops] {
  event: 'http_request',
  ts: '2026-09-09T09:21:14.785Z',
  requestId: '0336fe84-7cd3-4943-aff0-790a63110899',
  method: 'OPTIONS',
  route: '/api/:id/:id',
  status: 204,
  durationMs: 1
}
[ops] {
  event: 'http_request',
  ts: '2026-09-09T09:21:14.786Z',
  requestId: '4b974f63-c444-41cd-b291-336351183bfa',
  method: 'OPTIONS',
  route: '/api/roblox/oauth/status',
  status: 204,
  durationMs: 1
}
[ops] {
  event: 'http_request',
  ts: '2026-09-09T09:21:14.787Z',
  requestId: 'f051e003-a230-4ae8-a45f-30d4230bf2b9',
  method: 'OPTIONS',
  route: '/api/:id/:id',
  status: 204,
  durationMs: 0
}
[ops] {
  event: 'security.app_check_rejected',
  ts: '2026-09-09T09:21:14.788Z',
  reason: 'missing_token',
  mode: 'monitor',
  route: '/api/project-bindings/launch_6d8804b8-4f32-4869-a916-9be2eee2d44f'
}
[ops] {
  event: 'security.app_check_rejected',
  ts: '2026-09-09T09:21:14.791Z',
  reason: 'missing_token',
  mode: 'monitor',
  route: '/api/roblox/oauth/status'
}
[ops] {
  event: 'http_request',
  ts: '2026-09-09T09:21:14.795Z',
  requestId: '680eee60-f036-4073-a84e-3f7f43ed6ff1',
  method: 'GET',
  route: '/api/roblox/oauth/status',
  status: 200,
  durationMs: 4
}
[ops] {
  event: 'security.app_check_rejected',
  ts: '2026-09-09T09:21:14.796Z',
  reason: 'missing_token',
  mode: 'monitor',
  route: '/api/project-bindings/launch_6d8804b8-4f32-4869-a916-9be2eee2d44f'
}
[ops] {
  event: 'security.app_check_rejected',
  ts: '2026-09-09T09:21:14.807Z',
  reason: 'missing_token',
  mode: 'monitor',
  route: '/api/models'
}
[ops] {
  event: 'http_request',
  ts: '2026-09-09T09:21:14.824Z',
  requestId: '2d541d55-8fd9-4f7c-9d24-565a1b7ebae3',
  method: 'GET',
  route: '/api/models/',
  status: 200,
  durationMs: 17
}
[ops] {
  event: 'http_request',
  ts: '2026-09-09T09:21:14.826Z',
  requestId: '0a070e70-3cd7-44dc-b7f6-aaff57b8c2f2',
  method: 'OPTIONS',
  route: '/api/:id/:id',
  status: 204,
  durationMs: 1
}
[ops] {
  event: 'http_request',
  ts: '2026-09-09T09:21:14.827Z',
  requestId: '2f201d43-1c74-4667-a49e-330fe9b9f14c',
  method: 'OPTIONS',
  route: '/api/roblox/oauth/status',
  status: 204,
  durationMs: 1
}
[ops] {
  event: 'http_request',
  ts: '2026-09-09T09:21:14.828Z',
  requestId: '85a4508a-bfbf-44a2-8467-9f1312e6054f',
  method: 'OPTIONS',
  route: '/api/:id/:id',
  status: 204,
  durationMs: 1
}
[ops] {
  event: 'security.app_check_rejected',
  ts: '2026-09-09T09:21:14.834Z',
  reason: 'missing_token',
  mode: 'monitor',
  route: '/api/project-bindings/launch_6d8804b8-4f32-4869-a916-9be2eee2d44f'
}
[ops] {
  event: 'http_request',
  ts: '2026-09-09T09:21:14.862Z',
  requestId: '870dd4de-5673-4211-a71c-ad5fe33dcd2b',
  method: 'OPTIONS',
  route: '/api/roblox/oauth/status',
  status: 204,
  durationMs: 0
}
[ops] {
  event: 'http_request',
  ts: '2026-09-09T09:21:14.863Z',
  requestId: '167f6ab3-5a36-4329-a6d0-b8c6b4aef0db',
  method: 'OPTIONS',
  route: '/api/billing/entitlements',
  status: 204,
  durationMs: 0
}
[ops] {
  event: 'http_request',
  ts: '2026-09-09T09:21:14.999Z',
  requestId: 'b1e39f07-a571-4804-a874-0f3afbd3b8ac',
  method: 'GET',
  route: '/api/user/settings',
  status: 200,
  durationMs: 307
}
project_resolution {
  requestId: '6d75528a-b3d4-4bcb-aaf8-a34efbf7bd08',
  userHash: '9e7a0952b3e25f3b',
  projectHash: '19824ffde52819c1',
  resolutionState: 'ready',
  failureCode: null
}
[ops] {
  event: 'http_request',
  ts: '2026-09-09T09:21:15.000Z',
  requestId: '6d75528a-b3d4-4bcb-aaf8-a34efbf7bd08',
  method: 'GET',
  route: '/api/project-bindings/:projectId',
  status: 200,
  durationMs: 212
}
[ops] {
  event: 'security.app_check_rejected',
  ts: '2026-09-09T09:21:15.001Z',
  reason: 'missing_token',
  mode: 'monitor',
  route: '/api/user/settings'
}
[ops] {
  event: 'security.app_check_rejected',
  ts: '2026-09-09T09:21:15.004Z',
  reason: 'missing_token',
  mode: 'monitor',
  route: '/api/roblox/oauth/status'
}
[ops] {
  event: 'http_request',
  ts: '2026-09-09T09:21:15.007Z',
  requestId: 'fb810c57-47c1-4075-9080-ed6f27bd27c0',
  method: 'GET',
  route: '/api/roblox/oauth/status',
  status: 200,
  durationMs: 3
}
[ops] {
  event: 'security.app_check_rejected',
  ts: '2026-09-09T09:21:15.008Z',
  reason: 'missing_token',
  mode: 'monitor',
  route: '/api/project-bindings/launch_6d8804b8-4f32-4869-a916-9be2eee2d44f'
}
project_resolution {
  requestId: 'fad65bee-9cf4-470f-b824-dba50414e84b',
  userHash: '9e7a0952b3e25f3b',
  projectHash: '19824ffde52819c1',
  resolutionState: 'ready',
  failureCode: null
}
[ops] {
  event: 'http_request',
  ts: '2026-09-09T09:21:15.065Z',
  requestId: 'fad65bee-9cf4-470f-b824-dba50414e84b',
  method: 'GET',
  route: '/api/project-bindings/:projectId',
  status: 200,
  durationMs: 269
}
[ops] {
  event: 'security.app_check_rejected',
  ts: '2026-09-09T09:21:15.069Z',
  reason: 'missing_token',
  mode: 'monitor',
  route: '/api/roblox/oauth/status'
}
[ops] {
  event: 'http_request',
  ts: '2026-09-09T09:21:15.074Z',
  requestId: '50dc3e23-c457-4f94-a649-6e286f97a71a',
  method: 'GET',
  route: '/api/roblox/oauth/status',
  status: 200,
  durationMs: 5
}
[ops] {
  event: 'security.app_check_rejected',
  ts: '2026-09-09T09:21:15.079Z',
  reason: 'missing_token',
  mode: 'monitor',
  route: '/api/billing/entitlements'
}
[ops] {
  event: 'http_request',
  ts: '2026-09-09T09:21:15.083Z',
  requestId: '61bb1177-a72b-42ac-945b-e4dbef2b17ca',
  method: 'GET',
  route: '/api/billing/entitlements',
  status: 200,
  durationMs: 4
}
project_resolution {
  requestId: '4c06ee6b-751e-4044-944d-c1ad2c68301f',
  userHash: '9e7a0952b3e25f3b',
  projectHash: '19824ffde52819c1',
  resolutionState: 'ready',
  failureCode: null
}
[ops] {
  event: 'http_request',
  ts: '2026-09-09T09:21:15.088Z',
  requestId: '4c06ee6b-751e-4044-944d-c1ad2c68301f',
  method: 'GET',
  route: '/api/project-bindings/:projectId',
  status: 200,
  durationMs: 254
}
[ops] {
  event: 'security.app_check_rejected',
  ts: '2026-09-09T09:21:15.177Z',
  reason: 'missing_token',
  mode: 'monitor',
  route: '/api/models'
}
[ops] {
  event: 'http_request',
  ts: '2026-09-09T09:21:15.197Z',
  requestId: '60a9b31d-a742-4617-bc51-297066c22e03',
  method: 'GET',
  route: '/api/models/',
  status: 200,
  durationMs: 21
}
[ops] {
  event: 'http_request',
  ts: '2026-09-09T09:21:15.199Z',
  requestId: '636ad30d-4c14-4e5c-9ea4-81a40ed8ee56',
  method: 'OPTIONS',
  route: '/api/:id/:id',
  status: 204,
  durationMs: 1
}
[ops] {
  event: 'http_request',
  ts: '2026-09-09T09:21:15.200Z',
  requestId: '405b9a82-0250-4c10-b818-8a21d78bff88',
  method: 'OPTIONS',
  route: '/api/roblox/oauth/status',
  status: 204,
  durationMs: 1
}
[ops] {
  event: 'http_request',
  ts: '2026-09-09T09:21:15.201Z',
  requestId: '83fb0818-fb74-409c-b9c2-ceaf684facea',
  method: 'OPTIONS',
  route: '/api/:id/:id',
  status: 204,
  durationMs: 1
}
[ops] {
  event: 'security.app_check_rejected',
  ts: '2026-09-09T09:21:15.203Z',
  reason: 'missing_token',
  mode: 'monitor',
  route: '/api/project-bindings/launch_6d8804b8-4f32-4869-a916-9be2eee2d44f'
}
[ops] {
  event: 'security.app_check_rejected',
  ts: '2026-09-09T09:21:15.205Z',
  reason: 'missing_token',
  mode: 'monitor',
  route: '/api/roblox/oauth/status'
}
[ops] {
  event: 'http_request',
  ts: '2026-09-09T09:21:15.208Z',
  requestId: 'd4b9c346-a19d-4bd0-9fd3-a3eff3a6737c',
  method: 'GET',
  route: '/api/roblox/oauth/status',
  status: 200,
  durationMs: 3
}
[ops] {
  event: 'security.app_check_rejected',
  ts: '2026-09-09T09:21:15.215Z',
  reason: 'missing_token',
  mode: 'monitor',
  route: '/api/project-bindings/launch_6d8804b8-4f32-4869-a916-9be2eee2d44f'
}
project_resolution {
  requestId: '622df4e8-87e2-4a9a-add3-6beb74c4bf6a',
  userHash: '9e7a0952b3e25f3b',
  projectHash: '19824ffde52819c1',
  resolutionState: 'ready',
  failureCode: null
}
[ops] {
  event: 'http_request',
  ts: '2026-09-09T09:21:15.224Z',
  requestId: '622df4e8-87e2-4a9a-add3-6beb74c4bf6a',
  method: 'GET',
  route: '/api/project-bindings/:projectId',
  status: 200,
  durationMs: 215
}
[ops] {
  event: 'http_request',
  ts: '2026-09-09T09:21:15.239Z',
  requestId: '99ce6d61-6b45-4032-9e33-0ab720ad83e2',
  method: 'GET',
  route: '/api/user/settings',
  status: 200,
  durationMs: 238
}
[ops] {
  event: 'security.app_check_rejected',
  ts: '2026-09-09T09:21:15.240Z',
  reason: 'missing_token',
  mode: 'monitor',
  route: '/api/user/settings'
}
[ops] {
  event: 'http_request',
  ts: '2026-09-09T09:21:15.252Z',
  requestId: '197aa31e-26ec-42a3-ab18-15b8194589e5',
  method: 'OPTIONS',
  route: '/api/:id/:id',
  status: 204,
  durationMs: 1
}
[ops] {
  event: 'http_request',
  ts: '2026-09-09T09:21:15.254Z',
  requestId: '495b1e3a-f369-4ed2-917f-f8a310faeda3',
  method: 'OPTIONS',
  route: '/api/roblox/oauth/status',
  status: 204,
  durationMs: 1
}
[ops] {
  event: 'http_request',
  ts: '2026-09-09T09:21:15.256Z',
  requestId: '50b10a21-ebd8-475a-923c-8122a0ab1153',
  method: 'OPTIONS',
  route: '/api/:id/:id',
  status: 204,
  durationMs: 1
}
[ops] {
  event: 'security.app_check_rejected',
  ts: '2026-09-09T09:21:15.257Z',
  reason: 'missing_token',
  mode: 'monitor',
  route: '/api/project-bindings/launch_6d8804b8-4f32-4869-a916-9be2eee2d44f'
}
[ops] {
  event: 'http_request',
  ts: '2026-09-09T09:21:15.286Z',
  requestId: '22b949e2-bab3-48e7-9e59-0bf55d5790c7',
  method: 'OPTIONS',
  route: '/api/v2/agents/active',
  status: 204,
  durationMs: 1
}
[ops] {
  event: 'http_request',
  ts: '2026-09-09T09:21:15.287Z',
  requestId: '34431608-cf64-4da8-8f79-9bf2f5a273ea',
  method: 'OPTIONS',
  route: '/api/onboarding',
  status: 204,
  durationMs: 0
}
[ops] {
  event: 'http_request',
  ts: '2026-09-09T09:21:15.288Z',
  requestId: '2a316cb9-bb16-4dfe-b78e-3896ffad3f5a',
  method: 'OPTIONS',
  route: '/api/tasks',
  status: 204,
  durationMs: 1
}
[ops] {
  event: 'http_request',
  ts: '2026-09-09T09:21:15.290Z',
  requestId: '8de48bc6-e5b9-4008-a7c5-98052f83f120',
  method: 'OPTIONS',
  route: '/api/:id',
  status: 204,
  durationMs: 1
}
[ops] {
  event: 'http_request',
  ts: '2026-09-09T09:21:15.291Z',
  requestId: 'c39e93a5-6831-48d1-9d9f-c91f75bc738e',
  method: 'OPTIONS',
  route: '/api/user/teams',
  status: 204,
  durationMs: 1
}
[ops] {
  event: 'http_request',
  ts: '2026-09-09T09:21:15.324Z',
  requestId: '4e7e2c3d-acaa-4a99-b05f-5be11724b773',
  method: 'OPTIONS',
  route: '/api/ui-designs/',
  status: 204,
  durationMs: 1
}
[ops] {
  event: 'http_request',
  ts: '2026-09-09T09:21:15.326Z',
  requestId: 'af11ec1a-3b79-4358-86af-e6627635d189',
  method: 'OPTIONS',
  route: '/api/v2/agents/active',
  status: 204,
  durationMs: 1
}
[ops] {
  event: 'http_request',
  ts: '2026-09-09T09:21:15.327Z',
  requestId: '7f47f3eb-58f4-4241-be96-1a768d872a94',
  method: 'OPTIONS',
  route: '/api/onboarding',
  status: 204,
  durationMs: 1
}
[ops] {
  event: 'http_request',
  ts: '2026-09-09T09:21:15.329Z',
  requestId: '25a503f1-3aa7-4cca-b136-f84030d5117b',
  method: 'OPTIONS',
  route: '/api/tasks',
  status: 204,
  durationMs: 1
}
[ops] {
  event: 'http_request',
  ts: '2026-09-09T09:21:15.331Z',
  requestId: 'fe5355d1-f152-4f07-9efa-b637fbb26cb7',
  method: 'OPTIONS',
  route: '/api/:id',
  status: 204,
  durationMs: 0
}
[ops] {
  event: 'http_request',
  ts: '2026-09-09T09:21:15.331Z',
  requestId: '9f3ac67e-110e-4cea-8f41-a3315b063616',
  method: 'OPTIONS',
  route: '/api/user/teams',
  status: 204,
  durationMs: 0
}
project_resolution {
  requestId: 'a7970359-c111-441d-a330-d787b83fc367',
  userHash: '9e7a0952b3e25f3b',
  projectHash: '19824ffde52819c1',
  resolutionState: 'ready',
  failureCode: null
}
[ops] {
  event: 'http_request',
  ts: '2026-09-09T09:21:15.442Z',
  requestId: 'a7970359-c111-441d-a330-d787b83fc367',
  method: 'GET',
  route: '/api/project-bindings/:projectId',
  status: 200,
  durationMs: 240
}
project_resolution {
  requestId: 'd83a5569-dd25-4230-8da6-abeb350d7d60',
  userHash: '9e7a0952b3e25f3b',
  projectHash: '19824ffde52819c1',
  resolutionState: 'ready',
  failureCode: null
}
[ops] {
  event: 'http_request',
  ts: '2026-09-09T09:21:15.444Z',
  requestId: 'd83a5569-dd25-4230-8da6-abeb350d7d60',
  method: 'GET',
  route: '/api/project-bindings/:projectId',
  status: 200,
  durationMs: 230
}
[ops] {
  event: 'security.app_check_rejected',
  ts: '2026-09-09T09:21:15.444Z',
  reason: 'missing_token',
  mode: 'monitor',
  route: '/api/roblox/oauth/status'
}
[ops] {
  event: 'http_request',
  ts: '2026-09-09T09:21:15.447Z',
  requestId: '0677ffd6-8a10-4c88-9d77-2ab743bd02ab',
  method: 'GET',
  route: '/api/roblox/oauth/status',
  status: 200,
  durationMs: 3
}
[ops] {
  event: 'security.app_check_rejected',
  ts: '2026-09-09T09:21:15.448Z',
  reason: 'missing_token',
  mode: 'monitor',
  route: '/api/project-bindings/launch_6d8804b8-4f32-4869-a916-9be2eee2d44f'
}
[ops] {
  event: 'security.app_check_rejected',
  ts: '2026-09-09T09:21:15.451Z',
  reason: 'missing_token',
  mode: 'monitor',
  route: '/api/v2/agents/active'
}
project_resolution {
  requestId: 'a26e27f2-51e6-4d8d-95e3-aff4a93efdf3',
  userHash: '9e7a0952b3e25f3b',
  projectHash: '19824ffde52819c1',
  resolutionState: 'ready',
  failureCode: null
}
[ops] {
  event: 'http_request',
  ts: '2026-09-09T09:21:15.567Z',
  requestId: 'a26e27f2-51e6-4d8d-95e3-aff4a93efdf3',
  method: 'GET',
  route: '/api/project-bindings/:projectId',
  status: 200,
  durationMs: 310
}
[ops] {
  event: 'security.app_check_rejected',
  ts: '2026-09-09T09:21:15.568Z',
  reason: 'missing_token',
  mode: 'monitor',
  route: '/api/onboarding'
}
[ops] {
  event: 'http_request',
  ts: '2026-09-09T09:21:15.606Z',
  requestId: '04363257-64af-4b97-b212-ea9d05e6ea31',
  method: 'OPTIONS',
  route: '/api/ui-designs/',
  status: 204,
  durationMs: 0
}
[ops] {
  event: 'http_request',
  ts: '2026-09-09T09:21:15.607Z',
  requestId: 'e387bacb-e0d9-46d8-97ff-d72130125cf9',
  method: 'OPTIONS',
  route: '/api/v2/agents/active',
  status: 204,
  durationMs: 0
}
[ops] {
  event: 'http_request',
  ts: '2026-09-09T09:21:15.607Z',
  requestId: 'c9296ec6-d019-4f35-9476-88e0de9c5389',
  method: 'OPTIONS',
  route: '/api/onboarding',
  status: 204,
  durationMs: 0
}
[ops] {
  event: 'http_request',
  ts: '2026-09-09T09:21:15.608Z',
  requestId: '2ea639c7-c4ce-4b75-abd6-aeb7b10d3e0a',
  method: 'OPTIONS',
  route: '/api/tasks',
  status: 204,
  durationMs: 0
}
[ops] {
  event: 'http_request',
  ts: '2026-09-09T09:21:15.610Z',
  requestId: '70c9c722-6bca-4f22-9232-f6374c6eb595',
  method: 'OPTIONS',
  route: '/api/:id',
  status: 204,
  durationMs: 0
}
[ops] {
  event: 'http_request',
  ts: '2026-09-09T09:21:15.611Z',
  requestId: '2997269a-4ad8-42ea-b2d0-8ba4e0e8e13f',
  method: 'OPTIONS',
  route: '/api/user/teams',
  status: 204,
  durationMs: 0
}
[ops] {
  event: 'http_request',
  ts: '2026-09-09T09:21:15.629Z',
  requestId: 'c97d63d0-788b-49d0-b7ed-c30fd9057351',
  method: 'GET',
  route: '/api/user/settings',
  status: 200,
  durationMs: 389
}
[ops] {
  event: 'http_request',
  ts: '2026-09-09T09:21:15.668Z',
  requestId: '05ded1b1-0be7-4081-bb59-4db8c2558354',
  method: 'OPTIONS',
  route: '/api/v2/agents/active',
  status: 204,
  durationMs: 1
}
[ops] {
  event: 'http_request',
  ts: '2026-09-09T09:21:15.670Z',
  requestId: '6521ef9f-b36b-45f3-86b7-ea718e98298b',
  method: 'OPTIONS',
  route: '/api/onboarding',
  status: 204,
  durationMs: 0
}
[ops] {
  event: 'http_request',
  ts: '2026-09-09T09:21:15.671Z',
  requestId: '13d3ff45-6216-4772-9e03-6d8df967674e',
  method: 'OPTIONS',
  route: '/api/tasks',
  status: 204,
  durationMs: 1
}
[ops] {
  event: 'http_request',
  ts: '2026-09-09T09:21:15.672Z',
  requestId: 'bfb2b20b-126b-477b-a7e9-70d73a0f1ee7',
  method: 'OPTIONS',
  route: '/api/:id',
  status: 204,
  durationMs: 0
}
[ops] {
  event: 'http_request',
  ts: '2026-09-09T09:21:15.675Z',
  requestId: 'e8af5c7d-4a15-41cf-baeb-7aca4e35ec61',
  method: 'OPTIONS',
  route: '/api/user/teams',
  status: 204,
  durationMs: 1
}
project_resolution {
  requestId: 'd202abc5-88f8-4945-95ea-a957e74c3f3e',
  userHash: '9e7a0952b3e25f3b',
  projectHash: '19824ffde52819c1',
  resolutionState: 'ready',
  failureCode: null
}
[ops] {
  event: 'http_request',
  ts: '2026-09-09T09:21:15.688Z',
  requestId: 'd202abc5-88f8-4945-95ea-a957e74c3f3e',
  method: 'GET',
  route: '/api/project-bindings/:projectId',
  status: 200,
  durationMs: 240
}
[ops] {
  event: 'security.app_check_rejected',
  ts: '2026-09-09T09:21:15.689Z',
  reason: 'missing_token',
  mode: 'monitor',
  route: '/api/tasks'
}
[ops] {
  event: 'http_request',
  ts: '2026-09-09T09:21:15.692Z',
  requestId: '196446fa-10f6-40da-bb3d-5f146c46ffd1',
  method: 'GET',
  route: '/api/tasks/',
  status: 503,
  durationMs: 4
}
[ops] {
  event: 'security.app_check_rejected',
  ts: '2026-09-09T09:21:15.694Z',
  reason: 'missing_token',
  mode: 'monitor',
  route: '/api/project-bindings'
}
[ops] {
  event: 'http_request',
  ts: '2026-09-09T09:21:15.826Z',
  requestId: '1fecdf07-9935-48f7-a11b-2516018201ec',
  method: 'GET',
  route: '/api/onboarding/',
  status: 200,
  durationMs: 259
}
[ops] {
  event: 'security.app_check_rejected',
  ts: '2026-09-09T09:21:15.831Z',
  reason: 'missing_token',
  mode: 'monitor',
  route: '/api/user/teams'
}
[ops] {
  event: 'http_request',
  ts: '2026-09-09T09:21:15.940Z',
  requestId: '23d0b3ba-6a78-468d-89e7-44446eb8ecf5',
  method: 'GET',
  route: '/api/project-bindings/',
  status: 200,
  durationMs: 246
}
[ops] {
  event: 'security.app_check_rejected',
  ts: '2026-09-09T09:21:15.941Z',
  reason: 'missing_token',
  mode: 'monitor',
  route: '/api/ui-designs/'
}
[ops] {
  event: 'http_request',
  ts: '2026-09-09T09:21:15.980Z',
  requestId: '5eeae51c-d476-4eae-9070-9e838811fb10',
  method: 'OPTIONS',
  route: '/api/ui-designs/',
  status: 204,
  durationMs: 0
}
[ops] {
  event: 'http_request',
  ts: '2026-09-09T09:21:15.982Z',
  requestId: '39c645d2-ca92-4bec-9300-b36811605dbe',
  method: 'OPTIONS',
  route: '/api/tasks',
  status: 204,
  durationMs: 0
}
[ops] {
  event: 'http_request',
  ts: '2026-09-09T09:21:16.050Z',
  requestId: 'd9296133-9406-48ff-80d2-7d4eee8442cb',
  method: 'GET',
  route: '/api/user/teams',
  status: 200,
  durationMs: 221
}
[ops] {
  event: 'security.app_check_rejected',
  ts: '2026-09-09T09:21:16.051Z',
  reason: 'missing_token',
  mode: 'monitor',
  route: '/api/v2/agents/active'
}
[ops] {
  event: 'http_request',
  ts: '2026-09-09T09:21:16.199Z',
  requestId: 'a0bf3437-5e7b-4420-aaaf-6abccb6b78ae',
  method: 'GET',
  route: '/api/v2/agents/active',
  status: 200,
  durationMs: 749
}
[ops] {
  event: 'security.app_check_rejected',
  ts: '2026-09-09T09:21:16.200Z',
  reason: 'missing_token',
  mode: 'monitor',
  route: '/api/onboarding'
}
[ops] {
  event: 'http_request',
  ts: '2026-09-09T09:21:16.327Z',
  requestId: '579e6237-978a-4db1-b223-08511a61dc4d',
  method: 'GET',
  route: '/api/ui-designs/',
  status: 200,
  durationMs: 386
}
[ops] {
  event: 'security.app_check_rejected',
  ts: '2026-09-09T09:21:16.329Z',
  reason: 'missing_token',
  mode: 'monitor',
  route: '/api/tasks'
}
[ops] {
  event: 'http_request',
  ts: '2026-09-09T09:21:16.332Z',
  requestId: '5e67020c-6a2f-40e6-924c-06ca29d31e41',
  method: 'GET',
  route: '/api/tasks/',
  status: 503,
  durationMs: 4
}
[ops] {
  event: 'http_request',
  ts: '2026-09-09T09:21:16.333Z',
  requestId: 'edb8c3f7-510a-42f4-99cf-2e57b0a2c149',
  method: 'OPTIONS',
  route: '/api/ui-designs/:id',
  status: 204,
  durationMs: 1
}
[ops] {
  event: 'security.app_check_rejected',
  ts: '2026-09-09T09:21:16.334Z',
  reason: 'missing_token',
  mode: 'monitor',
  route: '/api/project-bindings'
}
[ops] {
  event: 'http_request',
  ts: '2026-09-09T09:21:16.440Z',
  requestId: 'cfe5aafe-2084-4451-a5fe-3118e3c9717e',
  method: 'GET',
  route: '/api/v2/events',
  status: 200,
  durationMs: 25148
}
[ops] {
  event: 'http_request',
  ts: '2026-09-09T09:21:16.443Z',
  requestId: '00609f0a-5c29-428a-b9e3-50dcb65430f3',
  method: 'GET',
  route: '/api/onboarding/',
  status: 200,
  durationMs: 243
}
[ops] {
  event: 'security.app_check_rejected',
  ts: '2026-09-09T09:21:16.444Z',
  reason: 'missing_token',
  mode: 'monitor',
  route: '/api/user/teams'
}
[ops] {
  event: 'http_request',
  ts: '2026-09-09T09:21:16.446Z',
  requestId: '36856668-57b4-4c18-a9fb-789f10ebe2ef',
  method: 'GET',
  route: '/api/user/teams',
  status: 200,
  durationMs: 2
}
[ops] {
  event: 'security.app_check_rejected',
  ts: '2026-09-09T09:21:16.447Z',
  reason: 'missing_token',
  mode: 'monitor',
  route: '/api/ui-designs/'
}
[ops] {
  event: 'http_request',
  ts: '2026-09-09T09:21:16.574Z',
  requestId: '3721ddb0-f299-4763-9e80-9ae5c9c07319',
  method: 'GET',
  route: '/api/project-bindings/',
  status: 200,
  durationMs: 240
}
[ops] {
  event: 'security.app_check_rejected',
  ts: '2026-09-09T09:21:16.575Z',
  reason: 'missing_token',
  mode: 'monitor',
  route: '/api/v2/agents/active'
}
[ops] {
  event: 'http_request',
  ts: '2026-09-09T09:21:16.922Z',
  requestId: '69d55923-461f-420e-abf9-2b77aab33e4e',
  method: 'GET',
  route: '/api/v2/agents/active',
  status: 200,
  durationMs: 870
}
[ops] {
  event: 'security.app_check_rejected',
  ts: '2026-09-09T09:21:16.923Z',
  reason: 'missing_token',
  mode: 'monitor',
  route: '/api/onboarding'
}
[ops] {
  event: 'http_request',
  ts: '2026-09-09T09:21:17.021Z',
  requestId: 'd7648f3d-b6e2-47f6-9483-3b0cfba33ae9',
  method: 'GET',
  route: '/api/ui-designs/',
  status: 200,
  durationMs: 574
}
[ops] {
  event: 'security.app_check_rejected',
  ts: '2026-09-09T09:21:17.022Z',
  reason: 'missing_token',
  mode: 'monitor',
  route: '/api/tasks'
}
[ops] {
  event: 'http_request',
  ts: '2026-09-09T09:21:17.025Z',
  requestId: '7c0daa61-5901-4248-9d8d-0aa865696ddd',
  method: 'GET',
  route: '/api/tasks/',
  status: 503,
  durationMs: 3
}
[ops] {
  event: 'http_request',
  ts: '2026-09-09T09:21:17.026Z',
  requestId: '72051414-6bee-41c6-9422-072a354c065b',
  method: 'OPTIONS',
  route: '/api/ui-designs/:id',
  status: 204,
  durationMs: 0
}
[ops] {
  event: 'security.app_check_rejected',
  ts: '2026-09-09T09:21:17.026Z',
  reason: 'missing_token',
  mode: 'monitor',
  route: '/api/project-bindings'
}
[ops] {
  event: 'http_request',
  ts: '2026-09-09T09:21:17.135Z',
  requestId: '3d3a93d0-65f3-48a9-ae19-25a70c7561a6',
  method: 'GET',
  route: '/api/onboarding/',
  status: 200,
  durationMs: 213
}
[ops] {
  event: 'security.app_check_rejected',
  ts: '2026-09-09T09:21:17.137Z',
  reason: 'missing_token',
  mode: 'monitor',
  route: '/api/user/teams'
}
[ops] {
  event: 'http_request',
  ts: '2026-09-09T09:21:17.141Z',
  requestId: 'b35eead0-588c-4427-98bf-fad23d50a284',
  method: 'GET',
  route: '/api/user/teams',
  status: 200,
  durationMs: 4
}
[ops] {
  event: 'security.app_check_rejected',
  ts: '2026-09-09T09:21:17.142Z',
  reason: 'missing_token',
  mode: 'monitor',
  route: '/api/v2/agents/active'
}
[ops] {
  event: 'http_request',
  ts: '2026-09-09T09:21:17.280Z',
  requestId: 'a661d2e0-3a91-4485-87ff-66a93f6cb1f6',
  method: 'GET',
  route: '/api/project-bindings/',
  status: 200,
  durationMs: 254
}
[ops] {
  event: 'security.app_check_rejected',
  ts: '2026-09-09T09:21:17.282Z',
  reason: 'missing_token',
  mode: 'monitor',
  route: '/api/onboarding'
}
[ops] {
  event: 'http_request',
  ts: '2026-09-09T09:21:17.489Z',
  requestId: 'b9eb3f30-d20e-41c5-b7b6-1acfed72afb9',
  method: 'GET',
  route: '/api/onboarding/',
  status: 200,
  durationMs: 208
}
[ops] {
  event: 'security.app_check_rejected',
  ts: '2026-09-09T09:21:17.491Z',
  reason: 'missing_token',
  mode: 'monitor',
  route: '/api/tasks'
}
[ops] {
  event: 'http_request',
  ts: '2026-09-09T09:21:17.493Z',
  requestId: '2fc5247c-e126-487d-a70d-1d774407c640',
  method: 'GET',
  route: '/api/tasks/',
  status: 503,
  durationMs: 2
}
[ops] {
  event: 'security.app_check_rejected',
  ts: '2026-09-09T09:21:17.495Z',
  reason: 'missing_token',
  mode: 'monitor',
  route: '/api/project-bindings'
}
[ops] {
  event: 'http_request',
  ts: '2026-09-09T09:21:17.544Z',
  requestId: 'c33087a4-7909-4171-b6b1-a671e6f82f86',
  method: 'GET',
  route: '/api/v2/agents/active',
  status: 200,
  durationMs: 969
}
[ops] {
  event: 'security.app_check_rejected',
  ts: '2026-09-09T09:21:17.545Z',
  reason: 'missing_token',
  mode: 'monitor',
  route: '/api/user/teams'
}
[ops] {
  event: 'http_request',
  ts: '2026-09-09T09:21:17.546Z',
  requestId: '47aa068b-0fe5-46d2-8c52-65c82a83c64d',
  method: 'GET',
  route: '/api/user/teams',
  status: 200,
  durationMs: 1
}
[ops] {
  event: 'security.app_check_rejected',
  ts: '2026-09-09T09:21:17.548Z',
  reason: 'missing_token',
  mode: 'monitor',
  route: '/api/ui-designs/'
}
[ops] {
  event: 'http_request',
  ts: '2026-09-09T09:21:17.742Z',
  requestId: '20270b65-19aa-4651-a067-5c8f8a749eb0',
  method: 'OPTIONS',
  route: '/api/v2/events',
  status: 204,
  durationMs: 1
}
[ops] {
  event: 'http_request',
  ts: '2026-09-09T09:21:17.786Z',
  requestId: '18e0c89b-f36d-477e-b7df-8deed0522656',
  method: 'OPTIONS',
  route: '/api/v2/events',
  status: 204,
  durationMs: 0
}
[ops] {
  event: 'http_request',
  ts: '2026-09-09T09:21:17.825Z',
  requestId: 'e6efb2fa-9050-4047-9588-00a2d0df9d4f',
  method: 'GET',
  route: '/api/project-bindings/',
  status: 200,
  durationMs: 330
}
[ops] {
  event: 'security.app_check_rejected',
  ts: '2026-09-09T09:21:17.826Z',
  reason: 'missing_token',
  mode: 'monitor',
  route: '/api/tasks'
}
[ops] {
  event: 'http_request',
  ts: '2026-09-09T09:21:17.828Z',
  requestId: '1f705b4c-1670-4f31-8998-1b39177f4d5c',
  method: 'GET',
  route: '/api/tasks/',
  status: 503,
  durationMs: 2
}
[ops] {
  event: 'security.app_check_rejected',
  ts: '2026-09-09T09:21:17.829Z',
  reason: 'missing_token',
  mode: 'monitor',
  route: '/api/ui-designs/tRtjvXJsdRG7laZUMwVC'
}
[ops] {
  event: 'http_request',
  ts: '2026-09-09T09:21:17.843Z',
  requestId: '699f6248-35dc-4d71-a2c0-a2eaa8d20155',
  method: 'GET',
  route: '/api/v2/agents/active',
  status: 200,
  durationMs: 702
}
[ops] {
  event: 'security.app_check_rejected',
  ts: '2026-09-09T09:21:17.845Z',
  reason: 'missing_token',
  mode: 'monitor',
  route: '/api/ui-designs/tRtjvXJsdRG7laZUMwVC'
}
[ops] {
  event: 'http_request',
  ts: '2026-09-09T09:21:17.849Z',
  requestId: '459f9fb1-9bba-44fd-bcb8-9442973910f2',
  method: 'OPTIONS',
  route: '/api/ui-designs/',
  status: 204,
  durationMs: 1
}
[ops] {
  event: 'http_request',
  ts: '2026-09-09T09:21:17.850Z',
  requestId: 'ef9489bb-c643-4720-a372-9749a403d6fd',
  method: 'OPTIONS',
  route: '/api/tasks',
  status: 204,
  durationMs: 0
}
[ops] {
  event: 'http_request',
  ts: '2026-09-09T09:21:18.044Z',
  requestId: '88ddb49f-4650-41bc-945a-502b9af350c3',
  method: 'GET',
  route: '/api/ui-designs/',
  status: 200,
  durationMs: 496
}
[ops] {
  event: 'security.app_check_rejected',
  ts: '2026-09-09T09:21:18.045Z',
  reason: 'missing_token',
  mode: 'monitor',
  route: '/api/v2/events'
}
[ops] {
  event: 'http_request',
  ts: '2026-09-09T09:21:18.047Z',
  requestId: '070dcbca-a106-4554-af23-69a452e280cf',
  method: 'OPTIONS',
  route: '/api/ui-designs/:id',
  status: 204,
  durationMs: 0
}
[ops] {
  event: 'http_request',
  ts: '2026-09-09T09:21:18.114Z',
  requestId: '2cc819a8-f960-4400-a72f-9bf5afb6644e',
  method: 'OPTIONS',
  route: '/api/v2/events',
  status: 204,
  durationMs: 1
}
[ops] {
  event: 'http_request',
  ts: '2026-09-09T09:21:18.168Z',
  requestId: '4d0c9235-7d8a-42c1-947b-8d3c7d13ad84',
  method: 'OPTIONS',
  route: '/api/v2/events',
  status: 204,
  durationMs: 1
}
[ops] {
  event: 'http_request',
  ts: '2026-09-09T09:21:18.777Z',
  requestId: '30ad70c2-a4cb-4c7b-a2f0-3a1626c12bb6',
  method: 'GET',
  route: '/api/v2/events',
  status: 200,
  durationMs: 23423
}
[ops] {
  event: 'security.app_check_rejected',
  ts: '2026-09-09T09:21:18.779Z',
  reason: 'missing_token',
  mode: 'monitor',
  route: '/api/v2/events'
}
[ops] {
  event: 'http_request',
  ts: '2026-09-09T09:21:18.793Z',
  requestId: 'f8e50db0-7a91-4ce1-ab08-2a9086f53882',
  method: 'OPTIONS',
  route: '/api/v2/agents/active',
  status: 204,
  durationMs: 0
}
[ops] {
  event: 'security.app_check_rejected',
  ts: '2026-09-09T09:21:18.794Z',
  reason: 'missing_token',
  mode: 'monitor',
  route: '/api/v2/agents/active'
}
[ops] {
  event: 'http_request',
  ts: '2026-09-09T09:21:18.797Z',
  requestId: 'f1b4d7d2-dc81-474c-8f0e-721285397254',
  method: 'OPTIONS',
  route: '/api/v2/events',
  status: 204,
  durationMs: 1
}
[ops] {
  event: 'http_request',
  ts: '2026-09-09T09:21:18.890Z',
  requestId: '314a46de-cd57-41e6-a70e-f7c96f226263',
  method: 'GET',
  route: '/api/ui-designs/:designId',
  status: 200,
  durationMs: 1046
}
[ops] {
  event: 'security.app_check_rejected',
  ts: '2026-09-09T09:21:18.892Z',
  reason: 'missing_token',
  mode: 'monitor',
  route: '/api/ui-designs/'
}
[ops] {
  event: 'http_request',
  ts: '2026-09-09T09:21:18.895Z',
  requestId: '55d3d2f8-88ef-4ba2-999c-a874e78cefc6',
  method: 'OPTIONS',
  route: '/api/ui-designs/:id/:id',
  status: 204,
  durationMs: 0
}
[ops] {
  event: 'http_request',
  ts: '2026-09-09T09:21:18.912Z',
  requestId: 'd15d8e17-3c4b-426d-9f9c-20c555ed5faf',
  method: 'GET',
  route: '/api/ui-designs/:designId',
  status: 200,
  durationMs: 1083
}
[ops] {
  event: 'security.app_check_rejected',
  ts: '2026-09-09T09:21:18.914Z',
  reason: 'missing_token',
  mode: 'monitor',
  route: '/api/tasks'
}
[ops] {
  event: 'http_request',
  ts: '2026-09-09T09:21:18.917Z',
  requestId: 'ba4882db-7d88-40ed-8622-8c1e9632a657',
  method: 'GET',
  route: '/api/tasks/',
  status: 503,
  durationMs: 4
}
[ops] {
  event: 'http_request',
  ts: '2026-09-09T09:21:18.918Z',
  requestId: '677ddd3f-053f-45a4-9c83-1b92ee96b5c4',
  method: 'OPTIONS',
  route: '/api/ui-designs/:id/:id',
  status: 204,
  durationMs: 0
}
[ops] {
  event: 'security.app_check_rejected',
  ts: '2026-09-09T09:21:18.919Z',
  reason: 'missing_token',
  mode: 'monitor',
  route: '/api/ui-designs/tRtjvXJsdRG7laZUMwVC'
}
[ops] {
  event: 'security.app_check_rejected',
  ts: '2026-09-09T09:21:19.109Z',
  reason: 'missing_token',
  mode: 'monitor',
  route: '/api/v2/events'
}
[ops] {
  event: 'http_request',
  ts: '2026-09-09T09:21:19.339Z',
  requestId: '6db6f861-0ace-4be3-b73f-c3cd64c2762d',
  method: 'GET',
  route: '/api/ui-designs/',
  status: 200,
  durationMs: 448
}
[ops] {
  event: 'security.app_check_rejected',
  ts: '2026-09-09T09:21:19.341Z',
  reason: 'missing_token',
  mode: 'monitor',
  route: '/api/v2/events'
}
[ops] {
  event: 'http_request',
  ts: '2026-09-09T09:21:19.343Z',
  requestId: '864af3d4-571c-4537-87bc-e5c61b2af5e7',
  method: 'OPTIONS',
  route: '/api/ui-designs/:id',
  status: 204,
  durationMs: 0
}
[ops] {
  event: 'http_request',
  ts: '2026-09-09T09:21:19.497Z',
  requestId: '4691ee02-cbb4-4e97-b85a-640b7b08d53d',
  method: 'GET',
  route: '/api/v2/agents/active',
  status: 200,
  durationMs: 703
}
[ops] {
  event: 'http_request',
  ts: '2026-09-09T09:21:19.952Z',
  requestId: '63b34325-96be-42c8-968b-40d25680d630',
  method: 'GET',
  route: '/api/ui-designs/:designId',
  status: 200,
  durationMs: 1033
}
[ops] {
  event: 'security.app_check_rejected',
  ts: '2026-09-09T09:21:19.953Z',
  reason: 'missing_token',
  mode: 'monitor',
  route: '/api/v2/events'
}
[ops] {
  event: 'http_request',
  ts: '2026-09-09T09:21:19.956Z',
  requestId: '88d999b9-4495-4322-8755-5425b1ca39c5',
  method: 'OPTIONS',
  route: '/api/ui-designs/:id/:id',
  status: 204,
  durationMs: 1
}
[ops] {
  event: 'http_request',
  ts: '2026-09-09T09:21:21.591Z',
  requestId: 'e16ddcb6-3c3a-457c-bdbe-96321168eba2',
  method: 'GET',
  route: '/api/v2/events',
  status: 200,
  durationMs: 18346
}
[ops] {
  event: 'security.app_check_rejected',
  ts: '2026-09-09T09:21:21.592Z',
  reason: 'missing_token',
  mode: 'monitor',
  route: '/api/ui-designs/tRtjvXJsdRG7laZUMwVC/preview-manifest'
}
[ops] {
  event: 'http_request',
  ts: '2026-09-09T09:21:22.182Z',
  requestId: '0d7bd581-06e7-484a-a376-4d71eef3ed43',
  method: 'OPTIONS',
  route: '/api/studio/status',
  status: 204,
  durationMs: 1
}
[ops] {
  event: 'http_request',
  ts: '2026-09-09T09:21:22.183Z',
  requestId: '2b78bb78-7ee5-4dc3-865f-aecf0774e99e',
  method: 'OPTIONS',
  route: '/api/studio/mcp/status',
  status: 204,
  durationMs: 1
}
[ops] {
  event: 'http_request',
  ts: '2026-09-09T09:21:24.577Z',
  requestId: '7910a324-e14a-4608-870a-80f84d42750b',
  method: 'GET',
  route: '/api/ui-designs/:designId/preview-manifest',
  status: 200,
  durationMs: 2985
}
[ops] {
  event: 'security.app_check_rejected',
  ts: '2026-09-09T09:21:24.579Z',
  reason: 'missing_token',
  mode: 'monitor',
  route: '/api/ui-designs/tRtjvXJsdRG7laZUMwVC/preview-manifest'
}
[ops] {
  event: 'http_request',
  ts: '2026-09-09T09:21:25.251Z',
  requestId: '1a5e7ef2-bcf6-427f-ba6c-e23270066509',
  method: 'OPTIONS',
  route: '/api/v2/agents/active',
  status: 204,
  durationMs: 0
}
[ops] {
  event: 'http_request',
  ts: '2026-09-09T09:21:25.301Z',
  requestId: 'af068a63-f376-4c69-b8c2-b16fe6e7243b',
  method: 'OPTIONS',
  route: '/api/v2/agents/active',
  status: 204,
  durationMs: 1
}
[ops] {
  event: 'http_request',
  ts: '2026-09-09T09:21:25.605Z',
  requestId: '1fa6a572-d62f-4ea6-8701-58b2890699a5',
  method: 'OPTIONS',
  route: '/api/v2/agents/active',
  status: 204,
  durationMs: 1
}
[ops] {
  event: 'http_request',
  ts: '2026-09-09T09:21:25.664Z',
  requestId: 'a56ea4fc-1c99-4ed2-a897-e179b4dc547b',
  method: 'OPTIONS',
  route: '/api/v2/agents/active',
  status: 204,
  durationMs: 0
}
[ops] {
  event: 'http_request',
  ts: '2026-09-09T09:21:27.355Z',
  requestId: 'feb14bba-8aef-4320-b154-553da6b6c073',
  method: 'GET',
  route: '/api/ui-designs/:designId/preview-manifest',
  status: 200,
  durationMs: 2776
}
[ops] {
  event: 'security.app_check_rejected',
  ts: '2026-09-09T09:21:27.356Z',
  reason: 'missing_token',
  mode: 'monitor',
  route: '/api/ui-designs/tRtjvXJsdRG7laZUMwVC'
}
[ops] {
  event: 'http_request',
  ts: '2026-09-09T09:21:28.254Z',
  requestId: '75c3b4c5-2908-4204-b3b3-14892969b1d2',
  method: 'GET',
  route: '/api/ui-designs/:designId',
  status: 200,
  durationMs: 898
}
[ops] {
  event: 'security.app_check_rejected',
  ts: '2026-09-09T09:21:28.256Z',
  reason: 'missing_token',
  mode: 'monitor',
  route: '/api/ui-designs/tRtjvXJsdRG7laZUMwVC/preview-manifest'
}
[ops] {
  event: 'http_request',
  ts: '2026-09-09T09:21:28.259Z',
  requestId: '991db317-b8ae-4592-90e2-a29e91b88cab',
  method: 'OPTIONS',
  route: '/api/ui-designs/:id/:id',
  status: 204,
  durationMs: 0
}
[ops] {
  event: 'http_request',
  ts: '2026-09-09T09:21:28.793Z',
  requestId: 'cdd5c524-35e2-46ec-b464-2c3b9aa9a362',
  method: 'OPTIONS',
  route: '/api/v2/agents/active',
  status: 204,
  durationMs: 0
}
[ops] {
  event: 'security.app_check_rejected',
  ts: '2026-09-09T09:21:29.117Z',
  reason: 'missing_token',
  mode: 'monitor',
  route: '/api/v2/agents/active'
}
[ops] {
  event: 'http_request',
  ts: '2026-09-09T09:21:29.877Z',
  requestId: '2a204613-9e2d-49c4-a953-46610025a7f9',
  method: 'GET',
  route: '/api/v2/agents/active',
  status: 200,
  durationMs: 760
}
[ops] {
  event: 'http_request',
  ts: '2026-09-09T09:21:30.746Z',
  requestId: '404f8f9d-a04e-4311-b9ac-c903460dca2d',
  method: 'GET',
  route: '/api/ui-designs/:designId/preview-manifest',
  status: 200,
  durationMs: 2490
}
[ops] {
  event: 'security.app_check_rejected',
  ts: '2026-09-09T09:21:30.748Z',
  reason: 'missing_token',
  mode: 'monitor',
  route: '/api/studio/status'
}
[ops] {
  event: 'http_request',
  ts: '2026-09-09T09:21:31.931Z',
  requestId: '98b21b9c-402c-40c2-a01b-8e7f6bf4ed9f',
  method: 'GET',
  route: '/api/studio/status',
  status: 200,
  durationMs: 1184
}
[ops] {
  event: 'security.app_check_rejected',
  ts: '2026-09-09T09:21:31.932Z',
  reason: 'missing_token',
  mode: 'monitor',
  route: '/api/studio/mcp/status'
}
[ops] {
  event: 'http_request',
  ts: '2026-09-09T09:21:32.394Z',
  requestId: '25921fd0-14fa-4efe-81e8-e34ef1636fdc',
  method: 'GET',
  route: '/api/studio/mcp/status',
  status: 200,
  durationMs: 462
}
[ops] {
  event: 'security.app_check_rejected',
  ts: '2026-09-09T09:21:32.396Z',
  reason: 'missing_token',
  mode: 'monitor',
  route: '/api/v2/agents/active'
}
[ops] {
  event: 'http_request',
  ts: '2026-09-09T09:21:32.465Z',
  requestId: '657197f3-e967-4ca6-ac7c-a27494a91b02',
  method: 'GET',
  route: '/api/v2/events',
  status: 200,
  durationMs: 24736
}
[ops] {
  event: 'security.app_check_rejected',
  ts: '2026-09-09T09:21:32.467Z',
  reason: 'missing_token',
  mode: 'monitor',
  route: '/api/v2/agents/active'
}
[ops] {
  event: 'http_request',
  ts: '2026-09-09T09:21:33.188Z',
  requestId: 'eae2d750-89a2-4324-be3b-cdeb8dc29573',
  method: 'GET',
  route: '/api/v2/agents/active',
  status: 200,
  durationMs: 793
}
[ops] {
  event: 'security.app_check_rejected',
  ts: '2026-09-09T09:21:33.201Z',
  reason: 'missing_token',
  mode: 'monitor',
  route: '/api/v2/agents/active'
}
[ops] {
  event: 'http_request',
  ts: '2026-09-09T09:21:33.388Z',
  requestId: '658eca6f-a2d8-4821-a6e6-f4a3c649597e',
  method: 'GET',
  route: '/api/v2/agents/active',
  status: 200,
  durationMs: 921
}
[ops] {
  event: 'security.app_check_rejected',
  ts: '2026-09-09T09:21:33.389Z',
  reason: 'missing_token',
  mode: 'monitor',
  route: '/api/v2/agents/active'
}
[ops] {
  event: 'http_request',
  ts: '2026-09-09T09:21:33.954Z',
  requestId: 'fb255f61-7453-4850-9d62-3b96010a716a',
  method: 'GET',
  route: '/api/v2/agents/active',
  status: 200,
  durationMs: 753
}
[ops] {
  event: 'security.app_check_rejected',
  ts: '2026-09-09T09:21:33.955Z',
  reason: 'missing_token',
  mode: 'monitor',
  route: '/api/ui-designs/tRtjvXJsdRG7laZUMwVC/preview-manifest'
}
[ops] {
  event: 'http_request',
  ts: '2026-09-09T09:21:34.127Z',
  requestId: '55913f7f-777a-423d-b0e3-3a960d79a7dd',
  method: 'GET',
  route: '/api/v2/agents/active',
  status: 200,
  durationMs: 738
}
[ops] {
  event: 'http_request',
  ts: '2026-09-09T09:21:35.250Z',
  requestId: '7ae49afa-7218-4fb0-bd63-f6a03dba4314',
  method: 'OPTIONS',
  route: '/api/v2/agents/active',
  status: 204,
  durationMs: 0
}
[ops] {
  event: 'security.app_check_rejected',
  ts: '2026-09-09T09:21:35.252Z',
  reason: 'missing_token',
  mode: 'monitor',
  route: '/api/v2/agents/active'
}
[ops] {
  event: 'http_request',
  ts: '2026-09-09T09:21:35.283Z',
  requestId: 'd1482002-aea8-42a4-b800-324d4366505a',
  method: 'OPTIONS',
  route: '/api/v2/agents/active',
  status: 204,
  durationMs: 0
}
[ops] {
  event: 'http_request',
  ts: '2026-09-09T09:21:35.609Z',
  requestId: 'ba35a8cf-cfa8-4266-9f50-372b9043ce1f',
  method: 'OPTIONS',
  route: '/api/v2/agents/active',
  status: 204,
  durationMs: 0
}
[ops] {
  event: 'http_request',
  ts: '2026-09-09T09:21:35.664Z',
  requestId: '021d04f7-f27d-458a-a6b9-708e4e209bf0',
  method: 'OPTIONS',
  route: '/api/v2/agents/active',
  status: 204,
  durationMs: 0
}
[ops] {
  event: 'http_request',
  ts: '2026-09-09T09:21:36.138Z',
  requestId: '28f61d6b-5ffb-4bf2-8262-eebb7a23fc19',
  method: 'GET',
  route: '/api/v2/agents/active',
  status: 200,
  durationMs: 887
}
[ops] {
  event: 'security.app_check_rejected',
  ts: '2026-09-09T09:21:36.139Z',
  reason: 'missing_token',
  mode: 'monitor',
  route: '/api/v2/agents/active'
}
[ops] {
  event: 'http_request',
  ts: '2026-09-09T09:21:36.875Z',
  requestId: 'ecac8237-d6f8-4b12-943a-c27090c20ec2',
  method: 'GET',
  route: '/api/ui-designs/:designId/preview-manifest',
  status: 200,
  durationMs: 2920
}
[ops] {
  event: 'security.app_check_rejected',
  ts: '2026-09-09T09:21:36.876Z',
  reason: 'missing_token',
  mode: 'monitor',
  route: '/api/v2/agents/active'
}
[ops] {
  event: 'http_request',
  ts: '2026-09-09T09:21:36.911Z',
  requestId: 'de70cd5b-2a90-4167-99f2-d713879262ab',
  method: 'GET',
  route: '/api/v2/agents/active',
  status: 200,
  durationMs: 772
}
[ops] {
  event: 'security.app_check_rejected',
  ts: '2026-09-09T09:21:36.912Z',
  reason: 'missing_token',
  mode: 'monitor',
  route: '/api/v2/agents/active'
}
[ops] {
  event: 'http_request',
  ts: '2026-09-09T09:21:37.647Z',
  requestId: '352743d9-bcdb-4639-99a1-7e5b69573b69',
  method: 'GET',
  route: '/api/v2/agents/active',
  status: 200,
  durationMs: 735
}
[ops] {
  event: 'http_request',
  ts: '2026-09-09T09:21:37.663Z',
  requestId: '02e307cd-fdac-4ed9-a9be-d2ca52473d25',
  method: 'GET',
  route: '/api/v2/agents/active',
  status: 200,
  durationMs: 787
}
[ops] {
  event: 'http_request',
  ts: '2026-09-09T09:21:37.799Z',
  requestId: '9bd5a2d7-8c38-44fb-9d07-c6cc2a8e25e9',
  method: 'GET',
  route: '/api/v2/events',
  status: 200,
  durationMs: 19021
}
[ops] {
  event: 'http_request',
  ts: '2026-09-09T09:21:39.099Z',
  requestId: '5778f12a-946b-49ab-845d-583c4c89afcb',
  method: 'OPTIONS',
  route: '/api/v2/agents/active',
  status: 204,
  durationMs: 0
}
[ops] {
  event: 'security.app_check_rejected',
  ts: '2026-09-09T09:21:39.408Z',
  reason: 'missing_token',
  mode: 'monitor',
  route: '/api/v2/agents/active'
}
[ops] {
  event: 'http_request',
  ts: '2026-09-09T09:21:40.293Z',
  requestId: '48be7b1a-46fc-4400-9502-14cba1c29460',
  method: 'OPTIONS',
  route: '/api/v2/events',
  status: 204,
  durationMs: 0
}
[ops] {
  event: 'security.app_check_rejected',
  ts: '2026-09-09T09:21:40.294Z',
  reason: 'missing_token',
  mode: 'monitor',
  route: '/api/v2/events'
}
[ops] {
  event: 'http_request',
  ts: '2026-09-09T09:21:40.976Z',
  requestId: '42976116-1f74-4e94-925a-39373fd510fc',
  method: 'GET',
  route: '/api/v2/agents/active',
  status: 200,
  durationMs: 1569
}
[ops] {
  event: 'http_request',
  ts: '2026-09-09T09:21:41.349Z',
  requestId: '6e283ad0-1f55-4322-8535-044ad74486e7',
  method: 'OPTIONS',
  route: '/api/studio/status',
  status: 204,
  durationMs: 0
}
[ops] {
  event: 'http_request',
  ts: '2026-09-09T09:21:41.350Z',
  requestId: '3926b9b6-4ad5-4016-aeee-c75c28c5453a',
  method: 'OPTIONS',
  route: '/api/studio/mcp/status',
  status: 204,
  durationMs: 1
}
[ops] {
  event: 'security.app_check_rejected',
  ts: '2026-09-09T09:21:41.351Z',
  reason: 'missing_token',
  mode: 'monitor',
  route: '/api/studio/status'
}
[ops] {
  event: 'security.app_check_rejected',
  ts: '2026-09-09T09:21:41.666Z',
  reason: 'missing_token',
  mode: 'monitor',
  route: '/api/studio/mcp/status'
}
[ops] {
  event: 'http_request',
  ts: '2026-09-09T09:21:41.736Z',
  requestId: 'f137f61c-7ef0-49e2-a384-c05924519182',
  method: 'GET',
  route: '/api/v2/events',
  status: 200,
  durationMs: 23691
}
[ops] {
  event: 'http_request',
  ts: '2026-09-09T09:21:42.362Z',
  requestId: '4d1fcda8-88e8-4258-987f-7dd7e3fa6f2f',
  method: 'GET',
  route: '/api/studio/mcp/status',
  status: 200,
  durationMs: 697
}
[ops] {
  event: 'http_request',
  ts: '2026-09-09T09:21:42.595Z',
  requestId: 'f811bb32-3f3b-4d2f-8e58-4d19da6fbacc',
  method: 'GET',
  route: '/api/studio/status',
  status: 200,
  durationMs: 1245
}
[ops] {
  event: 'http_request',
  ts: '2026-09-09T09:21:42.751Z',
  requestId: 'bfb30b6a-aa78-4cc5-b1c0-9408b8196992',
  method: 'OPTIONS',
  route: '/api/v2/events',
  status: 204,
  durationMs: 0
}
[ops] {
  event: 'security.app_check_rejected',
  ts: '2026-09-09T09:21:42.752Z',
  reason: 'missing_token',
  mode: 'monitor',
  route: '/api/v2/events'
}
[ops] {
  event: 'http_request',
  ts: '2026-09-09T09:21:42.782Z',
  requestId: '7377a7f5-c4b5-49e5-a17f-33d7b2625b95',
  method: 'GET',
  route: '/api/v2/events',
  status: 200,
  durationMs: 23441
}
[ops] {
  event: 'http_request',
  ts: '2026-09-09T09:21:43.108Z',
  requestId: '29346208-3ca1-4374-844b-8c0495ec9111',
  method: 'OPTIONS',
  route: '/api/v2/events',
  status: 204,
  durationMs: 0
}
[ops] {
  event: 'security.app_check_rejected',
  ts: '2026-09-09T09:21:43.110Z',
  reason: 'missing_token',
  mode: 'monitor',
  route: '/api/v2/events'
}
[ops] {
  event: 'http_request',
  ts: '2026-09-09T09:21:43.825Z',
  requestId: '41852eee-56b0-489f-9160-4bce8fadb545',
  method: 'GET',
  route: '/api/v2/events',
  status: 200,
  durationMs: 23872
}
[ops] {
  event: 'http_request',
  ts: '2026-09-09T09:21:44.826Z',
  requestId: 'edba3a71-82dd-4427-85eb-7ebab99dfea0',
  method: 'OPTIONS',
  route: '/api/studio/status',
  status: 204,
  durationMs: 0
}
[ops] {
  event: 'security.app_check_rejected',
  ts: '2026-09-09T09:21:44.827Z',
  reason: 'missing_token',
  mode: 'monitor',
  route: '/api/studio/status'
}
[ops] {
  event: 'http_request',
  ts: '2026-09-09T09:21:44.828Z',
  requestId: 'ae1eaa51-0ca1-4b57-9882-4be63d404a4a',
  method: 'GET',
  route: '/api/studio/status',
  status: 200,
  durationMs: 2
}
[ops] {
  event: 'http_request',
  ts: '2026-09-09T09:21:44.829Z',
  requestId: '70956827-d2b3-4536-b4ed-fd6955037302',
  method: 'OPTIONS',
  route: '/api/studio/mcp/status',
  status: 204,
  durationMs: 0
}
[ops] {
  event: 'security.app_check_rejected',
  ts: '2026-09-09T09:21:44.833Z',
  reason: 'missing_token',
  mode: 'monitor',
  route: '/api/studio/mcp/status'
}
[ops] {
  event: 'http_request',
  ts: '2026-09-09T09:21:45.203Z',
  requestId: '825ae3fd-82c6-4266-a813-6f7c2ff560ec',
  method: 'OPTIONS',
  route: '/api/studio/status',
  status: 204,
  durationMs: 0
}
[ops] {
  event: 'http_request',
  ts: '2026-09-09T09:21:45.204Z',
  requestId: '396c0a58-ee37-4f35-b1b6-9ea9cb63854f',
  method: 'OPTIONS',
  route: '/api/studio/mcp/status',
  status: 204,
  durationMs: 0
}
[ops] {
  event: 'http_request',
  ts: '2026-09-09T09:21:45.246Z',
  requestId: 'cea70b49-c141-4971-9be6-ec68fd5e55cb',
  method: 'OPTIONS',
  route: '/api/v2/agents/active',
  status: 204,
  durationMs: 0
}
[ops] {
  event: 'http_request',
  ts: '2026-09-09T09:21:45.258Z',
  requestId: 'a0c320c6-0ed6-4e90-900e-685a7155006c',
  method: 'OPTIONS',
  route: '/api/studio/status',
  status: 204,
  durationMs: 0
}
[ops] {
  event: 'http_request',
  ts: '2026-09-09T09:21:45.259Z',
  requestId: '15393409-0419-4bf8-b934-72d08b854607',
  method: 'OPTIONS',
  route: '/api/studio/mcp/status',
  status: 204,
  durationMs: 0
}
[ops] {
  event: 'http_request',
  ts: '2026-09-09T09:21:45.279Z',
  requestId: 'f9529298-6b2e-4efe-ad56-d6e4d4c14b2f',
  method: 'GET',
  route: '/api/studio/mcp/status',
  status: 200,
  durationMs: 446
}
[ops] {
  event: 'security.app_check_rejected',
  ts: '2026-09-09T09:21:45.281Z',
  reason: 'missing_token',
  mode: 'monitor',
  route: '/api/studio/status'
}
[ops] {
  event: 'http_request',
  ts: '2026-09-09T09:21:45.285Z',
  requestId: 'c15e7bba-aa4d-4ba8-b5d3-bcc7f71537ee',
  method: 'GET',
  route: '/api/studio/status',
  status: 200,
  durationMs: 5
}
[ops] {
  event: 'security.app_check_rejected',
  ts: '2026-09-09T09:21:45.287Z',
  reason: 'missing_token',
  mode: 'monitor',
  route: '/api/studio/mcp/status'
}
[ops] {
  event: 'http_request',
  ts: '2026-09-09T09:21:45.300Z',
  requestId: '42754587-1ee6-4c1b-9541-60433b3a52af',
  method: 'OPTIONS',
  route: '/api/v2/agents/active',
  status: 204,
  durationMs: 0
}
[ops] {
  event: 'security.app_check_rejected',
  ts: '2026-09-09T09:21:45.513Z',
  reason: 'missing_token',
  mode: 'monitor',
  route: '/api/v2/agents/active'
}
[ops] {
  event: 'security.app_check_rejected',
  ts: '2026-09-09T09:21:45.514Z',
  reason: 'missing_token',
  mode: 'monitor',
  route: '/api/studio/status'
}
[ops] {
  event: 'http_request',
  ts: '2026-09-09T09:21:45.516Z',
  requestId: 'c21aaf76-58bb-4793-b083-e155a12a705e',
  method: 'GET',
  route: '/api/studio/status',
  status: 200,
  durationMs: 2
}
[ops] {
  event: 'security.app_check_rejected',
  ts: '2026-09-09T09:21:45.517Z',
  reason: 'missing_token',
  mode: 'monitor',
  route: '/api/studio/mcp/status'
}
[ops] {
  event: 'http_request',
  ts: '2026-09-09T09:21:45.608Z',
  requestId: 'c2922c2b-ca63-4072-9ef3-9dfdf8aff1b2',
  method: 'OPTIONS',
  route: '/api/v2/agents/active',
  status: 204,
  durationMs: 0
}
[ops] {
  event: 'http_request',
  ts: '2026-09-09T09:21:45.670Z',
  requestId: '6f522afb-9600-4143-ae21-7a69f10461bb',
  method: 'OPTIONS',
  route: '/api/v2/agents/active',
  status: 204,
  durationMs: 0
}
[ops] {
  event: 'http_request',
  ts: '2026-09-09T09:21:45.670Z',
  requestId: '8db9a196-514c-42f0-956e-25323c10ad3a',
  method: 'OPTIONS',
  route: '/api/v2/events',
  status: 204,
  durationMs: 0
}
[ops] {
  event: 'http_request',
  ts: '2026-09-09T09:21:45.769Z',
  requestId: 'f688303c-d988-40a9-a728-a97cd297a620',
  method: 'GET',
  route: '/api/studio/mcp/status',
  status: 200,
  durationMs: 482
}
[ops] {
  event: 'security.app_check_rejected',
  ts: '2026-09-09T09:21:45.771Z',
  reason: 'missing_token',
  mode: 'monitor',
  route: '/api/v2/agents/active'
}
[ops] {
  event: 'http_request',
  ts: '2026-09-09T09:21:46.001Z',
  requestId: 'ac0c424e-b497-4317-ad6f-156530dc0ecf',
  method: 'GET',
  route: '/api/studio/mcp/status',
  status: 200,
  durationMs: 484
}
[ops] {
  event: 'security.app_check_rejected',
  ts: '2026-09-09T09:21:46.002Z',
  reason: 'missing_token',
  mode: 'monitor',
  route: '/api/v2/agents/active'
}
[ops] {
  event: 'http_request',
  ts: '2026-09-09T09:21:46.234Z',
  requestId: '1076c106-bd54-473c-9678-f04d9480cefe',
  method: 'GET',
  route: '/api/v2/agents/active',
  status: 200,
  durationMs: 722
}
[ops] {
  event: 'security.app_check_rejected',
  ts: '2026-09-09T09:21:46.235Z',
  reason: 'missing_token',
  mode: 'monitor',
  route: '/api/v2/agents/active'
}
[ops] {
  event: 'http_request',
  ts: '2026-09-09T09:21:46.491Z',
  requestId: 'bb5177a9-a474-4f2c-957e-47e823602640',
  method: 'GET',
  route: '/api/v2/agents/active',
  status: 200,
  durationMs: 721
}
[ops] {
  event: 'security.app_check_rejected',
  ts: '2026-09-09T09:21:46.492Z',
  reason: 'missing_token',
  mode: 'monitor',
  route: '/api/v2/events'
}
[ops] {
  event: 'http_request',
  ts: '2026-09-09T09:21:46.728Z',
  requestId: 'ee5c20f3-e7f7-41e8-8641-2c945a649d4f',
  method: 'GET',
  route: '/api/v2/agents/active',
  status: 200,
  durationMs: 726
}
[ops] {
  event: 'http_request',
  ts: '2026-09-09T09:21:46.987Z',
  requestId: '6a96fcfa-773d-4bc6-aa76-3235a67fcfa6',
  method: 'GET',
  route: '/api/v2/agents/active',
  status: 200,
  durationMs: 752
}
[ops] {
  event: 'http_request',
  ts: '2026-09-09T09:21:47.824Z',
  requestId: 'c2448de9-ac49-43af-b782-3268b5693e42',
  method: 'GET',
  route: '/api/v2/events',
  status: 200,
  durationMs: 28716
}
[ops] {
  event: 'http_request',
  ts: '2026-09-09T09:21:49.100Z',
  requestId: '09cbb5b6-3d82-41a2-a35a-145a7368dc15',
  method: 'OPTIONS',
  route: '/api/v2/agents/active',
  status: 204,
  durationMs: 0
}
[ops] {
  event: 'http_request',
  ts: '2026-09-09T09:21:49.100Z',
  requestId: '838e7708-3016-4ae4-b99e-6ce77a8f80b0',
  method: 'OPTIONS',
  route: '/api/v2/events',
  status: 204,
  durationMs: 0
}
[ops] {
  event: 'security.app_check_rejected',
  ts: '2026-09-09T09:21:49.101Z',
  reason: 'missing_token',
  mode: 'monitor',
  route: '/api/v2/agents/active'
}
[ops] {
  event: 'security.app_check_rejected',
  ts: '2026-09-09T09:21:49.411Z',
  reason: 'missing_token',
  mode: 'monitor',
  route: '/api/v2/events'
}
[ops] {
  event: 'http_request',
  ts: '2026-09-09T09:21:49.827Z',
  requestId: '88e148a6-e21f-4736-9f2b-5196631c9829',
  method: 'GET',
  route: '/api/v2/agents/active',
  status: 200,
  durationMs: 726
}
[ops] {
  event: 'http_request',
  ts: '2026-09-09T09:21:53.924Z',
  requestId: '20a4db5d-e946-4dc6-83ea-0626acf6ff5b',
  method: 'GET',
  route: '/api/v2/events',
  status: 200,
  durationMs: 13630
}
[ops] {
  event: 'http_request',
  ts: '2026-09-09T09:21:55.557Z',
  requestId: '37b4814e-3f51-423e-8c94-ee51650e00e7',
  method: 'OPTIONS',
  route: '/api/v2/agents/active',
  status: 204,
  durationMs: 0
}
[ops] {
  event: 'security.app_check_rejected',
  ts: '2026-09-09T09:21:55.558Z',
  reason: 'missing_token',
  mode: 'monitor',
  route: '/api/v2/agents/active'
}
[ops] {
  event: 'http_request',
  ts: '2026-09-09T09:21:55.559Z',
  requestId: '06ccbc26-4d0c-425b-b587-2717e05b0cee',
  method: 'OPTIONS',
  route: '/api/v2/agents/active',
  status: 204,
  durationMs: 0
}
[ops] {
  event: 'http_request',
  ts: '2026-09-09T09:21:55.561Z',
  requestId: 'ff8ddec6-03c6-4eb3-93db-c1da777ef847',
  method: 'OPTIONS',
  route: '/api/v2/events',
  status: 204,
  durationMs: 0
}
[ops] {
  event: 'http_request',
  ts: '2026-09-09T09:21:55.603Z',
  requestId: 'bc18534f-7d4c-4e0b-9e02-9d1c7a8d9d54',
  method: 'OPTIONS',
  route: '/api/v2/agents/active',
  status: 204,
  durationMs: 0
}
[ops] {
  event: 'http_request',
  ts: '2026-09-09T09:21:55.662Z',
  requestId: 'd6c0fdc0-ada2-460d-ba2d-8212e1b97cfa',
  method: 'OPTIONS',
  route: '/api/v2/agents/active',
  status: 204,
  durationMs: 0
}
[ops] {
  event: 'security.app_check_rejected',
  ts: '2026-09-09T09:21:55.867Z',
  reason: 'missing_token',
  mode: 'monitor',
  route: '/api/v2/agents/active'
}
[ops] {
  event: 'security.app_check_rejected',
  ts: '2026-09-09T09:21:55.868Z',
  reason: 'missing_token',
  mode: 'monitor',
  route: '/api/v2/events'
}
[ops] {
  event: 'http_request',
  ts: '2026-09-09T09:21:56.278Z',
  requestId: 'f367aa60-c5a4-46be-a3ab-dd4396d61c8f',
  method: 'GET',
  route: '/api/v2/agents/active',
  status: 200,
  durationMs: 720
}
[ops] {
  event: 'security.app_check_rejected',
  ts: '2026-09-09T09:21:56.279Z',
  reason: 'missing_token',
  mode: 'monitor',
  route: '/api/v2/agents/active'
}
[ops] {
  event: 'http_request',
  ts: '2026-09-09T09:21:56.625Z',
  requestId: 'e2972a66-507d-4b8a-92c8-b223e43d086e',
  method: 'GET',
  route: '/api/v2/agents/active',
  status: 200,
  durationMs: 758
}
[ops] {
  event: 'security.app_check_rejected',
  ts: '2026-09-09T09:21:56.626Z',
  reason: 'missing_token',
  mode: 'monitor',
  route: '/api/v2/agents/active'
}
[ops] {
  event: 'http_request',
  ts: '2026-09-09T09:21:57.165Z',
  requestId: '92507720-e854-4fa9-b20d-2d69617fc0ac',
  method: 'GET',
  route: '/api/v2/agents/active',
  status: 200,
  durationMs: 886
}
[ops] {
  event: 'http_request',
  ts: '2026-09-09T09:21:57.316Z',
  requestId: '4609957e-95a7-41e7-ad09-17d6205d5e1d',
  method: 'GET',
  route: '/api/v2/agents/active',
  status: 200,
  durationMs: 691
}
[ops] {
  event: 'http_request',
  ts: '2026-09-09T09:21:58.786Z',
  requestId: '0cb26f43-79ab-4c44-94c7-73e92a4fe849',
  method: 'OPTIONS',
  route: '/api/v2/agents/active',
  status: 204,
  durationMs: 0
}
[ops] {
  event: 'security.app_check_rejected',
  ts: '2026-09-09T09:21:59.098Z',
  reason: 'missing_token',
  mode: 'monitor',
  route: '/api/v2/agents/active'
}
[ops] {
  event: 'http_request',
  ts: '2026-09-09T09:21:59.885Z',
  requestId: 'abb08011-0ae7-4d1c-a44c-808adac30c47',
  method: 'GET',
  route: '/api/v2/agents/active',
  status: 200,
  durationMs: 788
}
[ops] {
  event: 'http_request',
  ts: '2026-09-09T09:21:59.897Z',
  requestId: 'b241813d-7faa-41b0-865e-f52b2a895fd5',
  method: 'GET',
  route: '/api/v2/events',
  status: 200,
  durationMs: 16788
}
[ops] {
  event: 'http_request',
  ts: '2026-09-09T09:22:00.607Z',
  requestId: '6166891f-8f7a-4038-9f11-68ad59fce6bd',
  method: 'OPTIONS',
  route: '/api/v2/events',
  status: 204,
  durationMs: 0
}
[ops] {
  event: 'security.app_check_rejected',
  ts: '2026-09-09T09:22:00.608Z',
  reason: 'missing_token',
  mode: 'monitor',
  route: '/api/v2/events'
}
[ops] {
  event: 'http_request',
  ts: '2026-09-09T09:22:05.237Z',
  requestId: '4a482ad9-47a1-43db-a8b9-b915749826c4',
  method: 'OPTIONS',
  route: '/api/v2/agents/active',
  status: 204,
  durationMs: 0
}
[ops] {
  event: 'http_request',
  ts: '2026-09-09T09:22:05.283Z',
  requestId: '27b2df68-7727-45dc-a708-e67407a35d37',
  method: 'OPTIONS',
  route: '/api/v2/agents/active',
  status: 204,
  durationMs: 0
}
[ops] {
  event: 'http_request',
  ts: '2026-09-09T09:22:05.498Z',
  requestId: 'ae14c2b4-5627-492d-bab3-e981a1392413',
  method: 'GET',
  route: '/api/v2/events',
  status: 200,
  durationMs: 22746
}
[ops] {
  event: 'security.app_check_rejected',
  ts: '2026-09-09T09:22:05.499Z',
  reason: 'missing_token',
  mode: 'monitor',
  route: '/api/v2/agents/active'
}
[ops] {
  event: 'security.app_check_rejected',
  ts: '2026-09-09T09:22:05.549Z',
  reason: 'missing_token',
  mode: 'monitor',
  route: '/api/v2/agents/active'
}
[ops] {
  event: 'http_request',
  ts: '2026-09-09T09:22:05.598Z',
  requestId: 'b2c0e509-a161-4420-a84b-1e434863e459',
  method: 'OPTIONS',
  route: '/api/v2/agents/active',
  status: 204,
  durationMs: 0
}
[ops] {
  event: 'security.app_check_rejected',
  ts: '2026-09-09T09:22:05.599Z',
  reason: 'missing_token',
  mode: 'monitor',
  route: '/api/v2/agents/active'
}
[ops] {
  event: 'http_request',
  ts: '2026-09-09T09:22:05.664Z',
  requestId: 'd1c35c88-449e-4f5a-9f6f-d27377a66dac',
  method: 'OPTIONS',
  route: '/api/v2/agents/active',
  status: 204,
  durationMs: 1
}
[ops] {
  event: 'http_request',
  ts: '2026-09-09T09:22:06.441Z',
  requestId: '4c7f1a89-c249-4c2d-a48a-e4e4f7f76ee5',
  method: 'GET',
  route: '/api/v2/agents/active',
  status: 200,
  durationMs: 942
}
[ops] {
  event: 'security.app_check_rejected',
  ts: '2026-09-09T09:22:06.442Z',
  reason: 'missing_token',
  mode: 'monitor',
  route: '/api/v2/agents/active'
}
[ops] {
  event: 'http_request',
  ts: '2026-09-09T09:22:06.476Z',
  requestId: 'ddc4decb-7cbc-471c-bf0d-759057d01182',
  method: 'GET',
  route: '/api/v2/agents/active',
  status: 200,
  durationMs: 927
}
[ops] {
  event: 'http_request',
  ts: '2026-09-09T09:22:06.678Z',
  requestId: 'b6b8bb98-ddf1-4d42-a1e0-c07860e9332d',
  method: 'GET',
  route: '/api/v2/agents/active',
  status: 200,
  durationMs: 1079
}
[ops] {
  event: 'http_request',
  ts: '2026-09-09T09:22:07.387Z',
  requestId: '10e6ba80-e8ea-4ca0-bf58-44151ce75ca0',
  method: 'GET',
  route: '/api/v2/agents/active',
  status: 200,
  durationMs: 945
}
[ops] {
  event: 'http_request',
  ts: '2026-09-09T09:22:07.738Z',
  requestId: '6729f593-c8f7-4966-b982-b9d91f9e9542',
  method: 'OPTIONS',
  route: '/api/v2/events',
  status: 204,
  durationMs: 0
}
[ops] {
  event: 'security.app_check_rejected',
  ts: '2026-09-09T09:22:07.739Z',
  reason: 'missing_token',
  mode: 'monitor',
  route: '/api/v2/events'
}
[ops] {
  event: 'http_request',
  ts: '2026-09-09T09:22:08.617Z',
  requestId: '2ed9d53d-07ee-4dff-b149-08a96c7ed08e',
  method: 'GET',
  route: '/api/v2/events',
  status: 200,
  durationMs: 22126
}
[ops] {
  event: 'http_request',
  ts: '2026-09-09T09:22:09.099Z',
  requestId: '63a9d72b-d4ef-441f-a254-d08c9e396217',
  method: 'OPTIONS',
  route: '/api/v2/agents/active',
  status: 204,
  durationMs: 0
}
[ops] {
  event: 'security.app_check_rejected',
  ts: '2026-09-09T09:22:09.414Z',
  reason: 'missing_token',
  mode: 'monitor',
  route: '/api/v2/agents/active'
}
[ops] {
  event: 'http_request',
  ts: '2026-09-09T09:22:10.434Z',
  requestId: '66ca10a4-79d7-4409-862e-caaf424a2568',
  method: 'GET',
  route: '/api/v2/agents/active',
  status: 200,
  durationMs: 1021
}
[ops] {
  event: 'http_request',
  ts: '2026-09-09T09:22:10.664Z',
  requestId: '1cb96c22-a785-4e7e-968b-ac33fb3d05bb',
  method: 'OPTIONS',
  route: '/api/v2/events',
  status: 204,
  durationMs: 0
}
[ops] {
  event: 'security.app_check_rejected',
  ts: '2026-09-09T09:22:10.665Z',
  reason: 'missing_token',
  mode: 'monitor',
  route: '/api/v2/events'
}
[ops] {
  event: 'http_request',
  ts: '2026-09-09T09:22:12.610Z',
  requestId: 'bd5d3254-72bb-4f14-88bd-e67f63024d5a',
  method: 'OPTIONS',
  route: '/api/studio/status',
  status: 204,
  durationMs: 0
}
[ops] {
  event: 'http_request',
  ts: '2026-09-09T09:22:12.610Z',
  requestId: '4ee299b2-b9c2-465f-9ff4-aace27186778',
  method: 'OPTIONS',
  route: '/api/studio/mcp/status',
  status: 204,
  durationMs: 0
}
[ops] {
  event: 'security.app_check_rejected',
  ts: '2026-09-09T09:22:12.611Z',
  reason: 'missing_token',
  mode: 'monitor',
  route: '/api/studio/status'
}
[ops] {
  event: 'security.app_check_rejected',
  ts: '2026-09-09T09:22:12.919Z',
  reason: 'missing_token',
  mode: 'monitor',
  route: '/api/studio/mcp/status'
}
[ops] {
  event: 'http_request',
  ts: '2026-09-09T09:22:13.550Z',
  requestId: '1964c5fa-bd21-4548-837b-57b008264cfb',
  method: 'GET',
  route: '/api/studio/mcp/status',
  status: 200,
  durationMs: 630
}
[ops] {
  event: 'http_request',
  ts: '2026-09-09T09:22:13.941Z',
  requestId: '27bcaeb2-eb92-443e-974a-3e9d3dd82e20',
  method: 'GET',
  route: '/api/studio/status',
  status: 200,
  durationMs: 1331
}
[ops] {
  event: 'http_request',
  ts: '2026-09-09T09:22:14.797Z',
  requestId: '0da1ad45-118c-4267-b58a-bb4c8fdf2948',
  method: 'OPTIONS',
  route: '/api/studio/status',
  status: 204,
  durationMs: 1
}
[ops] {
  event: 'http_request',
  ts: '2026-09-09T09:22:14.797Z',
  requestId: 'a6aa3f43-c081-4eac-ba66-7d42e445b457',
  method: 'OPTIONS',
  route: '/api/studio/mcp/status',
  status: 204,
  durationMs: 0
}
[ops] {
  event: 'security.app_check_rejected',
  ts: '2026-09-09T09:22:15.100Z',
  reason: 'missing_token',
  mode: 'monitor',
  route: '/api/studio/status'
}
[ops] {
  event: 'http_request',
  ts: '2026-09-09T09:22:15.102Z',
  requestId: '0ee41a33-70d0-4e08-b9f3-39c7f7a0aeab',
  method: 'GET',
  route: '/api/studio/status',
  status: 200,
  durationMs: 1
}
[ops] {
  event: 'security.app_check_rejected',
  ts: '2026-09-09T09:22:15.102Z',
  reason: 'missing_token',
  mode: 'monitor',
  route: '/api/studio/mcp/status'
}
[ops] {
  event: 'http_request',
  ts: '2026-09-09T09:22:15.240Z',
  requestId: '7d89bf8d-e676-4543-8845-60011ece7e4d',
  method: 'OPTIONS',
  route: '/api/v2/agents/active',
  status: 204,
  durationMs: 0
}
[ops] {
  event: 'security.app_check_rejected',
  ts: '2026-09-09T09:22:15.242Z',
  reason: 'missing_token',
  mode: 'monitor',
  route: '/api/v2/agents/active'
}
[ops] {
  event: 'http_request',
  ts: '2026-09-09T09:22:15.287Z',
  requestId: '8b019277-2ad3-4eed-ac74-b1299b07fd6e',
  method: 'OPTIONS',
  route: '/api/v2/agents/active',
  status: 204,
  durationMs: 1
}
[ops] {
  event: 'http_request',
  ts: '2026-09-09T09:22:15.288Z',
  requestId: 'a151aa30-8530-4d43-887c-b672d44c3c69',
  method: 'OPTIONS',
  route: '/api/studio/status',
  status: 204,
  durationMs: 0
}
[ops] {
  event: 'http_request',
  ts: '2026-09-09T09:22:15.288Z',
  requestId: 'dd88bf8d-1b0f-4f60-97fc-c5f6baa832f3',
  method: 'OPTIONS',
  route: '/api/studio/mcp/status',
  status: 204,
  durationMs: 0
}
[ops] {
  event: 'http_request',
  ts: '2026-09-09T09:22:15.597Z',
  requestId: '23d7cc86-fbe9-4a1c-bc47-4c1c1ca67dd7',
  method: 'OPTIONS',
  route: '/api/v2/agents/active',
  status: 204,
  durationMs: 0
}
[ops] {
  event: 'http_request',
  ts: '2026-09-09T09:22:15.619Z',
  requestId: 'dbe0f061-e796-44db-a9ea-ab35a323df1b',
  method: 'GET',
  route: '/api/studio/mcp/status',
  status: 200,
  durationMs: 518
}
[ops] {
  event: 'security.app_check_rejected',
  ts: '2026-09-09T09:22:15.620Z',
  reason: 'missing_token',
  mode: 'monitor',
  route: '/api/v2/agents/active'
}
[ops] {
  event: 'http_request',
  ts: '2026-09-09T09:22:15.664Z',
  requestId: 'f3cd5a4f-0150-48fe-958a-339733cfd8e3',
  method: 'OPTIONS',
  route: '/api/v2/agents/active',
  status: 204,
  durationMs: 0
}
[ops] {
  event: 'http_request',
  ts: '2026-09-09T09:22:15.788Z',
  requestId: '2227adc3-e49b-4526-bc4a-48c38dadca9d',
  method: 'OPTIONS',
  route: '/api/studio/status',
  status: 204,
  durationMs: 0
}
[ops] {
  event: 'http_request',
  ts: '2026-09-09T09:22:15.789Z',
  requestId: '3145bc1b-e31c-4f92-9f38-3e40f95b8798',
  method: 'OPTIONS',
  route: '/api/studio/mcp/status',
  status: 204,
  durationMs: 0
}
[ops] {
  event: 'http_request',
  ts: '2026-09-09T09:22:16.008Z',
  requestId: '95e79bac-0c20-4af1-92de-e82201261671',
  method: 'OPTIONS',
  route: '/api/studio/status',
  status: 204,
  durationMs: 0
}
[ops] {
  event: 'http_request',
  ts: '2026-09-09T09:22:16.008Z',
  requestId: '13500882-e8b1-4295-abcb-1e27ffe07ae2',
  method: 'OPTIONS',
  route: '/api/studio/mcp/status',
  status: 204,
  durationMs: 0
}
[ops] {
  event: 'http_request',
  ts: '2026-09-09T09:22:16.270Z',
  requestId: 'b6c1941c-965e-4420-866c-0efa3835ca9d',
  method: 'GET',
  route: '/api/v2/agents/active',
  status: 200,
  durationMs: 1028
}
[ops] {
  event: 'security.app_check_rejected',
  ts: '2026-09-09T09:22:16.271Z',
  reason: 'missing_token',
  mode: 'monitor',
  route: '/api/studio/status'
}
[ops] {
  event: 'http_request',
  ts: '2026-09-09T09:22:16.273Z',
  requestId: '4cafd337-d6f4-448c-ab3a-6c50ae7361fa',
  method: 'GET',
  route: '/api/studio/status',
  status: 200,
  durationMs: 2
}
[ops] {
  event: 'security.app_check_rejected',
  ts: '2026-09-09T09:22:16.274Z',
  reason: 'missing_token',
  mode: 'monitor',
  route: '/api/studio/mcp/status'
}
[ops] {
  event: 'http_request',
  ts: '2026-09-09T09:22:16.543Z',
  requestId: '636a6694-9ba7-4f77-8a34-61b26990ee65',
  method: 'GET',
  route: '/api/v2/agents/active',
  status: 200,
  durationMs: 923
}
[ops] {
  event: 'security.app_check_rejected',
  ts: '2026-09-09T09:22:16.544Z',
  reason: 'missing_token',
  mode: 'monitor',
  route: '/api/v2/agents/active'
}
[ops] {
  event: 'http_request',
  ts: '2026-09-09T09:22:16.983Z',
  requestId: 'eb5bce9a-3058-4377-9eb6-73e2c55bdbd1',
  method: 'GET',
  route: '/api/studio/mcp/status',
  status: 200,
  durationMs: 709
}
[ops] {
  event: 'security.app_check_rejected',
  ts: '2026-09-09T09:22:16.983Z',
  reason: 'missing_token',
  mode: 'monitor',
  route: '/api/v2/agents/active'
}
[ops] {
  event: 'http_request',
  ts: '2026-09-09T09:22:17.441Z',
  requestId: '84c793e6-b580-4994-a9ff-fe7ac29463e2',
  method: 'GET',
  route: '/api/v2/agents/active',
  status: 200,
  durationMs: 897
}
[ops] {
  event: 'security.app_check_rejected',
  ts: '2026-09-09T09:22:17.443Z',
  reason: 'missing_token',
  mode: 'monitor',
  route: '/api/studio/status'
}
[ops] {
  event: 'http_request',
  ts: '2026-09-09T09:22:17.444Z',
  requestId: 'ab0ff003-f981-43a4-9d89-e97694a66e8b',
  method: 'GET',
  route: '/api/studio/status',
  status: 200,
  durationMs: 2
}
[ops] {
  event: 'security.app_check_rejected',
  ts: '2026-09-09T09:22:17.446Z',
  reason: 'missing_token',
  mode: 'monitor',
  route: '/api/studio/mcp/status'
}
[ops] {
  event: 'http_request',
  ts: '2026-09-09T09:22:17.823Z',
  requestId: 'ce7c5356-9d15-4a0e-91f2-5bc50346f2ce',
  method: 'GET',
  route: '/api/v2/agents/active',
  status: 200,
  durationMs: 840
}
[ops] {
  event: 'security.app_check_rejected',
  ts: '2026-09-09T09:22:17.824Z',
  reason: 'missing_token',
  mode: 'monitor',
  route: '/api/studio/status'
}
[ops] {
  event: 'http_request',
  ts: '2026-09-09T09:22:17.826Z',
  requestId: 'fbe20f94-71c1-4128-904a-9ce4fa54498f',
  method: 'GET',
  route: '/api/studio/status',
  status: 200,
  durationMs: 2
}
[ops] {
  event: 'security.app_check_rejected',
  ts: '2026-09-09T09:22:17.828Z',
  reason: 'missing_token',
  mode: 'monitor',
  route: '/api/studio/mcp/status'
}
[ops] {
  event: 'http_request',
  ts: '2026-09-09T09:22:17.990Z',
  requestId: '803103f8-686c-4d5b-a3b0-3cd59a17bb6f',
  method: 'GET',
  route: '/api/studio/mcp/status',
  status: 200,
  durationMs: 545
}
[ops] {
  event: 'http_request',
  ts: '2026-09-09T09:22:18.334Z',
  requestId: '6749a7e7-1e75-40bf-ab47-c5f977bac7ff',
  method: 'GET',
  route: '/api/studio/mcp/status',
  status: 200,
  durationMs: 506
}
[ops] {
  event: 'http_request',
  ts: '2026-09-09T09:22:19.106Z',
  requestId: '4115f007-861d-4870-8ff4-84d7e4008cb6',
  method: 'OPTIONS',
  route: '/api/v2/agents/active',
  status: 204,
  durationMs: 0
}
[ops] {
  event: 'security.app_check_rejected',
  ts: '2026-09-09T09:22:19.107Z',
  reason: 'missing_token',
  mode: 'monitor',
  route: '/api/v2/agents/active'
}
[ops] {
  event: 'http_request',
  ts: '2026-09-09T09:22:20.368Z',
  requestId: '9bf5c6d9-61b3-45b3-be91-bfe219f84ae0',
  method: 'GET',
  route: '/api/v2/agents/active',
  status: 200,
  durationMs: 1262
}
[ops] {
  event: 'http_request',
  ts: '2026-09-09T09:22:24.326Z',
  requestId: 'cf4474c2-852f-440c-9d29-e8548be9d4be',
  method: 'GET',
  route: '/api/v2/events',
  status: 200,
  durationMs: 34916
}
[ops] {
  event: 'http_request',
  ts: '2026-09-09T09:22:25.241Z',
  requestId: '1915ae6d-b3a5-4523-bbe9-12376b1f3636',
  method: 'OPTIONS',
  route: '/api/v2/agents/active',
  status: 204,
  durationMs: 0
}
[ops] {
  event: 'http_request',
  ts: '2026-09-09T09:22:25.288Z',
  requestId: '3774efd2-b934-4aa2-ad4f-f97ad96accc9',
  method: 'OPTIONS',
  route: '/api/v2/agents/active',
  status: 204,
  durationMs: 0
}
[ops] {
  event: 'security.app_check_rejected',
  ts: '2026-09-09T09:22:25.548Z',
  reason: 'missing_token',
  mode: 'monitor',
  route: '/api/v2/agents/active'
}
[ops] {
  event: 'security.app_check_rejected',
  ts: '2026-09-09T09:22:25.595Z',
  reason: 'missing_token',
  mode: 'monitor',
  route: '/api/v2/agents/active'
}
[ops] {
  event: 'http_request',
  ts: '2026-09-09T09:22:25.612Z',
  requestId: '79a4fa1e-7db2-4a96-a165-479d63f4eec6',
  method: 'OPTIONS',
  route: '/api/v2/agents/active',
  status: 204,
  durationMs: 0
}
[ops] {
  event: 'http_request',
  ts: '2026-09-09T09:22:25.664Z',
  requestId: '054b6135-dab7-424a-b3d0-d283bc36cf84',
  method: 'OPTIONS',
  route: '/api/v2/agents/active',
  status: 204,
  durationMs: 0
}
[ops] {
  event: 'http_request',
  ts: '2026-09-09T09:22:25.966Z',
  requestId: '71502d74-e71b-4cd2-95ab-4ecb54c9a431',
  method: 'GET',
  route: '/api/v2/events',
  status: 200,
  durationMs: 18228
}
[ops] {
  event: 'security.app_check_rejected',
  ts: '2026-09-09T09:22:25.968Z',
  reason: 'missing_token',
  mode: 'monitor',
  route: '/api/v2/agents/active'
}
[ops] {
  event: 'http_request',
  ts: '2026-09-09T09:22:26.288Z',
  requestId: '18270a7c-ce26-4014-b64f-e637e5429acd',
  method: 'OPTIONS',
  route: '/api/v2/events',
  status: 204,
  durationMs: 1
}
[ops] {
  event: 'security.app_check_rejected',
  ts: '2026-09-09T09:22:26.289Z',
  reason: 'missing_token',
  mode: 'monitor',
  route: '/api/v2/events'
}
[ops] {
  event: 'http_request',
  ts: '2026-09-09T09:22:26.305Z',
  requestId: '971845c4-7cc4-42ce-a199-bda9fa91dbac',
  method: 'GET',
  route: '/api/v2/agents/active',
  status: 200,
  durationMs: 757
}
[ops] {
  event: 'security.app_check_rejected',
  ts: '2026-09-09T09:22:26.306Z',
  reason: 'missing_token',
  mode: 'monitor',
  route: '/api/v2/agents/active'
}
[ops] {
  event: 'http_request',
  ts: '2026-09-09T09:22:26.348Z',
  requestId: '72174740-2eb0-4b70-9654-cacb9a9b65c9',
  method: 'GET',
  route: '/api/v2/agents/active',
  status: 200,
  durationMs: 753
}
[ops] {
  event: 'http_request',
  ts: '2026-09-09T09:22:26.687Z',
  requestId: 'e82197d0-5374-455c-b0fa-b2337e6f4f1b',
  method: 'GET',
  route: '/api/v2/agents/active',
  status: 200,
  durationMs: 719
}
[ops] {
  event: 'http_request',
  ts: '2026-09-09T09:22:27.224Z',
  requestId: 'e7f2a468-60c4-4417-9e21-7e846d195fbf',
  method: 'GET',
  route: '/api/v2/agents/active',
  status: 200,
  durationMs: 918
}
[ops] {
  event: 'http_request',
  ts: '2026-09-09T09:22:27.740Z',
  requestId: '6737aa37-e7c9-4422-bc62-900a14c191d4',
  method: 'OPTIONS',
  route: '/api/v2/events',
  status: 204,
  durationMs: 0
}
[ops] {
  event: 'security.app_check_rejected',
  ts: '2026-09-09T09:22:27.741Z',
  reason: 'missing_token',
  mode: 'monitor',
  route: '/api/v2/events'
}
[ops] {
  event: 'http_request',
  ts: '2026-09-09T09:22:28.797Z',
  requestId: '30da89e9-d137-46be-9e14-ecfb3b6063f5',
  method: 'OPTIONS',
  route: '/api/v2/agents/active',
  status: 204,
  durationMs: 0
}
[ops] {
  event: 'security.app_check_rejected',
  ts: '2026-09-09T09:22:29.106Z',
  reason: 'missing_token',
  mode: 'monitor',
  route: '/api/v2/agents/active'
}
[ops] {
  event: 'http_request',
  ts: '2026-09-09T09:22:29.124Z',
  requestId: '2d3bc4d4-df23-4b3f-b903-e5e37d8eac4b',
  method: 'GET',
  route: '/api/v2/events',
  status: 200,
  durationMs: 33256
}
[ops] {
  event: 'http_request',
  ts: '2026-09-09T09:22:29.981Z',
  requestId: 'e8183ee8-70b2-44f5-9d00-f5bf3cc79d26',
  method: 'GET',
  route: '/api/v2/agents/active',
  status: 200,
  durationMs: 874
}
[ops] {
  event: 'http_request',
  ts: '2026-09-09T09:22:30.293Z',
  requestId: '8e7ec408-dd9b-43c7-9d12-857ecb0986ce',
  method: 'OPTIONS',
  route: '/api/v2/events',
  status: 204,
  durationMs: 1
}
[ops] {
  event: 'security.app_check_rejected',
  ts: '2026-09-09T09:22:30.294Z',
  reason: 'missing_token',
  mode: 'monitor',
  route: '/api/v2/events'
}
[ops] {
  event: 'http_request',
  ts: '2026-09-09T09:22:31.561Z',
  requestId: '771b99d1-b4b1-4ca3-9272-8dfc7532f5e1',
  method: 'GET',
  route: '/api/v2/events',
  status: 200,
  durationMs: 30954
}
[ops] {
  event: 'http_request',
  ts: '2026-09-09T09:22:33.109Z',
  requestId: 'dcff597e-299a-4c70-9f3e-cb70da036530',
  method: 'OPTIONS',
  route: '/api/v2/events',
  status: 204,
  durationMs: 1
}
[ops] {
  event: 'security.app_check_rejected',
  ts: '2026-09-09T09:22:33.111Z',
  reason: 'missing_token',
  mode: 'monitor',
  route: '/api/v2/events'
}
[ops] {
  event: 'http_request',
  ts: '2026-09-09T09:22:33.542Z',
  requestId: 'cdfa10a6-656e-4af3-ba85-54cd8e9a2b7b',
  method: 'GET',
  route: '/api/v2/events',
  status: 200,
  durationMs: 22877
}
[ops] {
  event: 'http_request',
  ts: '2026-09-09T09:22:35.241Z',
  requestId: '4612cffd-94ee-4809-9d18-be6561effa7c',
  method: 'OPTIONS',
  route: '/api/v2/agents/active',
  status: 204,
  durationMs: 1
}
[ops] {
  event: 'security.app_check_rejected',
  ts: '2026-09-09T09:22:35.244Z',
  reason: 'missing_token',
  mode: 'monitor',
  route: '/api/v2/agents/active'
}
[ops] {
  event: 'http_request',
  ts: '2026-09-09T09:22:35.286Z',
  requestId: 'bf1b7106-3278-48f7-87c6-6162f246b7ea',
  method: 'OPTIONS',
  route: '/api/v2/agents/active',
  status: 204,
  durationMs: 0
}
[ops] {
  event: 'security.app_check_rejected',
  ts: '2026-09-09T09:22:35.598Z',
  reason: 'missing_token',
  mode: 'monitor',
  route: '/api/v2/agents/active'
}
[ops] {
  event: 'http_request',
  ts: '2026-09-09T09:22:35.609Z',
  requestId: '05584152-75bd-4035-aa88-5139c7a9b0fd',
  method: 'OPTIONS',
  route: '/api/v2/agents/active',
  status: 204,
  durationMs: 1
}
[ops] {
  event: 'http_request',
  ts: '2026-09-09T09:22:35.664Z',
  requestId: 'e2fb1f4c-52bc-4de7-a8ee-f492d110a37e',
  method: 'OPTIONS',
  route: '/api/v2/agents/active',
  status: 204,
  durationMs: 0
}
[ops] {
  event: 'http_request',
  ts: '2026-09-09T09:22:35.666Z',
  requestId: '3baf1b55-a33b-47ca-b34c-ab497adfeae3',
  method: 'OPTIONS',
  route: '/api/v2/events',
  status: 204,
  durationMs: 1
}
[ops] {
  event: 'security.app_check_rejected',
  ts: '2026-09-09T09:22:35.925Z',
  reason: 'missing_token',
  mode: 'monitor',
  route: '/api/v2/agents/active'
}
[ops] {
  event: 'http_request',
  ts: '2026-09-09T09:22:36.103Z',
  requestId: '4a7b5eb6-6fd4-46cc-b6ff-9a97dc72792b',
  method: 'GET',
  route: '/api/v2/agents/active',
  status: 200,
  durationMs: 859
}
[ops] {
  event: 'security.app_check_rejected',
  ts: '2026-09-09T09:22:36.104Z',
  reason: 'missing_token',
  mode: 'monitor',
  route: '/api/v2/agents/active'
}
[ops] {
  event: 'http_request',
  ts: '2026-09-09T09:22:36.326Z',
  requestId: 'ecb0766c-64b8-4f7d-a9bc-c11049ed7799',
  method: 'GET',
  route: '/api/v2/agents/active',
  status: 200,
  durationMs: 729
}
[ops] {
  event: 'security.app_check_rejected',
  ts: '2026-09-09T09:22:36.327Z',
  reason: 'missing_token',
  mode: 'monitor',
  route: '/api/v2/events'
}
[ops] {
  event: 'http_request',
  ts: '2026-09-09T09:22:36.848Z',
  requestId: '721689f0-591d-4fac-9d37-358f29ea1f36',
  method: 'GET',
  route: '/api/v2/agents/active',
  status: 200,
  durationMs: 923
}
[ops] {
  event: 'http_request',
  ts: '2026-09-09T09:22:37.034Z',
  requestId: '48e94944-acd7-48f3-8a51-1afe89c9e353',
  method: 'GET',
  route: '/api/v2/agents/active',
  status: 200,
  durationMs: 930
}
[ops] {
  event: 'http_request',
  ts: '2026-09-09T09:22:39.095Z',
  requestId: '1be4fd24-129f-41be-a72e-018d947353fa',
  method: 'OPTIONS',
  route: '/api/v2/agents/active',
  status: 204,
  durationMs: 0
}
[ops] {
  event: 'security.app_check_rejected',
  ts: '2026-09-09T09:22:39.406Z',
  reason: 'missing_token',
  mode: 'monitor',
  route: '/api/v2/agents/active'
}
[ops] {
  event: 'http_request',
  ts: '2026-09-09T09:22:40.224Z',
  requestId: '96d0010a-f2d3-4410-b06d-5061cd54d6b3',
  method: 'GET',
  route: '/api/v2/agents/active',
  status: 200,
  durationMs: 819
}
[ops] {
  event: 'http_request',
  ts: '2026-09-09T09:22:41.564Z',
  requestId: '3dbfc8fb-28ab-496c-b159-6f3f8663ed01',
  method: 'GET',
  route: '/api/v2/events',
  status: 200,
  durationMs: 13823
}
[ops] {
  event: 'http_request',
  ts: '2026-09-09T09:22:42.738Z',
  requestId: '926e0ee9-8c86-430b-9536-32db94830a77',
  method: 'OPTIONS',
  route: '/api/v2/events',
  status: 204,
  durationMs: 0
}
[ops] {
  event: 'security.app_check_rejected',
  ts: '2026-09-09T09:22:42.739Z',
  reason: 'missing_token',
  mode: 'monitor',
  route: '/api/v2/events'
}
[ops] {
  event: 'http_request',
  ts: '2026-09-09T09:22:43.953Z',
  requestId: '34cbbd97-b943-4b71-bf86-79fb56cb159a',
  method: 'OPTIONS',
  route: '/api/studio/status',
  status: 204,
  durationMs: 0
}
[ops] {
  event: 'http_request',
  ts: '2026-09-09T09:22:43.953Z',
  requestId: '59ede161-63a8-4b79-9cdb-3da88b540039',
  method: 'OPTIONS',
  route: '/api/studio/mcp/status',
  status: 204,
  durationMs: 0
}
[ops] {
  event: 'security.app_check_rejected',
  ts: '2026-09-09T09:22:43.954Z',
  reason: 'missing_token',
  mode: 'monitor',
  route: '/api/studio/status'
}
[ops] {
  event: 'security.app_check_rejected',
  ts: '2026-09-09T09:22:44.263Z',
  reason: 'missing_token',
  mode: 'monitor',
  route: '/api/studio/mcp/status'
}
[ops] {
  event: 'http_request',
  ts: '2026-09-09T09:22:44.843Z',
  requestId: '33e256ae-a33a-46e1-914f-260d46058aed',
  method: 'GET',
  route: '/api/studio/mcp/status',
  status: 200,
  durationMs: 580
}
[ops] {
  event: 'http_request',
  ts: '2026-09-09T09:22:45.226Z',
  requestId: 'd4a7aaa4-cc3a-4704-99f1-66484d006bde',
  method: 'GET',
  route: '/api/studio/status',
  status: 200,
  durationMs: 1273
}
[ops] {
  event: 'http_request',
  ts: '2026-09-09T09:22:45.239Z',
  requestId: '27a3a460-a0b9-439e-85ca-8ee288f7a6c9',
  method: 'OPTIONS',
  route: '/api/v2/agents/active',
  status: 204,
  durationMs: 0
}
[ops] {
  event: 'http_request',
  ts: '2026-09-09T09:22:45.285Z',
  requestId: '45c1e1b1-1fa3-4318-9927-7c050f68b738',
  method: 'OPTIONS',
  route: '/api/v2/agents/active',
  status: 204,
  durationMs: 0
}
[ops] {
  event: 'security.app_check_rejected',
  ts: '2026-09-09T09:22:45.545Z',
  reason: 'missing_token',
  mode: 'monitor',
  route: '/api/v2/agents/active'
}
[ops] {
  event: 'security.app_check_rejected',
  ts: '2026-09-09T09:22:45.593Z',
  reason: 'missing_token',
  mode: 'monitor',
  route: '/api/v2/agents/active'
}
[ops] {
  event: 'http_request',
  ts: '2026-09-09T09:22:45.613Z',
  requestId: '65cd9615-5a36-4c3b-9b9c-355729e9090f',
  method: 'OPTIONS',
  route: '/api/v2/agents/active',
  status: 204,
  durationMs: 1
}
[ops] {
  event: 'http_request',
  ts: '2026-09-09T09:22:45.667Z',
  requestId: '04b0dab5-b2e1-46a7-b3ef-9bbdfd444574',
  method: 'OPTIONS',
  route: '/api/v2/agents/active',
  status: 204,
  durationMs: 0
}
[ops] {
  event: 'http_request',
  ts: '2026-09-09T09:22:46.422Z',
  requestId: 'ecee0720-4720-41d3-bb34-3bb6780b2ec8',
  method: 'GET',
  route: '/api/v2/agents/active',
  status: 200,
  durationMs: 829
}
[ops] {
  event: 'security.app_check_rejected',
  ts: '2026-09-09T09:22:46.423Z',
  reason: 'missing_token',
  mode: 'monitor',
  route: '/api/v2/agents/active'
}
[ops] {
  event: 'http_request',
  ts: '2026-09-09T09:22:46.425Z',
  requestId: '05a5ed66-863e-409f-9ba4-e4cf7742f671',
  method: 'GET',
  route: '/api/v2/agents/active',
  status: 200,
  durationMs: 880
}
[ops] {
  event: 'security.app_check_rejected',
  ts: '2026-09-09T09:22:46.427Z',
  reason: 'missing_token',
  mode: 'monitor',
  route: '/api/v2/agents/active'
}
[ops] {
  event: 'http_request',
  ts: '2026-09-09T09:22:46.492Z',
  requestId: '054dd338-6a6e-4894-8eec-8e99b274dca0',
  method: 'GET',
  route: '/api/v2/events',
  status: 200,
  durationMs: 20203
}
[ops] {
  event: 'http_request',
  ts: '2026-09-09T09:22:46.999Z',
  requestId: '1d4a420f-1792-478b-8e0d-e705d27219e4',
  method: 'OPTIONS',
  route: '/api/studio/status',
  status: 204,
  durationMs: 0
}
[ops] {
  event: 'http_request',
  ts: '2026-09-09T09:22:47.000Z',
  requestId: 'd25042cb-bb98-4566-a48e-049819be4159',
  method: 'OPTIONS',
  route: '/api/studio/mcp/status',
  status: 204,
  durationMs: 0
}
[ops] {
  event: 'http_request',
  ts: '2026-09-09T09:22:47.304Z',
  requestId: 'c9308154-ea8f-4627-a046-6aa01c24da9e',
  method: 'GET',
  route: '/api/v2/agents/active',
  status: 200,
  durationMs: 878
}
[ops] {
  event: 'security.app_check_rejected',
  ts: '2026-09-09T09:22:47.306Z',
  reason: 'missing_token',
  mode: 'monitor',
  route: '/api/studio/status'
}
[ops] {
  event: 'http_request',
  ts: '2026-09-09T09:22:47.308Z',
  requestId: '809ae479-09f2-4fa7-93d8-91459eb64216',
  method: 'GET',
  route: '/api/studio/status',
  status: 200,
  durationMs: 3
}
[ops] {
  event: 'http_request',
  ts: '2026-09-09T09:22:47.310Z',
  requestId: 'dbe86832-961f-4f88-8f46-a748621a39e0',
  method: 'GET',
  route: '/api/v2/agents/active',
  status: 200,
  durationMs: 886
}
[ops] {
  event: 'security.app_check_rejected',
  ts: '2026-09-09T09:22:47.311Z',
  reason: 'missing_token',
  mode: 'monitor',
  route: '/api/studio/mcp/status'
}
[ops] {
  event: 'http_request',
  ts: '2026-09-09T09:22:47.911Z',
  requestId: '6a02413b-b6a4-4819-a5cc-bd9f2ad3ce78',
  method: 'GET',
  route: '/api/studio/mcp/status',
  status: 200,
  durationMs: 601
}
[ops] {
  event: 'http_request',
  ts: '2026-09-09T09:22:47.997Z',
  requestId: '6ea74457-c107-431e-9797-c5934b753e81',
  method: 'OPTIONS',
  route: '/api/studio/status',
  status: 204,
  durationMs: 0
}
[ops] {
  event: 'http_request',
  ts: '2026-09-09T09:22:47.998Z',
  requestId: '6fdcae34-5677-438a-820e-eb683bd3fbc5',
  method: 'OPTIONS',
  route: '/api/studio/mcp/status',
  status: 204,
  durationMs: 0
}
[ops] {
  event: 'security.app_check_rejected',
  ts: '2026-09-09T09:22:47.998Z',
  reason: 'missing_token',
  mode: 'monitor',
  route: '/api/studio/status'
}
[ops] {
  event: 'http_request',
  ts: '2026-09-09T09:22:48.000Z',
  requestId: 'ef54c62a-bad6-48ad-a009-3075ce16a4bd',
  method: 'GET',
  route: '/api/studio/status',
  status: 200,
  durationMs: 2
}
[ops] {
  event: 'security.app_check_rejected',
  ts: '2026-09-09T09:22:48.001Z',
  reason: 'missing_token',
  mode: 'monitor',
  route: '/api/studio/mcp/status'
}
[ops] {
  event: 'http_request',
  ts: '2026-09-09T09:22:48.338Z',
  requestId: '201f89af-e430-4ba5-b906-2a2755d6bd7a',
  method: 'OPTIONS',
  route: '/api/studio/status',
  status: 204,
  durationMs: 1
}
[ops] {
  event: 'http_request',
  ts: '2026-09-09T09:22:48.339Z',
  requestId: '701ef435-c5c5-435f-b98b-898a0b5f61e8',
  method: 'OPTIONS',
  route: '/api/studio/mcp/status',
  status: 204,
  durationMs: 0
}
[ops] {
  event: 'security.app_check_rejected',
  ts: '2026-09-09T09:22:48.340Z',
  reason: 'missing_token',
  mode: 'monitor',
  route: '/api/studio/status'
}
[ops] {
  event: 'http_request',
  ts: '2026-09-09T09:22:48.341Z',
  requestId: '3b7fd322-ca30-48ad-b324-cc7f03f0e348',
  method: 'GET',
  route: '/api/studio/status',
  status: 200,
  durationMs: 2
}
[ops] {
  event: 'security.app_check_rejected',
  ts: '2026-09-09T09:22:48.343Z',
  reason: 'missing_token',
  mode: 'monitor',
  route: '/api/studio/mcp/status'
}
[ops] {
  event: 'http_request',
  ts: '2026-09-09T09:22:48.629Z',
  requestId: 'b4bf24fd-301e-40fc-8aa2-389b1179c8ec',
  method: 'GET',
  route: '/api/studio/mcp/status',
  status: 200,
  durationMs: 628
}
[ops] {
  event: 'http_request',
  ts: '2026-09-09T09:22:48.789Z',
  requestId: '58606d51-3a11-4f58-8007-e5dc0cc6e45b',
  method: 'OPTIONS',
  route: '/api/v2/agents/active',
  status: 204,
  durationMs: 0
}
[ops] {
  event: 'http_request',
  ts: '2026-09-09T09:22:48.790Z',
  requestId: '323d26c9-581e-465a-8ee8-8852fef04099',
  method: 'OPTIONS',
  route: '/api/v2/events',
  status: 204,
  durationMs: 0
}
[ops] {
  event: 'security.app_check_rejected',
  ts: '2026-09-09T09:22:48.791Z',
  reason: 'missing_token',
  mode: 'monitor',
  route: '/api/v2/agents/active'
}
[ops] {
  event: 'security.app_check_rejected',
  ts: '2026-09-09T09:22:48.793Z',
  reason: 'missing_token',
  mode: 'monitor',
  route: '/api/v2/events'
}
[ops] {
  event: 'http_request',
  ts: '2026-09-09T09:22:49.019Z',
  requestId: 'd48cd2dc-6200-41e1-aa52-d9a3cbb5f5e2',
  method: 'GET',
  route: '/api/studio/mcp/status',
  status: 200,
  durationMs: 676
}
[ops] {
  event: 'http_request',
  ts: '2026-09-09T09:22:49.525Z',
  requestId: '2114aabb-e4eb-40ce-a8af-28703c61566e',
  method: 'GET',
  route: '/api/v2/events',
  status: 200,
  durationMs: 16414
}
[ops] {
  event: 'http_request',
  ts: '2026-09-09T09:22:49.827Z',
  requestId: '789c2636-8f9a-48a0-8e88-119098888404',
  method: 'GET',
  route: '/api/v2/agents/active',
  status: 200,
  durationMs: 1036
}
[ops] {
  event: 'http_request',
  ts: '2026-09-09T09:22:50.605Z',
  requestId: 'fa2b7d18-dc59-4eda-a305-ed77ea72d993',
  method: 'OPTIONS',
  route: '/api/v2/events',
  status: 204,
  durationMs: 0
}
[ops] {
  event: 'security.app_check_rejected',
  ts: '2026-09-09T09:22:50.606Z',
  reason: 'missing_token',
  mode: 'monitor',
  route: '/api/v2/events'
}
[ops] {
  event: 'http_request',
  ts: '2026-09-09T09:22:51.709Z',
  requestId: '856bb539-d883-417b-a2b4-b35b073d97c8',
  method: 'GET',
  route: '/api/v2/events',
  status: 200,
  durationMs: 21415
}
[ops] {
  event: 'http_request',
  ts: '2026-09-09T09:22:52.785Z',
  requestId: '7dc7b073-310d-4e0d-803c-d3a4354088c3',
  method: 'OPTIONS',
  route: '/api/v2/events',
  status: 204,
  durationMs: 0
}
[ops] {
  event: 'security.app_check_rejected',
  ts: '2026-09-09T09:22:52.787Z',
  reason: 'missing_token',
  mode: 'monitor',
  route: '/api/v2/events'
}
[ops] {
  event: 'http_request',
  ts: '2026-09-09T09:22:55.238Z',
  requestId: '57db6088-8e94-4760-a657-8395cdcfa964',
  method: 'OPTIONS',
  route: '/api/v2/agents/active',
  status: 204,
  durationMs: 1
}
[ops] {
  event: 'http_request',
  ts: '2026-09-09T09:22:55.284Z',
  requestId: '5d719d35-a0c7-4abb-bdaf-f17490af59d6',
  method: 'OPTIONS',
  route: '/api/v2/agents/active',
  status: 204,
  durationMs: 0
}
[ops] {
  event: 'security.app_check_rejected',
  ts: '2026-09-09T09:22:55.549Z',
  reason: 'missing_token',
  mode: 'monitor',
  route: '/api/v2/agents/active'
}
[ops] {
  event: 'security.app_check_rejected',
  ts: '2026-09-09T09:22:55.595Z',
  reason: 'missing_token',
  mode: 'monitor',
  route: '/api/v2/agents/active'
}
[ops] {
  event: 'http_request',
  ts: '2026-09-09T09:22:55.611Z',
  requestId: 'f25af56a-e428-496b-9fb0-bc8fb255b86a',
  method: 'OPTIONS',
  route: '/api/v2/agents/active',
  status: 204,
  durationMs: 0
}
[ops] {
  event: 'http_request',
  ts: '2026-09-09T09:22:55.672Z',
  requestId: 'd16557c0-1956-4df8-b16f-34874eb5716e',
  method: 'OPTIONS',
  route: '/api/v2/agents/active',
  status: 204,
  durationMs: 0
}
[ops] {
  event: 'http_request',
  ts: '2026-09-09T09:22:56.307Z',
  requestId: 'd0b5208a-b324-44f0-bb75-ea4cc6f515a1',
  method: 'GET',
  route: '/api/v2/agents/active',
  status: 200,
  durationMs: 712
}
[ops] {
  event: 'security.app_check_rejected',
  ts: '2026-09-09T09:22:56.308Z',
  reason: 'missing_token',
  mode: 'monitor',
  route: '/api/v2/agents/active'
}
[ops] {
  event: 'http_request',
  ts: '2026-09-09T09:22:56.392Z',
  requestId: '1e827cf5-7ecb-41b4-a63c-93352d469850',
  method: 'GET',
  route: '/api/v2/agents/active',
  status: 200,
  durationMs: 843
}
[ops] {
  event: 'security.app_check_rejected',
  ts: '2026-09-09T09:22:56.393Z',
  reason: 'missing_token',
  mode: 'monitor',
  route: '/api/v2/agents/active'
}
[ops] {
  event: 'http_request',
  ts: '2026-09-09T09:22:57.074Z',
  requestId: '1131be1c-082b-44b6-b38f-f76106662024',
  method: 'GET',
  route: '/api/v2/agents/active',
  status: 200,
  durationMs: 766
}
[ops] {
  event: 'http_request',
  ts: '2026-09-09T09:22:57.094Z',
  requestId: 'cf6f4589-8303-44c2-872b-d9599fee6667',
  method: 'GET',
  route: '/api/v2/agents/active',
  status: 200,
  durationMs: 701
}
[ops] {
  event: 'http_request',
  ts: '2026-09-09T09:22:59.113Z',
  requestId: '0afd85da-065e-4a87-afe8-a3006b123695',
  method: 'OPTIONS',
  route: '/api/v2/agents/active',
  status: 204,
  durationMs: 1
}
[ops] {
  event: 'security.app_check_rejected',
  ts: '2026-09-09T09:22:59.423Z',
  reason: 'missing_token',
  mode: 'monitor',
  route: '/api/v2/agents/active'
}
[ops] {
  event: 'http_request',
  ts: '2026-09-09T09:22:59.504Z',
  requestId: 'ca103e08-35dc-4ff5-9719-ee37c2a82455',
  method: 'GET',
  route: '/api/v2/events',
  status: 200,
  durationMs: 23177
}
[ops] {
  event: 'http_request',
  ts: '2026-09-09T09:23:00.102Z',
  requestId: '128f0e78-ffc1-4e14-8479-b8fdc576eb7e',
  method: 'GET',
  route: '/api/v2/agents/active',
  status: 200,
  durationMs: 680
}
[ops] {
  event: 'http_request',
  ts: '2026-09-09T09:23:00.664Z',
  requestId: '83cf9848-c002-4337-98ec-19c5c1e40fe8',
  method: 'OPTIONS',
  route: '/api/v2/events',
  status: 204,
  durationMs: 0
}
[ops] {
  event: 'security.app_check_rejected',
  ts: '2026-09-09T09:23:00.665Z',
  reason: 'missing_token',
  mode: 'monitor',
  route: '/api/v2/events'
}
[ops] {
  event: 'http_request',
  ts: '2026-09-09T09:23:05.237Z',
  requestId: 'eb609620-63ba-4908-9d9d-f25d45e0c19d',
  method: 'OPTIONS',
  route: '/api/v2/agents/active',
  status: 204,
  durationMs: 0
}
[ops] {
  event: 'http_request',
  ts: '2026-09-09T09:23:05.288Z',
  requestId: '271143de-fb85-43c1-8fbc-b36685cb200c',
  method: 'OPTIONS',
  route: '/api/v2/agents/active',
  status: 204,
  durationMs: 1
}
[ops] {
  event: 'security.app_check_rejected',
  ts: '2026-09-09T09:23:05.548Z',
  reason: 'missing_token',
  mode: 'monitor',
  route: '/api/v2/agents/active'
}
[ops] {
  event: 'security.app_check_rejected',
  ts: '2026-09-09T09:23:05.595Z',
  reason: 'missing_token',
  mode: 'monitor',
  route: '/api/v2/agents/active'
}
[ops] {
  event: 'http_request',
  ts: '2026-09-09T09:23:05.615Z',
  requestId: '191b4e9a-bb3f-46dc-b9be-c58b94ea3378',
  method: 'OPTIONS',
  route: '/api/v2/agents/active',
  status: 204,
  durationMs: 0
}
[ops] {
  event: 'http_request',
  ts: '2026-09-09T09:23:05.666Z',
  requestId: 'b42fc8e8-7fea-4db9-b849-ee17127a077f',
  method: 'OPTIONS',
  route: '/api/v2/agents/active',
  status: 204,
  durationMs: 0
}
[ops] {
  event: 'http_request',
  ts: '2026-09-09T09:23:06.390Z',
  requestId: '5d20c43a-4310-423c-8bf2-c3bf2cc52720',
  method: 'GET',
  route: '/api/v2/agents/active',
  status: 200,
  durationMs: 795
}
[ops] {
  event: 'security.app_check_rejected',
  ts: '2026-09-09T09:23:06.392Z',
  reason: 'missing_token',
  mode: 'monitor',
  route: '/api/v2/agents/active'
}
[ops] {
  event: 'http_request',
  ts: '2026-09-09T09:23:06.431Z',
  requestId: 'a22b0dd2-7ee9-487a-8767-1569a5651434',
  method: 'GET',
  route: '/api/v2/agents/active',
  status: 200,
  durationMs: 883
}
[ops] {
  event: 'security.app_check_rejected',
  ts: '2026-09-09T09:23:06.432Z',
  reason: 'missing_token',
  mode: 'monitor',
  route: '/api/v2/agents/active'
}
[ops] {
  event: 'http_request',
  ts: '2026-09-09T09:23:07.268Z',
  requestId: 'b7871c6f-9da2-48a8-8051-73029d85cde1',
  method: 'GET',
  route: '/api/v2/agents/active',
  status: 200,
  durationMs: 877
}
[ops] {
  event: 'http_request',
  ts: '2026-09-09T09:23:07.380Z',
  requestId: '57719d37-fbcb-43c9-8407-6831af99147e',
  method: 'GET',
  route: '/api/v2/agents/active',
  status: 200,
  durationMs: 948
}
[ops] {
  event: 'http_request',
  ts: '2026-09-09T09:23:08.795Z',
  requestId: 'c9d75ab4-848e-4ea2-aee5-b89b356f5138',
  method: 'OPTIONS',
  route: '/api/v2/agents/active',
  status: 204,
  durationMs: 1
}
[ops] {
  event: 'security.app_check_rejected',
  ts: '2026-09-09T09:23:09.101Z',
  reason: 'missing_token',
  mode: 'monitor',
  route: '/api/v2/agents/active'
}
[ops] {
  event: 'http_request',
  ts: '2026-09-09T09:23:10.007Z',
  requestId: '44e0c031-bf73-424d-be88-996561e6abcd',
  method: 'GET',
  route: '/api/v2/agents/active',
  status: 200,
  durationMs: 906
}
[ops] {
  event: 'http_request',
  ts: '2026-09-09T09:23:12.542Z',
  requestId: 'd6d365c0-19d5-4855-8bba-026a2b2f3e59',
  method: 'GET',
  route: '/api/v2/events',
  status: 200,
  durationMs: 29802
}
[ops] {
  event: 'http_request',
  ts: '2026-09-09T09:23:13.062Z',
  requestId: 'f78b1614-6ea9-4621-8db6-1340c78da77c',
  method: 'OPTIONS',
  route: '/api/v2/events',
  status: 204,
  durationMs: 1
}
[ops] {
  event: 'security.app_check_rejected',
  ts: '2026-09-09T09:23:13.063Z',
  reason: 'missing_token',
  mode: 'monitor',
  route: '/api/v2/events'
}
[ops] {
  event: 'http_request',
  ts: '2026-09-09T09:23:15.240Z',
  requestId: '1e6e0e53-c3e7-4a16-a6f7-31c42cb28601',
  method: 'OPTIONS',
  route: '/api/v2/agents/active',
  status: 204,
  durationMs: 0
}
[ops] {
  event: 'http_request',
  ts: '2026-09-09T09:23:15.285Z',
  requestId: '8b3f09d5-ec9b-47e5-95c6-4eedd15a7da2',
  method: 'OPTIONS',
  route: '/api/v2/agents/active',
  status: 204,
  durationMs: 0
}
[ops] {
  event: 'security.app_check_rejected',
  ts: '2026-09-09T09:23:15.548Z',
  reason: 'missing_token',
  mode: 'monitor',
  route: '/api/v2/agents/active'
}
[ops] {
  event: 'http_request',
  ts: '2026-09-09T09:23:15.550Z',
  requestId: '3c00001e-975c-4caa-a097-e1f705cdb687',
  method: 'OPTIONS',
  route: '/api/studio/status',
  status: 204,
  durationMs: 0
}
[ops] {
  event: 'http_request',
  ts: '2026-09-09T09:23:15.551Z',
  requestId: '93dee24f-0c1f-4332-86bc-26d8d115a425',
  method: 'OPTIONS',
  route: '/api/studio/mcp/status',
  status: 204,
  durationMs: 0
}
[ops] {
  event: 'security.app_check_rejected',
  ts: '2026-09-09T09:23:15.552Z',
  reason: 'missing_token',
  mode: 'monitor',
  route: '/api/studio/status'
}
[ops] {
  event: 'security.app_check_rejected',
  ts: '2026-09-09T09:23:15.595Z',
  reason: 'missing_token',
  mode: 'monitor',
  route: '/api/v2/agents/active'
}
[ops] {
  event: 'http_request',
  ts: '2026-09-09T09:23:15.611Z',
  requestId: '2e24bf40-176f-4365-bb2f-ad5bccaf553f',
  method: 'OPTIONS',
  route: '/api/v2/agents/active',
  status: 204,
  durationMs: 0
}
[ops] {
  event: 'http_request',
  ts: '2026-09-09T09:23:15.627Z',
  requestId: '7fce3b2b-399d-4060-9b08-db527f5dde3d',
  method: 'OPTIONS',
  route: '/api/studio/status',
  status: 204,
  durationMs: 0
}
[ops] {
  event: 'http_request',
  ts: '2026-09-09T09:23:15.627Z',
  requestId: 'fbbcf56f-0567-4022-932a-00fe249457d0',
  method: 'OPTIONS',
  route: '/api/studio/mcp/status',
  status: 204,
  durationMs: 0
}
[ops] {
  event: 'http_request',
  ts: '2026-09-09T09:23:15.664Z',
  requestId: '44d48e08-96da-4896-ae7a-eb8cab35cc92',
  method: 'GET',
  route: '/api/v2/events',
  status: 200,
  durationMs: 26870
}
[ops] {
  event: 'security.app_check_rejected',
  ts: '2026-09-09T09:23:15.664Z',
  reason: 'missing_token',
  mode: 'monitor',
  route: '/api/studio/mcp/status'
}
[ops] {
  event: 'http_request',
  ts: '2026-09-09T09:23:15.672Z',
  requestId: '65eae989-7ee7-450d-81f2-f264ccae2bbb',
  method: 'OPTIONS',
  route: '/api/v2/agents/active',
  status: 204,
  durationMs: 1
}
[ops] {
  event: 'http_request',
  ts: '2026-09-09T09:23:16.208Z',
  requestId: '0fdb2abc-be75-4d6c-b094-37cb782a4880',
  method: 'GET',
  route: '/api/studio/mcp/status',
  status: 200,
  durationMs: 544
}
[ops] {
  event: 'http_request',
  ts: '2026-09-09T09:23:16.232Z',
  requestId: 'c7011a38-2e2e-4d6c-8dee-32a47da61772',
  method: 'GET',
  route: '/api/v2/agents/active',
  status: 200,
  durationMs: 685
}
[ops] {
  event: 'security.app_check_rejected',
  ts: '2026-09-09T09:23:16.235Z',
  reason: 'missing_token',
  mode: 'monitor',
  route: '/api/v2/agents/active'
}
[ops] {
  event: 'http_request',
  ts: '2026-09-09T09:23:16.289Z',
  requestId: 'be55726b-b421-4873-bb25-5c1c91203704',
  method: 'OPTIONS',
  route: '/api/v2/events',
  status: 204,
  durationMs: 0
}
[ops] {
  event: 'security.app_check_rejected',
  ts: '2026-09-09T09:23:16.290Z',
  reason: 'missing_token',
  mode: 'monitor',
  route: '/api/v2/events'
}
[ops] {
  event: 'http_request',
  ts: '2026-09-09T09:23:16.342Z',
  requestId: 'a8559828-89b8-406b-97b1-411ed3baffba',
  method: 'GET',
  route: '/api/v2/agents/active',
  status: 200,
  durationMs: 747
}
[ops] {
  event: 'security.app_check_rejected',
  ts: '2026-09-09T09:23:16.343Z',
  reason: 'missing_token',
  mode: 'monitor',
  route: '/api/studio/status'
}
[ops] {
  event: 'http_request',
  ts: '2026-09-09T09:23:16.641Z',
  requestId: '54982861-62a5-4687-a08d-f4744deb15e2',
  method: 'GET',
  route: '/api/studio/status',
  status: 200,
  durationMs: 1089
}
[ops] {
  event: 'http_request',
  ts: '2026-09-09T09:23:16.641Z',
  requestId: '0e8b232a-1bbb-47bd-9677-ce53baed2675',
  method: 'GET',
  route: '/api/studio/status',
  status: 200,
  durationMs: 298
}
[ops] {
  event: 'security.app_check_rejected',
  ts: '2026-09-09T09:23:16.642Z',
  reason: 'missing_token',
  mode: 'monitor',
  route: '/api/studio/mcp/status'
}
[ops] {
  event: 'http_request',
  ts: '2026-09-09T09:23:17.054Z',
  requestId: 'd9f3141b-5227-4f9c-af9d-71d86cf2d58f',
  method: 'GET',
  route: '/api/v2/agents/active',
  status: 200,
  durationMs: 820
}
[ops] {
  event: 'security.app_check_rejected',
  ts: '2026-09-09T09:23:17.056Z',
  reason: 'missing_token',
  mode: 'monitor',
  route: '/api/v2/agents/active'
}
[ops] {
  event: 'http_request',
  ts: '2026-09-09T09:23:17.131Z',
  requestId: 'b9131442-54e6-47a8-b70d-7a55f3cb886a',
  method: 'GET',
  route: '/api/studio/mcp/status',
  status: 200,
  durationMs: 489
}
[ops] {
  event: 'http_request',
  ts: '2026-09-09T09:23:17.764Z',
  requestId: '34cdabc6-9f58-40c8-839f-de2f72fef176',
  method: 'GET',
  route: '/api/v2/agents/active',
  status: 200,
  durationMs: 709
}
[ops] {
  event: 'http_request',
  ts: '2026-09-09T09:23:17.931Z',
  requestId: '70461cd7-81c4-4a9b-b5e2-5b14a2c7bf7c',
  method: 'OPTIONS',
  route: '/api/studio/status',
  status: 204,
  durationMs: 1
}
[ops] {
  event: 'http_request',
  ts: '2026-09-09T09:23:17.932Z',
  requestId: '7d540d50-0795-4822-b74e-c2c485f68ea4',
  method: 'OPTIONS',
  route: '/api/studio/mcp/status',
  status: 204,
  durationMs: 0
}
[ops] {
  event: 'security.app_check_rejected',
  ts: '2026-09-09T09:23:17.932Z',
  reason: 'missing_token',
  mode: 'monitor',
  route: '/api/studio/status'
}
[ops] {
  event: 'http_request',
  ts: '2026-09-09T09:23:17.934Z',
  requestId: 'bf4b9748-f971-41b5-9598-1a8fd1277b67',
  method: 'GET',
  route: '/api/studio/status',
  status: 200,
  durationMs: 2
}
[ops] {
  event: 'security.app_check_rejected',
  ts: '2026-09-09T09:23:17.935Z',
  reason: 'missing_token',
  mode: 'monitor',
  route: '/api/studio/mcp/status'
}
[ops] {
  event: 'http_request',
  ts: '2026-09-09T09:23:18.416Z',
  requestId: 'cf65aa3e-9d68-442a-b9f7-d2fd6d6e8467',
  method: 'GET',
  route: '/api/studio/mcp/status',
  status: 200,
  durationMs: 482
}
[ops] {
  event: 'http_request',
  ts: '2026-09-09T09:23:18.520Z',
  requestId: '61ec38e2-ff79-4b97-98ba-c8c5d0ad5f85',
  method: 'GET',
  route: '/api/v2/events',
  status: 200,
  durationMs: 27914
}
[ops] {
  event: 'http_request',
  ts: '2026-09-09T09:23:18.646Z',
  requestId: 'ddb75cf0-7e12-4f90-9162-9feb70918262',
  method: 'OPTIONS',
  route: '/api/studio/status',
  status: 204,
  durationMs: 0
}
[ops] {
  event: 'http_request',
  ts: '2026-09-09T09:23:18.646Z',
  requestId: '80a16ba1-fc2e-4717-b6bc-4a64a1f255bc',
  method: 'OPTIONS',
  route: '/api/studio/mcp/status',
  status: 204,
  durationMs: 0
}
[ops] {
  event: 'security.app_check_rejected',
  ts: '2026-09-09T09:23:18.647Z',
  reason: 'missing_token',
  mode: 'monitor',
  route: '/api/studio/status'
}
[ops] {
  event: 'http_request',
  ts: '2026-09-09T09:23:18.649Z',
  requestId: '35ea6512-2dbf-42ff-8720-03c8d2e0e928',
  method: 'GET',
  route: '/api/studio/status',
  status: 200,
  durationMs: 2
}
[ops] {
  event: 'security.app_check_rejected',
  ts: '2026-09-09T09:23:18.649Z',
  reason: 'missing_token',
  mode: 'monitor',
  route: '/api/studio/mcp/status'
}
[ops] {
  event: 'http_request',
  ts: '2026-09-09T09:23:18.798Z',
  requestId: 'd9fd9d20-36a5-4a8c-9c1b-c3848c144a18',
  method: 'OPTIONS',
  route: '/api/v2/agents/active',
  status: 204,
  durationMs: 0
}
[ops] {
  event: 'security.app_check_rejected',
  ts: '2026-09-09T09:23:18.799Z',
  reason: 'missing_token',
  mode: 'monitor',
  route: '/api/v2/agents/active'
}
[ops] {
  event: 'http_request',
  ts: '2026-09-09T09:23:19.026Z',
  requestId: 'bc372ce3-19c1-4c05-a582-430ba8f54307',
  method: 'OPTIONS',
  route: '/api/studio/status',
  status: 204,
  durationMs: 1
}
[ops] {
  event: 'http_request',
  ts: '2026-09-09T09:23:19.027Z',
  requestId: 'c626523e-f49f-402a-9bbd-ed3fd54f6096',
  method: 'OPTIONS',
  route: '/api/studio/mcp/status',
  status: 204,
  durationMs: 1
}
[ops] {
  event: 'security.app_check_rejected',
  ts: '2026-09-09T09:23:19.027Z',
  reason: 'missing_token',
  mode: 'monitor',
  route: '/api/studio/status'
}
[ops] {
  event: 'http_request',
  ts: '2026-09-09T09:23:19.029Z',
  requestId: '46ff930b-9606-4860-bdba-217f485e34ee',
  method: 'GET',
  route: '/api/studio/status',
  status: 200,
  durationMs: 2
}
[ops] {
  event: 'security.app_check_rejected',
  ts: '2026-09-09T09:23:19.030Z',
  reason: 'missing_token',
  mode: 'monitor',
  route: '/api/studio/mcp/status'
}
[ops] {
  event: 'http_request',
  ts: '2026-09-09T09:23:19.085Z',
  requestId: '6bc39022-be6f-44a2-8e12-a8cd7bababd6',
  method: 'GET',
  route: '/api/studio/mcp/status',
  status: 200,
  durationMs: 436
}
[ops] {
  event: 'http_request',
  ts: '2026-09-09T09:23:19.578Z',
  requestId: '13e507cb-1f87-4184-920d-730e5fa67d17',
  method: 'GET',
  route: '/api/studio/mcp/status',
  status: 200,
  durationMs: 548
}
[ops] {
  event: 'http_request',
  ts: '2026-09-09T09:23:19.775Z',
  requestId: 'a7be68b6-2d26-4944-a8d5-180b0d69db0e',
  method: 'GET',
  route: '/api/v2/agents/active',
  status: 200,
  durationMs: 976
}
[ops] {
  event: 'http_request',
  ts: '2026-09-09T09:23:20.607Z',
  requestId: '2c5a57c0-4760-49ab-b692-ba42c2cabc3d',
  method: 'OPTIONS',
  route: '/api/v2/events',
  status: 204,
  durationMs: 0
}
[ops] {
  event: 'security.app_check_rejected',
  ts: '2026-09-09T09:23:20.608Z',
  reason: 'missing_token',
  mode: 'monitor',
  route: '/api/v2/events'
}
[ops] {
  event: 'http_request',
  ts: '2026-09-09T09:23:21.050Z',
  requestId: '41f034e7-87a1-438e-86e1-c190dfcc263c',
  method: 'GET',
  route: '/api/v2/events',
  status: 200,
  durationMs: 28263
}
[ops] {
  event: 'http_request',
  ts: '2026-09-09T09:23:22.782Z',
  requestId: 'cad1a7c9-3a4a-48ce-af78-a1e73bed2ce4',
  method: 'OPTIONS',
  route: '/api/v2/events',
  status: 204,
  durationMs: 0
}
[ops] {
  event: 'security.app_check_rejected',
  ts: '2026-09-09T09:23:22.783Z',
  reason: 'missing_token',
  mode: 'monitor',
  route: '/api/v2/events'
}
[ops] {
  event: 'http_request',
  ts: '2026-09-09T09:23:22.856Z',
  requestId: 'f0b1f1cb-e740-421d-80f3-51e49f2f034d',
  method: 'GET',
  route: '/api/v2/events',
  status: 200,
  durationMs: 22191
}
[ops] {
  event: 'http_request',
  ts: '2026-09-09T09:23:23.171Z',
  requestId: 'e5f8d859-719a-44c6-8338-9f428c8ba237',
  method: 'OPTIONS',
  route: '/api/v2/events',
  status: 204,
  durationMs: 1
}
[ops] {
  event: 'security.app_check_rejected',
  ts: '2026-09-09T09:23:23.173Z',
  reason: 'missing_token',
  mode: 'monitor',
  route: '/api/v2/events'
}
[ops] {
  event: 'http_request',
  ts: '2026-09-09T09:23:25.241Z',
  requestId: '7b55b080-8671-4f60-9275-692243b990bd',
  method: 'OPTIONS',
  route: '/api/v2/agents/active',
  status: 204,
  durationMs: 0
}
[ops] {
  event: 'http_request',
  ts: '2026-09-09T09:23:25.287Z',
  requestId: 'bc910d47-74d4-4f24-9777-e53f69deade1',
  method: 'OPTIONS',
  route: '/api/v2/agents/active',
  status: 204,
  durationMs: 1
}
[ops] {
  event: 'security.app_check_rejected',
  ts: '2026-09-09T09:23:25.551Z',
  reason: 'missing_token',
  mode: 'monitor',
  route: '/api/v2/agents/active'
}
[ops] {
  event: 'security.app_check_rejected',
  ts: '2026-09-09T09:23:25.597Z',
  reason: 'missing_token',
  mode: 'monitor',
  route: '/api/v2/agents/active'
}
[ops] {
  event: 'http_request',
  ts: '2026-09-09T09:23:25.598Z',
  requestId: '3c900a69-be7e-4622-a979-7046df49c44b',
  method: 'OPTIONS',
  route: '/api/v2/agents/active',
  status: 204,
  durationMs: 0
}
[ops] {
  event: 'http_request',
  ts: '2026-09-09T09:23:25.664Z',
  requestId: '91c5c55b-1c30-40bd-85dd-ebc265e1b591',
  method: 'OPTIONS',
  route: '/api/v2/agents/active',
  status: 204,
  durationMs: 0
}
[ops] {
  event: 'http_request',
  ts: '2026-09-09T09:23:26.436Z',
  requestId: 'a82d32c9-5c2e-4b19-b93c-f24b8e024a64',
  method: 'GET',
  route: '/api/v2/agents/active',
  status: 200,
  durationMs: 839
}
[ops] {
  event: 'security.app_check_rejected',
  ts: '2026-09-09T09:23:26.438Z',
  reason: 'missing_token',
  mode: 'monitor',
  route: '/api/v2/agents/active'
}
[ops] {
  event: 'http_request',
  ts: '2026-09-09T09:23:26.504Z',
  requestId: 'b3af3a3c-0461-42b6-9799-f2b0bf272415',
  method: 'GET',
  route: '/api/v2/agents/active',
  status: 200,
  durationMs: 953
}
[ops] {
  event: 'security.app_check_rejected',
  ts: '2026-09-09T09:23:26.505Z',
  reason: 'missing_token',
  mode: 'monitor',
  route: '/api/v2/agents/active'
}
[ops] {
  event: 'http_request',
  ts: '2026-09-09T09:23:27.265Z',
  requestId: 'cd458774-484c-4978-8e23-0bcfe9c9e8be',
  method: 'GET',
  route: '/api/v2/agents/active',
  status: 200,
  durationMs: 827
}
[ops] {
  event: 'http_request',
  ts: '2026-09-09T09:23:27.318Z',
  requestId: 'ba344c73-aea9-4884-a882-6eecaf8456fe',
  method: 'GET',
  route: '/api/v2/agents/active',
  status: 200,
  durationMs: 813
}
[ops] {
  event: 'http_request',
  ts: '2026-09-09T09:23:28.793Z',
  requestId: '6841941e-f97d-4c2e-a455-0ca30389c050',
  method: 'OPTIONS',
  route: '/api/v2/agents/active',
  status: 204,
  durationMs: 1
}
[ops] {
  event: 'security.app_check_rejected',
  ts: '2026-09-09T09:23:28.795Z',
  reason: 'missing_token',
  mode: 'monitor',
  route: '/api/v2/agents/active'
}
[ops] {
  event: 'http_request',
  ts: '2026-09-09T09:23:29.639Z',
  requestId: 'e939109a-ea6c-461e-83f0-3f65031a4952',
  method: 'GET',
  route: '/api/v2/agents/active',
  status: 200,
  durationMs: 844
}
