[    2481ms] [INFO] %cDownload the React DevTools for a better development experience: https://reactjs.org/link/react-devtools font-weight:bold @ http://localhost:3000/static/js/bundle.js:83804
[    2694ms] [WARNING] ⚠️ React Router Future Flag Warning: React Router will begin wrapping state updates in `React.startTransition` in v7. You can use the `v7_startTransition` future flag to opt-in early. For more information, see https://reactrouter.com/v6/upgrading/future#v7_starttransition. @ http://localhost:3000/static/js/bundle.js:88236
[    2694ms] [WARNING] ⚠️ React Router Future Flag Warning: Relative route resolution within Splat routes is changing in v7. You can use the `v7_relativeSplatPath` future flag to opt-in early. For more information, see https://reactrouter.com/v6/upgrading/future#v7_relativesplatpath. @ http://localhost:3000/static/js/bundle.js:88236
[    3378ms] [ERROR] Access to fetch at 'https://api.nexusrbx.com/api/models' from origin 'http://localhost:3000' has been blocked by CORS policy: No 'Access-Control-Allow-Origin' header is present on the requested resource. @ http://localhost:3000/ai:0
[    3378ms] [ERROR] Failed to load resource: net::ERR_FAILED @ https://api.nexusrbx.com/api/models:0
[    3771ms] [ERROR] Access to fetch at 'https://api.nexusrbx.com/api/user/settings' from origin 'http://localhost:3000' has been blocked by CORS policy: Response to preflight request doesn't pass access control check: No 'Access-Control-Allow-Origin' header is present on the requested resource. @ http://localhost:3000/ai:0
[    3771ms] [ERROR] Failed to load resource: net::ERR_FAILED @ https://api.nexusrbx.com/api/user/settings:0
[    3811ms] [ERROR] Access to fetch at 'https://api.nexusrbx.com/api/project-bindings/proj_55082b60b0a14eddb80c3e246e0c5306?t=1787838185183' from origin 'http://localhost:3000' has been blocked by CORS policy: Response to preflight request doesn't pass access control check: No 'Access-Control-Allow-Origin' header is present on the requested resource. @ http://localhost:3000/ai:0
[    3812ms] [ERROR] Failed to load resource: net::ERR_FAILED @ https://api.nexusrbx.com/api/project-bindings/proj_55082b60b0a14eddb80c3e246e0c5306?t=1787838185183:0
[    4175ms] [ERROR] Access to fetch at 'https://api.nexusrbx.com/api/user/teams?t=1787838185559' from origin 'http://localhost:3000' has been blocked by CORS policy: Response to preflight request doesn't pass access control check: No 'Access-Control-Allow-Origin' header is present on the requested resource. @ http://localhost:3000/ai:0
[    4176ms] [ERROR] Failed to load resource: net::ERR_FAILED @ https://api.nexusrbx.com/api/user/teams?t=1787838185559:0
[    4176ms] [ERROR] Access to fetch at 'https://api.nexusrbx.com/api/roblox/oauth/status?t=1787838185557' from origin 'http://localhost:3000' has been blocked by CORS policy: Response to preflight request doesn't pass access control check: No 'Access-Control-Allow-Origin' header is present on the requested resource. @ http://localhost:3000/ai:0
[    4176ms] [ERROR] Failed to load resource: net::ERR_FAILED @ https://api.nexusrbx.com/api/roblox/oauth/status?t=1787838185557:0
[    4186ms] [ERROR] Access to fetch at 'https://api.nexusrbx.com/api/project-bindings?limit=100&t=1787838185557' from origin 'http://localhost:3000' has been blocked by CORS policy: Response to preflight request doesn't pass access control check: No 'Access-Control-Allow-Origin' header is present on the requested resource. @ http://localhost:3000/ai:0
[    4186ms] [ERROR] Failed to load resource: net::ERR_FAILED @ https://api.nexusrbx.com/api/project-bindings?limit=100&t=1787838185557:0
[    4376ms] [ERROR] Access to fetch at 'https://api.nexusrbx.com/api/project-bindings/proj_55082b60b0a14eddb80c3e246e0c5306?t=1787838185758' from origin 'http://localhost:3000' has been blocked by CORS policy: Response to preflight request doesn't pass access control check: No 'Access-Control-Allow-Origin' header is present on the requested resource. @ http://localhost:3000/ai:0
[    4376ms] [ERROR] Failed to load resource: net::ERR_FAILED @ https://api.nexusrbx.com/api/project-bindings/proj_55082b60b0a14eddb80c3e246e0c5306?t=1787838185758:0
[   13690ms] [ERROR] Access to fetch at 'https://api.nexusrbx.com/api/project-bindings?limit=100&t=1787838195079' from origin 'http://localhost:3000' has been blocked by CORS policy: Response to preflight request doesn't pass access control check: No 'Access-Control-Allow-Origin' header is present on the requested resource. @ http://localhost:3000/ai:0
[   13690ms] [ERROR] Failed to load resource: net::ERR_FAILED @ https://api.nexusrbx.com/api/project-bindings?limit=100&t=1787838195079:0
[   13696ms] [ERROR] Access to fetch at 'https://api.nexusrbx.com/api/project-bindings?limit=100&t=1787838195078' from origin 'http://localhost:3000' has been blocked by CORS policy: Response to preflight request doesn't pass access control check: No 'Access-Control-Allow-Origin' header is present on the requested resource. @ http://localhost:3000/ai:0
[   13696ms] [ERROR] Failed to load resource: net::ERR_FAILED @ https://api.nexusrbx.com/api/project-bindings?limit=100&t=1787838195078:0
[   24176ms] [ERROR] Access to fetch at 'https://api.nexusrbx.com/api/v2/agents?t=1787838205564' from origin 'http://localhost:3000' has been blocked by CORS policy: Response to preflight request doesn't pass access control check: No 'Access-Control-Allow-Origin' header is present on the requested resource. @ http://localhost:3000/ai:0
[   24176ms] [ERROR] Failed to load resource: net::ERR_FAILED @ https://api.nexusrbx.com/api/v2/agents?t=1787838205564:0
[   26678ms] [ERROR] Access to fetch at 'https://api.nexusrbx.com/api/v2/events?afterSequence=0&t=1787838208065' from origin 'http://localhost:3000' has been blocked by CORS policy: Response to preflight request doesn't pass access control check: No 'Access-Control-Allow-Origin' header is present on the requested resource. @ http://localhost:3000/ai:0
[   26678ms] [ERROR] Failed to load resource: net::ERR_FAILED @ https://api.nexusrbx.com/api/v2/events?afterSequence=0&t=1787838208065:0
[   33357ms] [ERROR] Access to fetch at 'https://api.nexusrbx.com/api/studio/status?t=1787838214744' from origin 'http://localhost:3000' has been blocked by CORS policy: Response to preflight request doesn't pass access control check: No 'Access-Control-Allow-Origin' header is present on the requested resource. @ http://localhost:3000/ai:0
[   33357ms] [ERROR] Failed to load resource: net::ERR_FAILED @ https://api.nexusrbx.com/api/studio/status?t=1787838214744:0
[   33372ms] [ERROR] Access to fetch at 'https://api.nexusrbx.com/api/studio/mcp/status?t=1787838214745' from origin 'http://localhost:3000' has been blocked by CORS policy: Response to preflight request doesn't pass access control check: No 'Access-Control-Allow-Origin' header is present on the requested resource. @ http://localhost:3000/ai:0
[   33372ms] [ERROR] Failed to load resource: net::ERR_FAILED @ https://api.nexusrbx.com/api/studio/mcp/status?t=1787838214745:0
[   59174ms] [ERROR] Access to fetch at 'https://api.nexusrbx.com/api/v2/events?afterSequence=0&t=1787838240554' from origin 'http://localhost:3000' has been blocked by CORS policy: Response to preflight request doesn't pass access control check: No 'Access-Control-Allow-Origin' header is present on the requested resource. @ http://localhost:3000/ai:0
[   59178ms] [ERROR] Failed to load resource: net::ERR_FAILED @ https://api.nexusrbx.com/api/v2/events?afterSequence=0&t=1787838240554:0
[   63573ms] [ERROR] Access to fetch at 'https://api.nexusrbx.com/api/studio/status?t=1787838244930' from origin 'http://localhost:3000' has been blocked by CORS policy: Response to preflight request doesn't pass access control check: No 'Access-Control-Allow-Origin' header is present on the requested resource. @ http://localhost:3000/ai:0
[   63573ms] [ERROR] Failed to load resource: net::ERR_FAILED @ https://api.nexusrbx.com/api/studio/status?t=1787838244930:0
[   63573ms] [ERROR] Access to fetch at 'https://api.nexusrbx.com/api/studio/mcp/status?t=1787838244935' from origin 'http://localhost:3000' has been blocked by CORS policy: Response to preflight request doesn't pass access control check: No 'Access-Control-Allow-Origin' header is present on the requested resource. @ http://localhost:3000/ai:0
[   63573ms] [ERROR] Failed to load resource: net::ERR_FAILED @ https://api.nexusrbx.com/api/studio/mcp/status?t=1787838244935:0
[   64204ms] [ERROR] Access to fetch at 'https://api.nexusrbx.com/api/v2/agents?t=1787838245577' from origin 'http://localhost:3000' has been blocked by CORS policy: Response to preflight request doesn't pass access control check: No 'Access-Control-Allow-Origin' header is present on the requested resource. @ http://localhost:3000/ai:0
[   64204ms] [ERROR] Failed to load resource: net::ERR_FAILED @ https://api.nexusrbx.com/api/v2/agents?t=1787838245577:0
[   91699ms] [ERROR] Access to fetch at 'https://api.nexusrbx.com/api/v2/events?afterSequence=0&t=1787838273069' from origin 'http://localhost:3000' has been blocked by CORS policy: Response to preflight request doesn't pass access control check: No 'Access-Control-Allow-Origin' header is present on the requested resource. @ http://localhost:3000/ai:0
[   91700ms] [ERROR] Failed to load resource: net::ERR_FAILED @ https://api.nexusrbx.com/api/v2/events?afterSequence=0&t=1787838273069:0
[   93751ms] [ERROR] Access to fetch at 'https://api.nexusrbx.com/api/studio/status?t=1787838275137' from origin 'http://localhost:3000' has been blocked by CORS policy: Response to preflight request doesn't pass access control check: No 'Access-Control-Allow-Origin' header is present on the requested resource. @ http://localhost:3000/ai:0
[   93751ms] [ERROR] Failed to load resource: net::ERR_FAILED @ https://api.nexusrbx.com/api/studio/status?t=1787838275137:0
[   93754ms] [ERROR] Access to fetch at 'https://api.nexusrbx.com/api/studio/mcp/status?t=1787838275137' from origin 'http://localhost:3000' has been blocked by CORS policy: Response to preflight request doesn't pass access control check: No 'Access-Control-Allow-Origin' header is present on the requested resource. @ http://localhost:3000/ai:0
[   93756ms] [ERROR] Failed to load resource: net::ERR_FAILED @ https://api.nexusrbx.com/api/studio/mcp/status?t=1787838275137:0
[  104178ms] [ERROR] Access to fetch at 'https://api.nexusrbx.com/api/v2/agents?t=1787838285564' from origin 'http://localhost:3000' has been blocked by CORS policy: Response to preflight request doesn't pass access control check: No 'Access-Control-Allow-Origin' header is present on the requested resource. @ http://localhost:3000/ai:0
[  104179ms] [ERROR] Failed to load resource: net::ERR_FAILED @ https://api.nexusrbx.com/api/v2/agents?t=1787838285564:0
[  123929ms] [ERROR] Access to fetch at 'https://api.nexusrbx.com/api/studio/status?t=1787838305316' from origin 'http://localhost:3000' has been blocked by CORS policy: Response to preflight request doesn't pass access control check: No 'Access-Control-Allow-Origin' header is present on the requested resource. @ http://localhost:3000/ai:0
[  123929ms] [ERROR] Failed to load resource: net::ERR_FAILED @ https://api.nexusrbx.com/api/studio/status?t=1787838305316:0
[  123929ms] [ERROR] Access to fetch at 'https://api.nexusrbx.com/api/studio/mcp/status?t=1787838305316' from origin 'http://localhost:3000' has been blocked by CORS policy: Response to preflight request doesn't pass access control check: No 'Access-Control-Allow-Origin' header is present on the requested resource. @ http://localhost:3000/ai:0
[  123930ms] [ERROR] Failed to load resource: net::ERR_FAILED @ https://api.nexusrbx.com/api/studio/mcp/status?t=1787838305316:0
[  124179ms] [ERROR] Access to fetch at 'https://api.nexusrbx.com/api/v2/events?afterSequence=0&t=1787838305565' from origin 'http://localhost:3000' has been blocked by CORS policy: Response to preflight request doesn't pass access control check: No 'Access-Control-Allow-Origin' header is present on the requested resource. @ http://localhost:3000/ai:0
[  124179ms] [ERROR] Failed to load resource: net::ERR_FAILED @ https://api.nexusrbx.com/api/v2/events?afterSequence=0&t=1787838305565:0
[  144180ms] [ERROR] Access to fetch at 'https://api.nexusrbx.com/api/v2/agents?t=1787838325556' from origin 'http://localhost:3000' has been blocked by CORS policy: Response to preflight request doesn't pass access control check: No 'Access-Control-Allow-Origin' header is present on the requested resource. @ http://localhost:3000/ai:0
[  144180ms] [ERROR] Failed to load resource: net::ERR_FAILED @ https://api.nexusrbx.com/api/v2/agents?t=1787838325556:0
[  154142ms] [ERROR] Access to fetch at 'https://api.nexusrbx.com/api/studio/status?t=1787838335499' from origin 'http://localhost:3000' has been blocked by CORS policy: Response to preflight request doesn't pass access control check: No 'Access-Control-Allow-Origin' header is present on the requested resource. @ http://localhost:3000/ai:0
[  154142ms] [ERROR] Failed to load resource: net::ERR_FAILED @ https://api.nexusrbx.com/api/studio/status?t=1787838335499:0
[  154143ms] [ERROR] Access to fetch at 'https://api.nexusrbx.com/api/studio/mcp/status?t=1787838335501' from origin 'http://localhost:3000' has been blocked by CORS policy: Response to preflight request doesn't pass access control check: No 'Access-Control-Allow-Origin' header is present on the requested resource. @ http://localhost:3000/ai:0
[  154143ms] [ERROR] Failed to load resource: net::ERR_FAILED @ https://api.nexusrbx.com/api/studio/mcp/status?t=1787838335501:0
[  156684ms] [ERROR] Access to fetch at 'https://api.nexusrbx.com/api/v2/events?afterSequence=0&t=1787838338058' from origin 'http://localhost:3000' has been blocked by CORS policy: Response to preflight request doesn't pass access control check: No 'Access-Control-Allow-Origin' header is present on the requested resource. @ http://localhost:3000/ai:0
[  156684ms] [ERROR] Failed to load resource: net::ERR_FAILED @ https://api.nexusrbx.com/api/v2/events?afterSequence=0&t=1787838338058:0
[  184242ms] [ERROR] Access to fetch at 'https://api.nexusrbx.com/api/v2/agents?t=1787838365565' from origin 'http://localhost:3000' has been blocked by CORS policy: Response to preflight request doesn't pass access control check: No 'Access-Control-Allow-Origin' header is present on the requested resource. @ http://localhost:3000/ai:0
[  184243ms] [ERROR] Failed to load resource: net::ERR_FAILED @ https://api.nexusrbx.com/api/v2/agents?t=1787838365565:0
[  184395ms] [ERROR] Access to fetch at 'https://api.nexusrbx.com/api/studio/mcp/status?t=1787838365717' from origin 'http://localhost:3000' has been blocked by CORS policy: Response to preflight request doesn't pass access control check: No 'Access-Control-Allow-Origin' header is present on the requested resource. @ http://localhost:3000/ai:0
[  184403ms] [ERROR] Failed to load resource: net::ERR_FAILED @ https://api.nexusrbx.com/api/studio/mcp/status?t=1787838365717:0
[  184404ms] [ERROR] Access to fetch at 'https://api.nexusrbx.com/api/studio/status?t=1787838365717' from origin 'http://localhost:3000' has been blocked by CORS policy: Response to preflight request doesn't pass access control check: No 'Access-Control-Allow-Origin' header is present on the requested resource. @ http://localhost:3000/ai:0
[  184404ms] [ERROR] Failed to load resource: net::ERR_FAILED @ https://api.nexusrbx.com/api/studio/status?t=1787838365717:0
[  189199ms] [ERROR] Access to fetch at 'https://api.nexusrbx.com/api/v2/events?afterSequence=0&t=1787838370571' from origin 'http://localhost:3000' has been blocked by CORS policy: Response to preflight request doesn't pass access control check: No 'Access-Control-Allow-Origin' header is present on the requested resource. @ http://localhost:3000/ai:0
[  189199ms] [ERROR] Failed to load resource: net::ERR_FAILED @ https://api.nexusrbx.com/api/v2/events?afterSequence=0&t=1787838370571:0
[  214605ms] [ERROR] Access to fetch at 'https://api.nexusrbx.com/api/studio/status?t=1787838395989' from origin 'http://localhost:3000' has been blocked by CORS policy: Response to preflight request doesn't pass access control check: No 'Access-Control-Allow-Origin' header is present on the requested resource. @ http://localhost:3000/ai:0
[  214606ms] [ERROR] Failed to load resource: net::ERR_FAILED @ https://api.nexusrbx.com/api/studio/status?t=1787838395989:0
[  214622ms] [ERROR] Access to fetch at 'https://api.nexusrbx.com/api/studio/mcp/status?t=1787838395990' from origin 'http://localhost:3000' has been blocked by CORS policy: Response to preflight request doesn't pass access control check: No 'Access-Control-Allow-Origin' header is present on the requested resource. @ http://localhost:3000/ai:0
[  214622ms] [ERROR] Failed to load resource: net::ERR_FAILED @ https://api.nexusrbx.com/api/studio/mcp/status?t=1787838395990:0
[  221672ms] [ERROR] Access to fetch at 'https://api.nexusrbx.com/api/v2/events?afterSequence=0&t=1787838403062' from origin 'http://localhost:3000' has been blocked by CORS policy: Response to preflight request doesn't pass access control check: No 'Access-Control-Allow-Origin' header is present on the requested resource. @ http://localhost:3000/ai:0
[  221672ms] [ERROR] Failed to load resource: net::ERR_FAILED @ https://api.nexusrbx.com/api/v2/events?afterSequence=0&t=1787838403062:0
[  224180ms] [ERROR] Access to fetch at 'https://api.nexusrbx.com/api/v2/agents?t=1787838405563' from origin 'http://localhost:3000' has been blocked by CORS policy: Response to preflight request doesn't pass access control check: No 'Access-Control-Allow-Origin' header is present on the requested resource. @ http://localhost:3000/ai:0
[  224180ms] [ERROR] Failed to load resource: net::ERR_FAILED @ https://api.nexusrbx.com/api/v2/agents?t=1787838405563:0
[  244820ms] [ERROR] Access to fetch at 'https://api.nexusrbx.com/api/studio/mcp/status?t=1787838426204' from origin 'http://localhost:3000' has been blocked by CORS policy: Response to preflight request doesn't pass access control check: No 'Access-Control-Allow-Origin' header is present on the requested resource. @ http://localhost:3000/ai:0
[  244820ms] [ERROR] Failed to load resource: net::ERR_FAILED @ https://api.nexusrbx.com/api/studio/mcp/status?t=1787838426204:0
[  244821ms] [ERROR] Access to fetch at 'https://api.nexusrbx.com/api/studio/status?t=1787838426203' from origin 'http://localhost:3000' has been blocked by CORS policy: Response to preflight request doesn't pass access control check: No 'Access-Control-Allow-Origin' header is present on the requested resource. @ http://localhost:3000/ai:0
[  244821ms] [ERROR] Failed to load resource: net::ERR_FAILED @ https://api.nexusrbx.com/api/studio/status?t=1787838426203:0
[  254172ms] [ERROR] Access to fetch at 'https://api.nexusrbx.com/api/v2/events?afterSequence=0&t=1787838435561' from origin 'http://localhost:3000' has been blocked by CORS policy: Response to preflight request doesn't pass access control check: No 'Access-Control-Allow-Origin' header is present on the requested resource. @ http://localhost:3000/ai:0
[  254173ms] [ERROR] Failed to load resource: net::ERR_FAILED @ https://api.nexusrbx.com/api/v2/events?afterSequence=0&t=1787838435561:0
[  264175ms] [ERROR] Access to fetch at 'https://api.nexusrbx.com/api/v2/agents?t=1787838445556' from origin 'http://localhost:3000' has been blocked by CORS policy: Response to preflight request doesn't pass access control check: No 'Access-Control-Allow-Origin' header is present on the requested resource. @ http://localhost:3000/ai:0
[  264175ms] [ERROR] Failed to load resource: net::ERR_FAILED @ https://api.nexusrbx.com/api/v2/agents?t=1787838445556:0
[  275001ms] [ERROR] Access to fetch at 'https://api.nexusrbx.com/api/studio/mcp/status?t=1787838456382' from origin 'http://localhost:3000' has been blocked by CORS policy: Response to preflight request doesn't pass access control check: No 'Access-Control-Allow-Origin' header is present on the requested resource. @ http://localhost:3000/ai:0
[  275001ms] [ERROR] Failed to load resource: net::ERR_FAILED @ https://api.nexusrbx.com/api/studio/mcp/status?t=1787838456382:0
[  275012ms] [ERROR] Access to fetch at 'https://api.nexusrbx.com/api/studio/status?t=1787838456382' from origin 'http://localhost:3000' has been blocked by CORS policy: Response to preflight request doesn't pass access control check: No 'Access-Control-Allow-Origin' header is present on the requested resource. @ http://localhost:3000/ai:0
[  275012ms] [ERROR] Failed to load resource: net::ERR_FAILED @ https://api.nexusrbx.com/api/studio/status?t=1787838456382:0
[  286691ms] [ERROR] Access to fetch at 'https://api.nexusrbx.com/api/v2/events?afterSequence=0&t=1787838468079' from origin 'http://localhost:3000' has been blocked by CORS policy: Response to preflight request doesn't pass access control check: No 'Access-Control-Allow-Origin' header is present on the requested resource. @ http://localhost:3000/ai:0
[  286691ms] [ERROR] Failed to load resource: net::ERR_FAILED @ https://api.nexusrbx.com/api/v2/events?afterSequence=0&t=1787838468079:0
[  303807ms] [ERROR] Access to fetch at 'https://api.nexusrbx.com/api/billing/entitlements' from origin 'http://localhost:3000' has been blocked by CORS policy: Response to preflight request doesn't pass access control check: No 'Access-Control-Allow-Origin' header is present on the requested resource. @ http://localhost:3000/ai:0
[  303807ms] [ERROR] Failed to load resource: net::ERR_FAILED @ https://api.nexusrbx.com/api/billing/entitlements:0
[  304172ms] [ERROR] Access to fetch at 'https://api.nexusrbx.com/api/v2/agents?t=1787838485555' from origin 'http://localhost:3000' has been blocked by CORS policy: Response to preflight request doesn't pass access control check: No 'Access-Control-Allow-Origin' header is present on the requested resource. @ http://localhost:3000/ai:0
[  304172ms] [ERROR] Failed to load resource: net::ERR_FAILED @ https://api.nexusrbx.com/api/v2/agents?t=1787838485555:0
[  305191ms] [ERROR] Access to fetch at 'https://api.nexusrbx.com/api/studio/mcp/status?t=1787838486574' from origin 'http://localhost:3000' has been blocked by CORS policy: Response to preflight request doesn't pass access control check: No 'Access-Control-Allow-Origin' header is present on the requested resource. @ http://localhost:3000/ai:0
[  305192ms] [ERROR] Failed to load resource: net::ERR_FAILED @ https://api.nexusrbx.com/api/studio/mcp/status?t=1787838486574:0
[  305192ms] [ERROR] Access to fetch at 'https://api.nexusrbx.com/api/studio/status?t=1787838486573' from origin 'http://localhost:3000' has been blocked by CORS policy: Response to preflight request doesn't pass access control check: No 'Access-Control-Allow-Origin' header is present on the requested resource. @ http://localhost:3000/ai:0
[  305192ms] [ERROR] Failed to load resource: net::ERR_FAILED @ https://api.nexusrbx.com/api/studio/status?t=1787838486573:0
[  319199ms] [ERROR] Access to fetch at 'https://api.nexusrbx.com/api/v2/events?afterSequence=0&t=1787838500577' from origin 'http://localhost:3000' has been blocked by CORS policy: Response to preflight request doesn't pass access control check: No 'Access-Control-Allow-Origin' header is present on the requested resource. @ http://localhost:3000/ai:0
[  319199ms] [ERROR] Failed to load resource: net::ERR_FAILED @ https://api.nexusrbx.com/api/v2/events?afterSequence=0&t=1787838500577:0
[  335373ms] [ERROR] Access to fetch at 'https://api.nexusrbx.com/api/studio/status?t=1787838516752' from origin 'http://localhost:3000' has been blocked by CORS policy: Response to preflight request doesn't pass access control check: No 'Access-Control-Allow-Origin' header is present on the requested resource. @ http://localhost:3000/ai:0
[  335373ms] [ERROR] Failed to load resource: net::ERR_FAILED @ https://api.nexusrbx.com/api/studio/status?t=1787838516752:0
[  335376ms] [ERROR] Access to fetch at 'https://api.nexusrbx.com/api/studio/mcp/status?t=1787838516752' from origin 'http://localhost:3000' has been blocked by CORS policy: Response to preflight request doesn't pass access control check: No 'Access-Control-Allow-Origin' header is present on the requested resource. @ http://localhost:3000/ai:0
[  335377ms] [ERROR] Failed to load resource: net::ERR_FAILED @ https://api.nexusrbx.com/api/studio/mcp/status?t=1787838516752:0
[  344165ms] [ERROR] Access to fetch at 'https://api.nexusrbx.com/api/v2/agents?t=1787838525556' from origin 'http://localhost:3000' has been blocked by CORS policy: Response to preflight request doesn't pass access control check: No 'Access-Control-Allow-Origin' header is present on the requested resource. @ http://localhost:3000/ai:0
[  344166ms] [ERROR] Failed to load resource: net::ERR_FAILED @ https://api.nexusrbx.com/api/v2/agents?t=1787838525556:0
[  351690ms] [ERROR] Access to fetch at 'https://api.nexusrbx.com/api/v2/events?afterSequence=0&t=1787838533067' from origin 'http://localhost:3000' has been blocked by CORS policy: Response to preflight request doesn't pass access control check: No 'Access-Control-Allow-Origin' header is present on the requested resource. @ http://localhost:3000/ai:0
[  351690ms] [ERROR] Failed to load resource: net::ERR_FAILED @ https://api.nexusrbx.com/api/v2/events?afterSequence=0&t=1787838533067:0
[  365558ms] [ERROR] Access to fetch at 'https://api.nexusrbx.com/api/studio/status?t=1787838546946' from origin 'http://localhost:3000' has been blocked by CORS policy: Response to preflight request doesn't pass access control check: No 'Access-Control-Allow-Origin' header is present on the requested resource. @ http://localhost:3000/ai:0
[  365558ms] [ERROR] Failed to load resource: net::ERR_FAILED @ https://api.nexusrbx.com/api/studio/status?t=1787838546946:0
[  365562ms] [ERROR] Access to fetch at 'https://api.nexusrbx.com/api/studio/mcp/status?t=1787838546946' from origin 'http://localhost:3000' has been blocked by CORS policy: Response to preflight request doesn't pass access control check: No 'Access-Control-Allow-Origin' header is present on the requested resource. @ http://localhost:3000/ai:0
[  365562ms] [ERROR] Failed to load resource: net::ERR_FAILED @ https://api.nexusrbx.com/api/studio/mcp/status?t=1787838546946:0
[  384173ms] [ERROR] Access to fetch at 'https://api.nexusrbx.com/api/v2/agents?t=1787838565558' from origin 'http://localhost:3000' has been blocked by CORS policy: Response to preflight request doesn't pass access control check: No 'Access-Control-Allow-Origin' header is present on the requested resource. @ http://localhost:3000/ai:0
[  384173ms] [ERROR] Failed to load resource: net::ERR_FAILED @ https://api.nexusrbx.com/api/v2/agents?t=1787838565558:0
[  384184ms] [ERROR] Access to fetch at 'https://api.nexusrbx.com/api/v2/events?afterSequence=0&t=1787838565561' from origin 'http://localhost:3000' has been blocked by CORS policy: Response to preflight request doesn't pass access control check: No 'Access-Control-Allow-Origin' header is present on the requested resource. @ http://localhost:3000/ai:0
[  384184ms] [ERROR] Failed to load resource: net::ERR_FAILED @ https://api.nexusrbx.com/api/v2/events?afterSequence=0&t=1787838565561:0
[  395751ms] [ERROR] Access to fetch at 'https://api.nexusrbx.com/api/studio/status?t=1787838577122' from origin 'http://localhost:3000' has been blocked by CORS policy: Response to preflight request doesn't pass access control check: No 'Access-Control-Allow-Origin' header is present on the requested resource. @ http://localhost:3000/ai:0
[  395752ms] [ERROR] Failed to load resource: net::ERR_FAILED @ https://api.nexusrbx.com/api/studio/status?t=1787838577122:0
[  395752ms] [ERROR] Access to fetch at 'https://api.nexusrbx.com/api/studio/mcp/status?t=1787838577122' from origin 'http://localhost:3000' has been blocked by CORS policy: Response to preflight request doesn't pass access control check: No 'Access-Control-Allow-Origin' header is present on the requested resource. @ http://localhost:3000/ai:0
[  395753ms] [ERROR] Failed to load resource: net::ERR_FAILED @ https://api.nexusrbx.com/api/studio/mcp/status?t=1787838577122:0
[  416666ms] [ERROR] Access to fetch at 'https://api.nexusrbx.com/api/v2/events?afterSequence=0&t=1787838598059' from origin 'http://localhost:3000' has been blocked by CORS policy: Response to preflight request doesn't pass access control check: No 'Access-Control-Allow-Origin' header is present on the requested resource. @ http://localhost:3000/ai:0
[  416666ms] [ERROR] Failed to load resource: net::ERR_FAILED @ https://api.nexusrbx.com/api/v2/events?afterSequence=0&t=1787838598059:0
[  424178ms] [ERROR] Access to fetch at 'https://api.nexusrbx.com/api/v2/agents?t=1787838605563' from origin 'http://localhost:3000' has been blocked by CORS policy: Response to preflight request doesn't pass access control check: No 'Access-Control-Allow-Origin' header is present on the requested resource. @ http://localhost:3000/ai:0
[  424178ms] [ERROR] Failed to load resource: net::ERR_FAILED @ https://api.nexusrbx.com/api/v2/agents?t=1787838605563:0
[  425931ms] [ERROR] Access to fetch at 'https://api.nexusrbx.com/api/studio/mcp/status?t=1787838607316' from origin 'http://localhost:3000' has been blocked by CORS policy: Response to preflight request doesn't pass access control check: No 'Access-Control-Allow-Origin' header is present on the requested resource. @ http://localhost:3000/ai:0
[  425931ms] [ERROR] Failed to load resource: net::ERR_FAILED @ https://api.nexusrbx.com/api/studio/mcp/status?t=1787838607316:0
[  425935ms] [ERROR] Access to fetch at 'https://api.nexusrbx.com/api/studio/status?t=1787838607316' from origin 'http://localhost:3000' has been blocked by CORS policy: Response to preflight request doesn't pass access control check: No 'Access-Control-Allow-Origin' header is present on the requested resource. @ http://localhost:3000/ai:0
[  425935ms] [ERROR] Failed to load resource: net::ERR_FAILED @ https://api.nexusrbx.com/api/studio/status?t=1787838607316:0
[  449169ms] [ERROR] Access to fetch at 'https://api.nexusrbx.com/api/v2/events?afterSequence=0&t=1787838630557' from origin 'http://localhost:3000' has been blocked by CORS policy: Response to preflight request doesn't pass access control check: No 'Access-Control-Allow-Origin' header is present on the requested resource. @ http://localhost:3000/ai:0
[  449169ms] [ERROR] Failed to load resource: net::ERR_FAILED @ https://api.nexusrbx.com/api/v2/events?afterSequence=0&t=1787838630557:0
[  456112ms] [ERROR] Access to fetch at 'https://api.nexusrbx.com/api/studio/status?t=1787838637495' from origin 'http://localhost:3000' has been blocked by CORS policy: Response to preflight request doesn't pass access control check: No 'Access-Control-Allow-Origin' header is present on the requested resource. @ http://localhost:3000/ai:0
[  456112ms] [ERROR] Failed to load resource: net::ERR_FAILED @ https://api.nexusrbx.com/api/studio/status?t=1787838637495:0
[  456112ms] [ERROR] Access to fetch at 'https://api.nexusrbx.com/api/studio/mcp/status?t=1787838637495' from origin 'http://localhost:3000' has been blocked by CORS policy: Response to preflight request doesn't pass access control check: No 'Access-Control-Allow-Origin' header is present on the requested resource. @ http://localhost:3000/ai:0
[  456112ms] [ERROR] Failed to load resource: net::ERR_FAILED @ https://api.nexusrbx.com/api/studio/mcp/status?t=1787838637495:0
[  464184ms] [ERROR] Access to fetch at 'https://api.nexusrbx.com/api/v2/agents?t=1787838645571' from origin 'http://localhost:3000' has been blocked by CORS policy: Response to preflight request doesn't pass access control check: No 'Access-Control-Allow-Origin' header is present on the requested resource. @ http://localhost:3000/ai:0
[  464185ms] [ERROR] Failed to load resource: net::ERR_FAILED @ https://api.nexusrbx.com/api/v2/agents?t=1787838645571:0
[  481667ms] [ERROR] Access to fetch at 'https://api.nexusrbx.com/api/v2/events?afterSequence=0&t=1787838663058' from origin 'http://localhost:3000' has been blocked by CORS policy: Response to preflight request doesn't pass access control check: No 'Access-Control-Allow-Origin' header is present on the requested resource. @ http://localhost:3000/ai:0
[  481667ms] [ERROR] Failed to load resource: net::ERR_FAILED @ https://api.nexusrbx.com/api/v2/events?afterSequence=0&t=1787838663058:0
[  486289ms] [ERROR] Access to fetch at 'https://api.nexusrbx.com/api/studio/status?t=1787838667678' from origin 'http://localhost:3000' has been blocked by CORS policy: Response to preflight request doesn't pass access control check: No 'Access-Control-Allow-Origin' header is present on the requested resource. @ http://localhost:3000/ai:0
[  486289ms] [ERROR] Failed to load resource: net::ERR_FAILED @ https://api.nexusrbx.com/api/studio/status?t=1787838667678:0
[  486290ms] [ERROR] Access to fetch at 'https://api.nexusrbx.com/api/studio/mcp/status?t=1787838667679' from origin 'http://localhost:3000' has been blocked by CORS policy: Response to preflight request doesn't pass access control check: No 'Access-Control-Allow-Origin' header is present on the requested resource. @ http://localhost:3000/ai:0
[  486290ms] [ERROR] Failed to load resource: net::ERR_FAILED @ https://api.nexusrbx.com/api/studio/mcp/status?t=1787838667679:0
[  504183ms] [ERROR] Access to fetch at 'https://api.nexusrbx.com/api/v2/agents?t=1787838685561' from origin 'http://localhost:3000' has been blocked by CORS policy: Response to preflight request doesn't pass access control check: No 'Access-Control-Allow-Origin' header is present on the requested resource. @ http://localhost:3000/ai:0
[  504184ms] [ERROR] Failed to load resource: net::ERR_FAILED @ https://api.nexusrbx.com/api/v2/agents?t=1787838685561:0
[  514184ms] [ERROR] Access to fetch at 'https://api.nexusrbx.com/api/v2/events?afterSequence=0&t=1787838695571' from origin 'http://localhost:3000' has been blocked by CORS policy: Response to preflight request doesn't pass access control check: No 'Access-Control-Allow-Origin' header is present on the requested resource. @ http://localhost:3000/ai:0
[  514184ms] [ERROR] Failed to load resource: net::ERR_FAILED @ https://api.nexusrbx.com/api/v2/events?afterSequence=0&t=1787838695571:0
[  516471ms] [ERROR] Access to fetch at 'https://api.nexusrbx.com/api/studio/mcp/status?t=1787838697850' from origin 'http://localhost:3000' has been blocked by CORS policy: Response to preflight request doesn't pass access control check: No 'Access-Control-Allow-Origin' header is present on the requested resource. @ http://localhost:3000/ai:0
[  516471ms] [ERROR] Failed to load resource: net::ERR_FAILED @ https://api.nexusrbx.com/api/studio/mcp/status?t=1787838697850:0
[  516474ms] [ERROR] Access to fetch at 'https://api.nexusrbx.com/api/studio/status?t=1787838697850' from origin 'http://localhost:3000' has been blocked by CORS policy: Response to preflight request doesn't pass access control check: No 'Access-Control-Allow-Origin' header is present on the requested resource. @ http://localhost:3000/ai:0
[  516475ms] [ERROR] Failed to load resource: net::ERR_FAILED @ https://api.nexusrbx.com/api/studio/status?t=1787838697850:0
[  544180ms] [ERROR] Access to fetch at 'https://api.nexusrbx.com/api/v2/agents?t=1787838725566' from origin 'http://localhost:3000' has been blocked by CORS policy: Response to preflight request doesn't pass access control check: No 'Access-Control-Allow-Origin' header is present on the requested resource. @ http://localhost:3000/ai:0
[  544181ms] [ERROR] Failed to load resource: net::ERR_FAILED @ https://api.nexusrbx.com/api/v2/agents?t=1787838725566:0
[  546653ms] [ERROR] Access to fetch at 'https://api.nexusrbx.com/api/studio/mcp/status?t=1787838728040' from origin 'http://localhost:3000' has been blocked by CORS policy: Response to preflight request doesn't pass access control check: No 'Access-Control-Allow-Origin' header is present on the requested resource. @ http://localhost:3000/ai:0
[  546653ms] [ERROR] Failed to load resource: net::ERR_FAILED @ https://api.nexusrbx.com/api/studio/mcp/status?t=1787838728040:0
[  546653ms] [ERROR] Access to fetch at 'https://api.nexusrbx.com/api/studio/status?t=1787838728040' from origin 'http://localhost:3000' has been blocked by CORS policy: Response to preflight request doesn't pass access control check: No 'Access-Control-Allow-Origin' header is present on the requested resource. @ http://localhost:3000/ai:0
[  546654ms] [ERROR] Failed to load resource: net::ERR_FAILED @ https://api.nexusrbx.com/api/studio/status?t=1787838728040:0
[  546690ms] [ERROR] Access to fetch at 'https://api.nexusrbx.com/api/v2/events?afterSequence=0&t=1787838728058' from origin 'http://localhost:3000' has been blocked by CORS policy: Response to preflight request doesn't pass access control check: No 'Access-Control-Allow-Origin' header is present on the requested resource. @ http://localhost:3000/ai:0
[  546690ms] [ERROR] Failed to load resource: net::ERR_FAILED @ https://api.nexusrbx.com/api/v2/events?afterSequence=0&t=1787838728058:0
[  577130ms] [ERROR] Access to fetch at 'https://api.nexusrbx.com/api/v2/events?afterSequence=0&t=1787838758512' from origin 'http://localhost:3000' has been blocked by CORS policy: Response to preflight request doesn't pass access control check: No 'Access-Control-Allow-Origin' header is present on the requested resource. @ http://localhost:3000/ai:0
[  577130ms] [ERROR] Failed to load resource: net::ERR_FAILED @ https://api.nexusrbx.com/api/v2/events?afterSequence=0&t=1787838758512:0
[  577135ms] [ERROR] Access to fetch at 'https://api.nexusrbx.com/api/studio/mcp/status?t=1787838758513' from origin 'http://localhost:3000' has been blocked by CORS policy: Response to preflight request doesn't pass access control check: No 'Access-Control-Allow-Origin' header is present on the requested resource. @ http://localhost:3000/ai:0
[  577136ms] [ERROR] Failed to load resource: net::ERR_FAILED @ https://api.nexusrbx.com/api/studio/mcp/status?t=1787838758513:0
[  577136ms] [ERROR] Access to fetch at 'https://api.nexusrbx.com/api/studio/status?t=1787838758513' from origin 'http://localhost:3000' has been blocked by CORS policy: Response to preflight request doesn't pass access control check: No 'Access-Control-Allow-Origin' header is present on the requested resource. @ http://localhost:3000/ai:0
[  577136ms] [ERROR] Failed to load resource: net::ERR_FAILED @ https://api.nexusrbx.com/api/studio/status?t=1787838758513:0
[  584170ms] [ERROR] Access to fetch at 'https://api.nexusrbx.com/api/v2/agents?t=1787838765561' from origin 'http://localhost:3000' has been blocked by CORS policy: Response to preflight request doesn't pass access control check: No 'Access-Control-Allow-Origin' header is present on the requested resource. @ http://localhost:3000/ai:0
[  584171ms] [ERROR] Failed to load resource: net::ERR_FAILED @ https://api.nexusrbx.com/api/v2/agents?t=1787838765561:0
[  604089ms] [ERROR] Access to fetch at 'https://api.nexusrbx.com/api/billing/entitlements' from origin 'http://localhost:3000' has been blocked by CORS policy: Response to preflight request doesn't pass access control check: No 'Access-Control-Allow-Origin' header is present on the requested resource. @ http://localhost:3000/ai:0
[  604089ms] [ERROR] Failed to load resource: net::ERR_FAILED @ https://api.nexusrbx.com/api/billing/entitlements:0
[  607318ms] [ERROR] Access to fetch at 'https://api.nexusrbx.com/api/studio/status?t=1787838788700' from origin 'http://localhost:3000' has been blocked by CORS policy: Response to preflight request doesn't pass access control check: No 'Access-Control-Allow-Origin' header is present on the requested resource. @ http://localhost:3000/ai:0
[  607318ms] [ERROR] Failed to load resource: net::ERR_FAILED @ https://api.nexusrbx.com/api/studio/status?t=1787838788700:0
[  607319ms] [ERROR] Access to fetch at 'https://api.nexusrbx.com/api/studio/mcp/status?t=1787838788700' from origin 'http://localhost:3000' has been blocked by CORS policy: Response to preflight request doesn't pass access control check: No 'Access-Control-Allow-Origin' header is present on the requested resource. @ http://localhost:3000/ai:0
[  607319ms] [ERROR] Failed to load resource: net::ERR_FAILED @ https://api.nexusrbx.com/api/studio/mcp/status?t=1787838788700:0
[  609181ms] [ERROR] Access to fetch at 'https://api.nexusrbx.com/api/v2/events?afterSequence=0&t=1787838790560' from origin 'http://localhost:3000' has been blocked by CORS policy: Response to preflight request doesn't pass access control check: No 'Access-Control-Allow-Origin' header is present on the requested resource. @ http://localhost:3000/ai:0
[  609181ms] [ERROR] Failed to load resource: net::ERR_FAILED @ https://api.nexusrbx.com/api/v2/events?afterSequence=0&t=1787838790560:0
[  624247ms] [ERROR] Access to fetch at 'https://api.nexusrbx.com/api/v2/agents?t=1787838805557' from origin 'http://localhost:3000' has been blocked by CORS policy: Response to preflight request doesn't pass access control check: No 'Access-Control-Allow-Origin' header is present on the requested resource. @ http://localhost:3000/ai:0
[  624248ms] [ERROR] Failed to load resource: net::ERR_FAILED @ https://api.nexusrbx.com/api/v2/agents?t=1787838805557:0
[  637500ms] [ERROR] Access to fetch at 'https://api.nexusrbx.com/api/studio/status?t=1787838818889' from origin 'http://localhost:3000' has been blocked by CORS policy: Response to preflight request doesn't pass access control check: No 'Access-Control-Allow-Origin' header is present on the requested resource. @ http://localhost:3000/ai:0
[  637500ms] [ERROR] Failed to load resource: net::ERR_FAILED @ https://api.nexusrbx.com/api/studio/status?t=1787838818889:0
[  637520ms] [ERROR] Access to fetch at 'https://api.nexusrbx.com/api/studio/mcp/status?t=1787838818890' from origin 'http://localhost:3000' has been blocked by CORS policy: Response to preflight request doesn't pass access control check: No 'Access-Control-Allow-Origin' header is present on the requested resource. @ http://localhost:3000/ai:0
[  637521ms] [ERROR] Failed to load resource: net::ERR_FAILED @ https://api.nexusrbx.com/api/studio/mcp/status?t=1787838818890:0
[  641702ms] [ERROR] Access to fetch at 'https://api.nexusrbx.com/api/v2/events?afterSequence=0&t=1787838823074' from origin 'http://localhost:3000' has been blocked by CORS policy: Response to preflight request doesn't pass access control check: No 'Access-Control-Allow-Origin' header is present on the requested resource. @ http://localhost:3000/ai:0
[  641702ms] [ERROR] Failed to load resource: net::ERR_FAILED @ https://api.nexusrbx.com/api/v2/events?afterSequence=0&t=1787838823074:0
[  664187ms] [ERROR] Access to fetch at 'https://api.nexusrbx.com/api/v2/agents?t=1787838845561' from origin 'http://localhost:3000' has been blocked by CORS policy: Response to preflight request doesn't pass access control check: No 'Access-Control-Allow-Origin' header is present on the requested resource. @ http://localhost:3000/ai:0
[  664187ms] [ERROR] Failed to load resource: net::ERR_FAILED @ https://api.nexusrbx.com/api/v2/agents?t=1787838845561:0
[  667702ms] [ERROR] Access to fetch at 'https://api.nexusrbx.com/api/studio/status?t=1787838849084' from origin 'http://localhost:3000' has been blocked by CORS policy: Response to preflight request doesn't pass access control check: No 'Access-Control-Allow-Origin' header is present on the requested resource. @ http://localhost:3000/ai:0
[  667702ms] [ERROR] Failed to load resource: net::ERR_FAILED @ https://api.nexusrbx.com/api/studio/status?t=1787838849084:0
[  667702ms] [ERROR] Access to fetch at 'https://api.nexusrbx.com/api/studio/mcp/status?t=1787838849084' from origin 'http://localhost:3000' has been blocked by CORS policy: Response to preflight request doesn't pass access control check: No 'Access-Control-Allow-Origin' header is present on the requested resource. @ http://localhost:3000/ai:0
[  667703ms] [ERROR] Failed to load resource: net::ERR_FAILED @ https://api.nexusrbx.com/api/studio/mcp/status?t=1787838849084:0
[  674185ms] [ERROR] Access to fetch at 'https://api.nexusrbx.com/api/v2/events?afterSequence=0&t=1787838855575' from origin 'http://localhost:3000' has been blocked by CORS policy: Response to preflight request doesn't pass access control check: No 'Access-Control-Allow-Origin' header is present on the requested resource. @ http://localhost:3000/ai:0
[  674185ms] [ERROR] Failed to load resource: net::ERR_FAILED @ https://api.nexusrbx.com/api/v2/events?afterSequence=0&t=1787838855575:0
[  697885ms] [ERROR] Access to fetch at 'https://api.nexusrbx.com/api/studio/status?t=1787838879275' from origin 'http://localhost:3000' has been blocked by CORS policy: Response to preflight request doesn't pass access control check: No 'Access-Control-Allow-Origin' header is present on the requested resource. @ http://localhost:3000/ai:0
[  697885ms] [ERROR] Failed to load resource: net::ERR_FAILED @ https://api.nexusrbx.com/api/studio/status?t=1787838879275:0
[  697891ms] [ERROR] Access to fetch at 'https://api.nexusrbx.com/api/studio/mcp/status?t=1787838879276' from origin 'http://localhost:3000' has been blocked by CORS policy: Response to preflight request doesn't pass access control check: No 'Access-Control-Allow-Origin' header is present on the requested resource. @ http://localhost:3000/ai:0
[  697892ms] [ERROR] Failed to load resource: net::ERR_FAILED @ https://api.nexusrbx.com/api/studio/mcp/status?t=1787838879276:0
[  704197ms] [ERROR] Access to fetch at 'https://api.nexusrbx.com/api/v2/agents?t=1787838885572' from origin 'http://localhost:3000' has been blocked by CORS policy: Response to preflight request doesn't pass access control check: No 'Access-Control-Allow-Origin' header is present on the requested resource. @ http://localhost:3000/ai:0
[  704198ms] [ERROR] Failed to load resource: net::ERR_FAILED @ https://api.nexusrbx.com/api/v2/agents?t=1787838885572:0
[  706682ms] [ERROR] Access to fetch at 'https://api.nexusrbx.com/api/v2/events?afterSequence=0&t=1787838888062' from origin 'http://localhost:3000' has been blocked by CORS policy: Response to preflight request doesn't pass access control check: No 'Access-Control-Allow-Origin' header is present on the requested resource. @ http://localhost:3000/ai:0
[  706682ms] [ERROR] Failed to load resource: net::ERR_FAILED @ https://api.nexusrbx.com/api/v2/events?afterSequence=0&t=1787838888062:0
[  712270ms] [INFO] %cDownload the React DevTools for a better development experience: https://reactjs.org/link/react-devtools font-weight:bold @ http://localhost:3000/static/js/bundle.js:84047
[  712721ms] [WARNING] ⚠️ React Router Future Flag Warning: React Router will begin wrapping state updates in `React.startTransition` in v7. You can use the `v7_startTransition` future flag to opt-in early. For more information, see https://reactrouter.com/v6/upgrading/future#v7_starttransition. @ http://localhost:3000/static/js/bundle.js:88479
[  712723ms] [WARNING] ⚠️ React Router Future Flag Warning: Relative route resolution within Splat routes is changing in v7. You can use the `v7_relativeSplatPath` future flag to opt-in early. For more information, see https://reactrouter.com/v6/upgrading/future#v7_relativesplatpath. @ http://localhost:3000/static/js/bundle.js:88479
[  714750ms] [ERROR] Access to fetch at 'https://api.nexusrbx.com/api/user/settings' from origin 'http://localhost:3000' has been blocked by CORS policy: Response to preflight request doesn't pass access control check: No 'Access-Control-Allow-Origin' header is present on the requested resource. @ http://localhost:3000/ai:0
[  714750ms] [ERROR] Failed to load resource: net::ERR_FAILED @ https://api.nexusrbx.com/api/user/settings:0
[  714752ms] [ERROR] Access to fetch at 'https://api.nexusrbx.com/api/billing/entitlements' from origin 'http://localhost:3000' has been blocked by CORS policy: Response to preflight request doesn't pass access control check: No 'Access-Control-Allow-Origin' header is present on the requested resource. @ http://localhost:3000/ai:0
[  714752ms] [ERROR] Failed to load resource: net::ERR_FAILED @ https://api.nexusrbx.com/api/billing/entitlements:0
[  714903ms] [ERROR] Access to fetch at 'https://api.nexusrbx.com/api/project-bindings/proj_55082b60b0a14eddb80c3e246e0c5306?t=1787838896249' from origin 'http://localhost:3000' has been blocked by CORS policy: Response to preflight request doesn't pass access control check: No 'Access-Control-Allow-Origin' header is present on the requested resource. @ http://localhost:3000/ai:0
[  714903ms] [ERROR] Failed to load resource: net::ERR_FAILED @ https://api.nexusrbx.com/api/project-bindings/proj_55082b60b0a14eddb80c3e246e0c5306?t=1787838896249:0
[  714958ms] [ERROR] Access to fetch at 'https://api.nexusrbx.com/api/project-bindings/proj_55082b60b0a14eddb80c3e246e0c5306?t=1787838896274' from origin 'http://localhost:3000' has been blocked by CORS policy: Response to preflight request doesn't pass access control check: No 'Access-Control-Allow-Origin' header is present on the requested resource. @ http://localhost:3000/ai:0
[  714958ms] [ERROR] Failed to load resource: net::ERR_FAILED @ https://api.nexusrbx.com/api/project-bindings/proj_55082b60b0a14eddb80c3e246e0c5306?t=1787838896274:0
[  715078ms] [ERROR] Access to fetch at 'https://api.nexusrbx.com/api/models' from origin 'http://localhost:3000' has been blocked by CORS policy: No 'Access-Control-Allow-Origin' header is present on the requested resource. @ http://localhost:3000/ai:0
[  715078ms] [ERROR] Failed to load resource: net::ERR_FAILED @ https://api.nexusrbx.com/api/models:0
[  715408ms] [ERROR] Access to fetch at 'https://api.nexusrbx.com/api/project-bindings?limit=100&t=1787838896765' from origin 'http://localhost:3000' has been blocked by CORS policy: Response to preflight request doesn't pass access control check: No 'Access-Control-Allow-Origin' header is present on the requested resource. @ http://localhost:3000/ai:0
[  715408ms] [ERROR] Failed to load resource: net::ERR_FAILED @ https://api.nexusrbx.com/api/project-bindings?limit=100&t=1787838896765:0
[  715408ms] [ERROR] Access to fetch at 'https://api.nexusrbx.com/api/user/teams?t=1787838896775' from origin 'http://localhost:3000' has been blocked by CORS policy: Response to preflight request doesn't pass access control check: No 'Access-Control-Allow-Origin' header is present on the requested resource. @ http://localhost:3000/ai:0
[  715408ms] [ERROR] Failed to load resource: net::ERR_FAILED @ https://api.nexusrbx.com/api/user/teams?t=1787838896775:0
[  715408ms] [ERROR] Access to fetch at 'https://api.nexusrbx.com/api/roblox/oauth/status?t=1787838896767' from origin 'http://localhost:3000' has been blocked by CORS policy: Response to preflight request doesn't pass access control check: No 'Access-Control-Allow-Origin' header is present on the requested resource. @ http://localhost:3000/ai:0
[  715408ms] [ERROR] Failed to load resource: net::ERR_FAILED @ https://api.nexusrbx.com/api/roblox/oauth/status?t=1787838896767:0
[  715655ms] [ERROR] Access to fetch at 'https://api.nexusrbx.com/api/project-bindings/proj_55082b60b0a14eddb80c3e246e0c5306?t=1787838897030' from origin 'http://localhost:3000' has been blocked by CORS policy: Response to preflight request doesn't pass access control check: No 'Access-Control-Allow-Origin' header is present on the requested resource. @ http://localhost:3000/ai:0
[  715656ms] [ERROR] Failed to load resource: net::ERR_FAILED @ https://api.nexusrbx.com/api/project-bindings/proj_55082b60b0a14eddb80c3e246e0c5306?t=1787838897030:0
[  735377ms] [ERROR] Access to fetch at 'https://api.nexusrbx.com/api/v2/agents?t=1787838916760' from origin 'http://localhost:3000' has been blocked by CORS policy: Response to preflight request doesn't pass access control check: No 'Access-Control-Allow-Origin' header is present on the requested resource. @ http://localhost:3000/ai:0
[  735377ms] [ERROR] Failed to load resource: net::ERR_FAILED @ https://api.nexusrbx.com/api/v2/agents?t=1787838916760:0
[  737879ms] [ERROR] Access to fetch at 'https://api.nexusrbx.com/api/v2/events?afterSequence=0&t=1787838919254' from origin 'http://localhost:3000' has been blocked by CORS policy: Response to preflight request doesn't pass access control check: No 'Access-Control-Allow-Origin' header is present on the requested resource. @ http://localhost:3000/ai:0
[  737879ms] [ERROR] Failed to load resource: net::ERR_FAILED @ https://api.nexusrbx.com/api/v2/events?afterSequence=0&t=1787838919254:0
[  744931ms] [ERROR] Access to fetch at 'https://api.nexusrbx.com/api/studio/status?t=1787838926294' from origin 'http://localhost:3000' has been blocked by CORS policy: Response to preflight request doesn't pass access control check: No 'Access-Control-Allow-Origin' header is present on the requested resource. @ http://localhost:3000/ai:0
[  744932ms] [ERROR] Failed to load resource: net::ERR_FAILED @ https://api.nexusrbx.com/api/studio/status?t=1787838926294:0
[  744932ms] [ERROR] Access to fetch at 'https://api.nexusrbx.com/api/studio/mcp/status?t=1787838926294' from origin 'http://localhost:3000' has been blocked by CORS policy: Response to preflight request doesn't pass access control check: No 'Access-Control-Allow-Origin' header is present on the requested resource. @ http://localhost:3000/ai:0
[  744932ms] [ERROR] Failed to load resource: net::ERR_FAILED @ https://api.nexusrbx.com/api/studio/mcp/status?t=1787838926294:0
[  770413ms] [ERROR] Access to fetch at 'https://api.nexusrbx.com/api/v2/events?afterSequence=0&t=1787838951765' from origin 'http://localhost:3000' has been blocked by CORS policy: Response to preflight request doesn't pass access control check: No 'Access-Control-Allow-Origin' header is present on the requested resource. @ http://localhost:3000/ai:0
[  770413ms] [ERROR] Failed to load resource: net::ERR_FAILED @ https://api.nexusrbx.com/api/v2/events?afterSequence=0&t=1787838951765:0
[  775117ms] [ERROR] Access to fetch at 'https://api.nexusrbx.com/api/studio/status?t=1787838956504' from origin 'http://localhost:3000' has been blocked by CORS policy: Response to preflight request doesn't pass access control check: No 'Access-Control-Allow-Origin' header is present on the requested resource. @ http://localhost:3000/ai:0
[  775118ms] [ERROR] Failed to load resource: net::ERR_FAILED @ https://api.nexusrbx.com/api/studio/status?t=1787838956504:0
[  775150ms] [ERROR] Access to fetch at 'https://api.nexusrbx.com/api/studio/mcp/status?t=1787838956505' from origin 'http://localhost:3000' has been blocked by CORS policy: Response to preflight request doesn't pass access control check: No 'Access-Control-Allow-Origin' header is present on the requested resource. @ http://localhost:3000/ai:0
[  775150ms] [ERROR] Failed to load resource: net::ERR_FAILED @ https://api.nexusrbx.com/api/studio/mcp/status?t=1787838956505:0
[  775381ms] [ERROR] Access to fetch at 'https://api.nexusrbx.com/api/v2/agents?t=1787838956765' from origin 'http://localhost:3000' has been blocked by CORS policy: Response to preflight request doesn't pass access control check: No 'Access-Control-Allow-Origin' header is present on the requested resource. @ http://localhost:3000/ai:0
[  775381ms] [ERROR] Failed to load resource: net::ERR_FAILED @ https://api.nexusrbx.com/api/v2/agents?t=1787838956765:0
[  802898ms] [ERROR] Access to fetch at 'https://api.nexusrbx.com/api/v2/events?afterSequence=0&t=1787838984270' from origin 'http://localhost:3000' has been blocked by CORS policy: Response to preflight request doesn't pass access control check: No 'Access-Control-Allow-Origin' header is present on the requested resource. @ http://localhost:3000/ai:0
[  802898ms] [ERROR] Failed to load resource: net::ERR_FAILED @ https://api.nexusrbx.com/api/v2/events?afterSequence=0&t=1787838984270:0
[  805334ms] [ERROR] Access to fetch at 'https://api.nexusrbx.com/api/studio/status?t=1787838986720' from origin 'http://localhost:3000' has been blocked by CORS policy: Response to preflight request doesn't pass access control check: No 'Access-Control-Allow-Origin' header is present on the requested resource. @ http://localhost:3000/ai:0
[  805334ms] [ERROR] Failed to load resource: net::ERR_FAILED @ https://api.nexusrbx.com/api/studio/status?t=1787838986720:0
[  805348ms] [ERROR] Access to fetch at 'https://api.nexusrbx.com/api/studio/mcp/status?t=1787838986720' from origin 'http://localhost:3000' has been blocked by CORS policy: Response to preflight request doesn't pass access control check: No 'Access-Control-Allow-Origin' header is present on the requested resource. @ http://localhost:3000/ai:0
[  805349ms] [ERROR] Failed to load resource: net::ERR_FAILED @ https://api.nexusrbx.com/api/studio/mcp/status?t=1787838986720:0
[  815370ms] [ERROR] Access to fetch at 'https://api.nexusrbx.com/api/v2/agents?t=1787838996760' from origin 'http://localhost:3000' has been blocked by CORS policy: Response to preflight request doesn't pass access control check: No 'Access-Control-Allow-Origin' header is present on the requested resource. @ http://localhost:3000/ai:0
[  815370ms] [ERROR] Failed to load resource: net::ERR_FAILED @ https://api.nexusrbx.com/api/v2/agents?t=1787838996760:0
[  835422ms] [ERROR] Access to fetch at 'https://api.nexusrbx.com/api/v2/events?afterSequence=0&t=1787839016770' from origin 'http://localhost:3000' has been blocked by CORS policy: Response to preflight request doesn't pass access control check: No 'Access-Control-Allow-Origin' header is present on the requested resource. @ http://localhost:3000/ai:0
[  835423ms] [ERROR] Failed to load resource: net::ERR_FAILED @ https://api.nexusrbx.com/api/v2/events?afterSequence=0&t=1787839016770:0
[  835599ms] [ERROR] Access to fetch at 'https://api.nexusrbx.com/api/studio/status?t=1787839016922' from origin 'http://localhost:3000' has been blocked by CORS policy: Response to preflight request doesn't pass access control check: No 'Access-Control-Allow-Origin' header is present on the requested resource. @ http://localhost:3000/ai:0
[  835606ms] [ERROR] Failed to load resource: net::ERR_FAILED @ https://api.nexusrbx.com/api/studio/status?t=1787839016922:0
[  835608ms] [ERROR] Access to fetch at 'https://api.nexusrbx.com/api/studio/mcp/status?t=1787839016922' from origin 'http://localhost:3000' has been blocked by CORS policy: Response to preflight request doesn't pass access control check: No 'Access-Control-Allow-Origin' header is present on the requested resource. @ http://localhost:3000/ai:0
[  835609ms] [ERROR] Failed to load resource: net::ERR_FAILED @ https://api.nexusrbx.com/api/studio/mcp/status?t=1787839016922:0
[  855384ms] [ERROR] Access to fetch at 'https://api.nexusrbx.com/api/v2/agents?t=1787839036759' from origin 'http://localhost:3000' has been blocked by CORS policy: Response to preflight request doesn't pass access control check: No 'Access-Control-Allow-Origin' header is present on the requested resource. @ http://localhost:3000/ai:0
[  855385ms] [ERROR] Failed to load resource: net::ERR_FAILED @ https://api.nexusrbx.com/api/v2/agents?t=1787839036759:0
[  865793ms] [ERROR] Access to fetch at 'https://api.nexusrbx.com/api/studio/status?t=1787839047180' from origin 'http://localhost:3000' has been blocked by CORS policy: Response to preflight request doesn't pass access control check: No 'Access-Control-Allow-Origin' header is present on the requested resource. @ http://localhost:3000/ai:0
[  865794ms] [ERROR] Failed to load resource: net::ERR_FAILED @ https://api.nexusrbx.com/api/studio/status?t=1787839047180:0
[  865794ms] [ERROR] Access to fetch at 'https://api.nexusrbx.com/api/studio/mcp/status?t=1787839047181' from origin 'http://localhost:3000' has been blocked by CORS policy: Response to preflight request doesn't pass access control check: No 'Access-Control-Allow-Origin' header is present on the requested resource. @ http://localhost:3000/ai:0
[  865794ms] [ERROR] Failed to load resource: net::ERR_FAILED @ https://api.nexusrbx.com/api/studio/mcp/status?t=1787839047181:0
[  867881ms] [ERROR] Access to fetch at 'https://api.nexusrbx.com/api/v2/events?afterSequence=0&t=1787839049266' from origin 'http://localhost:3000' has been blocked by CORS policy: Response to preflight request doesn't pass access control check: No 'Access-Control-Allow-Origin' header is present on the requested resource. @ http://localhost:3000/ai:0
[  867882ms] [ERROR] Failed to load resource: net::ERR_FAILED @ https://api.nexusrbx.com/api/v2/events?afterSequence=0&t=1787839049266:0
[  895407ms] [ERROR] Access to fetch at 'https://api.nexusrbx.com/api/v2/agents?t=1787839076763' from origin 'http://localhost:3000' has been blocked by CORS policy: Response to preflight request doesn't pass access control check: No 'Access-Control-Allow-Origin' header is present on the requested resource. @ http://localhost:3000/ai:0
[  895408ms] [ERROR] Failed to load resource: net::ERR_FAILED @ https://api.nexusrbx.com/api/v2/agents?t=1787839076763:0
[  896012ms] [ERROR] Access to fetch at 'https://api.nexusrbx.com/api/studio/status?t=1787839077363' from origin 'http://localhost:3000' has been blocked by CORS policy: Response to preflight request doesn't pass access control check: No 'Access-Control-Allow-Origin' header is present on the requested resource. @ http://localhost:3000/ai:0
[  896012ms] [ERROR] Failed to load resource: net::ERR_FAILED @ https://api.nexusrbx.com/api/studio/status?t=1787839077363:0
[  896024ms] [ERROR] Access to fetch at 'https://api.nexusrbx.com/api/studio/mcp/status?t=1787839077364' from origin 'http://localhost:3000' has been blocked by CORS policy: Response to preflight request doesn't pass access control check: No 'Access-Control-Allow-Origin' header is present on the requested resource. @ http://localhost:3000/ai:0
[  896025ms] [ERROR] Failed to load resource: net::ERR_FAILED @ https://api.nexusrbx.com/api/studio/mcp/status?t=1787839077364:0
[  900479ms] [ERROR] Access to fetch at 'https://api.nexusrbx.com/api/v2/events?afterSequence=0&t=1787839081778' from origin 'http://localhost:3000' has been blocked by CORS policy: Response to preflight request doesn't pass access control check: No 'Access-Control-Allow-Origin' header is present on the requested resource. @ http://localhost:3000/ai:0
[  900480ms] [ERROR] Failed to load resource: net::ERR_FAILED @ https://api.nexusrbx.com/api/v2/events?afterSequence=0&t=1787839081778:0
[  926425ms] [ERROR] Access to fetch at 'https://api.nexusrbx.com/api/studio/mcp/status?t=1787839107593' from origin 'http://localhost:3000' has been blocked by CORS policy: Response to preflight request doesn't pass access control check: No 'Access-Control-Allow-Origin' header is present on the requested resource. @ http://localhost:3000/ai:0
[  926426ms] [ERROR] Failed to load resource: net::ERR_FAILED @ https://api.nexusrbx.com/api/studio/mcp/status?t=1787839107593:0
[  926454ms] [ERROR] Access to fetch at 'https://api.nexusrbx.com/api/studio/status?t=1787839107593' from origin 'http://localhost:3000' has been blocked by CORS policy: Response to preflight request doesn't pass access control check: No 'Access-Control-Allow-Origin' header is present on the requested resource. @ http://localhost:3000/ai:0
[  926454ms] [ERROR] Failed to load resource: net::ERR_FAILED @ https://api.nexusrbx.com/api/studio/status?t=1787839107593:0
[  932897ms] [ERROR] Access to fetch at 'https://api.nexusrbx.com/api/v2/events?afterSequence=0&t=1787839114267' from origin 'http://localhost:3000' has been blocked by CORS policy: Response to preflight request doesn't pass access control check: No 'Access-Control-Allow-Origin' header is present on the requested resource. @ http://localhost:3000/ai:0
[  932898ms] [ERROR] Failed to load resource: net::ERR_FAILED @ https://api.nexusrbx.com/api/v2/events?afterSequence=0&t=1787839114267:0
[  935395ms] [ERROR] Access to fetch at 'https://api.nexusrbx.com/api/v2/agents?t=1787839116771' from origin 'http://localhost:3000' has been blocked by CORS policy: Response to preflight request doesn't pass access control check: No 'Access-Control-Allow-Origin' header is present on the requested resource. @ http://localhost:3000/ai:0
[  935395ms] [ERROR] Failed to load resource: net::ERR_FAILED @ https://api.nexusrbx.com/api/v2/agents?t=1787839116771:0
[  943175ms] [INFO] %cDownload the React DevTools for a better development experience: https://reactjs.org/link/react-devtools font-weight:bold @ http://localhost:3000/static/js/bundle.js:84049
[  943660ms] [WARNING] ⚠️ React Router Future Flag Warning: React Router will begin wrapping state updates in `React.startTransition` in v7. You can use the `v7_startTransition` future flag to opt-in early. For more information, see https://reactrouter.com/v6/upgrading/future#v7_starttransition. @ http://localhost:3000/static/js/bundle.js:88481
[  943663ms] [WARNING] ⚠️ React Router Future Flag Warning: Relative route resolution within Splat routes is changing in v7. You can use the `v7_relativeSplatPath` future flag to opt-in early. For more information, see https://reactrouter.com/v6/upgrading/future#v7_relativesplatpath. @ http://localhost:3000/static/js/bundle.js:88481
[  945020ms] [ERROR] Access to fetch at 'https://api.nexusrbx.com/api/models' from origin 'http://localhost:3000' has been blocked by CORS policy: No 'Access-Control-Allow-Origin' header is present on the requested resource. @ http://localhost:3000/ai:0
[  945021ms] [ERROR] Failed to load resource: net::ERR_FAILED @ https://api.nexusrbx.com/api/models:0
[  945446ms] [ERROR] Access to fetch at 'https://api.nexusrbx.com/api/user/settings' from origin 'http://localhost:3000' has been blocked by CORS policy: Response to preflight request doesn't pass access control check: No 'Access-Control-Allow-Origin' header is present on the requested resource. @ http://localhost:3000/ai:0
[  945446ms] [ERROR] Failed to load resource: net::ERR_FAILED @ https://api.nexusrbx.com/api/user/settings:0
[  945495ms] [ERROR] Access to fetch at 'https://api.nexusrbx.com/api/project-bindings/proj_55082b60b0a14eddb80c3e246e0c5306?t=1787839126877' from origin 'http://localhost:3000' has been blocked by CORS policy: Response to preflight request doesn't pass access control check: No 'Access-Control-Allow-Origin' header is present on the requested resource. @ http://localhost:3000/ai:0
[  945495ms] [ERROR] Failed to load resource: net::ERR_FAILED @ https://api.nexusrbx.com/api/project-bindings/proj_55082b60b0a14eddb80c3e246e0c5306?t=1787839126877:0
[  945496ms] [ERROR] Access to fetch at 'https://api.nexusrbx.com/api/billing/entitlements' from origin 'http://localhost:3000' has been blocked by CORS policy: Response to preflight request doesn't pass access control check: No 'Access-Control-Allow-Origin' header is present on the requested resource. @ http://localhost:3000/ai:0
[  945496ms] [ERROR] Failed to load resource: net::ERR_FAILED @ https://api.nexusrbx.com/api/billing/entitlements:0
[  945851ms] [ERROR] Access to fetch at 'https://api.nexusrbx.com/api/project-bindings?limit=100&t=1787839127233' from origin 'http://localhost:3000' has been blocked by CORS policy: Response to preflight request doesn't pass access control check: No 'Access-Control-Allow-Origin' header is present on the requested resource. @ http://localhost:3000/ai:0
[  945851ms] [ERROR] Failed to load resource: net::ERR_FAILED @ https://api.nexusrbx.com/api/project-bindings?limit=100&t=1787839127233:0
[  945859ms] [ERROR] Access to fetch at 'https://api.nexusrbx.com/api/roblox/oauth/status?t=1787839127233' from origin 'http://localhost:3000' has been blocked by CORS policy: Response to preflight request doesn't pass access control check: No 'Access-Control-Allow-Origin' header is present on the requested resource. @ http://localhost:3000/ai:0
[  945859ms] [ERROR] Failed to load resource: net::ERR_FAILED @ https://api.nexusrbx.com/api/roblox/oauth/status?t=1787839127233:0
[  945859ms] [ERROR] Access to fetch at 'https://api.nexusrbx.com/api/user/teams?t=1787839127234' from origin 'http://localhost:3000' has been blocked by CORS policy: Response to preflight request doesn't pass access control check: No 'Access-Control-Allow-Origin' header is present on the requested resource. @ http://localhost:3000/ai:0
[  945859ms] [ERROR] Failed to load resource: net::ERR_FAILED @ https://api.nexusrbx.com/api/user/teams?t=1787839127234:0
[  946037ms] [ERROR] Access to fetch at 'https://api.nexusrbx.com/api/project-bindings/proj_55082b60b0a14eddb80c3e246e0c5306?t=1787839127416' from origin 'http://localhost:3000' has been blocked by CORS policy: Response to preflight request doesn't pass access control check: No 'Access-Control-Allow-Origin' header is present on the requested resource. @ http://localhost:3000/ai:0
[  946038ms] [ERROR] Failed to load resource: net::ERR_FAILED @ https://api.nexusrbx.com/api/project-bindings/proj_55082b60b0a14eddb80c3e246e0c5306?t=1787839127416:0
[  963386ms] [ERROR] Access to fetch at 'https://api.nexusrbx.com/api/v2/events?afterSequence=0&t=1787839144746' from origin 'http://localhost:3000' has been blocked by CORS policy: Response to preflight request doesn't pass access control check: No 'Access-Control-Allow-Origin' header is present on the requested resource. @ http://localhost:3000/ai:0
[  963387ms] [ERROR] Failed to load resource: net::ERR_FAILED @ https://api.nexusrbx.com/api/v2/events?afterSequence=0&t=1787839144746:0
[  965843ms] [ERROR] Access to fetch at 'https://api.nexusrbx.com/api/v2/agents?t=1787839147230' from origin 'http://localhost:3000' has been blocked by CORS policy: Response to preflight request doesn't pass access control check: No 'Access-Control-Allow-Origin' header is present on the requested resource. @ http://localhost:3000/ai:0
[  965843ms] [ERROR] Failed to load resource: net::ERR_FAILED @ https://api.nexusrbx.com/api/v2/agents?t=1787839147230:0
[  975018ms] [ERROR] Access to fetch at 'https://api.nexusrbx.com/api/studio/status?t=1787839156404' from origin 'http://localhost:3000' has been blocked by CORS policy: Response to preflight request doesn't pass access control check: No 'Access-Control-Allow-Origin' header is present on the requested resource. @ http://localhost:3000/ai:0
[  975018ms] [ERROR] Failed to load resource: net::ERR_FAILED @ https://api.nexusrbx.com/api/studio/status?t=1787839156404:0
[  975021ms] [ERROR] Access to fetch at 'https://api.nexusrbx.com/api/studio/mcp/status?t=1787839156404' from origin 'http://localhost:3000' has been blocked by CORS policy: Response to preflight request doesn't pass access control check: No 'Access-Control-Allow-Origin' header is present on the requested resource. @ http://localhost:3000/ai:0
[  975021ms] [ERROR] Failed to load resource: net::ERR_FAILED @ https://api.nexusrbx.com/api/studio/mcp/status?t=1787839156404:0
[  995891ms] [ERROR] Access to fetch at 'https://api.nexusrbx.com/api/v2/events?afterSequence=0&t=1787839177238' from origin 'http://localhost:3000' has been blocked by CORS policy: Response to preflight request doesn't pass access control check: No 'Access-Control-Allow-Origin' header is present on the requested resource. @ http://localhost:3000/ai:0
[  995891ms] [ERROR] Failed to load resource: net::ERR_FAILED @ https://api.nexusrbx.com/api/v2/events?afterSequence=0&t=1787839177238:0
[ 1005209ms] [ERROR] Access to fetch at 'https://api.nexusrbx.com/api/studio/mcp/status?t=1787839186582' from origin 'http://localhost:3000' has been blocked by CORS policy: Response to preflight request doesn't pass access control check: No 'Access-Control-Allow-Origin' header is present on the requested resource. @ http://localhost:3000/ai:0
[ 1005209ms] [ERROR] Failed to load resource: net::ERR_FAILED @ https://api.nexusrbx.com/api/studio/mcp/status?t=1787839186582:0
[ 1005210ms] [ERROR] Access to fetch at 'https://api.nexusrbx.com/api/studio/status?t=1787839186582' from origin 'http://localhost:3000' has been blocked by CORS policy: Response to preflight request doesn't pass access control check: No 'Access-Control-Allow-Origin' header is present on the requested resource. @ http://localhost:3000/ai:0
[ 1005210ms] [ERROR] Failed to load resource: net::ERR_FAILED @ https://api.nexusrbx.com/api/studio/status?t=1787839186582:0
[ 1005869ms] [ERROR] Access to fetch at 'https://api.nexusrbx.com/api/v2/agents?t=1787839187232' from origin 'http://localhost:3000' has been blocked by CORS policy: Response to preflight request doesn't pass access control check: No 'Access-Control-Allow-Origin' header is present on the requested resource. @ http://localhost:3000/ai:0
[ 1005869ms] [ERROR] Failed to load resource: net::ERR_FAILED @ https://api.nexusrbx.com/api/v2/agents?t=1787839187232:0
[ 1028356ms] [ERROR] Access to fetch at 'https://api.nexusrbx.com/api/v2/events?afterSequence=0&t=1787839209732' from origin 'http://localhost:3000' has been blocked by CORS policy: Response to preflight request doesn't pass access control check: No 'Access-Control-Allow-Origin' header is present on the requested resource. @ http://localhost:3000/ai:0
[ 1028356ms] [ERROR] Failed to load resource: net::ERR_FAILED @ https://api.nexusrbx.com/api/v2/events?afterSequence=0&t=1787839209732:0
[ 1035380ms] [ERROR] Access to fetch at 'https://api.nexusrbx.com/api/studio/status?t=1787839216769' from origin 'http://localhost:3000' has been blocked by CORS policy: Response to preflight request doesn't pass access control check: No 'Access-Control-Allow-Origin' header is present on the requested resource. @ http://localhost:3000/ai:0
[ 1035380ms] [ERROR] Failed to load resource: net::ERR_FAILED @ https://api.nexusrbx.com/api/studio/status?t=1787839216769:0
[ 1035382ms] [ERROR] Access to fetch at 'https://api.nexusrbx.com/api/studio/mcp/status?t=1787839216769' from origin 'http://localhost:3000' has been blocked by CORS policy: Response to preflight request doesn't pass access control check: No 'Access-Control-Allow-Origin' header is present on the requested resource. @ http://localhost:3000/ai:0
[ 1035382ms] [ERROR] Failed to load resource: net::ERR_FAILED @ https://api.nexusrbx.com/api/studio/mcp/status?t=1787839216769:0
[ 1045886ms] [ERROR] Access to fetch at 'https://api.nexusrbx.com/api/v2/agents?t=1787839227231' from origin 'http://localhost:3000' has been blocked by CORS policy: Response to preflight request doesn't pass access control check: No 'Access-Control-Allow-Origin' header is present on the requested resource. @ http://localhost:3000/ai:0
[ 1045886ms] [ERROR] Failed to load resource: net::ERR_FAILED @ https://api.nexusrbx.com/api/v2/agents?t=1787839227231:0
[ 1060852ms] [ERROR] Access to fetch at 'https://api.nexusrbx.com/api/v2/events?afterSequence=0&t=1787839242241' from origin 'http://localhost:3000' has been blocked by CORS policy: Response to preflight request doesn't pass access control check: No 'Access-Control-Allow-Origin' header is present on the requested resource. @ http://localhost:3000/ai:0
[ 1060853ms] [ERROR] Failed to load resource: net::ERR_FAILED @ https://api.nexusrbx.com/api/v2/events?afterSequence=0&t=1787839242241:0
[ 1065561ms] [ERROR] Access to fetch at 'https://api.nexusrbx.com/api/studio/mcp/status?t=1787839246942' from origin 'http://localhost:3000' has been blocked by CORS policy: Response to preflight request doesn't pass access control check: No 'Access-Control-Allow-Origin' header is present on the requested resource. @ http://localhost:3000/ai:0
[ 1065561ms] [ERROR] Failed to load resource: net::ERR_FAILED @ https://api.nexusrbx.com/api/studio/mcp/status?t=1787839246942:0
[ 1065562ms] [ERROR] Access to fetch at 'https://api.nexusrbx.com/api/studio/status?t=1787839246941' from origin 'http://localhost:3000' has been blocked by CORS policy: Response to preflight request doesn't pass access control check: No 'Access-Control-Allow-Origin' header is present on the requested resource. @ http://localhost:3000/ai:0
[ 1065562ms] [ERROR] Failed to load resource: net::ERR_FAILED @ https://api.nexusrbx.com/api/studio/status?t=1787839246941:0
[ 1085846ms] [ERROR] Access to fetch at 'https://api.nexusrbx.com/api/v2/agents?t=1787839267238' from origin 'http://localhost:3000' has been blocked by CORS policy: Response to preflight request doesn't pass access control check: No 'Access-Control-Allow-Origin' header is present on the requested resource. @ http://localhost:3000/ai:0
[ 1085846ms] [ERROR] Failed to load resource: net::ERR_FAILED @ https://api.nexusrbx.com/api/v2/agents?t=1787839267238:0
[ 1093357ms] [ERROR] Access to fetch at 'https://api.nexusrbx.com/api/v2/events?afterSequence=0&t=1787839274741' from origin 'http://localhost:3000' has been blocked by CORS policy: Response to preflight request doesn't pass access control check: No 'Access-Control-Allow-Origin' header is present on the requested resource. @ http://localhost:3000/ai:0
[ 1093357ms] [ERROR] Failed to load resource: net::ERR_FAILED @ https://api.nexusrbx.com/api/v2/events?afterSequence=0&t=1787839274741:0
[ 1096269ms] [ERROR] Access to fetch at 'https://api.nexusrbx.com/api/studio/status?t=1787839277126' from origin 'http://localhost:3000' has been blocked by CORS policy: Response to preflight request doesn't pass access control check: No 'Access-Control-Allow-Origin' header is present on the requested resource. @ http://localhost:3000/ai:0
[ 1096270ms] [ERROR] Failed to load resource: net::ERR_FAILED @ https://api.nexusrbx.com/api/studio/status?t=1787839277126:0
[ 1096271ms] [ERROR] Access to fetch at 'https://api.nexusrbx.com/api/studio/mcp/status?t=1787839277127' from origin 'http://localhost:3000' has been blocked by CORS policy: Response to preflight request doesn't pass access control check: No 'Access-Control-Allow-Origin' header is present on the requested resource. @ http://localhost:3000/ai:0
[ 1096271ms] [ERROR] Failed to load resource: net::ERR_FAILED @ https://api.nexusrbx.com/api/studio/mcp/status?t=1787839277127:0
[ 1125936ms] [ERROR] Access to fetch at 'https://api.nexusrbx.com/api/v2/agents?t=1787839307273' from origin 'http://localhost:3000' has been blocked by CORS policy: Response to preflight request doesn't pass access control check: No 'Access-Control-Allow-Origin' header is present on the requested resource. @ http://localhost:3000/ai:0
[ 1125937ms] [ERROR] Failed to load resource: net::ERR_FAILED @ https://api.nexusrbx.com/api/v2/agents?t=1787839307273:0
[ 1125938ms] [ERROR] Access to fetch at 'https://api.nexusrbx.com/api/v2/events?afterSequence=0&t=1787839307276' from origin 'http://localhost:3000' has been blocked by CORS policy: Response to preflight request doesn't pass access control check: No 'Access-Control-Allow-Origin' header is present on the requested resource. @ http://localhost:3000/ai:0
[ 1125938ms] [ERROR] Failed to load resource: net::ERR_FAILED @ https://api.nexusrbx.com/api/v2/events?afterSequence=0&t=1787839307276:0
[ 1126454ms] [ERROR] Access to fetch at 'https://api.nexusrbx.com/api/studio/status?t=1787839307830' from origin 'http://localhost:3000' has been blocked by CORS policy: Response to preflight request doesn't pass access control check: No 'Access-Control-Allow-Origin' header is present on the requested resource. @ http://localhost:3000/ai:0
[ 1126455ms] [ERROR] Failed to load resource: net::ERR_FAILED @ https://api.nexusrbx.com/api/studio/status?t=1787839307830:0
[ 1126455ms] [ERROR] Access to fetch at 'https://api.nexusrbx.com/api/studio/mcp/status?t=1787839307830' from origin 'http://localhost:3000' has been blocked by CORS policy: Response to preflight request doesn't pass access control check: No 'Access-Control-Allow-Origin' header is present on the requested resource. @ http://localhost:3000/ai:0
[ 1126455ms] [ERROR] Failed to load resource: net::ERR_FAILED @ https://api.nexusrbx.com/api/studio/mcp/status?t=1787839307830:0
[ 1158780ms] [ERROR] Access to fetch at 'https://api.nexusrbx.com/api/v2/agents?t=1787839340030' from origin 'http://localhost:3000' has been blocked by CORS policy: Response to preflight request doesn't pass access control check: No 'Access-Control-Allow-Origin' header is present on the requested resource. @ http://localhost:3000/ai:0
[ 1158781ms] [ERROR] Failed to load resource: net::ERR_FAILED @ https://api.nexusrbx.com/api/v2/agents?t=1787839340030:0
[ 1158933ms] [ERROR] Access to fetch at 'https://api.nexusrbx.com/api/studio/status?t=1787839340056' from origin 'http://localhost:3000' has been blocked by CORS policy: Response to preflight request doesn't pass access control check: No 'Access-Control-Allow-Origin' header is present on the requested resource. @ http://localhost:3000/ai:0
[ 1158933ms] [ERROR] Failed to load resource: net::ERR_FAILED @ https://api.nexusrbx.com/api/studio/status?t=1787839340056:0
[ 1158934ms] [ERROR] Access to fetch at 'https://api.nexusrbx.com/api/v2/events?afterSequence=0&t=1787839340052' from origin 'http://localhost:3000' has been blocked by CORS policy: Response to preflight request doesn't pass access control check: No 'Access-Control-Allow-Origin' header is present on the requested resource. @ http://localhost:3000/ai:0
[ 1158934ms] [ERROR] Failed to load resource: net::ERR_FAILED @ https://api.nexusrbx.com/api/v2/events?afterSequence=0&t=1787839340052:0
[ 1158934ms] [ERROR] Access to fetch at 'https://api.nexusrbx.com/api/studio/mcp/status?t=1787839340057' from origin 'http://localhost:3000' has been blocked by CORS policy: Response to preflight request doesn't pass access control check: No 'Access-Control-Allow-Origin' header is present on the requested resource. @ http://localhost:3000/ai:0
[ 1158934ms] [ERROR] Failed to load resource: net::ERR_FAILED @ https://api.nexusrbx.com/api/studio/mcp/status?t=1787839340057:0
[ 1189123ms] [ERROR] Access to fetch at 'https://api.nexusrbx.com/api/studio/status?t=1787839370499' from origin 'http://localhost:3000' has been blocked by CORS policy: Response to preflight request doesn't pass access control check: No 'Access-Control-Allow-Origin' header is present on the requested resource. @ http://localhost:3000/ai:0
[ 1189125ms] [ERROR] Failed to load resource: net::ERR_FAILED @ https://api.nexusrbx.com/api/studio/status?t=1787839370499:0
[ 1189125ms] [ERROR] Access to fetch at 'https://api.nexusrbx.com/api/studio/mcp/status?t=1787839370499' from origin 'http://localhost:3000' has been blocked by CORS policy: Response to preflight request doesn't pass access control check: No 'Access-Control-Allow-Origin' header is present on the requested resource. @ http://localhost:3000/ai:0
[ 1189126ms] [ERROR] Failed to load resource: net::ERR_FAILED @ https://api.nexusrbx.com/api/studio/mcp/status?t=1787839370499:0
[ 1190851ms] [ERROR] Access to fetch at 'https://api.nexusrbx.com/api/v2/events?afterSequence=0&t=1787839372237' from origin 'http://localhost:3000' has been blocked by CORS policy: Response to preflight request doesn't pass access control check: No 'Access-Control-Allow-Origin' header is present on the requested resource. @ http://localhost:3000/ai:0
[ 1190852ms] [ERROR] Failed to load resource: net::ERR_FAILED @ https://api.nexusrbx.com/api/v2/events?afterSequence=0&t=1787839372237:0
[ 1195851ms] [ERROR] Access to fetch at 'https://api.nexusrbx.com/api/v2/agents?t=1787839377238' from origin 'http://localhost:3000' has been blocked by CORS policy: Response to preflight request doesn't pass access control check: No 'Access-Control-Allow-Origin' header is present on the requested resource. @ http://localhost:3000/ai:0
[ 1195851ms] [ERROR] Failed to load resource: net::ERR_FAILED @ https://api.nexusrbx.com/api/v2/agents?t=1787839377238:0
[ 1219294ms] [ERROR] Access to fetch at 'https://api.nexusrbx.com/api/studio/status?t=1787839400687' from origin 'http://localhost:3000' has been blocked by CORS policy: Response to preflight request doesn't pass access control check: No 'Access-Control-Allow-Origin' header is present on the requested resource. @ http://localhost:3000/ai:0
[ 1219294ms] [ERROR] Failed to load resource: net::ERR_FAILED @ https://api.nexusrbx.com/api/studio/status?t=1787839400687:0
[ 1219300ms] [ERROR] Access to fetch at 'https://api.nexusrbx.com/api/studio/mcp/status?t=1787839400687' from origin 'http://localhost:3000' has been blocked by CORS policy: Response to preflight request doesn't pass access control check: No 'Access-Control-Allow-Origin' header is present on the requested resource. @ http://localhost:3000/ai:0
[ 1219300ms] [ERROR] Failed to load resource: net::ERR_FAILED @ https://api.nexusrbx.com/api/studio/mcp/status?t=1787839400687:0
[ 1223346ms] [ERROR] Access to fetch at 'https://api.nexusrbx.com/api/v2/events?afterSequence=0&t=1787839404732' from origin 'http://localhost:3000' has been blocked by CORS policy: Response to preflight request doesn't pass access control check: No 'Access-Control-Allow-Origin' header is present on the requested resource. @ http://localhost:3000/ai:0
[ 1223346ms] [ERROR] Failed to load resource: net::ERR_FAILED @ https://api.nexusrbx.com/api/v2/events?afterSequence=0&t=1787839404732:0
[ 1235846ms] [ERROR] Access to fetch at 'https://api.nexusrbx.com/api/v2/agents?t=1787839417232' from origin 'http://localhost:3000' has been blocked by CORS policy: Response to preflight request doesn't pass access control check: No 'Access-Control-Allow-Origin' header is present on the requested resource. @ http://localhost:3000/ai:0
[ 1235846ms] [ERROR] Failed to load resource: net::ERR_FAILED @ https://api.nexusrbx.com/api/v2/agents?t=1787839417232:0
[ 1245671ms] [ERROR] Access to fetch at 'https://api.nexusrbx.com/api/billing/entitlements' from origin 'http://localhost:3000' has been blocked by CORS policy: Response to preflight request doesn't pass access control check: No 'Access-Control-Allow-Origin' header is present on the requested resource. @ http://localhost:3000/ai:0
[ 1245671ms] [ERROR] Failed to load resource: net::ERR_FAILED @ https://api.nexusrbx.com/api/billing/entitlements:0
[ 1249469ms] [ERROR] Access to fetch at 'https://api.nexusrbx.com/api/studio/status?t=1787839430859' from origin 'http://localhost:3000' has been blocked by CORS policy: Response to preflight request doesn't pass access control check: No 'Access-Control-Allow-Origin' header is present on the requested resource. @ http://localhost:3000/ai:0
[ 1249469ms] [ERROR] Failed to load resource: net::ERR_FAILED @ https://api.nexusrbx.com/api/studio/status?t=1787839430859:0
[ 1249477ms] [ERROR] Access to fetch at 'https://api.nexusrbx.com/api/studio/mcp/status?t=1787839430859' from origin 'http://localhost:3000' has been blocked by CORS policy: Response to preflight request doesn't pass access control check: No 'Access-Control-Allow-Origin' header is present on the requested resource. @ http://localhost:3000/ai:0
[ 1249477ms] [ERROR] Failed to load resource: net::ERR_FAILED @ https://api.nexusrbx.com/api/studio/mcp/status?t=1787839430859:0
[ 1255912ms] [ERROR] Access to fetch at 'https://api.nexusrbx.com/api/v2/events?afterSequence=0&t=1787839437234' from origin 'http://localhost:3000' has been blocked by CORS policy: Response to preflight request doesn't pass access control check: No 'Access-Control-Allow-Origin' header is present on the requested resource. @ http://localhost:3000/ai:0
[ 1255912ms] [ERROR] Failed to load resource: net::ERR_FAILED @ https://api.nexusrbx.com/api/v2/events?afterSequence=0&t=1787839437234:0
[ 1275842ms] [ERROR] Access to fetch at 'https://api.nexusrbx.com/api/v2/agents?t=1787839457238' from origin 'http://localhost:3000' has been blocked by CORS policy: Response to preflight request doesn't pass access control check: No 'Access-Control-Allow-Origin' header is present on the requested resource. @ http://localhost:3000/ai:0
[ 1275842ms] [ERROR] Failed to load resource: net::ERR_FAILED @ https://api.nexusrbx.com/api/v2/agents?t=1787839457238:0
[ 1279653ms] [ERROR] Access to fetch at 'https://api.nexusrbx.com/api/studio/mcp/status?t=1787839461040' from origin 'http://localhost:3000' has been blocked by CORS policy: Response to preflight request doesn't pass access control check: No 'Access-Control-Allow-Origin' header is present on the requested resource. @ http://localhost:3000/ai:0
[ 1279653ms] [ERROR] Failed to load resource: net::ERR_FAILED @ https://api.nexusrbx.com/api/studio/mcp/status?t=1787839461040:0
[ 1279654ms] [ERROR] Access to fetch at 'https://api.nexusrbx.com/api/studio/status?t=1787839461039' from origin 'http://localhost:3000' has been blocked by CORS policy: Response to preflight request doesn't pass access control check: No 'Access-Control-Allow-Origin' header is present on the requested resource. @ http://localhost:3000/ai:0
[ 1279655ms] [ERROR] Failed to load resource: net::ERR_FAILED @ https://api.nexusrbx.com/api/studio/status?t=1787839461039:0
[ 1288347ms] [ERROR] Access to fetch at 'https://api.nexusrbx.com/api/v2/events?afterSequence=0&t=1787839469738' from origin 'http://localhost:3000' has been blocked by CORS policy: Response to preflight request doesn't pass access control check: No 'Access-Control-Allow-Origin' header is present on the requested resource. @ http://localhost:3000/ai:0
[ 1288347ms] [ERROR] Failed to load resource: net::ERR_FAILED @ https://api.nexusrbx.com/api/v2/events?afterSequence=0&t=1787839469738:0
[ 1309848ms] [ERROR] Access to fetch at 'https://api.nexusrbx.com/api/studio/status?t=1787839491220' from origin 'http://localhost:3000' has been blocked by CORS policy: Response to preflight request doesn't pass access control check: No 'Access-Control-Allow-Origin' header is present on the requested resource. @ http://localhost:3000/ai:0
[ 1309849ms] [ERROR] Failed to load resource: net::ERR_FAILED @ https://api.nexusrbx.com/api/studio/status?t=1787839491220:0
[ 1309854ms] [ERROR] Access to fetch at 'https://api.nexusrbx.com/api/studio/mcp/status?t=1787839491221' from origin 'http://localhost:3000' has been blocked by CORS policy: Response to preflight request doesn't pass access control check: No 'Access-Control-Allow-Origin' header is present on the requested resource. @ http://localhost:3000/ai:0
[ 1309854ms] [ERROR] Failed to load resource: net::ERR_FAILED @ https://api.nexusrbx.com/api/studio/mcp/status?t=1787839491221:0
[ 1315853ms] [ERROR] Access to fetch at 'https://api.nexusrbx.com/api/v2/agents?t=1787839497237' from origin 'http://localhost:3000' has been blocked by CORS policy: Response to preflight request doesn't pass access control check: No 'Access-Control-Allow-Origin' header is present on the requested resource. @ http://localhost:3000/ai:0
[ 1315853ms] [ERROR] Failed to load resource: net::ERR_FAILED @ https://api.nexusrbx.com/api/v2/agents?t=1787839497237:0
[ 1320843ms] [ERROR] Access to fetch at 'https://api.nexusrbx.com/api/v2/events?afterSequence=0&t=1787839502233' from origin 'http://localhost:3000' has been blocked by CORS policy: Response to preflight request doesn't pass access control check: No 'Access-Control-Allow-Origin' header is present on the requested resource. @ http://localhost:3000/ai:0
[ 1320843ms] [ERROR] Failed to load resource: net::ERR_FAILED @ https://api.nexusrbx.com/api/v2/events?afterSequence=0&t=1787839502233:0
[ 1340034ms] [ERROR] Access to fetch at 'https://api.nexusrbx.com/api/studio/status?t=1787839521417' from origin 'http://localhost:3000' has been blocked by CORS policy: Response to preflight request doesn't pass access control check: No 'Access-Control-Allow-Origin' header is present on the requested resource. @ http://localhost:3000/ai:0
[ 1340034ms] [ERROR] Failed to load resource: net::ERR_FAILED @ https://api.nexusrbx.com/api/studio/status?t=1787839521417:0
[ 1340036ms] [ERROR] Access to fetch at 'https://api.nexusrbx.com/api/studio/mcp/status?t=1787839521417' from origin 'http://localhost:3000' has been blocked by CORS policy: Response to preflight request doesn't pass access control check: No 'Access-Control-Allow-Origin' header is present on the requested resource. @ http://localhost:3000/ai:0
[ 1340037ms] [ERROR] Failed to load resource: net::ERR_FAILED @ https://api.nexusrbx.com/api/studio/mcp/status?t=1787839521417:0
[ 1353352ms] [ERROR] Access to fetch at 'https://api.nexusrbx.com/api/v2/events?afterSequence=0&t=1787839534738' from origin 'http://localhost:3000' has been blocked by CORS policy: Response to preflight request doesn't pass access control check: No 'Access-Control-Allow-Origin' header is present on the requested resource. @ http://localhost:3000/ai:0
[ 1353352ms] [ERROR] Failed to load resource: net::ERR_FAILED @ https://api.nexusrbx.com/api/v2/events?afterSequence=0&t=1787839534738:0
[ 1355845ms] [ERROR] Access to fetch at 'https://api.nexusrbx.com/api/v2/agents?t=1787839537235' from origin 'http://localhost:3000' has been blocked by CORS policy: Response to preflight request doesn't pass access control check: No 'Access-Control-Allow-Origin' header is present on the requested resource. @ http://localhost:3000/ai:0
[ 1355845ms] [ERROR] Failed to load resource: net::ERR_FAILED @ https://api.nexusrbx.com/api/v2/agents?t=1787839537235:0
[ 1370212ms] [ERROR] Access to fetch at 'https://api.nexusrbx.com/api/studio/status?t=1787839551603' from origin 'http://localhost:3000' has been blocked by CORS policy: Response to preflight request doesn't pass access control check: No 'Access-Control-Allow-Origin' header is present on the requested resource. @ http://localhost:3000/ai:0
[ 1370212ms] [ERROR] Failed to load resource: net::ERR_FAILED @ https://api.nexusrbx.com/api/studio/status?t=1787839551603:0
[ 1370216ms] [ERROR] Access to fetch at 'https://api.nexusrbx.com/api/studio/mcp/status?t=1787839551603' from origin 'http://localhost:3000' has been blocked by CORS policy: Response to preflight request doesn't pass access control check: No 'Access-Control-Allow-Origin' header is present on the requested resource. @ http://localhost:3000/ai:0
[ 1370216ms] [ERROR] Failed to load resource: net::ERR_FAILED @ https://api.nexusrbx.com/api/studio/mcp/status?t=1787839551603:0
[ 1385857ms] [ERROR] Access to fetch at 'https://api.nexusrbx.com/api/v2/events?afterSequence=0&t=1787839567246' from origin 'http://localhost:3000' has been blocked by CORS policy: Response to preflight request doesn't pass access control check: No 'Access-Control-Allow-Origin' header is present on the requested resource. @ http://localhost:3000/ai:0
[ 1385857ms] [ERROR] Failed to load resource: net::ERR_FAILED @ https://api.nexusrbx.com/api/v2/events?afterSequence=0&t=1787839567246:0
[ 1395852ms] [ERROR] Access to fetch at 'https://api.nexusrbx.com/api/v2/agents?t=1787839577241' from origin 'http://localhost:3000' has been blocked by CORS policy: Response to preflight request doesn't pass access control check: No 'Access-Control-Allow-Origin' header is present on the requested resource. @ http://localhost:3000/ai:0
[ 1395852ms] [ERROR] Failed to load resource: net::ERR_FAILED @ https://api.nexusrbx.com/api/v2/agents?t=1787839577241:0
[ 1400397ms] [ERROR] Access to fetch at 'https://api.nexusrbx.com/api/studio/status?t=1787839581778' from origin 'http://localhost:3000' has been blocked by CORS policy: Response to preflight request doesn't pass access control check: No 'Access-Control-Allow-Origin' header is present on the requested resource. @ http://localhost:3000/ai:0
[ 1400397ms] [ERROR] Failed to load resource: net::ERR_FAILED @ https://api.nexusrbx.com/api/studio/status?t=1787839581778:0
[ 1400397ms] [ERROR] Access to fetch at 'https://api.nexusrbx.com/api/studio/mcp/status?t=1787839581778' from origin 'http://localhost:3000' has been blocked by CORS policy: Response to preflight request doesn't pass access control check: No 'Access-Control-Allow-Origin' header is present on the requested resource. @ http://localhost:3000/ai:0
[ 1400397ms] [ERROR] Failed to load resource: net::ERR_FAILED @ https://api.nexusrbx.com/api/studio/mcp/status?t=1787839581778:0
[ 1418349ms] [ERROR] Access to fetch at 'https://api.nexusrbx.com/api/v2/events?afterSequence=0&t=1787839599739' from origin 'http://localhost:3000' has been blocked by CORS policy: Response to preflight request doesn't pass access control check: No 'Access-Control-Allow-Origin' header is present on the requested resource. @ http://localhost:3000/ai:0
[ 1418349ms] [ERROR] Failed to load resource: net::ERR_FAILED @ https://api.nexusrbx.com/api/v2/events?afterSequence=0&t=1787839599739:0
[ 1430571ms] [ERROR] Access to fetch at 'https://api.nexusrbx.com/api/studio/status?t=1787839611959' from origin 'http://localhost:3000' has been blocked by CORS policy: Response to preflight request doesn't pass access control check: No 'Access-Control-Allow-Origin' header is present on the requested resource. @ http://localhost:3000/ai:0
[ 1430571ms] [ERROR] Failed to load resource: net::ERR_FAILED @ https://api.nexusrbx.com/api/studio/status?t=1787839611959:0
[ 1430571ms] [ERROR] Access to fetch at 'https://api.nexusrbx.com/api/studio/mcp/status?t=1787839611960' from origin 'http://localhost:3000' has been blocked by CORS policy: Response to preflight request doesn't pass access control check: No 'Access-Control-Allow-Origin' header is present on the requested resource. @ http://localhost:3000/ai:0
[ 1430571ms] [ERROR] Failed to load resource: net::ERR_FAILED @ https://api.nexusrbx.com/api/studio/mcp/status?t=1787839611960:0
[ 1435853ms] [ERROR] Access to fetch at 'https://api.nexusrbx.com/api/v2/agents?t=1787839617240' from origin 'http://localhost:3000' has been blocked by CORS policy: Response to preflight request doesn't pass access control check: No 'Access-Control-Allow-Origin' header is present on the requested resource. @ http://localhost:3000/ai:0
[ 1435853ms] [ERROR] Failed to load resource: net::ERR_FAILED @ https://api.nexusrbx.com/api/v2/agents?t=1787839617240:0
[ 1450844ms] [ERROR] Access to fetch at 'https://api.nexusrbx.com/api/v2/events?afterSequence=0&t=1787839632235' from origin 'http://localhost:3000' has been blocked by CORS policy: Response to preflight request doesn't pass access control check: No 'Access-Control-Allow-Origin' header is present on the requested resource. @ http://localhost:3000/ai:0
[ 1450844ms] [ERROR] Failed to load resource: net::ERR_FAILED @ https://api.nexusrbx.com/api/v2/events?afterSequence=0&t=1787839632235:0
[ 1460758ms] [ERROR] Access to fetch at 'https://api.nexusrbx.com/api/studio/mcp/status?t=1787839642140' from origin 'http://localhost:3000' has been blocked by CORS policy: Response to preflight request doesn't pass access control check: No 'Access-Control-Allow-Origin' header is present on the requested resource. @ http://localhost:3000/ai:0
[ 1460758ms] [ERROR] Failed to load resource: net::ERR_FAILED @ https://api.nexusrbx.com/api/studio/mcp/status?t=1787839642140:0
[ 1460767ms] [ERROR] Access to fetch at 'https://api.nexusrbx.com/api/studio/status?t=1787839642140' from origin 'http://localhost:3000' has been blocked by CORS policy: Response to preflight request doesn't pass access control check: No 'Access-Control-Allow-Origin' header is present on the requested resource. @ http://localhost:3000/ai:0
[ 1460767ms] [ERROR] Failed to load resource: net::ERR_FAILED @ https://api.nexusrbx.com/api/studio/status?t=1787839642140:0
[ 1475856ms] [ERROR] Access to fetch at 'https://api.nexusrbx.com/api/v2/agents?t=1787839657238' from origin 'http://localhost:3000' has been blocked by CORS policy: Response to preflight request doesn't pass access control check: No 'Access-Control-Allow-Origin' header is present on the requested resource. @ http://localhost:3000/ai:0
[ 1475856ms] [ERROR] Failed to load resource: net::ERR_FAILED @ https://api.nexusrbx.com/api/v2/agents?t=1787839657238:0
[ 1483351ms] [ERROR] Access to fetch at 'https://api.nexusrbx.com/api/v2/events?afterSequence=0&t=1787839664735' from origin 'http://localhost:3000' has been blocked by CORS policy: Response to preflight request doesn't pass access control check: No 'Access-Control-Allow-Origin' header is present on the requested resource. @ http://localhost:3000/ai:0
[ 1483351ms] [ERROR] Failed to load resource: net::ERR_FAILED @ https://api.nexusrbx.com/api/v2/events?afterSequence=0&t=1787839664735:0
[ 1490952ms] [ERROR] Access to fetch at 'https://api.nexusrbx.com/api/studio/status?t=1787839672335' from origin 'http://localhost:3000' has been blocked by CORS policy: Response to preflight request doesn't pass access control check: No 'Access-Control-Allow-Origin' header is present on the requested resource. @ http://localhost:3000/ai:0
[ 1490952ms] [ERROR] Failed to load resource: net::ERR_FAILED @ https://api.nexusrbx.com/api/studio/status?t=1787839672335:0
[ 1490952ms] [ERROR] Access to fetch at 'https://api.nexusrbx.com/api/studio/mcp/status?t=1787839672336' from origin 'http://localhost:3000' has been blocked by CORS policy: Response to preflight request doesn't pass access control check: No 'Access-Control-Allow-Origin' header is present on the requested resource. @ http://localhost:3000/ai:0
[ 1490952ms] [ERROR] Failed to load resource: net::ERR_FAILED @ https://api.nexusrbx.com/api/studio/mcp/status?t=1787839672336:0
[ 1515927ms] [ERROR] Access to fetch at 'https://api.nexusrbx.com/api/v2/events?afterSequence=0&t=1787839697234' from origin 'http://localhost:3000' has been blocked by CORS policy: Response to preflight request doesn't pass access control check: No 'Access-Control-Allow-Origin' header is present on the requested resource. @ http://localhost:3000/ai:0
[ 1515927ms] [ERROR] Failed to load resource: net::ERR_FAILED @ https://api.nexusrbx.com/api/v2/events?afterSequence=0&t=1787839697234:0
[ 1515927ms] [ERROR] Access to fetch at 'https://api.nexusrbx.com/api/v2/agents?t=1787839697234' from origin 'http://localhost:3000' has been blocked by CORS policy: Response to preflight request doesn't pass access control check: No 'Access-Control-Allow-Origin' header is present on the requested resource. @ http://localhost:3000/ai:0
[ 1515927ms] [ERROR] Failed to load resource: net::ERR_FAILED @ https://api.nexusrbx.com/api/v2/agents?t=1787839697234:0
[ 1521131ms] [ERROR] Access to fetch at 'https://api.nexusrbx.com/api/studio/mcp/status?t=1787839702518' from origin 'http://localhost:3000' has been blocked by CORS policy: Response to preflight request doesn't pass access control check: No 'Access-Control-Allow-Origin' header is present on the requested resource. @ http://localhost:3000/ai:0
[ 1521131ms] [ERROR] Failed to load resource: net::ERR_FAILED @ https://api.nexusrbx.com/api/studio/mcp/status?t=1787839702518:0
[ 1521136ms] [ERROR] Access to fetch at 'https://api.nexusrbx.com/api/studio/status?t=1787839702518' from origin 'http://localhost:3000' has been blocked by CORS policy: Response to preflight request doesn't pass access control check: No 'Access-Control-Allow-Origin' header is present on the requested resource. @ http://localhost:3000/ai:0
[ 1521136ms] [ERROR] Failed to load resource: net::ERR_FAILED @ https://api.nexusrbx.com/api/studio/status?t=1787839702518:0
[ 1545850ms] [ERROR] Access to fetch at 'https://api.nexusrbx.com/api/billing/entitlements' from origin 'http://localhost:3000' has been blocked by CORS policy: Response to preflight request doesn't pass access control check: No 'Access-Control-Allow-Origin' header is present on the requested resource. @ http://localhost:3000/ai:0
[ 1545851ms] [ERROR] Failed to load resource: net::ERR_FAILED @ https://api.nexusrbx.com/api/billing/entitlements:0
[ 1548449ms] [ERROR] Access to fetch at 'https://api.nexusrbx.com/api/v2/events?afterSequence=0&t=1787839729745' from origin 'http://localhost:3000' has been blocked by CORS policy: Response to preflight request doesn't pass access control check: No 'Access-Control-Allow-Origin' header is present on the requested resource. @ http://localhost:3000/ai:0
[ 1548449ms] [ERROR] Failed to load resource: net::ERR_FAILED @ https://api.nexusrbx.com/api/v2/events?afterSequence=0&t=1787839729745:0
[ 1551310ms] [ERROR] Access to fetch at 'https://api.nexusrbx.com/api/studio/mcp/status?t=1787839732695' from origin 'http://localhost:3000' has been blocked by CORS policy: Response to preflight request doesn't pass access control check: No 'Access-Control-Allow-Origin' header is present on the requested resource. @ http://localhost:3000/ai:0
[ 1551310ms] [ERROR] Failed to load resource: net::ERR_FAILED @ https://api.nexusrbx.com/api/studio/mcp/status?t=1787839732695:0
[ 1551310ms] [ERROR] Access to fetch at 'https://api.nexusrbx.com/api/studio/status?t=1787839732695' from origin 'http://localhost:3000' has been blocked by CORS policy: Response to preflight request doesn't pass access control check: No 'Access-Control-Allow-Origin' header is present on the requested resource. @ http://localhost:3000/ai:0
[ 1551310ms] [ERROR] Failed to load resource: net::ERR_FAILED @ https://api.nexusrbx.com/api/studio/status?t=1787839732695:0
[ 1555866ms] [ERROR] Access to fetch at 'https://api.nexusrbx.com/api/v2/agents?t=1787839737235' from origin 'http://localhost:3000' has been blocked by CORS policy: Response to preflight request doesn't pass access control check: No 'Access-Control-Allow-Origin' header is present on the requested resource. @ http://localhost:3000/ai:0
[ 1555866ms] [ERROR] Failed to load resource: net::ERR_FAILED @ https://api.nexusrbx.com/api/v2/agents?t=1787839737235:0
[ 1580847ms] [ERROR] Access to fetch at 'https://api.nexusrbx.com/api/v2/events?afterSequence=0&t=1787839762237' from origin 'http://localhost:3000' has been blocked by CORS policy: Response to preflight request doesn't pass access control check: No 'Access-Control-Allow-Origin' header is present on the requested resource. @ http://localhost:3000/ai:0
[ 1580847ms] [ERROR] Failed to load resource: net::ERR_FAILED @ https://api.nexusrbx.com/api/v2/events?afterSequence=0&t=1787839762237:0
[ 1581562ms] [ERROR] Access to fetch at 'https://api.nexusrbx.com/api/studio/mcp/status?t=1787839762872' from origin 'http://localhost:3000' has been blocked by CORS policy: Response to preflight request doesn't pass access control check: No 'Access-Control-Allow-Origin' header is present on the requested resource. @ http://localhost:3000/ai:0
[ 1581562ms] [ERROR] Failed to load resource: net::ERR_FAILED @ https://api.nexusrbx.com/api/studio/mcp/status?t=1787839762872:0
[ 1581562ms] [ERROR] Access to fetch at 'https://api.nexusrbx.com/api/studio/status?t=1787839762872' from origin 'http://localhost:3000' has been blocked by CORS policy: Response to preflight request doesn't pass access control check: No 'Access-Control-Allow-Origin' header is present on the requested resource. @ http://localhost:3000/ai:0
[ 1581562ms] [ERROR] Failed to load resource: net::ERR_FAILED @ https://api.nexusrbx.com/api/studio/status?t=1787839762872:0
[ 1595902ms] [ERROR] Access to fetch at 'https://api.nexusrbx.com/api/v2/agents?t=1787839777243' from origin 'http://localhost:3000' has been blocked by CORS policy: Response to preflight request doesn't pass access control check: No 'Access-Control-Allow-Origin' header is present on the requested resource. @ http://localhost:3000/ai:0
[ 1595903ms] [ERROR] Failed to load resource: net::ERR_FAILED @ https://api.nexusrbx.com/api/v2/agents?t=1787839777243:0
[ 1611817ms] [ERROR] Access to fetch at 'https://api.nexusrbx.com/api/studio/status?t=1787839793123' from origin 'http://localhost:3000' has been blocked by CORS policy: Response to preflight request doesn't pass access control check: No 'Access-Control-Allow-Origin' header is present on the requested resource. @ http://localhost:3000/ai:0
[ 1611817ms] [ERROR] Failed to load resource: net::ERR_FAILED @ https://api.nexusrbx.com/api/studio/status?t=1787839793123:0
[ 1611822ms] [ERROR] Access to fetch at 'https://api.nexusrbx.com/api/studio/mcp/status?t=1787839793124' from origin 'http://localhost:3000' has been blocked by CORS policy: Response to preflight request doesn't pass access control check: No 'Access-Control-Allow-Origin' header is present on the requested resource. @ http://localhost:3000/ai:0
[ 1611823ms] [ERROR] Failed to load resource: net::ERR_FAILED @ https://api.nexusrbx.com/api/studio/mcp/status?t=1787839793124:0
[ 1613407ms] [ERROR] Access to fetch at 'https://api.nexusrbx.com/api/v2/events?afterSequence=0&t=1787839794736' from origin 'http://localhost:3000' has been blocked by CORS policy: Response to preflight request doesn't pass access control check: No 'Access-Control-Allow-Origin' header is present on the requested resource. @ http://localhost:3000/ai:0
[ 1613407ms] [ERROR] Failed to load resource: net::ERR_FAILED @ https://api.nexusrbx.com/api/v2/events?afterSequence=0&t=1787839794736:0
[ 1635882ms] [ERROR] Access to fetch at 'https://api.nexusrbx.com/api/v2/agents?t=1787839817242' from origin 'http://localhost:3000' has been blocked by CORS policy: Response to preflight request doesn't pass access control check: No 'Access-Control-Allow-Origin' header is present on the requested resource. @ http://localhost:3000/ai:0
[ 1635882ms] [ERROR] Failed to load resource: net::ERR_FAILED @ https://api.nexusrbx.com/api/v2/agents?t=1787839817242:0
[ 1642022ms] [ERROR] Access to fetch at 'https://api.nexusrbx.com/api/studio/status?t=1787839823388' from origin 'http://localhost:3000' has been blocked by CORS policy: Response to preflight request doesn't pass access control check: No 'Access-Control-Allow-Origin' header is present on the requested resource. @ http://localhost:3000/ai:0
[ 1642022ms] [ERROR] Failed to load resource: net::ERR_FAILED @ https://api.nexusrbx.com/api/studio/status?t=1787839823388:0
[ 1642022ms] [ERROR] Access to fetch at 'https://api.nexusrbx.com/api/studio/mcp/status?t=1787839823388' from origin 'http://localhost:3000' has been blocked by CORS policy: Response to preflight request doesn't pass access control check: No 'Access-Control-Allow-Origin' header is present on the requested resource. @ http://localhost:3000/ai:0
[ 1642022ms] [ERROR] Failed to load resource: net::ERR_FAILED @ https://api.nexusrbx.com/api/studio/mcp/status?t=1787839823388:0
[ 1645859ms] [ERROR] Access to fetch at 'https://api.nexusrbx.com/api/v2/events?afterSequence=0&t=1787839827242' from origin 'http://localhost:3000' has been blocked by CORS policy: Response to preflight request doesn't pass access control check: No 'Access-Control-Allow-Origin' header is present on the requested resource. @ http://localhost:3000/ai:0
[ 1645860ms] [ERROR] Failed to load resource: net::ERR_FAILED @ https://api.nexusrbx.com/api/v2/events?afterSequence=0&t=1787839827242:0
[ 1672294ms] [ERROR] Access to fetch at 'https://api.nexusrbx.com/api/studio/status?t=1787839853584' from origin 'http://localhost:3000' has been blocked by CORS policy: Response to preflight request doesn't pass access control check: No 'Access-Control-Allow-Origin' header is present on the requested resource. @ http://localhost:3000/ai:0
[ 1672294ms] [ERROR] Failed to load resource: net::ERR_FAILED @ https://api.nexusrbx.com/api/studio/status?t=1787839853584:0
[ 1672299ms] [ERROR] Access to fetch at 'https://api.nexusrbx.com/api/studio/mcp/status?t=1787839853584' from origin 'http://localhost:3000' has been blocked by CORS policy: Response to preflight request doesn't pass access control check: No 'Access-Control-Allow-Origin' header is present on the requested resource. @ http://localhost:3000/ai:0
[ 1672300ms] [ERROR] Failed to load resource: net::ERR_FAILED @ https://api.nexusrbx.com/api/studio/mcp/status?t=1787839853584:0
[ 1675871ms] [ERROR] Access to fetch at 'https://api.nexusrbx.com/api/v2/agents?t=1787839857237' from origin 'http://localhost:3000' has been blocked by CORS policy: Response to preflight request doesn't pass access control check: No 'Access-Control-Allow-Origin' header is present on the requested resource. @ http://localhost:3000/ai:0
[ 1675871ms] [ERROR] Failed to load resource: net::ERR_FAILED @ https://api.nexusrbx.com/api/v2/agents?t=1787839857237:0
[ 1678358ms] [ERROR] Access to fetch at 'https://api.nexusrbx.com/api/v2/events?afterSequence=0&t=1787839859740' from origin 'http://localhost:3000' has been blocked by CORS policy: Response to preflight request doesn't pass access control check: No 'Access-Control-Allow-Origin' header is present on the requested resource. @ http://localhost:3000/ai:0
[ 1678358ms] [ERROR] Failed to load resource: net::ERR_FAILED @ https://api.nexusrbx.com/api/v2/events?afterSequence=0&t=1787839859740:0
[ 1702469ms] [ERROR] Access to fetch at 'https://api.nexusrbx.com/api/studio/status?t=1787839883859' from origin 'http://localhost:3000' has been blocked by CORS policy: Response to preflight request doesn't pass access control check: No 'Access-Control-Allow-Origin' header is present on the requested resource. @ http://localhost:3000/ai:0
[ 1702470ms] [ERROR] Failed to load resource: net::ERR_FAILED @ https://api.nexusrbx.com/api/studio/status?t=1787839883859:0
[ 1702475ms] [ERROR] Access to fetch at 'https://api.nexusrbx.com/api/studio/mcp/status?t=1787839883859' from origin 'http://localhost:3000' has been blocked by CORS policy: Response to preflight request doesn't pass access control check: No 'Access-Control-Allow-Origin' header is present on the requested resource. @ http://localhost:3000/ai:0
[ 1702475ms] [ERROR] Failed to load resource: net::ERR_FAILED @ https://api.nexusrbx.com/api/studio/mcp/status?t=1787839883859:0
[ 1710945ms] [ERROR] Access to fetch at 'https://api.nexusrbx.com/api/v2/events?afterSequence=0&t=1787839892244' from origin 'http://localhost:3000' has been blocked by CORS policy: Response to preflight request doesn't pass access control check: No 'Access-Control-Allow-Origin' header is present on the requested resource. @ http://localhost:3000/ai:0
[ 1710945ms] [ERROR] Failed to load resource: net::ERR_FAILED @ https://api.nexusrbx.com/api/v2/events?afterSequence=0&t=1787839892244:0
[ 1715912ms] [ERROR] Access to fetch at 'https://api.nexusrbx.com/api/v2/agents?t=1787839897245' from origin 'http://localhost:3000' has been blocked by CORS policy: Response to preflight request doesn't pass access control check: No 'Access-Control-Allow-Origin' header is present on the requested resource. @ http://localhost:3000/ai:0
[ 1715912ms] [ERROR] Failed to load resource: net::ERR_FAILED @ https://api.nexusrbx.com/api/v2/agents?t=1787839897245:0
[ 1732746ms] [ERROR] Access to fetch at 'https://api.nexusrbx.com/api/studio/status?t=1787839914034' from origin 'http://localhost:3000' has been blocked by CORS policy: Response to preflight request doesn't pass access control check: No 'Access-Control-Allow-Origin' header is present on the requested resource. @ http://localhost:3000/ai:0
[ 1732746ms] [ERROR] Failed to load resource: net::ERR_FAILED @ https://api.nexusrbx.com/api/studio/status?t=1787839914034:0
[ 1732755ms] [ERROR] Access to fetch at 'https://api.nexusrbx.com/api/studio/mcp/status?t=1787839914034' from origin 'http://localhost:3000' has been blocked by CORS policy: Response to preflight request doesn't pass access control check: No 'Access-Control-Allow-Origin' header is present on the requested resource. @ http://localhost:3000/ai:0
[ 1732755ms] [ERROR] Failed to load resource: net::ERR_FAILED @ https://api.nexusrbx.com/api/studio/mcp/status?t=1787839914034:0
[ 1743374ms] [ERROR] Access to fetch at 'https://api.nexusrbx.com/api/v2/events?afterSequence=0&t=1787839924739' from origin 'http://localhost:3000' has been blocked by CORS policy: Response to preflight request doesn't pass access control check: No 'Access-Control-Allow-Origin' header is present on the requested resource. @ http://localhost:3000/ai:0
[ 1743374ms] [ERROR] Failed to load resource: net::ERR_FAILED @ https://api.nexusrbx.com/api/v2/events?afterSequence=0&t=1787839924739:0
[ 1755845ms] [ERROR] Access to fetch at 'https://api.nexusrbx.com/api/v2/agents?t=1787839937235' from origin 'http://localhost:3000' has been blocked by CORS policy: Response to preflight request doesn't pass access control check: No 'Access-Control-Allow-Origin' header is present on the requested resource. @ http://localhost:3000/ai:0
[ 1755845ms] [ERROR] Failed to load resource: net::ERR_FAILED @ https://api.nexusrbx.com/api/v2/agents?t=1787839937235:0
[ 1762938ms] [ERROR] Access to fetch at 'https://api.nexusrbx.com/api/studio/status?t=1787839944319' from origin 'http://localhost:3000' has been blocked by CORS policy: Response to preflight request doesn't pass access control check: No 'Access-Control-Allow-Origin' header is present on the requested resource. @ http://localhost:3000/ai:0
[ 1762938ms] [ERROR] Failed to load resource: net::ERR_FAILED @ https://api.nexusrbx.com/api/studio/status?t=1787839944319:0
[ 1762939ms] [ERROR] Access to fetch at 'https://api.nexusrbx.com/api/studio/mcp/status?t=1787839944319' from origin 'http://localhost:3000' has been blocked by CORS policy: Response to preflight request doesn't pass access control check: No 'Access-Control-Allow-Origin' header is present on the requested resource. @ http://localhost:3000/ai:0
[ 1762939ms] [ERROR] Failed to load resource: net::ERR_FAILED @ https://api.nexusrbx.com/api/studio/mcp/status?t=1787839944319:0
[ 1775859ms] [ERROR] Access to fetch at 'https://api.nexusrbx.com/api/v2/events?afterSequence=0&t=1787839957238' from origin 'http://localhost:3000' has been blocked by CORS policy: Response to preflight request doesn't pass access control check: No 'Access-Control-Allow-Origin' header is present on the requested resource. @ http://localhost:3000/ai:0
[ 1775859ms] [ERROR] Failed to load resource: net::ERR_FAILED @ https://api.nexusrbx.com/api/v2/events?afterSequence=0&t=1787839957238:0
[ 1793116ms] [ERROR] Access to fetch at 'https://api.nexusrbx.com/api/studio/status?t=1787839974505' from origin 'http://localhost:3000' has been blocked by CORS policy: Response to preflight request doesn't pass access control check: No 'Access-Control-Allow-Origin' header is present on the requested resource. @ http://localhost:3000/ai:0
[ 1793117ms] [ERROR] Failed to load resource: net::ERR_FAILED @ https://api.nexusrbx.com/api/studio/status?t=1787839974505:0
[ 1793117ms] [ERROR] Access to fetch at 'https://api.nexusrbx.com/api/studio/mcp/status?t=1787839974505' from origin 'http://localhost:3000' has been blocked by CORS policy: Response to preflight request doesn't pass access control check: No 'Access-Control-Allow-Origin' header is present on the requested resource. @ http://localhost:3000/ai:0
[ 1793117ms] [ERROR] Failed to load resource: net::ERR_FAILED @ https://api.nexusrbx.com/api/studio/mcp/status?t=1787839974505:0
[ 1795861ms] [ERROR] Access to fetch at 'https://api.nexusrbx.com/api/v2/agents?t=1787839977242' from origin 'http://localhost:3000' has been blocked by CORS policy: Response to preflight request doesn't pass access control check: No 'Access-Control-Allow-Origin' header is present on the requested resource. @ http://localhost:3000/ai:0
[ 1795861ms] [ERROR] Failed to load resource: net::ERR_FAILED @ https://api.nexusrbx.com/api/v2/agents?t=1787839977242:0
[ 1808353ms] [ERROR] Access to fetch at 'https://api.nexusrbx.com/api/v2/events?afterSequence=0&t=1787839989737' from origin 'http://localhost:3000' has been blocked by CORS policy: Response to preflight request doesn't pass access control check: No 'Access-Control-Allow-Origin' header is present on the requested resource. @ http://localhost:3000/ai:0
[ 1808353ms] [ERROR] Failed to load resource: net::ERR_FAILED @ https://api.nexusrbx.com/api/v2/events?afterSequence=0&t=1787839989737:0
[ 1823300ms] [ERROR] Access to fetch at 'https://api.nexusrbx.com/api/studio/status?t=1787840004678' from origin 'http://localhost:3000' has been blocked by CORS policy: Response to preflight request doesn't pass access control check: No 'Access-Control-Allow-Origin' header is present on the requested resource. @ http://localhost:3000/ai:0
[ 1823300ms] [ERROR] Failed to load resource: net::ERR_FAILED @ https://api.nexusrbx.com/api/studio/status?t=1787840004678:0
[ 1823300ms] [ERROR] Access to fetch at 'https://api.nexusrbx.com/api/studio/mcp/status?t=1787840004678' from origin 'http://localhost:3000' has been blocked by CORS policy: Response to preflight request doesn't pass access control check: No 'Access-Control-Allow-Origin' header is present on the requested resource. @ http://localhost:3000/ai:0
[ 1823300ms] [ERROR] Failed to load resource: net::ERR_FAILED @ https://api.nexusrbx.com/api/studio/mcp/status?t=1787840004678:0
[ 1835858ms] [ERROR] Access to fetch at 'https://api.nexusrbx.com/api/v2/agents?t=1787840017248' from origin 'http://localhost:3000' has been blocked by CORS policy: Response to preflight request doesn't pass access control check: No 'Access-Control-Allow-Origin' header is present on the requested resource. @ http://localhost:3000/ai:0
[ 1835859ms] [ERROR] Failed to load resource: net::ERR_FAILED @ https://api.nexusrbx.com/api/v2/agents?t=1787840017248:0
[ 1840846ms] [ERROR] Access to fetch at 'https://api.nexusrbx.com/api/v2/events?afterSequence=0&t=1787840022236' from origin 'http://localhost:3000' has been blocked by CORS policy: Response to preflight request doesn't pass access control check: No 'Access-Control-Allow-Origin' header is present on the requested resource. @ http://localhost:3000/ai:0
[ 1840846ms] [ERROR] Failed to load resource: net::ERR_FAILED @ https://api.nexusrbx.com/api/v2/events?afterSequence=0&t=1787840022236:0
[ 1846036ms] [ERROR] Access to fetch at 'https://api.nexusrbx.com/api/billing/entitlements' from origin 'http://localhost:3000' has been blocked by CORS policy: Response to preflight request doesn't pass access control check: No 'Access-Control-Allow-Origin' header is present on the requested resource. @ http://localhost:3000/ai:0
[ 1846038ms] [ERROR] Failed to load resource: net::ERR_FAILED @ https://api.nexusrbx.com/api/billing/entitlements:0
[ 1853472ms] [ERROR] Access to fetch at 'https://api.nexusrbx.com/api/studio/status?t=1787840034863' from origin 'http://localhost:3000' has been blocked by CORS policy: Response to preflight request doesn't pass access control check: No 'Access-Control-Allow-Origin' header is present on the requested resource. @ http://localhost:3000/ai:0
[ 1853472ms] [ERROR] Failed to load resource: net::ERR_FAILED @ https://api.nexusrbx.com/api/studio/status?t=1787840034863:0
[ 1853478ms] [ERROR] Access to fetch at 'https://api.nexusrbx.com/api/studio/mcp/status?t=1787840034863' from origin 'http://localhost:3000' has been blocked by CORS policy: Response to preflight request doesn't pass access control check: No 'Access-Control-Allow-Origin' header is present on the requested resource. @ http://localhost:3000/ai:0
[ 1853478ms] [ERROR] Failed to load resource: net::ERR_FAILED @ https://api.nexusrbx.com/api/studio/mcp/status?t=1787840034863:0
[ 1873349ms] [ERROR] Access to fetch at 'https://api.nexusrbx.com/api/v2/events?afterSequence=0&t=1787840054741' from origin 'http://localhost:3000' has been blocked by CORS policy: Response to preflight request doesn't pass access control check: No 'Access-Control-Allow-Origin' header is present on the requested resource. @ http://localhost:3000/ai:0
[ 1873349ms] [ERROR] Failed to load resource: net::ERR_FAILED @ https://api.nexusrbx.com/api/v2/events?afterSequence=0&t=1787840054741:0
[ 1875853ms] [ERROR] Access to fetch at 'https://api.nexusrbx.com/api/v2/agents?t=1787840057243' from origin 'http://localhost:3000' has been blocked by CORS policy: Response to preflight request doesn't pass access control check: No 'Access-Control-Allow-Origin' header is present on the requested resource. @ http://localhost:3000/ai:0
[ 1875853ms] [ERROR] Failed to load resource: net::ERR_FAILED @ https://api.nexusrbx.com/api/v2/agents?t=1787840057243:0
[ 1883653ms] [ERROR] Access to fetch at 'https://api.nexusrbx.com/api/studio/status?t=1787840065041' from origin 'http://localhost:3000' has been blocked by CORS policy: Response to preflight request doesn't pass access control check: No 'Access-Control-Allow-Origin' header is present on the requested resource. @ http://localhost:3000/ai:0
[ 1883653ms] [ERROR] Failed to load resource: net::ERR_FAILED @ https://api.nexusrbx.com/api/studio/status?t=1787840065041:0
[ 1883653ms] [ERROR] Access to fetch at 'https://api.nexusrbx.com/api/studio/mcp/status?t=1787840065041' from origin 'http://localhost:3000' has been blocked by CORS policy: Response to preflight request doesn't pass access control check: No 'Access-Control-Allow-Origin' header is present on the requested resource. @ http://localhost:3000/ai:0
[ 1883653ms] [ERROR] Failed to load resource: net::ERR_FAILED @ https://api.nexusrbx.com/api/studio/mcp/status?t=1787840065041:0
[ 1905848ms] [ERROR] Access to fetch at 'https://api.nexusrbx.com/api/v2/events?afterSequence=0&t=1787840087240' from origin 'http://localhost:3000' has been blocked by CORS policy: Response to preflight request doesn't pass access control check: No 'Access-Control-Allow-Origin' header is present on the requested resource. @ http://localhost:3000/ai:0
[ 1905848ms] [ERROR] Failed to load resource: net::ERR_FAILED @ https://api.nexusrbx.com/api/v2/events?afterSequence=0&t=1787840087240:0
[ 1913818ms] [ERROR] Access to fetch at 'https://api.nexusrbx.com/api/studio/mcp/status?t=1787840095212' from origin 'http://localhost:3000' has been blocked by CORS policy: Response to preflight request doesn't pass access control check: No 'Access-Control-Allow-Origin' header is present on the requested resource. @ http://localhost:3000/ai:0
[ 1913818ms] [ERROR] Failed to load resource: net::ERR_FAILED @ https://api.nexusrbx.com/api/studio/mcp/status?t=1787840095212:0
[ 1913824ms] [ERROR] Access to fetch at 'https://api.nexusrbx.com/api/studio/status?t=1787840095212' from origin 'http://localhost:3000' has been blocked by CORS policy: Response to preflight request doesn't pass access control check: No 'Access-Control-Allow-Origin' header is present on the requested resource. @ http://localhost:3000/ai:0
[ 1913824ms] [ERROR] Failed to load resource: net::ERR_FAILED @ https://api.nexusrbx.com/api/studio/status?t=1787840095212:0
[ 1915864ms] [ERROR] Access to fetch at 'https://api.nexusrbx.com/api/v2/agents?t=1787840097243' from origin 'http://localhost:3000' has been blocked by CORS policy: Response to preflight request doesn't pass access control check: No 'Access-Control-Allow-Origin' header is present on the requested resource. @ http://localhost:3000/ai:0
[ 1915864ms] [ERROR] Failed to load resource: net::ERR_FAILED @ https://api.nexusrbx.com/api/v2/agents?t=1787840097243:0
[ 1938350ms] [ERROR] Access to fetch at 'https://api.nexusrbx.com/api/v2/events?afterSequence=0&t=1787840119737' from origin 'http://localhost:3000' has been blocked by CORS policy: Response to preflight request doesn't pass access control check: No 'Access-Control-Allow-Origin' header is present on the requested resource. @ http://localhost:3000/ai:0
[ 1938351ms] [ERROR] Failed to load resource: net::ERR_FAILED @ https://api.nexusrbx.com/api/v2/events?afterSequence=0&t=1787840119737:0
[ 1943996ms] [ERROR] Access to fetch at 'https://api.nexusrbx.com/api/studio/mcp/status?t=1787840125385' from origin 'http://localhost:3000' has been blocked by CORS policy: Response to preflight request doesn't pass access control check: No 'Access-Control-Allow-Origin' header is present on the requested resource. @ http://localhost:3000/ai:0
[ 1943996ms] [ERROR] Failed to load resource: net::ERR_FAILED @ https://api.nexusrbx.com/api/studio/mcp/status?t=1787840125385:0
[ 1943996ms] [ERROR] Access to fetch at 'https://api.nexusrbx.com/api/studio/status?t=1787840125385' from origin 'http://localhost:3000' has been blocked by CORS policy: Response to preflight request doesn't pass access control check: No 'Access-Control-Allow-Origin' header is present on the requested resource. @ http://localhost:3000/ai:0
[ 1943996ms] [ERROR] Failed to load resource: net::ERR_FAILED @ https://api.nexusrbx.com/api/studio/status?t=1787840125385:0
[ 1955852ms] [ERROR] Access to fetch at 'https://api.nexusrbx.com/api/v2/agents?t=1787840137247' from origin 'http://localhost:3000' has been blocked by CORS policy: Response to preflight request doesn't pass access control check: No 'Access-Control-Allow-Origin' header is present on the requested resource. @ http://localhost:3000/ai:0
[ 1955853ms] [ERROR] Failed to load resource: net::ERR_FAILED @ https://api.nexusrbx.com/api/v2/agents?t=1787840137247:0
[ 1970845ms] [ERROR] Access to fetch at 'https://api.nexusrbx.com/api/v2/events?afterSequence=0&t=1787840152242' from origin 'http://localhost:3000' has been blocked by CORS policy: Response to preflight request doesn't pass access control check: No 'Access-Control-Allow-Origin' header is present on the requested resource. @ http://localhost:3000/ai:0
[ 1970845ms] [ERROR] Failed to load resource: net::ERR_FAILED @ https://api.nexusrbx.com/api/v2/events?afterSequence=0&t=1787840152242:0
[ 1974181ms] [ERROR] Access to fetch at 'https://api.nexusrbx.com/api/studio/mcp/status?t=1787840155562' from origin 'http://localhost:3000' has been blocked by CORS policy: Response to preflight request doesn't pass access control check: No 'Access-Control-Allow-Origin' header is present on the requested resource. @ http://localhost:3000/ai:0
[ 1974181ms] [ERROR] Failed to load resource: net::ERR_FAILED @ https://api.nexusrbx.com/api/studio/mcp/status?t=1787840155562:0
[ 1974183ms] [ERROR] Access to fetch at 'https://api.nexusrbx.com/api/studio/status?t=1787840155562' from origin 'http://localhost:3000' has been blocked by CORS policy: Response to preflight request doesn't pass access control check: No 'Access-Control-Allow-Origin' header is present on the requested resource. @ http://localhost:3000/ai:0
[ 1974183ms] [ERROR] Failed to load resource: net::ERR_FAILED @ https://api.nexusrbx.com/api/studio/status?t=1787840155562:0
[ 1995847ms] [ERROR] Access to fetch at 'https://api.nexusrbx.com/api/v2/agents?t=1787840177240' from origin 'http://localhost:3000' has been blocked by CORS policy: Response to preflight request doesn't pass access control check: No 'Access-Control-Allow-Origin' header is present on the requested resource. @ http://localhost:3000/ai:0
[ 1995847ms] [ERROR] Failed to load resource: net::ERR_FAILED @ https://api.nexusrbx.com/api/v2/agents?t=1787840177240:0
[ 2003350ms] [ERROR] Access to fetch at 'https://api.nexusrbx.com/api/v2/events?afterSequence=0&t=1787840184739' from origin 'http://localhost:3000' has been blocked by CORS policy: Response to preflight request doesn't pass access control check: No 'Access-Control-Allow-Origin' header is present on the requested resource. @ http://localhost:3000/ai:0
[ 2003350ms] [ERROR] Failed to load resource: net::ERR_FAILED @ https://api.nexusrbx.com/api/v2/events?afterSequence=0&t=1787840184739:0
[ 2004351ms] [ERROR] Access to fetch at 'https://api.nexusrbx.com/api/studio/mcp/status?t=1787840185743' from origin 'http://localhost:3000' has been blocked by CORS policy: Response to preflight request doesn't pass access control check: No 'Access-Control-Allow-Origin' header is present on the requested resource. @ http://localhost:3000/ai:0
[ 2004351ms] [ERROR] Failed to load resource: net::ERR_FAILED @ https://api.nexusrbx.com/api/studio/mcp/status?t=1787840185743:0
[ 2004353ms] [ERROR] Access to fetch at 'https://api.nexusrbx.com/api/studio/status?t=1787840185743' from origin 'http://localhost:3000' has been blocked by CORS policy: Response to preflight request doesn't pass access control check: No 'Access-Control-Allow-Origin' header is present on the requested resource. @ http://localhost:3000/ai:0
[ 2004353ms] [ERROR] Failed to load resource: net::ERR_FAILED @ https://api.nexusrbx.com/api/studio/status?t=1787840185743:0
[ 2034528ms] [ERROR] Access to fetch at 'https://api.nexusrbx.com/api/studio/mcp/status?t=1787840215919' from origin 'http://localhost:3000' has been blocked by CORS policy: Response to preflight request doesn't pass access control check: No 'Access-Control-Allow-Origin' header is present on the requested resource. @ http://localhost:3000/ai:0
[ 2034528ms] [ERROR] Failed to load resource: net::ERR_FAILED @ https://api.nexusrbx.com/api/studio/mcp/status?t=1787840215919:0
[ 2034530ms] [ERROR] Access to fetch at 'https://api.nexusrbx.com/api/studio/status?t=1787840215919' from origin 'http://localhost:3000' has been blocked by CORS policy: Response to preflight request doesn't pass access control check: No 'Access-Control-Allow-Origin' header is present on the requested resource. @ http://localhost:3000/ai:0
[ 2034530ms] [ERROR] Failed to load resource: net::ERR_FAILED @ https://api.nexusrbx.com/api/studio/status?t=1787840215919:0
[ 2035850ms] [ERROR] Access to fetch at 'https://api.nexusrbx.com/api/v2/agents?t=1787840217237' from origin 'http://localhost:3000' has been blocked by CORS policy: Response to preflight request doesn't pass access control check: No 'Access-Control-Allow-Origin' header is present on the requested resource. @ http://localhost:3000/ai:0
[ 2035850ms] [ERROR] Failed to load resource: net::ERR_FAILED @ https://api.nexusrbx.com/api/v2/agents?t=1787840217237:0
[ 2035850ms] [ERROR] Access to fetch at 'https://api.nexusrbx.com/api/v2/events?afterSequence=0&t=1787840217238' from origin 'http://localhost:3000' has been blocked by CORS policy: Response to preflight request doesn't pass access control check: No 'Access-Control-Allow-Origin' header is present on the requested resource. @ http://localhost:3000/ai:0
[ 2035850ms] [ERROR] Failed to load resource: net::ERR_FAILED @ https://api.nexusrbx.com/api/v2/events?afterSequence=0&t=1787840217238:0
[ 2064723ms] [ERROR] Access to fetch at 'https://api.nexusrbx.com/api/studio/status?t=1787840246088' from origin 'http://localhost:3000' has been blocked by CORS policy: Response to preflight request doesn't pass access control check: No 'Access-Control-Allow-Origin' header is present on the requested resource. @ http://localhost:3000/ai:0
[ 2064723ms] [ERROR] Failed to load resource: net::ERR_FAILED @ https://api.nexusrbx.com/api/studio/status?t=1787840246088:0
[ 2064723ms] [ERROR] Access to fetch at 'https://api.nexusrbx.com/api/studio/mcp/status?t=1787840246088' from origin 'http://localhost:3000' has been blocked by CORS policy: Response to preflight request doesn't pass access control check: No 'Access-Control-Allow-Origin' header is present on the requested resource. @ http://localhost:3000/ai:0
[ 2064723ms] [ERROR] Failed to load resource: net::ERR_FAILED @ https://api.nexusrbx.com/api/studio/mcp/status?t=1787840246088:0
[ 2068349ms] [ERROR] Access to fetch at 'https://api.nexusrbx.com/api/v2/events?afterSequence=0&t=1787840249742' from origin 'http://localhost:3000' has been blocked by CORS policy: Response to preflight request doesn't pass access control check: No 'Access-Control-Allow-Origin' header is present on the requested resource. @ http://localhost:3000/ai:0
[ 2068350ms] [ERROR] Failed to load resource: net::ERR_FAILED @ https://api.nexusrbx.com/api/v2/events?afterSequence=0&t=1787840249742:0
[ 2075864ms] [ERROR] Access to fetch at 'https://api.nexusrbx.com/api/v2/agents?t=1787840257245' from origin 'http://localhost:3000' has been blocked by CORS policy: Response to preflight request doesn't pass access control check: No 'Access-Control-Allow-Origin' header is present on the requested resource. @ http://localhost:3000/ai:0
[ 2075864ms] [ERROR] Failed to load resource: net::ERR_FAILED @ https://api.nexusrbx.com/api/v2/agents?t=1787840257245:0
[ 2094895ms] [ERROR] Access to fetch at 'https://api.nexusrbx.com/api/studio/status?t=1787840276285' from origin 'http://localhost:3000' has been blocked by CORS policy: Response to preflight request doesn't pass access control check: No 'Access-Control-Allow-Origin' header is present on the requested resource. @ http://localhost:3000/ai:0
[ 2094896ms] [ERROR] Failed to load resource: net::ERR_FAILED @ https://api.nexusrbx.com/api/studio/status?t=1787840276285:0
[ 2094896ms] [ERROR] Access to fetch at 'https://api.nexusrbx.com/api/studio/mcp/status?t=1787840276285' from origin 'http://localhost:3000' has been blocked by CORS policy: Response to preflight request doesn't pass access control check: No 'Access-Control-Allow-Origin' header is present on the requested resource. @ http://localhost:3000/ai:0
[ 2094897ms] [ERROR] Failed to load resource: net::ERR_FAILED @ https://api.nexusrbx.com/api/studio/mcp/status?t=1787840276285:0
[ 2100846ms] [ERROR] Access to fetch at 'https://api.nexusrbx.com/api/v2/events?afterSequence=0&t=1787840282237' from origin 'http://localhost:3000' has been blocked by CORS policy: Response to preflight request doesn't pass access control check: No 'Access-Control-Allow-Origin' header is present on the requested resource. @ http://localhost:3000/ai:0
[ 2100846ms] [ERROR] Failed to load resource: net::ERR_FAILED @ https://api.nexusrbx.com/api/v2/events?afterSequence=0&t=1787840282237:0
[ 2115858ms] [ERROR] Access to fetch at 'https://api.nexusrbx.com/api/v2/agents?t=1787840297241' from origin 'http://localhost:3000' has been blocked by CORS policy: Response to preflight request doesn't pass access control check: No 'Access-Control-Allow-Origin' header is present on the requested resource. @ http://localhost:3000/ai:0
[ 2115858ms] [ERROR] Failed to load resource: net::ERR_FAILED @ https://api.nexusrbx.com/api/v2/agents?t=1787840297241:0
[ 2125077ms] [ERROR] Access to fetch at 'https://api.nexusrbx.com/api/studio/status?t=1787840306464' from origin 'http://localhost:3000' has been blocked by CORS policy: Response to preflight request doesn't pass access control check: No 'Access-Control-Allow-Origin' header is present on the requested resource. @ http://localhost:3000/ai:0
[ 2125077ms] [ERROR] Failed to load resource: net::ERR_FAILED @ https://api.nexusrbx.com/api/studio/status?t=1787840306464:0
[ 2125077ms] [ERROR] Access to fetch at 'https://api.nexusrbx.com/api/studio/mcp/status?t=1787840306464' from origin 'http://localhost:3000' has been blocked by CORS policy: Response to preflight request doesn't pass access control check: No 'Access-Control-Allow-Origin' header is present on the requested resource. @ http://localhost:3000/ai:0
[ 2125077ms] [ERROR] Failed to load resource: net::ERR_FAILED @ https://api.nexusrbx.com/api/studio/mcp/status?t=1787840306464:0
[ 2133347ms] [ERROR] Access to fetch at 'https://api.nexusrbx.com/api/v2/events?afterSequence=0&t=1787840314737' from origin 'http://localhost:3000' has been blocked by CORS policy: Response to preflight request doesn't pass access control check: No 'Access-Control-Allow-Origin' header is present on the requested resource. @ http://localhost:3000/ai:0
[ 2133347ms] [ERROR] Failed to load resource: net::ERR_FAILED @ https://api.nexusrbx.com/api/v2/events?afterSequence=0&t=1787840314737:0
[ 2146216ms] [ERROR] Access to fetch at 'https://api.nexusrbx.com/api/billing/entitlements' from origin 'http://localhost:3000' has been blocked by CORS policy: Response to preflight request doesn't pass access control check: No 'Access-Control-Allow-Origin' header is present on the requested resource. @ http://localhost:3000/ai:0
[ 2146216ms] [ERROR] Failed to load resource: net::ERR_FAILED @ https://api.nexusrbx.com/api/billing/entitlements:0
[ 2155242ms] [ERROR] Access to fetch at 'https://api.nexusrbx.com/api/studio/status?t=1787840336635' from origin 'http://localhost:3000' has been blocked by CORS policy: Response to preflight request doesn't pass access control check: No 'Access-Control-Allow-Origin' header is present on the requested resource. @ http://localhost:3000/ai:0
[ 2155242ms] [ERROR] Failed to load resource: net::ERR_FAILED @ https://api.nexusrbx.com/api/studio/status?t=1787840336635:0
[ 2155246ms] [ERROR] Access to fetch at 'https://api.nexusrbx.com/api/studio/mcp/status?t=1787840336635' from origin 'http://localhost:3000' has been blocked by CORS policy: Response to preflight request doesn't pass access control check: No 'Access-Control-Allow-Origin' header is present on the requested resource. @ http://localhost:3000/ai:0
[ 2155246ms] [ERROR] Failed to load resource: net::ERR_FAILED @ https://api.nexusrbx.com/api/studio/mcp/status?t=1787840336635:0
[ 2155852ms] [ERROR] Access to fetch at 'https://api.nexusrbx.com/api/v2/agents?t=1787840337242' from origin 'http://localhost:3000' has been blocked by CORS policy: Response to preflight request doesn't pass access control check: No 'Access-Control-Allow-Origin' header is present on the requested resource. @ http://localhost:3000/ai:0
[ 2155852ms] [ERROR] Failed to load resource: net::ERR_FAILED @ https://api.nexusrbx.com/api/v2/agents?t=1787840337242:0
[ 2165847ms] [ERROR] Access to fetch at 'https://api.nexusrbx.com/api/v2/events?afterSequence=0&t=1787840347239' from origin 'http://localhost:3000' has been blocked by CORS policy: Response to preflight request doesn't pass access control check: No 'Access-Control-Allow-Origin' header is present on the requested resource. @ http://localhost:3000/ai:0
[ 2165848ms] [ERROR] Failed to load resource: net::ERR_FAILED @ https://api.nexusrbx.com/api/v2/events?afterSequence=0&t=1787840347239:0
[ 2185427ms] [ERROR] Access to fetch at 'https://api.nexusrbx.com/api/studio/mcp/status?t=1787840366809' from origin 'http://localhost:3000' has been blocked by CORS policy: Response to preflight request doesn't pass access control check: No 'Access-Control-Allow-Origin' header is present on the requested resource. @ http://localhost:3000/ai:0
[ 2185427ms] [ERROR] Failed to load resource: net::ERR_FAILED @ https://api.nexusrbx.com/api/studio/mcp/status?t=1787840366809:0
[ 2185430ms] [ERROR] Access to fetch at 'https://api.nexusrbx.com/api/studio/status?t=1787840366809' from origin 'http://localhost:3000' has been blocked by CORS policy: Response to preflight request doesn't pass access control check: No 'Access-Control-Allow-Origin' header is present on the requested resource. @ http://localhost:3000/ai:0
[ 2185430ms] [ERROR] Failed to load resource: net::ERR_FAILED @ https://api.nexusrbx.com/api/studio/status?t=1787840366809:0
[ 2195864ms] [ERROR] Access to fetch at 'https://api.nexusrbx.com/api/v2/agents?t=1787840377249' from origin 'http://localhost:3000' has been blocked by CORS policy: Response to preflight request doesn't pass access control check: No 'Access-Control-Allow-Origin' header is present on the requested resource. @ http://localhost:3000/ai:0
[ 2195864ms] [ERROR] Failed to load resource: net::ERR_FAILED @ https://api.nexusrbx.com/api/v2/agents?t=1787840377249:0
[ 2198349ms] [ERROR] Access to fetch at 'https://api.nexusrbx.com/api/v2/events?afterSequence=0&t=1787840379740' from origin 'http://localhost:3000' has been blocked by CORS policy: Response to preflight request doesn't pass access control check: No 'Access-Control-Allow-Origin' header is present on the requested resource. @ http://localhost:3000/ai:0
[ 2198349ms] [ERROR] Failed to load resource: net::ERR_FAILED @ https://api.nexusrbx.com/api/v2/events?afterSequence=0&t=1787840379740:0
[ 2215608ms] [ERROR] Access to fetch at 'https://api.nexusrbx.com/api/studio/mcp/status?t=1787840396990' from origin 'http://localhost:3000' has been blocked by CORS policy: Response to preflight request doesn't pass access control check: No 'Access-Control-Allow-Origin' header is present on the requested resource. @ http://localhost:3000/ai:0
[ 2215608ms] [ERROR] Failed to load resource: net::ERR_FAILED @ https://api.nexusrbx.com/api/studio/mcp/status?t=1787840396990:0
[ 2215609ms] [ERROR] Access to fetch at 'https://api.nexusrbx.com/api/studio/status?t=1787840396990' from origin 'http://localhost:3000' has been blocked by CORS policy: Response to preflight request doesn't pass access control check: No 'Access-Control-Allow-Origin' header is present on the requested resource. @ http://localhost:3000/ai:0
[ 2215609ms] [ERROR] Failed to load resource: net::ERR_FAILED @ https://api.nexusrbx.com/api/studio/status?t=1787840396990:0
[ 2230864ms] [ERROR] Access to fetch at 'https://api.nexusrbx.com/api/v2/events?afterSequence=0&t=1787840412240' from origin 'http://localhost:3000' has been blocked by CORS policy: Response to preflight request doesn't pass access control check: No 'Access-Control-Allow-Origin' header is present on the requested resource. @ http://localhost:3000/ai:0
[ 2230864ms] [ERROR] Failed to load resource: net::ERR_FAILED @ https://api.nexusrbx.com/api/v2/events?afterSequence=0&t=1787840412240:0
[ 2235844ms] [ERROR] Access to fetch at 'https://api.nexusrbx.com/api/v2/agents?t=1787840417240' from origin 'http://localhost:3000' has been blocked by CORS policy: Response to preflight request doesn't pass access control check: No 'Access-Control-Allow-Origin' header is present on the requested resource. @ http://localhost:3000/ai:0
[ 2235845ms] [ERROR] Failed to load resource: net::ERR_FAILED @ https://api.nexusrbx.com/api/v2/agents?t=1787840417240:0
[ 2245791ms] [ERROR] Access to fetch at 'https://api.nexusrbx.com/api/studio/mcp/status?t=1787840427172' from origin 'http://localhost:3000' has been blocked by CORS policy: Response to preflight request doesn't pass access control check: No 'Access-Control-Allow-Origin' header is present on the requested resource. @ http://localhost:3000/ai:0
[ 2245791ms] [ERROR] Failed to load resource: net::ERR_FAILED @ https://api.nexusrbx.com/api/studio/mcp/status?t=1787840427172:0
[ 2245791ms] [ERROR] Access to fetch at 'https://api.nexusrbx.com/api/studio/status?t=1787840427172' from origin 'http://localhost:3000' has been blocked by CORS policy: Response to preflight request doesn't pass access control check: No 'Access-Control-Allow-Origin' header is present on the requested resource. @ http://localhost:3000/ai:0
[ 2245791ms] [ERROR] Failed to load resource: net::ERR_FAILED @ https://api.nexusrbx.com/api/studio/status?t=1787840427172:0
[ 2263358ms] [ERROR] Access to fetch at 'https://api.nexusrbx.com/api/v2/events?afterSequence=0&t=1787840444746' from origin 'http://localhost:3000' has been blocked by CORS policy: Response to preflight request doesn't pass access control check: No 'Access-Control-Allow-Origin' header is present on the requested resource. @ http://localhost:3000/ai:0
[ 2263358ms] [ERROR] Failed to load resource: net::ERR_FAILED @ https://api.nexusrbx.com/api/v2/events?afterSequence=0&t=1787840444746:0
[ 2275849ms] [ERROR] Access to fetch at 'https://api.nexusrbx.com/api/v2/agents?t=1787840457240' from origin 'http://localhost:3000' has been blocked by CORS policy: Response to preflight request doesn't pass access control check: No 'Access-Control-Allow-Origin' header is present on the requested resource. @ http://localhost:3000/ai:0
[ 2275849ms] [ERROR] Failed to load resource: net::ERR_FAILED @ https://api.nexusrbx.com/api/v2/agents?t=1787840457240:0
[ 2275964ms] [ERROR] Access to fetch at 'https://api.nexusrbx.com/api/studio/mcp/status?t=1787840457357' from origin 'http://localhost:3000' has been blocked by CORS policy: Response to preflight request doesn't pass access control check: No 'Access-Control-Allow-Origin' header is present on the requested resource. @ http://localhost:3000/ai:0
[ 2275964ms] [ERROR] Failed to load resource: net::ERR_FAILED @ https://api.nexusrbx.com/api/studio/mcp/status?t=1787840457357:0
[ 2275967ms] [ERROR] Access to fetch at 'https://api.nexusrbx.com/api/studio/status?t=1787840457357' from origin 'http://localhost:3000' has been blocked by CORS policy: Response to preflight request doesn't pass access control check: No 'Access-Control-Allow-Origin' header is present on the requested resource. @ http://localhost:3000/ai:0
[ 2275967ms] [ERROR] Failed to load resource: net::ERR_FAILED @ https://api.nexusrbx.com/api/studio/status?t=1787840457357:0
[ 2295849ms] [ERROR] Access to fetch at 'https://api.nexusrbx.com/api/v2/events?afterSequence=0&t=1787840477241' from origin 'http://localhost:3000' has been blocked by CORS policy: Response to preflight request doesn't pass access control check: No 'Access-Control-Allow-Origin' header is present on the requested resource. @ http://localhost:3000/ai:0
[ 2295849ms] [ERROR] Failed to load resource: net::ERR_FAILED @ https://api.nexusrbx.com/api/v2/events?afterSequence=0&t=1787840477241:0
[ 2306139ms] [ERROR] Access to fetch at 'https://api.nexusrbx.com/api/studio/status?t=1787840487529' from origin 'http://localhost:3000' has been blocked by CORS policy: Response to preflight request doesn't pass access control check: No 'Access-Control-Allow-Origin' header is present on the requested resource. @ http://localhost:3000/ai:0
[ 2306139ms] [ERROR] Failed to load resource: net::ERR_FAILED @ https://api.nexusrbx.com/api/studio/status?t=1787840487529:0
[ 2306153ms] [ERROR] Access to fetch at 'https://api.nexusrbx.com/api/studio/mcp/status?t=1787840487530' from origin 'http://localhost:3000' has been blocked by CORS policy: Response to preflight request doesn't pass access control check: No 'Access-Control-Allow-Origin' header is present on the requested resource. @ http://localhost:3000/ai:0
[ 2306153ms] [ERROR] Failed to load resource: net::ERR_FAILED @ https://api.nexusrbx.com/api/studio/mcp/status?t=1787840487530:0
[ 2315852ms] [ERROR] Access to fetch at 'https://api.nexusrbx.com/api/v2/agents?t=1787840497245' from origin 'http://localhost:3000' has been blocked by CORS policy: Response to preflight request doesn't pass access control check: No 'Access-Control-Allow-Origin' header is present on the requested resource. @ http://localhost:3000/ai:0
[ 2315853ms] [ERROR] Failed to load resource: net::ERR_FAILED @ https://api.nexusrbx.com/api/v2/agents?t=1787840497245:0
[ 2328357ms] [ERROR] Access to fetch at 'https://api.nexusrbx.com/api/v2/events?afterSequence=0&t=1787840509744' from origin 'http://localhost:3000' has been blocked by CORS policy: Response to preflight request doesn't pass access control check: No 'Access-Control-Allow-Origin' header is present on the requested resource. @ http://localhost:3000/ai:0
[ 2328357ms] [ERROR] Failed to load resource: net::ERR_FAILED @ https://api.nexusrbx.com/api/v2/events?afterSequence=0&t=1787840509744:0
[ 2336331ms] [ERROR] Access to fetch at 'https://api.nexusrbx.com/api/studio/status?t=1787840517722' from origin 'http://localhost:3000' has been blocked by CORS policy: Response to preflight request doesn't pass access control check: No 'Access-Control-Allow-Origin' header is present on the requested resource. @ http://localhost:3000/ai:0
[ 2336331ms] [ERROR] Failed to load resource: net::ERR_FAILED @ https://api.nexusrbx.com/api/studio/status?t=1787840517722:0
[ 2336331ms] [ERROR] Access to fetch at 'https://api.nexusrbx.com/api/studio/mcp/status?t=1787840517722' from origin 'http://localhost:3000' has been blocked by CORS policy: Response to preflight request doesn't pass access control check: No 'Access-Control-Allow-Origin' header is present on the requested resource. @ http://localhost:3000/ai:0
[ 2336331ms] [ERROR] Failed to load resource: net::ERR_FAILED @ https://api.nexusrbx.com/api/studio/mcp/status?t=1787840517722:0
[ 2355854ms] [ERROR] Access to fetch at 'https://api.nexusrbx.com/api/v2/agents?t=1787840537242' from origin 'http://localhost:3000' has been blocked by CORS policy: Response to preflight request doesn't pass access control check: No 'Access-Control-Allow-Origin' header is present on the requested resource. @ http://localhost:3000/ai:0
[ 2355854ms] [ERROR] Failed to load resource: net::ERR_FAILED @ https://api.nexusrbx.com/api/v2/agents?t=1787840537242:0
[ 2360863ms] [ERROR] Access to fetch at 'https://api.nexusrbx.com/api/v2/events?afterSequence=0&t=1787840542251' from origin 'http://localhost:3000' has been blocked by CORS policy: Response to preflight request doesn't pass access control check: No 'Access-Control-Allow-Origin' header is present on the requested resource. @ http://localhost:3000/ai:0
[ 2360863ms] [ERROR] Failed to load resource: net::ERR_FAILED @ https://api.nexusrbx.com/api/v2/events?afterSequence=0&t=1787840542251:0
[ 2366506ms] [ERROR] Access to fetch at 'https://api.nexusrbx.com/api/studio/status?t=1787840547894' from origin 'http://localhost:3000' has been blocked by CORS policy: Response to preflight request doesn't pass access control check: No 'Access-Control-Allow-Origin' header is present on the requested resource. @ http://localhost:3000/ai:0
[ 2366507ms] [ERROR] Failed to load resource: net::ERR_FAILED @ https://api.nexusrbx.com/api/studio/status?t=1787840547894:0
[ 2366508ms] [ERROR] Access to fetch at 'https://api.nexusrbx.com/api/studio/mcp/status?t=1787840547894' from origin 'http://localhost:3000' has been blocked by CORS policy: Response to preflight request doesn't pass access control check: No 'Access-Control-Allow-Origin' header is present on the requested resource. @ http://localhost:3000/ai:0
[ 2366508ms] [ERROR] Failed to load resource: net::ERR_FAILED @ https://api.nexusrbx.com/api/studio/mcp/status?t=1787840547894:0
[ 2393363ms] [ERROR] Access to fetch at 'https://api.nexusrbx.com/api/v2/events?afterSequence=0&t=1787840574737' from origin 'http://localhost:3000' has been blocked by CORS policy: Response to preflight request doesn't pass access control check: No 'Access-Control-Allow-Origin' header is present on the requested resource. @ http://localhost:3000/ai:0
[ 2393363ms] [ERROR] Failed to load resource: net::ERR_FAILED @ https://api.nexusrbx.com/api/v2/events?afterSequence=0&t=1787840574737:0
[ 2395851ms] [ERROR] Access to fetch at 'https://api.nexusrbx.com/api/v2/agents?t=1787840577238' from origin 'http://localhost:3000' has been blocked by CORS policy: Response to preflight request doesn't pass access control check: No 'Access-Control-Allow-Origin' header is present on the requested resource. @ http://localhost:3000/ai:0
[ 2395851ms] [ERROR] Failed to load resource: net::ERR_FAILED @ https://api.nexusrbx.com/api/v2/agents?t=1787840577238:0
[ 2396696ms] [ERROR] Access to fetch at 'https://api.nexusrbx.com/api/studio/status?t=1787840578076' from origin 'http://localhost:3000' has been blocked by CORS policy: Response to preflight request doesn't pass access control check: No 'Access-Control-Allow-Origin' header is present on the requested resource. @ http://localhost:3000/ai:0
[ 2396696ms] [ERROR] Failed to load resource: net::ERR_FAILED @ https://api.nexusrbx.com/api/studio/status?t=1787840578076:0
[ 2396696ms] [ERROR] Access to fetch at 'https://api.nexusrbx.com/api/studio/mcp/status?t=1787840578076' from origin 'http://localhost:3000' has been blocked by CORS policy: Response to preflight request doesn't pass access control check: No 'Access-Control-Allow-Origin' header is present on the requested resource. @ http://localhost:3000/ai:0
[ 2396697ms] [ERROR] Failed to load resource: net::ERR_FAILED @ https://api.nexusrbx.com/api/studio/mcp/status?t=1787840578076:0
[ 2425851ms] [ERROR] Access to fetch at 'https://api.nexusrbx.com/api/v2/events?afterSequence=0&t=1787840607242' from origin 'http://localhost:3000' has been blocked by CORS policy: Response to preflight request doesn't pass access control check: No 'Access-Control-Allow-Origin' header is present on the requested resource. @ http://localhost:3000/ai:0
[ 2425851ms] [ERROR] Failed to load resource: net::ERR_FAILED @ https://api.nexusrbx.com/api/v2/events?afterSequence=0&t=1787840607242:0
[ 2426869ms] [ERROR] Access to fetch at 'https://api.nexusrbx.com/api/studio/status?t=1787840608261' from origin 'http://localhost:3000' has been blocked by CORS policy: Response to preflight request doesn't pass access control check: No 'Access-Control-Allow-Origin' header is present on the requested resource. @ http://localhost:3000/ai:0
[ 2426869ms] [ERROR] Failed to load resource: net::ERR_FAILED @ https://api.nexusrbx.com/api/studio/status?t=1787840608261:0
[ 2426878ms] [ERROR] Access to fetch at 'https://api.nexusrbx.com/api/studio/mcp/status?t=1787840608261' from origin 'http://localhost:3000' has been blocked by CORS policy: Response to preflight request doesn't pass access control check: No 'Access-Control-Allow-Origin' header is present on the requested resource. @ http://localhost:3000/ai:0
[ 2426879ms] [ERROR] Failed to load resource: net::ERR_FAILED @ https://api.nexusrbx.com/api/studio/mcp/status?t=1787840608261:0
[ 2435854ms] [ERROR] Access to fetch at 'https://api.nexusrbx.com/api/v2/agents?t=1787840617240' from origin 'http://localhost:3000' has been blocked by CORS policy: Response to preflight request doesn't pass access control check: No 'Access-Control-Allow-Origin' header is present on the requested resource. @ http://localhost:3000/ai:0
[ 2435854ms] [ERROR] Failed to load resource: net::ERR_FAILED @ https://api.nexusrbx.com/api/v2/agents?t=1787840617240:0
[ 2446399ms] [ERROR] Access to fetch at 'https://api.nexusrbx.com/api/billing/entitlements' from origin 'http://localhost:3000' has been blocked by CORS policy: Response to preflight request doesn't pass access control check: No 'Access-Control-Allow-Origin' header is present on the requested resource. @ http://localhost:3000/ai:0
[ 2446399ms] [ERROR] Failed to load resource: net::ERR_FAILED @ https://api.nexusrbx.com/api/billing/entitlements:0
[ 2457054ms] [ERROR] Access to fetch at 'https://api.nexusrbx.com/api/studio/mcp/status?t=1787840638446' from origin 'http://localhost:3000' has been blocked by CORS policy: Response to preflight request doesn't pass access control check: No 'Access-Control-Allow-Origin' header is present on the requested resource. @ http://localhost:3000/ai:0
[ 2457054ms] [ERROR] Failed to load resource: net::ERR_FAILED @ https://api.nexusrbx.com/api/studio/mcp/status?t=1787840638446:0
[ 2457054ms] [ERROR] Access to fetch at 'https://api.nexusrbx.com/api/studio/status?t=1787840638445' from origin 'http://localhost:3000' has been blocked by CORS policy: Response to preflight request doesn't pass access control check: No 'Access-Control-Allow-Origin' header is present on the requested resource. @ http://localhost:3000/ai:0
[ 2457054ms] [ERROR] Failed to load resource: net::ERR_FAILED @ https://api.nexusrbx.com/api/studio/status?t=1787840638445:0
[ 2458352ms] [ERROR] Access to fetch at 'https://api.nexusrbx.com/api/v2/events?afterSequence=0&t=1787840639743' from origin 'http://localhost:3000' has been blocked by CORS policy: Response to preflight request doesn't pass access control check: No 'Access-Control-Allow-Origin' header is present on the requested resource. @ http://localhost:3000/ai:0
[ 2458352ms] [ERROR] Failed to load resource: net::ERR_FAILED @ https://api.nexusrbx.com/api/v2/events?afterSequence=0&t=1787840639743:0
[ 2475847ms] [ERROR] Access to fetch at 'https://api.nexusrbx.com/api/v2/agents?t=1787840657239' from origin 'http://localhost:3000' has been blocked by CORS policy: Response to preflight request doesn't pass access control check: No 'Access-Control-Allow-Origin' header is present on the requested resource. @ http://localhost:3000/ai:0
[ 2475847ms] [ERROR] Failed to load resource: net::ERR_FAILED @ https://api.nexusrbx.com/api/v2/agents?t=1787840657239:0
[ 2487231ms] [ERROR] Access to fetch at 'https://api.nexusrbx.com/api/studio/status?t=1787840668616' from origin 'http://localhost:3000' has been blocked by CORS policy: Response to preflight request doesn't pass access control check: No 'Access-Control-Allow-Origin' header is present on the requested resource. @ http://localhost:3000/ai:0
[ 2487231ms] [ERROR] Failed to load resource: net::ERR_FAILED @ https://api.nexusrbx.com/api/studio/status?t=1787840668616:0
[ 2487232ms] [ERROR] Access to fetch at 'https://api.nexusrbx.com/api/studio/mcp/status?t=1787840668616' from origin 'http://localhost:3000' has been blocked by CORS policy: Response to preflight request doesn't pass access control check: No 'Access-Control-Allow-Origin' header is present on the requested resource. @ http://localhost:3000/ai:0
[ 2487233ms] [ERROR] Failed to load resource: net::ERR_FAILED @ https://api.nexusrbx.com/api/studio/mcp/status?t=1787840668616:0
[ 2490851ms] [ERROR] Access to fetch at 'https://api.nexusrbx.com/api/v2/events?afterSequence=0&t=1787840672239' from origin 'http://localhost:3000' has been blocked by CORS policy: Response to preflight request doesn't pass access control check: No 'Access-Control-Allow-Origin' header is present on the requested resource. @ http://localhost:3000/ai:0
[ 2490851ms] [ERROR] Failed to load resource: net::ERR_FAILED @ https://api.nexusrbx.com/api/v2/events?afterSequence=0&t=1787840672239:0
[ 2515872ms] [ERROR] Access to fetch at 'https://api.nexusrbx.com/api/v2/agents?t=1787840697252' from origin 'http://localhost:3000' has been blocked by CORS policy: Response to preflight request doesn't pass access control check: No 'Access-Control-Allow-Origin' header is present on the requested resource. @ http://localhost:3000/ai:0
[ 2515872ms] [ERROR] Failed to load resource: net::ERR_FAILED @ https://api.nexusrbx.com/api/v2/agents?t=1787840697252:0
[ 2517400ms] [ERROR] Access to fetch at 'https://api.nexusrbx.com/api/studio/mcp/status?t=1787840698792' from origin 'http://localhost:3000' has been blocked by CORS policy: Response to preflight request doesn't pass access control check: No 'Access-Control-Allow-Origin' header is present on the requested resource. @ http://localhost:3000/ai:0
[ 2517400ms] [ERROR] Failed to load resource: net::ERR_FAILED @ https://api.nexusrbx.com/api/studio/mcp/status?t=1787840698792:0
[ 2517401ms] [ERROR] Access to fetch at 'https://api.nexusrbx.com/api/studio/status?t=1787840698791' from origin 'http://localhost:3000' has been blocked by CORS policy: Response to preflight request doesn't pass access control check: No 'Access-Control-Allow-Origin' header is present on the requested resource. @ http://localhost:3000/ai:0
[ 2517401ms] [ERROR] Failed to load resource: net::ERR_FAILED @ https://api.nexusrbx.com/api/studio/status?t=1787840698791:0
[ 2523357ms] [ERROR] Access to fetch at 'https://api.nexusrbx.com/api/v2/events?afterSequence=0&t=1787840704740' from origin 'http://localhost:3000' has been blocked by CORS policy: Response to preflight request doesn't pass access control check: No 'Access-Control-Allow-Origin' header is present on the requested resource. @ http://localhost:3000/ai:0
[ 2523357ms] [ERROR] Failed to load resource: net::ERR_FAILED @ https://api.nexusrbx.com/api/v2/events?afterSequence=0&t=1787840704740:0
[ 2547578ms] [ERROR] Access to fetch at 'https://api.nexusrbx.com/api/studio/status?t=1787840728962' from origin 'http://localhost:3000' has been blocked by CORS policy: Response to preflight request doesn't pass access control check: No 'Access-Control-Allow-Origin' header is present on the requested resource. @ http://localhost:3000/ai:0
[ 2547578ms] [ERROR] Failed to load resource: net::ERR_FAILED @ https://api.nexusrbx.com/api/studio/status?t=1787840728962:0
[ 2547579ms] [ERROR] Access to fetch at 'https://api.nexusrbx.com/api/studio/mcp/status?t=1787840728962' from origin 'http://localhost:3000' has been blocked by CORS policy: Response to preflight request doesn't pass access control check: No 'Access-Control-Allow-Origin' header is present on the requested resource. @ http://localhost:3000/ai:0
[ 2547579ms] [ERROR] Failed to load resource: net::ERR_FAILED @ https://api.nexusrbx.com/api/studio/mcp/status?t=1787840728962:0
[ 2555853ms] [ERROR] Access to fetch at 'https://api.nexusrbx.com/api/v2/agents?t=1787840737246' from origin 'http://localhost:3000' has been blocked by CORS policy: Response to preflight request doesn't pass access control check: No 'Access-Control-Allow-Origin' header is present on the requested resource. @ http://localhost:3000/ai:0
[ 2555853ms] [ERROR] Failed to load resource: net::ERR_FAILED @ https://api.nexusrbx.com/api/v2/agents?t=1787840737246:0
[ 2555859ms] [ERROR] Access to fetch at 'https://api.nexusrbx.com/api/v2/events?afterSequence=0&t=1787840737248' from origin 'http://localhost:3000' has been blocked by CORS policy: Response to preflight request doesn't pass access control check: No 'Access-Control-Allow-Origin' header is present on the requested resource. @ http://localhost:3000/ai:0
[ 2555859ms] [ERROR] Failed to load resource: net::ERR_FAILED @ https://api.nexusrbx.com/api/v2/events?afterSequence=0&t=1787840737248:0
[ 2577763ms] [ERROR] Access to fetch at 'https://api.nexusrbx.com/api/studio/status?t=1787840759148' from origin 'http://localhost:3000' has been blocked by CORS policy: Response to preflight request doesn't pass access control check: No 'Access-Control-Allow-Origin' header is present on the requested resource. @ http://localhost:3000/ai:0
[ 2577764ms] [ERROR] Failed to load resource: net::ERR_FAILED @ https://api.nexusrbx.com/api/studio/status?t=1787840759148:0
[ 2577764ms] [ERROR] Access to fetch at 'https://api.nexusrbx.com/api/studio/mcp/status?t=1787840759148' from origin 'http://localhost:3000' has been blocked by CORS policy: Response to preflight request doesn't pass access control check: No 'Access-Control-Allow-Origin' header is present on the requested resource. @ http://localhost:3000/ai:0
[ 2577764ms] [ERROR] Failed to load resource: net::ERR_FAILED @ https://api.nexusrbx.com/api/studio/mcp/status?t=1787840759148:0
[ 2588354ms] [ERROR] Access to fetch at 'https://api.nexusrbx.com/api/v2/events?afterSequence=0&t=1787840769745' from origin 'http://localhost:3000' has been blocked by CORS policy: Response to preflight request doesn't pass access control check: No 'Access-Control-Allow-Origin' header is present on the requested resource. @ http://localhost:3000/ai:0
[ 2588354ms] [ERROR] Failed to load resource: net::ERR_FAILED @ https://api.nexusrbx.com/api/v2/events?afterSequence=0&t=1787840769745:0
[ 2595860ms] [ERROR] Access to fetch at 'https://api.nexusrbx.com/api/v2/agents?t=1787840777248' from origin 'http://localhost:3000' has been blocked by CORS policy: Response to preflight request doesn't pass access control check: No 'Access-Control-Allow-Origin' header is present on the requested resource. @ http://localhost:3000/ai:0
[ 2595861ms] [ERROR] Failed to load resource: net::ERR_FAILED @ https://api.nexusrbx.com/api/v2/agents?t=1787840777248:0
[ 2607941ms] [ERROR] Access to fetch at 'https://api.nexusrbx.com/api/studio/mcp/status?t=1787840789324' from origin 'http://localhost:3000' has been blocked by CORS policy: Response to preflight request doesn't pass access control check: No 'Access-Control-Allow-Origin' header is present on the requested resource. @ http://localhost:3000/ai:0
[ 2607941ms] [ERROR] Failed to load resource: net::ERR_FAILED @ https://api.nexusrbx.com/api/studio/mcp/status?t=1787840789324:0
[ 2607942ms] [ERROR] Access to fetch at 'https://api.nexusrbx.com/api/studio/status?t=1787840789324' from origin 'http://localhost:3000' has been blocked by CORS policy: Response to preflight request doesn't pass access control check: No 'Access-Control-Allow-Origin' header is present on the requested resource. @ http://localhost:3000/ai:0
[ 2607942ms] [ERROR] Failed to load resource: net::ERR_FAILED @ https://api.nexusrbx.com/api/studio/status?t=1787840789324:0
[ 2620856ms] [ERROR] Access to fetch at 'https://api.nexusrbx.com/api/v2/events?afterSequence=0&t=1787840802245' from origin 'http://localhost:3000' has been blocked by CORS policy: Response to preflight request doesn't pass access control check: No 'Access-Control-Allow-Origin' header is present on the requested resource. @ http://localhost:3000/ai:0
[ 2620856ms] [ERROR] Failed to load resource: net::ERR_FAILED @ https://api.nexusrbx.com/api/v2/events?afterSequence=0&t=1787840802245:0
[ 2635848ms] [ERROR] Access to fetch at 'https://api.nexusrbx.com/api/v2/agents?t=1787840817247' from origin 'http://localhost:3000' has been blocked by CORS policy: Response to preflight request doesn't pass access control check: No 'Access-Control-Allow-Origin' header is present on the requested resource. @ http://localhost:3000/ai:0
[ 2635848ms] [ERROR] Failed to load resource: net::ERR_FAILED @ https://api.nexusrbx.com/api/v2/agents?t=1787840817247:0
[ 2638125ms] [ERROR] Access to fetch at 'https://api.nexusrbx.com/api/studio/mcp/status?t=1787840819513' from origin 'http://localhost:3000' has been blocked by CORS policy: Response to preflight request doesn't pass access control check: No 'Access-Control-Allow-Origin' header is present on the requested resource. @ http://localhost:3000/ai:0
[ 2638125ms] [ERROR] Failed to load resource: net::ERR_FAILED @ https://api.nexusrbx.com/api/studio/mcp/status?t=1787840819513:0
[ 2638125ms] [ERROR] Access to fetch at 'https://api.nexusrbx.com/api/studio/status?t=1787840819513' from origin 'http://localhost:3000' has been blocked by CORS policy: Response to preflight request doesn't pass access control check: No 'Access-Control-Allow-Origin' header is present on the requested resource. @ http://localhost:3000/ai:0
[ 2638126ms] [ERROR] Failed to load resource: net::ERR_FAILED @ https://api.nexusrbx.com/api/studio/status?t=1787840819513:0
[ 2653342ms] [ERROR] Access to fetch at 'https://api.nexusrbx.com/api/v2/events?afterSequence=0&t=1787840834739' from origin 'http://localhost:3000' has been blocked by CORS policy: Response to preflight request doesn't pass access control check: No 'Access-Control-Allow-Origin' header is present on the requested resource. @ http://localhost:3000/ai:0
[ 2653342ms] [ERROR] Failed to load resource: net::ERR_FAILED @ https://api.nexusrbx.com/api/v2/events?afterSequence=0&t=1787840834739:0
[ 2668304ms] [ERROR] Access to fetch at 'https://api.nexusrbx.com/api/studio/status?t=1787840849692' from origin 'http://localhost:3000' has been blocked by CORS policy: Response to preflight request doesn't pass access control check: No 'Access-Control-Allow-Origin' header is present on the requested resource. @ http://localhost:3000/ai:0
[ 2668304ms] [ERROR] Failed to load resource: net::ERR_FAILED @ https://api.nexusrbx.com/api/studio/status?t=1787840849692:0
[ 2668305ms] [ERROR] Access to fetch at 'https://api.nexusrbx.com/api/studio/mcp/status?t=1787840849692' from origin 'http://localhost:3000' has been blocked by CORS policy: Response to preflight request doesn't pass access control check: No 'Access-Control-Allow-Origin' header is present on the requested resource. @ http://localhost:3000/ai:0
[ 2668305ms] [ERROR] Failed to load resource: net::ERR_FAILED @ https://api.nexusrbx.com/api/studio/mcp/status?t=1787840849692:0
[ 2675840ms] [ERROR] Access to fetch at 'https://api.nexusrbx.com/api/v2/agents?t=1787840857240' from origin 'http://localhost:3000' has been blocked by CORS policy: Response to preflight request doesn't pass access control check: No 'Access-Control-Allow-Origin' header is present on the requested resource. @ http://localhost:3000/ai:0
[ 2675841ms] [ERROR] Failed to load resource: net::ERR_FAILED @ https://api.nexusrbx.com/api/v2/agents?t=1787840857240:0
[ 2685857ms] [ERROR] Access to fetch at 'https://api.nexusrbx.com/api/v2/events?afterSequence=0&t=1787840867246' from origin 'http://localhost:3000' has been blocked by CORS policy: Response to preflight request doesn't pass access control check: No 'Access-Control-Allow-Origin' header is present on the requested resource. @ http://localhost:3000/ai:0
[ 2685857ms] [ERROR] Failed to load resource: net::ERR_FAILED @ https://api.nexusrbx.com/api/v2/events?afterSequence=0&t=1787840867246:0
[ 2698481ms] [ERROR] Access to fetch at 'https://api.nexusrbx.com/api/studio/mcp/status?t=1787840879870' from origin 'http://localhost:3000' has been blocked by CORS policy: Response to preflight request doesn't pass access control check: No 'Access-Control-Allow-Origin' header is present on the requested resource. @ http://localhost:3000/ai:0
[ 2698481ms] [ERROR] Failed to load resource: net::ERR_FAILED @ https://api.nexusrbx.com/api/studio/mcp/status?t=1787840879870:0
[ 2698482ms] [ERROR] Access to fetch at 'https://api.nexusrbx.com/api/studio/status?t=1787840879870' from origin 'http://localhost:3000' has been blocked by CORS policy: Response to preflight request doesn't pass access control check: No 'Access-Control-Allow-Origin' header is present on the requested resource. @ http://localhost:3000/ai:0
[ 2698482ms] [ERROR] Failed to load resource: net::ERR_FAILED @ https://api.nexusrbx.com/api/studio/status?t=1787840879870:0
[ 2715854ms] [ERROR] Access to fetch at 'https://api.nexusrbx.com/api/v2/agents?t=1787840897245' from origin 'http://localhost:3000' has been blocked by CORS policy: Response to preflight request doesn't pass access control check: No 'Access-Control-Allow-Origin' header is present on the requested resource. @ http://localhost:3000/ai:0
[ 2715854ms] [ERROR] Failed to load resource: net::ERR_FAILED @ https://api.nexusrbx.com/api/v2/agents?t=1787840897245:0
[ 2718351ms] [ERROR] Access to fetch at 'https://api.nexusrbx.com/api/v2/events?afterSequence=0&t=1787840899744' from origin 'http://localhost:3000' has been blocked by CORS policy: Response to preflight request doesn't pass access control check: No 'Access-Control-Allow-Origin' header is present on the requested resource. @ http://localhost:3000/ai:0
[ 2718351ms] [ERROR] Failed to load resource: net::ERR_FAILED @ https://api.nexusrbx.com/api/v2/events?afterSequence=0&t=1787840899744:0
[ 2728664ms] [ERROR] Access to fetch at 'https://api.nexusrbx.com/api/studio/mcp/status?t=1787840910052' from origin 'http://localhost:3000' has been blocked by CORS policy: Response to preflight request doesn't pass access control check: No 'Access-Control-Allow-Origin' header is present on the requested resource. @ http://localhost:3000/ai:0
[ 2728664ms] [ERROR] Failed to load resource: net::ERR_FAILED @ https://api.nexusrbx.com/api/studio/mcp/status?t=1787840910052:0
[ 2728665ms] [ERROR] Access to fetch at 'https://api.nexusrbx.com/api/studio/status?t=1787840910052' from origin 'http://localhost:3000' has been blocked by CORS policy: Response to preflight request doesn't pass access control check: No 'Access-Control-Allow-Origin' header is present on the requested resource. @ http://localhost:3000/ai:0
[ 2728665ms] [ERROR] Failed to load resource: net::ERR_FAILED @ https://api.nexusrbx.com/api/studio/status?t=1787840910052:0
[ 2746573ms] [ERROR] Access to fetch at 'https://api.nexusrbx.com/api/billing/entitlements' from origin 'http://localhost:3000' has been blocked by CORS policy: Response to preflight request doesn't pass access control check: No 'Access-Control-Allow-Origin' header is present on the requested resource. @ http://localhost:3000/ai:0
[ 2746573ms] [ERROR] Failed to load resource: net::ERR_FAILED @ https://api.nexusrbx.com/api/billing/entitlements:0
[ 2750859ms] [ERROR] Access to fetch at 'https://api.nexusrbx.com/api/v2/events?afterSequence=0&t=1787840932250' from origin 'http://localhost:3000' has been blocked by CORS policy: Response to preflight request doesn't pass access control check: No 'Access-Control-Allow-Origin' header is present on the requested resource. @ http://localhost:3000/ai:0
[ 2750859ms] [ERROR] Failed to load resource: net::ERR_FAILED @ https://api.nexusrbx.com/api/v2/events?afterSequence=0&t=1787840932250:0
[ 2755862ms] [ERROR] Access to fetch at 'https://api.nexusrbx.com/api/v2/agents?t=1787840937246' from origin 'http://localhost:3000' has been blocked by CORS policy: Response to preflight request doesn't pass access control check: No 'Access-Control-Allow-Origin' header is present on the requested resource. @ http://localhost:3000/ai:0
[ 2755863ms] [ERROR] Failed to load resource: net::ERR_FAILED @ https://api.nexusrbx.com/api/v2/agents?t=1787840937246:0
[ 2758833ms] [ERROR] Access to fetch at 'https://api.nexusrbx.com/api/studio/mcp/status?t=1787840940225' from origin 'http://localhost:3000' has been blocked by CORS policy: Response to preflight request doesn't pass access control check: No 'Access-Control-Allow-Origin' header is present on the requested resource. @ http://localhost:3000/ai:0
[ 2758833ms] [ERROR] Failed to load resource: net::ERR_FAILED @ https://api.nexusrbx.com/api/studio/mcp/status?t=1787840940225:0
[ 2758833ms] [ERROR] Access to fetch at 'https://api.nexusrbx.com/api/studio/status?t=1787840940225' from origin 'http://localhost:3000' has been blocked by CORS policy: Response to preflight request doesn't pass access control check: No 'Access-Control-Allow-Origin' header is present on the requested resource. @ http://localhost:3000/ai:0
[ 2758833ms] [ERROR] Failed to load resource: net::ERR_FAILED @ https://api.nexusrbx.com/api/studio/status?t=1787840940225:0
[ 2783355ms] [ERROR] Access to fetch at 'https://api.nexusrbx.com/api/v2/events?afterSequence=0&t=1787840964740' from origin 'http://localhost:3000' has been blocked by CORS policy: Response to preflight request doesn't pass access control check: No 'Access-Control-Allow-Origin' header is present on the requested resource. @ http://localhost:3000/ai:0
[ 2783355ms] [ERROR] Failed to load resource: net::ERR_FAILED @ https://api.nexusrbx.com/api/v2/events?afterSequence=0&t=1787840964740:0
[ 2789010ms] [ERROR] Access to fetch at 'https://api.nexusrbx.com/api/studio/mcp/status?t=1787840970399' from origin 'http://localhost:3000' has been blocked by CORS policy: Response to preflight request doesn't pass access control check: No 'Access-Control-Allow-Origin' header is present on the requested resource. @ http://localhost:3000/ai:0
[ 2789010ms] [ERROR] Failed to load resource: net::ERR_FAILED @ https://api.nexusrbx.com/api/studio/mcp/status?t=1787840970399:0
[ 2789016ms] [ERROR] Access to fetch at 'https://api.nexusrbx.com/api/studio/status?t=1787840970399' from origin 'http://localhost:3000' has been blocked by CORS policy: Response to preflight request doesn't pass access control check: No 'Access-Control-Allow-Origin' header is present on the requested resource. @ http://localhost:3000/ai:0
[ 2789016ms] [ERROR] Failed to load resource: net::ERR_FAILED @ https://api.nexusrbx.com/api/studio/status?t=1787840970399:0
[ 2795854ms] [ERROR] Access to fetch at 'https://api.nexusrbx.com/api/v2/agents?t=1787840977241' from origin 'http://localhost:3000' has been blocked by CORS policy: Response to preflight request doesn't pass access control check: No 'Access-Control-Allow-Origin' header is present on the requested resource. @ http://localhost:3000/ai:0
[ 2795854ms] [ERROR] Failed to load resource: net::ERR_FAILED @ https://api.nexusrbx.com/api/v2/agents?t=1787840977241:0
[ 2815936ms] [ERROR] Access to fetch at 'https://api.nexusrbx.com/api/v2/events?afterSequence=0&t=1787840997247' from origin 'http://localhost:3000' has been blocked by CORS policy: Response to preflight request doesn't pass access control check: No 'Access-Control-Allow-Origin' header is present on the requested resource. @ http://localhost:3000/ai:0
[ 2815936ms] [ERROR] Failed to load resource: net::ERR_FAILED @ https://api.nexusrbx.com/api/v2/events?afterSequence=0&t=1787840997247:0
[ 2819291ms] [ERROR] Access to fetch at 'https://api.nexusrbx.com/api/studio/mcp/status?t=1787841000577' from origin 'http://localhost:3000' has been blocked by CORS policy: Response to preflight request doesn't pass access control check: No 'Access-Control-Allow-Origin' header is present on the requested resource. @ http://localhost:3000/ai:0
[ 2819292ms] [ERROR] Failed to load resource: net::ERR_FAILED @ https://api.nexusrbx.com/api/studio/mcp/status?t=1787841000577:0
[ 2819292ms] [ERROR] Access to fetch at 'https://api.nexusrbx.com/api/studio/status?t=1787841000577' from origin 'http://localhost:3000' has been blocked by CORS policy: Response to preflight request doesn't pass access control check: No 'Access-Control-Allow-Origin' header is present on the requested resource. @ http://localhost:3000/ai:0
[ 2819292ms] [ERROR] Failed to load resource: net::ERR_FAILED @ https://api.nexusrbx.com/api/studio/status?t=1787841000577:0
[ 2835955ms] [ERROR] Access to fetch at 'https://api.nexusrbx.com/api/v2/agents?t=1787841017242' from origin 'http://localhost:3000' has been blocked by CORS policy: Response to preflight request doesn't pass access control check: No 'Access-Control-Allow-Origin' header is present on the requested resource. @ http://localhost:3000/ai:0
[ 2835955ms] [ERROR] Failed to load resource: net::ERR_FAILED @ https://api.nexusrbx.com/api/v2/agents?t=1787841017242:0
[ 2848472ms] [ERROR] Access to fetch at 'https://api.nexusrbx.com/api/v2/events?afterSequence=0&t=1787841029750' from origin 'http://localhost:3000' has been blocked by CORS policy: Response to preflight request doesn't pass access control check: No 'Access-Control-Allow-Origin' header is present on the requested resource. @ http://localhost:3000/ai:0
[ 2848472ms] [ERROR] Failed to load resource: net::ERR_FAILED @ https://api.nexusrbx.com/api/v2/events?afterSequence=0&t=1787841029750:0
[ 2849631ms] [ERROR] Access to fetch at 'https://api.nexusrbx.com/api/studio/status?t=1787841030857' from origin 'http://localhost:3000' has been blocked by CORS policy: Response to preflight request doesn't pass access control check: No 'Access-Control-Allow-Origin' header is present on the requested resource. @ http://localhost:3000/ai:0
[ 2849631ms] [ERROR] Failed to load resource: net::ERR_FAILED @ https://api.nexusrbx.com/api/studio/status?t=1787841030857:0
[ 2849642ms] [ERROR] Access to fetch at 'https://api.nexusrbx.com/api/studio/mcp/status?t=1787841030857' from origin 'http://localhost:3000' has been blocked by CORS policy: Response to preflight request doesn't pass access control check: No 'Access-Control-Allow-Origin' header is present on the requested resource. @ http://localhost:3000/ai:0
[ 2849643ms] [ERROR] Failed to load resource: net::ERR_FAILED @ https://api.nexusrbx.com/api/studio/mcp/status?t=1787841030857:0
[ 2875945ms] [ERROR] Access to fetch at 'https://api.nexusrbx.com/api/v2/agents?t=1787841057243' from origin 'http://localhost:3000' has been blocked by CORS policy: Response to preflight request doesn't pass access control check: No 'Access-Control-Allow-Origin' header is present on the requested resource. @ http://localhost:3000/ai:0
[ 2875945ms] [ERROR] Failed to load resource: net::ERR_FAILED @ https://api.nexusrbx.com/api/v2/agents?t=1787841057243:0
[ 2879898ms] [ERROR] Access to fetch at 'https://api.nexusrbx.com/api/studio/mcp/status?t=1787841061201' from origin 'http://localhost:3000' has been blocked by CORS policy: Response to preflight request doesn't pass access control check: No 'Access-Control-Allow-Origin' header is present on the requested resource. @ http://localhost:3000/ai:0
[ 2879898ms] [ERROR] Failed to load resource: net::ERR_FAILED @ https://api.nexusrbx.com/api/studio/mcp/status?t=1787841061201:0
[ 2879899ms] [ERROR] Access to fetch at 'https://api.nexusrbx.com/api/studio/status?t=1787841061201' from origin 'http://localhost:3000' has been blocked by CORS policy: Response to preflight request doesn't pass access control check: No 'Access-Control-Allow-Origin' header is present on the requested resource. @ http://localhost:3000/ai:0
[ 2879899ms] [ERROR] Failed to load resource: net::ERR_FAILED @ https://api.nexusrbx.com/api/studio/status?t=1787841061201:0
[ 2880964ms] [ERROR] Access to fetch at 'https://api.nexusrbx.com/api/v2/events?afterSequence=0&t=1787841062256' from origin 'http://localhost:3000' has been blocked by CORS policy: Response to preflight request doesn't pass access control check: No 'Access-Control-Allow-Origin' header is present on the requested resource. @ http://localhost:3000/ai:0
[ 2880964ms] [ERROR] Failed to load resource: net::ERR_FAILED @ https://api.nexusrbx.com/api/v2/events?afterSequence=0&t=1787841062256:0
[ 2910163ms] [ERROR] Access to fetch at 'https://api.nexusrbx.com/api/studio/mcp/status?t=1787841091468' from origin 'http://localhost:3000' has been blocked by CORS policy: Response to preflight request doesn't pass access control check: No 'Access-Control-Allow-Origin' header is present on the requested resource. @ http://localhost:3000/ai:0
[ 2910163ms] [ERROR] Failed to load resource: net::ERR_FAILED @ https://api.nexusrbx.com/api/studio/mcp/status?t=1787841091468:0
[ 2910163ms] [ERROR] Access to fetch at 'https://api.nexusrbx.com/api/studio/status?t=1787841091468' from origin 'http://localhost:3000' has been blocked by CORS policy: Response to preflight request doesn't pass access control check: No 'Access-Control-Allow-Origin' header is present on the requested resource. @ http://localhost:3000/ai:0
[ 2910164ms] [ERROR] Failed to load resource: net::ERR_FAILED @ https://api.nexusrbx.com/api/studio/status?t=1787841091468:0
[ 2913448ms] [ERROR] Access to fetch at 'https://api.nexusrbx.com/api/v2/events?afterSequence=0&t=1787841094748' from origin 'http://localhost:3000' has been blocked by CORS policy: Response to preflight request doesn't pass access control check: No 'Access-Control-Allow-Origin' header is present on the requested resource. @ http://localhost:3000/ai:0
[ 2913448ms] [ERROR] Failed to load resource: net::ERR_FAILED @ https://api.nexusrbx.com/api/v2/events?afterSequence=0&t=1787841094748:0
[ 2915927ms] [ERROR] Access to fetch at 'https://api.nexusrbx.com/api/v2/agents?t=1787841097243' from origin 'http://localhost:3000' has been blocked by CORS policy: Response to preflight request doesn't pass access control check: No 'Access-Control-Allow-Origin' header is present on the requested resource. @ http://localhost:3000/ai:0
[ 2915927ms] [ERROR] Failed to load resource: net::ERR_FAILED @ https://api.nexusrbx.com/api/v2/agents?t=1787841097243:0
[ 2940407ms] [ERROR] Access to fetch at 'https://api.nexusrbx.com/api/studio/mcp/status?t=1787841121726' from origin 'http://localhost:3000' has been blocked by CORS policy: Response to preflight request doesn't pass access control check: No 'Access-Control-Allow-Origin' header is present on the requested resource. @ http://localhost:3000/ai:0
[ 2940407ms] [ERROR] Failed to load resource: net::ERR_FAILED @ https://api.nexusrbx.com/api/studio/mcp/status?t=1787841121726:0
[ 2940407ms] [ERROR] Access to fetch at 'https://api.nexusrbx.com/api/studio/status?t=1787841121726' from origin 'http://localhost:3000' has been blocked by CORS policy: Response to preflight request doesn't pass access control check: No 'Access-Control-Allow-Origin' header is present on the requested resource. @ http://localhost:3000/ai:0
[ 2940408ms] [ERROR] Failed to load resource: net::ERR_FAILED @ https://api.nexusrbx.com/api/studio/status?t=1787841121726:0
[ 2945945ms] [ERROR] Access to fetch at 'https://api.nexusrbx.com/api/v2/events?afterSequence=0&t=1787841127245' from origin 'http://localhost:3000' has been blocked by CORS policy: Response to preflight request doesn't pass access control check: No 'Access-Control-Allow-Origin' header is present on the requested resource. @ http://localhost:3000/ai:0
[ 2945945ms] [ERROR] Failed to load resource: net::ERR_FAILED @ https://api.nexusrbx.com/api/v2/events?afterSequence=0&t=1787841127245:0
[ 2955919ms] [ERROR] Access to fetch at 'https://api.nexusrbx.com/api/v2/agents?t=1787841137240' from origin 'http://localhost:3000' has been blocked by CORS policy: Response to preflight request doesn't pass access control check: No 'Access-Control-Allow-Origin' header is present on the requested resource. @ http://localhost:3000/ai:0
[ 2955919ms] [ERROR] Failed to load resource: net::ERR_FAILED @ https://api.nexusrbx.com/api/v2/agents?t=1787841137240:0
[ 2970585ms] [ERROR] Access to fetch at 'https://api.nexusrbx.com/api/studio/status?t=1787841151971' from origin 'http://localhost:3000' has been blocked by CORS policy: Response to preflight request doesn't pass access control check: No 'Access-Control-Allow-Origin' header is present on the requested resource. @ http://localhost:3000/ai:0
[ 2970585ms] [ERROR] Failed to load resource: net::ERR_FAILED @ https://api.nexusrbx.com/api/studio/status?t=1787841151971:0
[ 2970596ms] [ERROR] Access to fetch at 'https://api.nexusrbx.com/api/studio/mcp/status?t=1787841151971' from origin 'http://localhost:3000' has been blocked by CORS policy: Response to preflight request doesn't pass access control check: No 'Access-Control-Allow-Origin' header is present on the requested resource. @ http://localhost:3000/ai:0
[ 2970596ms] [ERROR] Failed to load resource: net::ERR_FAILED @ https://api.nexusrbx.com/api/studio/mcp/status?t=1787841151971:0
[ 2978389ms] [ERROR] Access to fetch at 'https://api.nexusrbx.com/api/v2/events?afterSequence=0&t=1787841159748' from origin 'http://localhost:3000' has been blocked by CORS policy: Response to preflight request doesn't pass access control check: No 'Access-Control-Allow-Origin' header is present on the requested resource. @ http://localhost:3000/ai:0
[ 2978389ms] [ERROR] Failed to load resource: net::ERR_FAILED @ https://api.nexusrbx.com/api/v2/events?afterSequence=0&t=1787841159748:0
[ 2995891ms] [ERROR] Access to fetch at 'https://api.nexusrbx.com/api/v2/agents?t=1787841177247' from origin 'http://localhost:3000' has been blocked by CORS policy: Response to preflight request doesn't pass access control check: No 'Access-Control-Allow-Origin' header is present on the requested resource. @ http://localhost:3000/ai:0
[ 2995891ms] [ERROR] Failed to load resource: net::ERR_FAILED @ https://api.nexusrbx.com/api/v2/agents?t=1787841177247:0
[ 3000804ms] [ERROR] Access to fetch at 'https://api.nexusrbx.com/api/studio/status?t=1787841182156' from origin 'http://localhost:3000' has been blocked by CORS policy: Response to preflight request doesn't pass access control check: No 'Access-Control-Allow-Origin' header is present on the requested resource. @ http://localhost:3000/ai:0
[ 3000804ms] [ERROR] Failed to load resource: net::ERR_FAILED @ https://api.nexusrbx.com/api/studio/status?t=1787841182156:0
[ 3000810ms] [ERROR] Access to fetch at 'https://api.nexusrbx.com/api/studio/mcp/status?t=1787841182156' from origin 'http://localhost:3000' has been blocked by CORS policy: Response to preflight request doesn't pass access control check: No 'Access-Control-Allow-Origin' header is present on the requested resource. @ http://localhost:3000/ai:0
[ 3000810ms] [ERROR] Failed to load resource: net::ERR_FAILED @ https://api.nexusrbx.com/api/studio/mcp/status?t=1787841182156:0
[ 3010851ms] [ERROR] Access to fetch at 'https://api.nexusrbx.com/api/v2/events?afterSequence=0&t=1787841192245' from origin 'http://localhost:3000' has been blocked by CORS policy: Response to preflight request doesn't pass access control check: No 'Access-Control-Allow-Origin' header is present on the requested resource. @ http://localhost:3000/ai:0
[ 3010851ms] [ERROR] Failed to load resource: net::ERR_FAILED @ https://api.nexusrbx.com/api/v2/events?afterSequence=0&t=1787841192245:0
[ 3030982ms] [ERROR] Access to fetch at 'https://api.nexusrbx.com/api/studio/status?t=1787841212371' from origin 'http://localhost:3000' has been blocked by CORS policy: Response to preflight request doesn't pass access control check: No 'Access-Control-Allow-Origin' header is present on the requested resource. @ http://localhost:3000/ai:0
[ 3030982ms] [ERROR] Failed to load resource: net::ERR_FAILED @ https://api.nexusrbx.com/api/studio/status?t=1787841212371:0
[ 3030986ms] [ERROR] Access to fetch at 'https://api.nexusrbx.com/api/studio/mcp/status?t=1787841212372' from origin 'http://localhost:3000' has been blocked by CORS policy: Response to preflight request doesn't pass access control check: No 'Access-Control-Allow-Origin' header is present on the requested resource. @ http://localhost:3000/ai:0
[ 3030986ms] [ERROR] Failed to load resource: net::ERR_FAILED @ https://api.nexusrbx.com/api/studio/mcp/status?t=1787841212372:0
[ 3035852ms] [ERROR] Access to fetch at 'https://api.nexusrbx.com/api/v2/agents?t=1787841217244' from origin 'http://localhost:3000' has been blocked by CORS policy: Response to preflight request doesn't pass access control check: No 'Access-Control-Allow-Origin' header is present on the requested resource. @ http://localhost:3000/ai:0
[ 3035852ms] [ERROR] Failed to load resource: net::ERR_FAILED @ https://api.nexusrbx.com/api/v2/agents?t=1787841217244:0
[ 3043375ms] [ERROR] Access to fetch at 'https://api.nexusrbx.com/api/v2/events?afterSequence=0&t=1787841224754' from origin 'http://localhost:3000' has been blocked by CORS policy: Response to preflight request doesn't pass access control check: No 'Access-Control-Allow-Origin' header is present on the requested resource. @ http://localhost:3000/ai:0
[ 3043376ms] [ERROR] Failed to load resource: net::ERR_FAILED @ https://api.nexusrbx.com/api/v2/events?afterSequence=0&t=1787841224754:0
[ 3046743ms] [ERROR] Access to fetch at 'https://api.nexusrbx.com/api/billing/entitlements' from origin 'http://localhost:3000' has been blocked by CORS policy: Response to preflight request doesn't pass access control check: No 'Access-Control-Allow-Origin' header is present on the requested resource. @ http://localhost:3000/ai:0
[ 3046743ms] [ERROR] Failed to load resource: net::ERR_FAILED @ https://api.nexusrbx.com/api/billing/entitlements:0
[ 3061164ms] [ERROR] Access to fetch at 'https://api.nexusrbx.com/api/studio/status?t=1787841242546' from origin 'http://localhost:3000' has been blocked by CORS policy: Response to preflight request doesn't pass access control check: No 'Access-Control-Allow-Origin' header is present on the requested resource. @ http://localhost:3000/ai:0
[ 3061164ms] [ERROR] Failed to load resource: net::ERR_FAILED @ https://api.nexusrbx.com/api/studio/status?t=1787841242546:0
[ 3061165ms] [ERROR] Access to fetch at 'https://api.nexusrbx.com/api/studio/mcp/status?t=1787841242546' from origin 'http://localhost:3000' has been blocked by CORS policy: Response to preflight request doesn't pass access control check: No 'Access-Control-Allow-Origin' header is present on the requested resource. @ http://localhost:3000/ai:0
[ 3061165ms] [ERROR] Failed to load resource: net::ERR_FAILED @ https://api.nexusrbx.com/api/studio/mcp/status?t=1787841242546:0
[ 3075866ms] [ERROR] Access to fetch at 'https://api.nexusrbx.com/api/v2/agents?t=1787841257244' from origin 'http://localhost:3000' has been blocked by CORS policy: Response to preflight request doesn't pass access control check: No 'Access-Control-Allow-Origin' header is present on the requested resource. @ http://localhost:3000/ai:0
[ 3075866ms] [ERROR] Failed to load resource: net::ERR_FAILED @ https://api.nexusrbx.com/api/v2/agents?t=1787841257244:0
[ 3075871ms] [ERROR] Access to fetch at 'https://api.nexusrbx.com/api/v2/events?afterSequence=0&t=1787841257245' from origin 'http://localhost:3000' has been blocked by CORS policy: Response to preflight request doesn't pass access control check: No 'Access-Control-Allow-Origin' header is present on the requested resource. @ http://localhost:3000/ai:0
[ 3075871ms] [ERROR] Failed to load resource: net::ERR_FAILED @ https://api.nexusrbx.com/api/v2/events?afterSequence=0&t=1787841257245:0
[ 3091348ms] [ERROR] Access to fetch at 'https://api.nexusrbx.com/api/studio/status?t=1787841272738' from origin 'http://localhost:3000' has been blocked by CORS policy: Response to preflight request doesn't pass access control check: No 'Access-Control-Allow-Origin' header is present on the requested resource. @ http://localhost:3000/ai:0
[ 3091348ms] [ERROR] Failed to load resource: net::ERR_FAILED @ https://api.nexusrbx.com/api/studio/status?t=1787841272738:0
[ 3091356ms] [ERROR] Access to fetch at 'https://api.nexusrbx.com/api/studio/mcp/status?t=1787841272739' from origin 'http://localhost:3000' has been blocked by CORS policy: Response to preflight request doesn't pass access control check: No 'Access-Control-Allow-Origin' header is present on the requested resource. @ http://localhost:3000/ai:0
[ 3091356ms] [ERROR] Failed to load resource: net::ERR_FAILED @ https://api.nexusrbx.com/api/studio/mcp/status?t=1787841272739:0
[ 3108366ms] [ERROR] Access to fetch at 'https://api.nexusrbx.com/api/v2/events?afterSequence=0&t=1787841289742' from origin 'http://localhost:3000' has been blocked by CORS policy: Response to preflight request doesn't pass access control check: No 'Access-Control-Allow-Origin' header is present on the requested resource. @ http://localhost:3000/ai:0
[ 3108367ms] [ERROR] Failed to load resource: net::ERR_FAILED @ https://api.nexusrbx.com/api/v2/events?afterSequence=0&t=1787841289742:0
[ 3115879ms] [ERROR] Access to fetch at 'https://api.nexusrbx.com/api/v2/agents?t=1787841297247' from origin 'http://localhost:3000' has been blocked by CORS policy: Response to preflight request doesn't pass access control check: No 'Access-Control-Allow-Origin' header is present on the requested resource. @ http://localhost:3000/ai:0
[ 3115879ms] [ERROR] Failed to load resource: net::ERR_FAILED @ https://api.nexusrbx.com/api/v2/agents?t=1787841297247:0
[ 3121553ms] [ERROR] Access to fetch at 'https://api.nexusrbx.com/api/studio/status?t=1787841302918' from origin 'http://localhost:3000' has been blocked by CORS policy: Response to preflight request doesn't pass access control check: No 'Access-Control-Allow-Origin' header is present on the requested resource. @ http://localhost:3000/ai:0
[ 3121553ms] [ERROR] Failed to load resource: net::ERR_FAILED @ https://api.nexusrbx.com/api/studio/status?t=1787841302918:0
[ 3121553ms] [ERROR] Access to fetch at 'https://api.nexusrbx.com/api/studio/mcp/status?t=1787841302918' from origin 'http://localhost:3000' has been blocked by CORS policy: Response to preflight request doesn't pass access control check: No 'Access-Control-Allow-Origin' header is present on the requested resource. @ http://localhost:3000/ai:0
[ 3121553ms] [ERROR] Failed to load resource: net::ERR_FAILED @ https://api.nexusrbx.com/api/studio/mcp/status?t=1787841302918:0
[ 3140898ms] [ERROR] Access to fetch at 'https://api.nexusrbx.com/api/v2/events?afterSequence=0&t=1787841322241' from origin 'http://localhost:3000' has been blocked by CORS policy: Response to preflight request doesn't pass access control check: No 'Access-Control-Allow-Origin' header is present on the requested resource. @ http://localhost:3000/ai:0
[ 3140898ms] [ERROR] Failed to load resource: net::ERR_FAILED @ https://api.nexusrbx.com/api/v2/events?afterSequence=0&t=1787841322241:0
[ 3151730ms] [ERROR] Access to fetch at 'https://api.nexusrbx.com/api/studio/status?t=1787841333118' from origin 'http://localhost:3000' has been blocked by CORS policy: Response to preflight request doesn't pass access control check: No 'Access-Control-Allow-Origin' header is present on the requested resource. @ http://localhost:3000/ai:0
[ 3151730ms] [ERROR] Failed to load resource: net::ERR_FAILED @ https://api.nexusrbx.com/api/studio/status?t=1787841333118:0
[ 3151761ms] [ERROR] Access to fetch at 'https://api.nexusrbx.com/api/studio/mcp/status?t=1787841333118' from origin 'http://localhost:3000' has been blocked by CORS policy: Response to preflight request doesn't pass access control check: No 'Access-Control-Allow-Origin' header is present on the requested resource. @ http://localhost:3000/ai:0
[ 3151761ms] [ERROR] Failed to load resource: net::ERR_FAILED @ https://api.nexusrbx.com/api/studio/mcp/status?t=1787841333118:0
[ 3155859ms] [ERROR] Access to fetch at 'https://api.nexusrbx.com/api/v2/agents?t=1787841337241' from origin 'http://localhost:3000' has been blocked by CORS policy: Response to preflight request doesn't pass access control check: No 'Access-Control-Allow-Origin' header is present on the requested resource. @ http://localhost:3000/ai:0
[ 3155859ms] [ERROR] Failed to load resource: net::ERR_FAILED @ https://api.nexusrbx.com/api/v2/agents?t=1787841337241:0
[ 3173380ms] [ERROR] Access to fetch at 'https://api.nexusrbx.com/api/v2/events?afterSequence=0&t=1787841354749' from origin 'http://localhost:3000' has been blocked by CORS policy: Response to preflight request doesn't pass access control check: No 'Access-Control-Allow-Origin' header is present on the requested resource. @ http://localhost:3000/ai:0
[ 3173380ms] [ERROR] Failed to load resource: net::ERR_FAILED @ https://api.nexusrbx.com/api/v2/events?afterSequence=0&t=1787841354749:0
[ 3181959ms] [ERROR] Access to fetch at 'https://api.nexusrbx.com/api/studio/mcp/status?t=1787841363324' from origin 'http://localhost:3000' has been blocked by CORS policy: Response to preflight request doesn't pass access control check: No 'Access-Control-Allow-Origin' header is present on the requested resource. @ http://localhost:3000/ai:0
[ 3181959ms] [ERROR] Failed to load resource: net::ERR_FAILED @ https://api.nexusrbx.com/api/studio/mcp/status?t=1787841363324:0
[ 3181959ms] [ERROR] Access to fetch at 'https://api.nexusrbx.com/api/studio/status?t=1787841363323' from origin 'http://localhost:3000' has been blocked by CORS policy: Response to preflight request doesn't pass access control check: No 'Access-Control-Allow-Origin' header is present on the requested resource. @ http://localhost:3000/ai:0
[ 3181959ms] [ERROR] Failed to load resource: net::ERR_FAILED @ https://api.nexusrbx.com/api/studio/status?t=1787841363323:0
[ 3195868ms] [ERROR] Access to fetch at 'https://api.nexusrbx.com/api/v2/agents?t=1787841377248' from origin 'http://localhost:3000' has been blocked by CORS policy: Response to preflight request doesn't pass access control check: No 'Access-Control-Allow-Origin' header is present on the requested resource. @ http://localhost:3000/ai:0
[ 3195868ms] [ERROR] Failed to load resource: net::ERR_FAILED @ https://api.nexusrbx.com/api/v2/agents?t=1787841377248:0
[ 3205876ms] [ERROR] Access to fetch at 'https://api.nexusrbx.com/api/v2/events?afterSequence=0&t=1787841387249' from origin 'http://localhost:3000' has been blocked by CORS policy: Response to preflight request doesn't pass access control check: No 'Access-Control-Allow-Origin' header is present on the requested resource. @ http://localhost:3000/ai:0
[ 3205876ms] [ERROR] Failed to load resource: net::ERR_FAILED @ https://api.nexusrbx.com/api/v2/events?afterSequence=0&t=1787841387249:0
[ 3212177ms] [ERROR] Access to fetch at 'https://api.nexusrbx.com/api/studio/status?t=1787841393524' from origin 'http://localhost:3000' has been blocked by CORS policy: Response to preflight request doesn't pass access control check: No 'Access-Control-Allow-Origin' header is present on the requested resource. @ http://localhost:3000/ai:0
[ 3212177ms] [ERROR] Failed to load resource: net::ERR_FAILED @ https://api.nexusrbx.com/api/studio/status?t=1787841393524:0
[ 3212181ms] [ERROR] Access to fetch at 'https://api.nexusrbx.com/api/studio/mcp/status?t=1787841393524' from origin 'http://localhost:3000' has been blocked by CORS policy: Response to preflight request doesn't pass access control check: No 'Access-Control-Allow-Origin' header is present on the requested resource. @ http://localhost:3000/ai:0
[ 3212181ms] [ERROR] Failed to load resource: net::ERR_FAILED @ https://api.nexusrbx.com/api/studio/mcp/status?t=1787841393524:0
[ 3235854ms] [ERROR] Access to fetch at 'https://api.nexusrbx.com/api/v2/agents?t=1787841417247' from origin 'http://localhost:3000' has been blocked by CORS policy: Response to preflight request doesn't pass access control check: No 'Access-Control-Allow-Origin' header is present on the requested resource. @ http://localhost:3000/ai:0
[ 3235854ms] [ERROR] Failed to load resource: net::ERR_FAILED @ https://api.nexusrbx.com/api/v2/agents?t=1787841417247:0
[ 3238383ms] [ERROR] Access to fetch at 'https://api.nexusrbx.com/api/v2/events?afterSequence=0&t=1787841419750' from origin 'http://localhost:3000' has been blocked by CORS policy: Response to preflight request doesn't pass access control check: No 'Access-Control-Allow-Origin' header is present on the requested resource. @ http://localhost:3000/ai:0
[ 3238383ms] [ERROR] Failed to load resource: net::ERR_FAILED @ https://api.nexusrbx.com/api/v2/events?afterSequence=0&t=1787841419750:0
[ 3242349ms] [ERROR] Access to fetch at 'https://api.nexusrbx.com/api/studio/status?t=1787841423740' from origin 'http://localhost:3000' has been blocked by CORS policy: Response to preflight request doesn't pass access control check: No 'Access-Control-Allow-Origin' header is present on the requested resource. @ http://localhost:3000/ai:0
[ 3242349ms] [ERROR] Failed to load resource: net::ERR_FAILED @ https://api.nexusrbx.com/api/studio/status?t=1787841423740:0
[ 3242349ms] [ERROR] Access to fetch at 'https://api.nexusrbx.com/api/studio/mcp/status?t=1787841423740' from origin 'http://localhost:3000' has been blocked by CORS policy: Response to preflight request doesn't pass access control check: No 'Access-Control-Allow-Origin' header is present on the requested resource. @ http://localhost:3000/ai:0
[ 3242349ms] [ERROR] Failed to load resource: net::ERR_FAILED @ https://api.nexusrbx.com/api/studio/mcp/status?t=1787841423740:0
[ 3270883ms] [ERROR] Access to fetch at 'https://api.nexusrbx.com/api/v2/events?afterSequence=0&t=1787841452256' from origin 'http://localhost:3000' has been blocked by CORS policy: Response to preflight request doesn't pass access control check: No 'Access-Control-Allow-Origin' header is present on the requested resource. @ http://localhost:3000/ai:0
[ 3270883ms] [ERROR] Failed to load resource: net::ERR_FAILED @ https://api.nexusrbx.com/api/v2/events?afterSequence=0&t=1787841452256:0
[ 3272519ms] [ERROR] Access to fetch at 'https://api.nexusrbx.com/api/studio/status?t=1787841453907' from origin 'http://localhost:3000' has been blocked by CORS policy: Response to preflight request doesn't pass access control check: No 'Access-Control-Allow-Origin' header is present on the requested resource. @ http://localhost:3000/ai:0
[ 3272519ms] [ERROR] Failed to load resource: net::ERR_FAILED @ https://api.nexusrbx.com/api/studio/status?t=1787841453907:0
[ 3272525ms] [ERROR] Access to fetch at 'https://api.nexusrbx.com/api/studio/mcp/status?t=1787841453907' from origin 'http://localhost:3000' has been blocked by CORS policy: Response to preflight request doesn't pass access control check: No 'Access-Control-Allow-Origin' header is present on the requested resource. @ http://localhost:3000/ai:0
[ 3272525ms] [ERROR] Failed to load resource: net::ERR_FAILED @ https://api.nexusrbx.com/api/studio/mcp/status?t=1787841453907:0
[ 3275864ms] [ERROR] Access to fetch at 'https://api.nexusrbx.com/api/v2/agents?t=1787841457251' from origin 'http://localhost:3000' has been blocked by CORS policy: Response to preflight request doesn't pass access control check: No 'Access-Control-Allow-Origin' header is present on the requested resource. @ http://localhost:3000/ai:0
[ 3275864ms] [ERROR] Failed to load resource: net::ERR_FAILED @ https://api.nexusrbx.com/api/v2/agents?t=1787841457251:0
[ 3302702ms] [ERROR] Access to fetch at 'https://api.nexusrbx.com/api/studio/status?t=1787841484089' from origin 'http://localhost:3000' has been blocked by CORS policy: Response to preflight request doesn't pass access control check: No 'Access-Control-Allow-Origin' header is present on the requested resource. @ http://localhost:3000/ai:0
[ 3302702ms] [ERROR] Failed to load resource: net::ERR_FAILED @ https://api.nexusrbx.com/api/studio/status?t=1787841484089:0
[ 3302711ms] [ERROR] Access to fetch at 'https://api.nexusrbx.com/api/studio/mcp/status?t=1787841484089' from origin 'http://localhost:3000' has been blocked by CORS policy: Response to preflight request doesn't pass access control check: No 'Access-Control-Allow-Origin' header is present on the requested resource. @ http://localhost:3000/ai:0
[ 3302711ms] [ERROR] Failed to load resource: net::ERR_FAILED @ https://api.nexusrbx.com/api/studio/mcp/status?t=1787841484089:0
[ 3303369ms] [ERROR] Access to fetch at 'https://api.nexusrbx.com/api/v2/events?afterSequence=0&t=1787841484748' from origin 'http://localhost:3000' has been blocked by CORS policy: Response to preflight request doesn't pass access control check: No 'Access-Control-Allow-Origin' header is present on the requested resource. @ http://localhost:3000/ai:0
[ 3303370ms] [ERROR] Failed to load resource: net::ERR_FAILED @ https://api.nexusrbx.com/api/v2/events?afterSequence=0&t=1787841484748:0
[ 3315888ms] [ERROR] Access to fetch at 'https://api.nexusrbx.com/api/v2/agents?t=1787841497250' from origin 'http://localhost:3000' has been blocked by CORS policy: Response to preflight request doesn't pass access control check: No 'Access-Control-Allow-Origin' header is present on the requested resource. @ http://localhost:3000/ai:0
[ 3315888ms] [ERROR] Failed to load resource: net::ERR_FAILED @ https://api.nexusrbx.com/api/v2/agents?t=1787841497250:0
[ 3332902ms] [ERROR] Access to fetch at 'https://api.nexusrbx.com/api/studio/status?t=1787841514273' from origin 'http://localhost:3000' has been blocked by CORS policy: Response to preflight request doesn't pass access control check: No 'Access-Control-Allow-Origin' header is present on the requested resource. @ http://localhost:3000/ai:0
[ 3332902ms] [ERROR] Failed to load resource: net::ERR_FAILED @ https://api.nexusrbx.com/api/studio/status?t=1787841514273:0
[ 3332902ms] [ERROR] Access to fetch at 'https://api.nexusrbx.com/api/studio/mcp/status?t=1787841514273' from origin 'http://localhost:3000' has been blocked by CORS policy: Response to preflight request doesn't pass access control check: No 'Access-Control-Allow-Origin' header is present on the requested resource. @ http://localhost:3000/ai:0
[ 3332902ms] [ERROR] Failed to load resource: net::ERR_FAILED @ https://api.nexusrbx.com/api/studio/mcp/status?t=1787841514273:0
[ 3335854ms] [ERROR] Access to fetch at 'https://api.nexusrbx.com/api/v2/events?afterSequence=0&t=1787841517247' from origin 'http://localhost:3000' has been blocked by CORS policy: Response to preflight request doesn't pass access control check: No 'Access-Control-Allow-Origin' header is present on the requested resource. @ http://localhost:3000/ai:0
[ 3335855ms] [ERROR] Failed to load resource: net::ERR_FAILED @ https://api.nexusrbx.com/api/v2/events?afterSequence=0&t=1787841517247:0
[ 3346940ms] [ERROR] Access to fetch at 'https://api.nexusrbx.com/api/billing/entitlements' from origin 'http://localhost:3000' has been blocked by CORS policy: Response to preflight request doesn't pass access control check: No 'Access-Control-Allow-Origin' header is present on the requested resource. @ http://localhost:3000/ai:0
[ 3346940ms] [ERROR] Failed to load resource: net::ERR_FAILED @ https://api.nexusrbx.com/api/billing/entitlements:0
[ 3355870ms] [ERROR] Access to fetch at 'https://api.nexusrbx.com/api/v2/agents?t=1787841537250' from origin 'http://localhost:3000' has been blocked by CORS policy: Response to preflight request doesn't pass access control check: No 'Access-Control-Allow-Origin' header is present on the requested resource. @ http://localhost:3000/ai:0
[ 3355870ms] [ERROR] Failed to load resource: net::ERR_FAILED @ https://api.nexusrbx.com/api/v2/agents?t=1787841537250:0
[ 3363081ms] [ERROR] Access to fetch at 'https://api.nexusrbx.com/api/studio/mcp/status?t=1787841544461' from origin 'http://localhost:3000' has been blocked by CORS policy: Response to preflight request doesn't pass access control check: No 'Access-Control-Allow-Origin' header is present on the requested resource. @ http://localhost:3000/ai:0
[ 3363081ms] [ERROR] Failed to load resource: net::ERR_FAILED @ https://api.nexusrbx.com/api/studio/mcp/status?t=1787841544461:0
[ 3363081ms] [ERROR] Access to fetch at 'https://api.nexusrbx.com/api/studio/status?t=1787841544461' from origin 'http://localhost:3000' has been blocked by CORS policy: Response to preflight request doesn't pass access control check: No 'Access-Control-Allow-Origin' header is present on the requested resource. @ http://localhost:3000/ai:0
[ 3363081ms] [ERROR] Failed to load resource: net::ERR_FAILED @ https://api.nexusrbx.com/api/studio/status?t=1787841544461:0
[ 3368359ms] [ERROR] Access to fetch at 'https://api.nexusrbx.com/api/v2/events?afterSequence=0&t=1787841549749' from origin 'http://localhost:3000' has been blocked by CORS policy: Response to preflight request doesn't pass access control check: No 'Access-Control-Allow-Origin' header is present on the requested resource. @ http://localhost:3000/ai:0
[ 3368359ms] [ERROR] Failed to load resource: net::ERR_FAILED @ https://api.nexusrbx.com/api/v2/events?afterSequence=0&t=1787841549749:0
[ 3393256ms] [ERROR] Access to fetch at 'https://api.nexusrbx.com/api/studio/status?t=1787841574644' from origin 'http://localhost:3000' has been blocked by CORS policy: Response to preflight request doesn't pass access control check: No 'Access-Control-Allow-Origin' header is present on the requested resource. @ http://localhost:3000/ai:0
[ 3393256ms] [ERROR] Failed to load resource: net::ERR_FAILED @ https://api.nexusrbx.com/api/studio/status?t=1787841574644:0
[ 3393258ms] [ERROR] Access to fetch at 'https://api.nexusrbx.com/api/studio/mcp/status?t=1787841574644' from origin 'http://localhost:3000' has been blocked by CORS policy: Response to preflight request doesn't pass access control check: No 'Access-Control-Allow-Origin' header is present on the requested resource. @ http://localhost:3000/ai:0
[ 3393258ms] [ERROR] Failed to load resource: net::ERR_FAILED @ https://api.nexusrbx.com/api/studio/mcp/status?t=1787841574644:0
[ 3395854ms] [ERROR] Access to fetch at 'https://api.nexusrbx.com/api/v2/agents?t=1787841577245' from origin 'http://localhost:3000' has been blocked by CORS policy: Response to preflight request doesn't pass access control check: No 'Access-Control-Allow-Origin' header is present on the requested resource. @ http://localhost:3000/ai:0
[ 3395854ms] [ERROR] Failed to load resource: net::ERR_FAILED @ https://api.nexusrbx.com/api/v2/agents?t=1787841577245:0
[ 3400853ms] [ERROR] Access to fetch at 'https://api.nexusrbx.com/api/v2/events?afterSequence=0&t=1787841582247' from origin 'http://localhost:3000' has been blocked by CORS policy: Response to preflight request doesn't pass access control check: No 'Access-Control-Allow-Origin' header is present on the requested resource. @ http://localhost:3000/ai:0
[ 3400854ms] [ERROR] Failed to load resource: net::ERR_FAILED @ https://api.nexusrbx.com/api/v2/events?afterSequence=0&t=1787841582247:0
[ 3423439ms] [ERROR] Access to fetch at 'https://api.nexusrbx.com/api/studio/mcp/status?t=1787841604822' from origin 'http://localhost:3000' has been blocked by CORS policy: Response to preflight request doesn't pass access control check: No 'Access-Control-Allow-Origin' header is present on the requested resource. @ http://localhost:3000/ai:0
[ 3423439ms] [ERROR] Failed to load resource: net::ERR_FAILED @ https://api.nexusrbx.com/api/studio/mcp/status?t=1787841604822:0
[ 3423440ms] [ERROR] Access to fetch at 'https://api.nexusrbx.com/api/studio/status?t=1787841604822' from origin 'http://localhost:3000' has been blocked by CORS policy: Response to preflight request doesn't pass access control check: No 'Access-Control-Allow-Origin' header is present on the requested resource. @ http://localhost:3000/ai:0
[ 3423440ms] [ERROR] Failed to load resource: net::ERR_FAILED @ https://api.nexusrbx.com/api/studio/status?t=1787841604822:0
[ 3433359ms] [ERROR] Access to fetch at 'https://api.nexusrbx.com/api/v2/events?afterSequence=0&t=1787841614747' from origin 'http://localhost:3000' has been blocked by CORS policy: Response to preflight request doesn't pass access control check: No 'Access-Control-Allow-Origin' header is present on the requested resource. @ http://localhost:3000/ai:0
[ 3433359ms] [ERROR] Failed to load resource: net::ERR_FAILED @ https://api.nexusrbx.com/api/v2/events?afterSequence=0&t=1787841614747:0
[ 3435878ms] [ERROR] Access to fetch at 'https://api.nexusrbx.com/api/v2/agents?t=1787841617253' from origin 'http://localhost:3000' has been blocked by CORS policy: Response to preflight request doesn't pass access control check: No 'Access-Control-Allow-Origin' header is present on the requested resource. @ http://localhost:3000/ai:0
[ 3435878ms] [ERROR] Failed to load resource: net::ERR_FAILED @ https://api.nexusrbx.com/api/v2/agents?t=1787841617253:0
[ 3453614ms] [ERROR] Access to fetch at 'https://api.nexusrbx.com/api/studio/status?t=1787841635001' from origin 'http://localhost:3000' has been blocked by CORS policy: Response to preflight request doesn't pass access control check: No 'Access-Control-Allow-Origin' header is present on the requested resource. @ http://localhost:3000/ai:0
[ 3453614ms] [ERROR] Failed to load resource: net::ERR_FAILED @ https://api.nexusrbx.com/api/studio/status?t=1787841635001:0
[ 3453618ms] [ERROR] Access to fetch at 'https://api.nexusrbx.com/api/studio/mcp/status?t=1787841635002' from origin 'http://localhost:3000' has been blocked by CORS policy: Response to preflight request doesn't pass access control check: No 'Access-Control-Allow-Origin' header is present on the requested resource. @ http://localhost:3000/ai:0
[ 3453618ms] [ERROR] Failed to load resource: net::ERR_FAILED @ https://api.nexusrbx.com/api/studio/mcp/status?t=1787841635002:0
[ 3465862ms] [ERROR] Access to fetch at 'https://api.nexusrbx.com/api/v2/events?afterSequence=0&t=1787841647247' from origin 'http://localhost:3000' has been blocked by CORS policy: Response to preflight request doesn't pass access control check: No 'Access-Control-Allow-Origin' header is present on the requested resource. @ http://localhost:3000/ai:0
[ 3465862ms] [ERROR] Failed to load resource: net::ERR_FAILED @ https://api.nexusrbx.com/api/v2/events?afterSequence=0&t=1787841647247:0
[ 3475862ms] [ERROR] Access to fetch at 'https://api.nexusrbx.com/api/v2/agents?t=1787841657250' from origin 'http://localhost:3000' has been blocked by CORS policy: Response to preflight request doesn't pass access control check: No 'Access-Control-Allow-Origin' header is present on the requested resource. @ http://localhost:3000/ai:0
[ 3475863ms] [ERROR] Failed to load resource: net::ERR_FAILED @ https://api.nexusrbx.com/api/v2/agents?t=1787841657250:0
[ 3483788ms] [ERROR] Access to fetch at 'https://api.nexusrbx.com/api/studio/status?t=1787841665181' from origin 'http://localhost:3000' has been blocked by CORS policy: Response to preflight request doesn't pass access control check: No 'Access-Control-Allow-Origin' header is present on the requested resource. @ http://localhost:3000/ai:0
[ 3483788ms] [ERROR] Failed to load resource: net::ERR_FAILED @ https://api.nexusrbx.com/api/studio/status?t=1787841665181:0
[ 3483795ms] [ERROR] Access to fetch at 'https://api.nexusrbx.com/api/studio/mcp/status?t=1787841665181' from origin 'http://localhost:3000' has been blocked by CORS policy: Response to preflight request doesn't pass access control check: No 'Access-Control-Allow-Origin' header is present on the requested resource. @ http://localhost:3000/ai:0
[ 3483795ms] [ERROR] Failed to load resource: net::ERR_FAILED @ https://api.nexusrbx.com/api/studio/mcp/status?t=1787841665181:0
[ 3498433ms] [ERROR] Access to fetch at 'https://api.nexusrbx.com/api/v2/events?afterSequence=0&t=1787841679743' from origin 'http://localhost:3000' has been blocked by CORS policy: Response to preflight request doesn't pass access control check: No 'Access-Control-Allow-Origin' header is present on the requested resource. @ http://localhost:3000/ai:0
[ 3498433ms] [ERROR] Failed to load resource: net::ERR_FAILED @ https://api.nexusrbx.com/api/v2/events?afterSequence=0&t=1787841679743:0
[ 3513968ms] [ERROR] Access to fetch at 'https://api.nexusrbx.com/api/studio/status?t=1787841695357' from origin 'http://localhost:3000' has been blocked by CORS policy: Response to preflight request doesn't pass access control check: No 'Access-Control-Allow-Origin' header is present on the requested resource. @ http://localhost:3000/ai:0
[ 3513968ms] [ERROR] Failed to load resource: net::ERR_FAILED @ https://api.nexusrbx.com/api/studio/status?t=1787841695357:0
[ 3513985ms] [ERROR] Access to fetch at 'https://api.nexusrbx.com/api/studio/mcp/status?t=1787841695357' from origin 'http://localhost:3000' has been blocked by CORS policy: Response to preflight request doesn't pass access control check: No 'Access-Control-Allow-Origin' header is present on the requested resource. @ http://localhost:3000/ai:0
[ 3513985ms] [ERROR] Failed to load resource: net::ERR_FAILED @ https://api.nexusrbx.com/api/studio/mcp/status?t=1787841695357:0
[ 3515917ms] [ERROR] Access to fetch at 'https://api.nexusrbx.com/api/v2/agents?t=1787841697250' from origin 'http://localhost:3000' has been blocked by CORS policy: Response to preflight request doesn't pass access control check: No 'Access-Control-Allow-Origin' header is present on the requested resource. @ http://localhost:3000/ai:0
[ 3515917ms] [ERROR] Failed to load resource: net::ERR_FAILED @ https://api.nexusrbx.com/api/v2/agents?t=1787841697250:0
[ 3530860ms] [ERROR] Access to fetch at 'https://api.nexusrbx.com/api/v2/events?afterSequence=0&t=1787841712248' from origin 'http://localhost:3000' has been blocked by CORS policy: Response to preflight request doesn't pass access control check: No 'Access-Control-Allow-Origin' header is present on the requested resource. @ http://localhost:3000/ai:0
[ 3530860ms] [ERROR] Failed to load resource: net::ERR_FAILED @ https://api.nexusrbx.com/api/v2/events?afterSequence=0&t=1787841712248:0
[ 3544153ms] [ERROR] Access to fetch at 'https://api.nexusrbx.com/api/studio/status?t=1787841725543' from origin 'http://localhost:3000' has been blocked by CORS policy: Response to preflight request doesn't pass access control check: No 'Access-Control-Allow-Origin' header is present on the requested resource. @ http://localhost:3000/ai:0
[ 3544153ms] [ERROR] Failed to load resource: net::ERR_FAILED @ https://api.nexusrbx.com/api/studio/status?t=1787841725543:0
[ 3544159ms] [ERROR] Access to fetch at 'https://api.nexusrbx.com/api/studio/mcp/status?t=1787841725543' from origin 'http://localhost:3000' has been blocked by CORS policy: Response to preflight request doesn't pass access control check: No 'Access-Control-Allow-Origin' header is present on the requested resource. @ http://localhost:3000/ai:0
[ 3544159ms] [ERROR] Failed to load resource: net::ERR_FAILED @ https://api.nexusrbx.com/api/studio/mcp/status?t=1787841725543:0
[ 3555856ms] [ERROR] Access to fetch at 'https://api.nexusrbx.com/api/v2/agents?t=1787841737252' from origin 'http://localhost:3000' has been blocked by CORS policy: Response to preflight request doesn't pass access control check: No 'Access-Control-Allow-Origin' header is present on the requested resource. @ http://localhost:3000/ai:0
[ 3555856ms] [ERROR] Failed to load resource: net::ERR_FAILED @ https://api.nexusrbx.com/api/v2/agents?t=1787841737252:0
[ 3563354ms] [ERROR] Access to fetch at 'https://api.nexusrbx.com/api/v2/events?afterSequence=0&t=1787841744745' from origin 'http://localhost:3000' has been blocked by CORS policy: Response to preflight request doesn't pass access control check: No 'Access-Control-Allow-Origin' header is present on the requested resource. @ http://localhost:3000/ai:0
[ 3563354ms] [ERROR] Failed to load resource: net::ERR_FAILED @ https://api.nexusrbx.com/api/v2/events?afterSequence=0&t=1787841744745:0
[ 3574333ms] [ERROR] Access to fetch at 'https://api.nexusrbx.com/api/studio/mcp/status?t=1787841755720' from origin 'http://localhost:3000' has been blocked by CORS policy: Response to preflight request doesn't pass access control check: No 'Access-Control-Allow-Origin' header is present on the requested resource. @ http://localhost:3000/ai:0
[ 3574333ms] [ERROR] Failed to load resource: net::ERR_FAILED @ https://api.nexusrbx.com/api/studio/mcp/status?t=1787841755720:0
[ 3574334ms] [ERROR] Access to fetch at 'https://api.nexusrbx.com/api/studio/status?t=1787841755719' from origin 'http://localhost:3000' has been blocked by CORS policy: Response to preflight request doesn't pass access control check: No 'Access-Control-Allow-Origin' header is present on the requested resource. @ http://localhost:3000/ai:0
[ 3574334ms] [ERROR] Failed to load resource: net::ERR_FAILED @ https://api.nexusrbx.com/api/studio/status?t=1787841755719:0
[ 3595855ms] [ERROR] Access to fetch at 'https://api.nexusrbx.com/api/v2/events?afterSequence=0&t=1787841777248' from origin 'http://localhost:3000' has been blocked by CORS policy: Response to preflight request doesn't pass access control check: No 'Access-Control-Allow-Origin' header is present on the requested resource. @ http://localhost:3000/ai:0
[ 3595856ms] [ERROR] Failed to load resource: net::ERR_FAILED @ https://api.nexusrbx.com/api/v2/events?afterSequence=0&t=1787841777248:0
[ 3595861ms] [ERROR] Access to fetch at 'https://api.nexusrbx.com/api/v2/agents?t=1787841777247' from origin 'http://localhost:3000' has been blocked by CORS policy: Response to preflight request doesn't pass access control check: No 'Access-Control-Allow-Origin' header is present on the requested resource. @ http://localhost:3000/ai:0
[ 3595862ms] [ERROR] Failed to load resource: net::ERR_FAILED @ https://api.nexusrbx.com/api/v2/agents?t=1787841777247:0
[ 3604533ms] [ERROR] Access to fetch at 'https://api.nexusrbx.com/api/studio/status?t=1787841785891' from origin 'http://localhost:3000' has been blocked by CORS policy: Response to preflight request doesn't pass access control check: No 'Access-Control-Allow-Origin' header is present on the requested resource. @ http://localhost:3000/ai:0
[ 3604533ms] [ERROR] Failed to load resource: net::ERR_FAILED @ https://api.nexusrbx.com/api/studio/status?t=1787841785891:0
[ 3604533ms] [ERROR] Access to fetch at 'https://api.nexusrbx.com/api/studio/mcp/status?t=1787841785891' from origin 'http://localhost:3000' has been blocked by CORS policy: Response to preflight request doesn't pass access control check: No 'Access-Control-Allow-Origin' header is present on the requested resource. @ http://localhost:3000/ai:0
[ 3604533ms] [ERROR] Failed to load resource: net::ERR_FAILED @ https://api.nexusrbx.com/api/studio/mcp/status?t=1787841785891:0
[ 3628361ms] [ERROR] Access to fetch at 'https://api.nexusrbx.com/api/v2/events?afterSequence=0&t=1787841809750' from origin 'http://localhost:3000' has been blocked by CORS policy: Response to preflight request doesn't pass access control check: No 'Access-Control-Allow-Origin' header is present on the requested resource. @ http://localhost:3000/ai:0
[ 3628361ms] [ERROR] Failed to load resource: net::ERR_FAILED @ https://api.nexusrbx.com/api/v2/events?afterSequence=0&t=1787841809750:0
[ 3634713ms] [ERROR] Access to fetch at 'https://api.nexusrbx.com/api/studio/status?t=1787841816094' from origin 'http://localhost:3000' has been blocked by CORS policy: Response to preflight request doesn't pass access control check: No 'Access-Control-Allow-Origin' header is present on the requested resource. @ http://localhost:3000/ai:0
[ 3634713ms] [ERROR] Failed to load resource: net::ERR_FAILED @ https://api.nexusrbx.com/api/studio/status?t=1787841816094:0
[ 3634716ms] [ERROR] Access to fetch at 'https://api.nexusrbx.com/api/studio/mcp/status?t=1787841816094' from origin 'http://localhost:3000' has been blocked by CORS policy: Response to preflight request doesn't pass access control check: No 'Access-Control-Allow-Origin' header is present on the requested resource. @ http://localhost:3000/ai:0
[ 3634716ms] [ERROR] Failed to load resource: net::ERR_FAILED @ https://api.nexusrbx.com/api/studio/mcp/status?t=1787841816094:0
[ 3635859ms] [ERROR] Access to fetch at 'https://api.nexusrbx.com/api/v2/agents?t=1787841817245' from origin 'http://localhost:3000' has been blocked by CORS policy: Response to preflight request doesn't pass access control check: No 'Access-Control-Allow-Origin' header is present on the requested resource. @ http://localhost:3000/ai:0
[ 3635859ms] [ERROR] Failed to load resource: net::ERR_FAILED @ https://api.nexusrbx.com/api/v2/agents?t=1787841817245:0
[ 3647113ms] [ERROR] Access to fetch at 'https://api.nexusrbx.com/api/billing/entitlements' from origin 'http://localhost:3000' has been blocked by CORS policy: Response to preflight request doesn't pass access control check: No 'Access-Control-Allow-Origin' header is present on the requested resource. @ http://localhost:3000/ai:0
[ 3647113ms] [ERROR] Failed to load resource: net::ERR_FAILED @ https://api.nexusrbx.com/api/billing/entitlements:0
[ 3660864ms] [ERROR] Access to fetch at 'https://api.nexusrbx.com/api/v2/events?afterSequence=0&t=1787841842258' from origin 'http://localhost:3000' has been blocked by CORS policy: Response to preflight request doesn't pass access control check: No 'Access-Control-Allow-Origin' header is present on the requested resource. @ http://localhost:3000/ai:0
[ 3660864ms] [ERROR] Failed to load resource: net::ERR_FAILED @ https://api.nexusrbx.com/api/v2/events?afterSequence=0&t=1787841842258:0
[ 3664888ms] [ERROR] Access to fetch at 'https://api.nexusrbx.com/api/studio/mcp/status?t=1787841846277' from origin 'http://localhost:3000' has been blocked by CORS policy: Response to preflight request doesn't pass access control check: No 'Access-Control-Allow-Origin' header is present on the requested resource. @ http://localhost:3000/ai:0
[ 3664888ms] [ERROR] Failed to load resource: net::ERR_FAILED @ https://api.nexusrbx.com/api/studio/mcp/status?t=1787841846277:0
[ 3664892ms] [ERROR] Access to fetch at 'https://api.nexusrbx.com/api/studio/status?t=1787841846277' from origin 'http://localhost:3000' has been blocked by CORS policy: Response to preflight request doesn't pass access control check: No 'Access-Control-Allow-Origin' header is present on the requested resource. @ http://localhost:3000/ai:0
[ 3664892ms] [ERROR] Failed to load resource: net::ERR_FAILED @ https://api.nexusrbx.com/api/studio/status?t=1787841846277:0
[ 3675870ms] [ERROR] Access to fetch at 'https://api.nexusrbx.com/api/v2/agents?t=1787841857252' from origin 'http://localhost:3000' has been blocked by CORS policy: Response to preflight request doesn't pass access control check: No 'Access-Control-Allow-Origin' header is present on the requested resource. @ http://localhost:3000/ai:0
[ 3675870ms] [ERROR] Failed to load resource: net::ERR_FAILED @ https://api.nexusrbx.com/api/v2/agents?t=1787841857252:0
[ 3693360ms] [ERROR] Access to fetch at 'https://api.nexusrbx.com/api/v2/events?afterSequence=0&t=1787841874750' from origin 'http://localhost:3000' has been blocked by CORS policy: Response to preflight request doesn't pass access control check: No 'Access-Control-Allow-Origin' header is present on the requested resource. @ http://localhost:3000/ai:0
[ 3693360ms] [ERROR] Failed to load resource: net::ERR_FAILED @ https://api.nexusrbx.com/api/v2/events?afterSequence=0&t=1787841874750:0
[ 3695068ms] [ERROR] Access to fetch at 'https://api.nexusrbx.com/api/studio/status?t=1787841876449' from origin 'http://localhost:3000' has been blocked by CORS policy: Response to preflight request doesn't pass access control check: No 'Access-Control-Allow-Origin' header is present on the requested resource. @ http://localhost:3000/ai:0
[ 3695068ms] [ERROR] Failed to load resource: net::ERR_FAILED @ https://api.nexusrbx.com/api/studio/status?t=1787841876449:0
[ 3695068ms] [ERROR] Access to fetch at 'https://api.nexusrbx.com/api/studio/mcp/status?t=1787841876449' from origin 'http://localhost:3000' has been blocked by CORS policy: Response to preflight request doesn't pass access control check: No 'Access-Control-Allow-Origin' header is present on the requested resource. @ http://localhost:3000/ai:0
[ 3695068ms] [ERROR] Failed to load resource: net::ERR_FAILED @ https://api.nexusrbx.com/api/studio/mcp/status?t=1787841876449:0
[ 3715857ms] [ERROR] Access to fetch at 'https://api.nexusrbx.com/api/v2/agents?t=1787841897245' from origin 'http://localhost:3000' has been blocked by CORS policy: Response to preflight request doesn't pass access control check: No 'Access-Control-Allow-Origin' header is present on the requested resource. @ http://localhost:3000/ai:0
[ 3715857ms] [ERROR] Failed to load resource: net::ERR_FAILED @ https://api.nexusrbx.com/api/v2/agents?t=1787841897245:0
[ 3725238ms] [ERROR] Access to fetch at 'https://api.nexusrbx.com/api/studio/status?t=1787841906626' from origin 'http://localhost:3000' has been blocked by CORS policy: Response to preflight request doesn't pass access control check: No 'Access-Control-Allow-Origin' header is present on the requested resource. @ http://localhost:3000/ai:0
[ 3725239ms] [ERROR] Failed to load resource: net::ERR_FAILED @ https://api.nexusrbx.com/api/studio/status?t=1787841906626:0
[ 3725239ms] [ERROR] Access to fetch at 'https://api.nexusrbx.com/api/studio/mcp/status?t=1787841906626' from origin 'http://localhost:3000' has been blocked by CORS policy: Response to preflight request doesn't pass access control check: No 'Access-Control-Allow-Origin' header is present on the requested resource. @ http://localhost:3000/ai:0
[ 3725239ms] [ERROR] Failed to load resource: net::ERR_FAILED @ https://api.nexusrbx.com/api/studio/mcp/status?t=1787841906626:0
[ 3725874ms] [ERROR] Access to fetch at 'https://api.nexusrbx.com/api/v2/events?afterSequence=0&t=1787841907251' from origin 'http://localhost:3000' has been blocked by CORS policy: Response to preflight request doesn't pass access control check: No 'Access-Control-Allow-Origin' header is present on the requested resource. @ http://localhost:3000/ai:0
[ 3725874ms] [ERROR] Failed to load resource: net::ERR_FAILED @ https://api.nexusrbx.com/api/v2/events?afterSequence=0&t=1787841907251:0
[ 3755418ms] [ERROR] Access to fetch at 'https://api.nexusrbx.com/api/studio/status?t=1787841936807' from origin 'http://localhost:3000' has been blocked by CORS policy: Response to preflight request doesn't pass access control check: No 'Access-Control-Allow-Origin' header is present on the requested resource. @ http://localhost:3000/ai:0
[ 3755418ms] [ERROR] Failed to load resource: net::ERR_FAILED @ https://api.nexusrbx.com/api/studio/status?t=1787841936807:0
[ 3755424ms] [ERROR] Access to fetch at 'https://api.nexusrbx.com/api/studio/mcp/status?t=1787841936807' from origin 'http://localhost:3000' has been blocked by CORS policy: Response to preflight request doesn't pass access control check: No 'Access-Control-Allow-Origin' header is present on the requested resource. @ http://localhost:3000/ai:0
[ 3755424ms] [ERROR] Failed to load resource: net::ERR_FAILED @ https://api.nexusrbx.com/api/studio/mcp/status?t=1787841936807:0
[ 3755869ms] [ERROR] Access to fetch at 'https://api.nexusrbx.com/api/v2/agents?t=1787841937245' from origin 'http://localhost:3000' has been blocked by CORS policy: Response to preflight request doesn't pass access control check: No 'Access-Control-Allow-Origin' header is present on the requested resource. @ http://localhost:3000/ai:0
[ 3755869ms] [ERROR] Failed to load resource: net::ERR_FAILED @ https://api.nexusrbx.com/api/v2/agents?t=1787841937245:0
[ 3758368ms] [ERROR] Access to fetch at 'https://api.nexusrbx.com/api/v2/events?afterSequence=0&t=1787841939749' from origin 'http://localhost:3000' has been blocked by CORS policy: Response to preflight request doesn't pass access control check: No 'Access-Control-Allow-Origin' header is present on the requested resource. @ http://localhost:3000/ai:0
[ 3758368ms] [ERROR] Failed to load resource: net::ERR_FAILED @ https://api.nexusrbx.com/api/v2/events?afterSequence=0&t=1787841939749:0
[ 3785591ms] [ERROR] Access to fetch at 'https://api.nexusrbx.com/api/studio/mcp/status?t=1787841966985' from origin 'http://localhost:3000' has been blocked by CORS policy: Response to preflight request doesn't pass access control check: No 'Access-Control-Allow-Origin' header is present on the requested resource. @ http://localhost:3000/ai:0
[ 3785592ms] [ERROR] Failed to load resource: net::ERR_FAILED @ https://api.nexusrbx.com/api/studio/mcp/status?t=1787841966985:0
[ 3785592ms] [ERROR] Access to fetch at 'https://api.nexusrbx.com/api/studio/status?t=1787841966985' from origin 'http://localhost:3000' has been blocked by CORS policy: Response to preflight request doesn't pass access control check: No 'Access-Control-Allow-Origin' header is present on the requested resource. @ http://localhost:3000/ai:0
[ 3785592ms] [ERROR] Failed to load resource: net::ERR_FAILED @ https://api.nexusrbx.com/api/studio/status?t=1787841966985:0
[ 3790858ms] [ERROR] Access to fetch at 'https://api.nexusrbx.com/api/v2/events?afterSequence=0&t=1787841972251' from origin 'http://localhost:3000' has been blocked by CORS policy: Response to preflight request doesn't pass access control check: No 'Access-Control-Allow-Origin' header is present on the requested resource. @ http://localhost:3000/ai:0
[ 3790858ms] [ERROR] Failed to load resource: net::ERR_FAILED @ https://api.nexusrbx.com/api/v2/events?afterSequence=0&t=1787841972251:0
[ 3795872ms] [ERROR] Access to fetch at 'https://api.nexusrbx.com/api/v2/agents?t=1787841977253' from origin 'http://localhost:3000' has been blocked by CORS policy: Response to preflight request doesn't pass access control check: No 'Access-Control-Allow-Origin' header is present on the requested resource. @ http://localhost:3000/ai:0
[ 3795872ms] [ERROR] Failed to load resource: net::ERR_FAILED @ https://api.nexusrbx.com/api/v2/agents?t=1787841977253:0
[ 3815767ms] [ERROR] Access to fetch at 'https://api.nexusrbx.com/api/studio/status?t=1787841997154' from origin 'http://localhost:3000' has been blocked by CORS policy: Response to preflight request doesn't pass access control check: No 'Access-Control-Allow-Origin' header is present on the requested resource. @ http://localhost:3000/ai:0
[ 3815767ms] [ERROR] Failed to load resource: net::ERR_FAILED @ https://api.nexusrbx.com/api/studio/status?t=1787841997154:0
[ 3815771ms] [ERROR] Access to fetch at 'https://api.nexusrbx.com/api/studio/mcp/status?t=1787841997154' from origin 'http://localhost:3000' has been blocked by CORS policy: Response to preflight request doesn't pass access control check: No 'Access-Control-Allow-Origin' header is present on the requested resource. @ http://localhost:3000/ai:0
[ 3815771ms] [ERROR] Failed to load resource: net::ERR_FAILED @ https://api.nexusrbx.com/api/studio/mcp/status?t=1787841997154:0
[ 3823357ms] [ERROR] Access to fetch at 'https://api.nexusrbx.com/api/v2/events?afterSequence=0&t=1787842004746' from origin 'http://localhost:3000' has been blocked by CORS policy: Response to preflight request doesn't pass access control check: No 'Access-Control-Allow-Origin' header is present on the requested resource. @ http://localhost:3000/ai:0
[ 3823358ms] [ERROR] Failed to load resource: net::ERR_FAILED @ https://api.nexusrbx.com/api/v2/events?afterSequence=0&t=1787842004746:0
[ 3835909ms] [ERROR] Access to fetch at 'https://api.nexusrbx.com/api/v2/agents?t=1787842017251' from origin 'http://localhost:3000' has been blocked by CORS policy: Response to preflight request doesn't pass access control check: No 'Access-Control-Allow-Origin' header is present on the requested resource. @ http://localhost:3000/ai:0
[ 3835909ms] [ERROR] Failed to load resource: net::ERR_FAILED @ https://api.nexusrbx.com/api/v2/agents?t=1787842017251:0
[ 3845946ms] [ERROR] Access to fetch at 'https://api.nexusrbx.com/api/studio/mcp/status?t=1787842027333' from origin 'http://localhost:3000' has been blocked by CORS policy: Response to preflight request doesn't pass access control check: No 'Access-Control-Allow-Origin' header is present on the requested resource. @ http://localhost:3000/ai:0
[ 3845946ms] [ERROR] Failed to load resource: net::ERR_FAILED @ https://api.nexusrbx.com/api/studio/mcp/status?t=1787842027333:0
[ 3845946ms] [ERROR] Access to fetch at 'https://api.nexusrbx.com/api/studio/status?t=1787842027333' from origin 'http://localhost:3000' has been blocked by CORS policy: Response to preflight request doesn't pass access control check: No 'Access-Control-Allow-Origin' header is present on the requested resource. @ http://localhost:3000/ai:0
[ 3845946ms] [ERROR] Failed to load resource: net::ERR_FAILED @ https://api.nexusrbx.com/api/studio/status?t=1787842027333:0
[ 3855868ms] [ERROR] Access to fetch at 'https://api.nexusrbx.com/api/v2/events?afterSequence=0&t=1787842037250' from origin 'http://localhost:3000' has been blocked by CORS policy: Response to preflight request doesn't pass access control check: No 'Access-Control-Allow-Origin' header is present on the requested resource. @ http://localhost:3000/ai:0
[ 3855868ms] [ERROR] Failed to load resource: net::ERR_FAILED @ https://api.nexusrbx.com/api/v2/events?afterSequence=0&t=1787842037250:0
[ 3875878ms] [ERROR] Access to fetch at 'https://api.nexusrbx.com/api/v2/agents?t=1787842057255' from origin 'http://localhost:3000' has been blocked by CORS policy: Response to preflight request doesn't pass access control check: No 'Access-Control-Allow-Origin' header is present on the requested resource. @ http://localhost:3000/ai:0
[ 3875878ms] [ERROR] Failed to load resource: net::ERR_FAILED @ https://api.nexusrbx.com/api/v2/agents?t=1787842057255:0
[ 3876136ms] [ERROR] Access to fetch at 'https://api.nexusrbx.com/api/studio/status?t=1787842057516' from origin 'http://localhost:3000' has been blocked by CORS policy: Response to preflight request doesn't pass access control check: No 'Access-Control-Allow-Origin' header is present on the requested resource. @ http://localhost:3000/ai:0
[ 3876136ms] [ERROR] Failed to load resource: net::ERR_FAILED @ https://api.nexusrbx.com/api/studio/status?t=1787842057516:0
[ 3876137ms] [ERROR] Access to fetch at 'https://api.nexusrbx.com/api/studio/mcp/status?t=1787842057516' from origin 'http://localhost:3000' has been blocked by CORS policy: Response to preflight request doesn't pass access control check: No 'Access-Control-Allow-Origin' header is present on the requested resource. @ http://localhost:3000/ai:0
[ 3876137ms] [ERROR] Failed to load resource: net::ERR_FAILED @ https://api.nexusrbx.com/api/studio/mcp/status?t=1787842057516:0
[ 3888364ms] [ERROR] Access to fetch at 'https://api.nexusrbx.com/api/v2/events?afterSequence=0&t=1787842069750' from origin 'http://localhost:3000' has been blocked by CORS policy: Response to preflight request doesn't pass access control check: No 'Access-Control-Allow-Origin' header is present on the requested resource. @ http://localhost:3000/ai:0
[ 3888364ms] [ERROR] Failed to load resource: net::ERR_FAILED @ https://api.nexusrbx.com/api/v2/events?afterSequence=0&t=1787842069750:0
[ 3906308ms] [ERROR] Access to fetch at 'https://api.nexusrbx.com/api/studio/status?t=1787842087695' from origin 'http://localhost:3000' has been blocked by CORS policy: Response to preflight request doesn't pass access control check: No 'Access-Control-Allow-Origin' header is present on the requested resource. @ http://localhost:3000/ai:0
[ 3906308ms] [ERROR] Failed to load resource: net::ERR_FAILED @ https://api.nexusrbx.com/api/studio/status?t=1787842087695:0
[ 3906309ms] [ERROR] Access to fetch at 'https://api.nexusrbx.com/api/studio/mcp/status?t=1787842087695' from origin 'http://localhost:3000' has been blocked by CORS policy: Response to preflight request doesn't pass access control check: No 'Access-Control-Allow-Origin' header is present on the requested resource. @ http://localhost:3000/ai:0
[ 3906309ms] [ERROR] Failed to load resource: net::ERR_FAILED @ https://api.nexusrbx.com/api/studio/mcp/status?t=1787842087695:0
[ 3915857ms] [ERROR] Access to fetch at 'https://api.nexusrbx.com/api/v2/agents?t=1787842097247' from origin 'http://localhost:3000' has been blocked by CORS policy: Response to preflight request doesn't pass access control check: No 'Access-Control-Allow-Origin' header is present on the requested resource. @ http://localhost:3000/ai:0
[ 3915857ms] [ERROR] Failed to load resource: net::ERR_FAILED @ https://api.nexusrbx.com/api/v2/agents?t=1787842097247:0
[ 3920859ms] [ERROR] Access to fetch at 'https://api.nexusrbx.com/api/v2/events?afterSequence=0&t=1787842102249' from origin 'http://localhost:3000' has been blocked by CORS policy: Response to preflight request doesn't pass access control check: No 'Access-Control-Allow-Origin' header is present on the requested resource. @ http://localhost:3000/ai:0
[ 3920859ms] [ERROR] Failed to load resource: net::ERR_FAILED @ https://api.nexusrbx.com/api/v2/events?afterSequence=0&t=1787842102249:0
[ 3936485ms] [ERROR] Access to fetch at 'https://api.nexusrbx.com/api/studio/mcp/status?t=1787842117867' from origin 'http://localhost:3000' has been blocked by CORS policy: Response to preflight request doesn't pass access control check: No 'Access-Control-Allow-Origin' header is present on the requested resource. @ http://localhost:3000/ai:0
[ 3936485ms] [ERROR] Failed to load resource: net::ERR_FAILED @ https://api.nexusrbx.com/api/studio/mcp/status?t=1787842117867:0
[ 3936518ms] [ERROR] Access to fetch at 'https://api.nexusrbx.com/api/studio/status?t=1787842117867' from origin 'http://localhost:3000' has been blocked by CORS policy: Response to preflight request doesn't pass access control check: No 'Access-Control-Allow-Origin' header is present on the requested resource. @ http://localhost:3000/ai:0
[ 3936518ms] [ERROR] Failed to load resource: net::ERR_FAILED @ https://api.nexusrbx.com/api/studio/status?t=1787842117867:0
[ 3947285ms] [ERROR] Access to fetch at 'https://api.nexusrbx.com/api/billing/entitlements' from origin 'http://localhost:3000' has been blocked by CORS policy: Response to preflight request doesn't pass access control check: No 'Access-Control-Allow-Origin' header is present on the requested resource. @ http://localhost:3000/ai:0
[ 3947286ms] [ERROR] Failed to load resource: net::ERR_FAILED @ https://api.nexusrbx.com/api/billing/entitlements:0
[ 3953371ms] [ERROR] Access to fetch at 'https://api.nexusrbx.com/api/v2/events?afterSequence=0&t=1787842134751' from origin 'http://localhost:3000' has been blocked by CORS policy: Response to preflight request doesn't pass access control check: No 'Access-Control-Allow-Origin' header is present on the requested resource. @ http://localhost:3000/ai:0
[ 3953371ms] [ERROR] Failed to load resource: net::ERR_FAILED @ https://api.nexusrbx.com/api/v2/events?afterSequence=0&t=1787842134751:0
[ 3955858ms] [ERROR] Access to fetch at 'https://api.nexusrbx.com/api/v2/agents?t=1787842137250' from origin 'http://localhost:3000' has been blocked by CORS policy: Response to preflight request doesn't pass access control check: No 'Access-Control-Allow-Origin' header is present on the requested resource. @ http://localhost:3000/ai:0
[ 3955859ms] [ERROR] Failed to load resource: net::ERR_FAILED @ https://api.nexusrbx.com/api/v2/agents?t=1787842137250:0
[ 3966684ms] [ERROR] Access to fetch at 'https://api.nexusrbx.com/api/studio/mcp/status?t=1787842148081' from origin 'http://localhost:3000' has been blocked by CORS policy: Response to preflight request doesn't pass access control check: No 'Access-Control-Allow-Origin' header is present on the requested resource. @ http://localhost:3000/ai:0
[ 3966684ms] [ERROR] Failed to load resource: net::ERR_FAILED @ https://api.nexusrbx.com/api/studio/mcp/status?t=1787842148081:0
[ 3966691ms] [ERROR] Access to fetch at 'https://api.nexusrbx.com/api/studio/status?t=1787842148081' from origin 'http://localhost:3000' has been blocked by CORS policy: Response to preflight request doesn't pass access control check: No 'Access-Control-Allow-Origin' header is present on the requested resource. @ http://localhost:3000/ai:0
[ 3966691ms] [ERROR] Failed to load resource: net::ERR_FAILED @ https://api.nexusrbx.com/api/studio/status?t=1787842148081:0
[ 3985859ms] [ERROR] Access to fetch at 'https://api.nexusrbx.com/api/v2/events?afterSequence=0&t=1787842167249' from origin 'http://localhost:3000' has been blocked by CORS policy: Response to preflight request doesn't pass access control check: No 'Access-Control-Allow-Origin' header is present on the requested resource. @ http://localhost:3000/ai:0
[ 3985859ms] [ERROR] Failed to load resource: net::ERR_FAILED @ https://api.nexusrbx.com/api/v2/events?afterSequence=0&t=1787842167249:0
[ 3995862ms] [ERROR] Access to fetch at 'https://api.nexusrbx.com/api/v2/agents?t=1787842177250' from origin 'http://localhost:3000' has been blocked by CORS policy: Response to preflight request doesn't pass access control check: No 'Access-Control-Allow-Origin' header is present on the requested resource. @ http://localhost:3000/ai:0
[ 3995862ms] [ERROR] Failed to load resource: net::ERR_FAILED @ https://api.nexusrbx.com/api/v2/agents?t=1787842177250:0
[ 3996858ms] [ERROR] Access to fetch at 'https://api.nexusrbx.com/api/studio/mcp/status?t=1787842178250' from origin 'http://localhost:3000' has been blocked by CORS policy: Response to preflight request doesn't pass access control check: No 'Access-Control-Allow-Origin' header is present on the requested resource. @ http://localhost:3000/ai:0
[ 3996858ms] [ERROR] Failed to load resource: net::ERR_FAILED @ https://api.nexusrbx.com/api/studio/mcp/status?t=1787842178250:0
[ 3996862ms] [ERROR] Access to fetch at 'https://api.nexusrbx.com/api/studio/status?t=1787842178250' from origin 'http://localhost:3000' has been blocked by CORS policy: Response to preflight request doesn't pass access control check: No 'Access-Control-Allow-Origin' header is present on the requested resource. @ http://localhost:3000/ai:0
[ 3996862ms] [ERROR] Failed to load resource: net::ERR_FAILED @ https://api.nexusrbx.com/api/studio/status?t=1787842178250:0
[ 4018359ms] [ERROR] Access to fetch at 'https://api.nexusrbx.com/api/v2/events?afterSequence=0&t=1787842199748' from origin 'http://localhost:3000' has been blocked by CORS policy: Response to preflight request doesn't pass access control check: No 'Access-Control-Allow-Origin' header is present on the requested resource. @ http://localhost:3000/ai:0
[ 4018359ms] [ERROR] Failed to load resource: net::ERR_FAILED @ https://api.nexusrbx.com/api/v2/events?afterSequence=0&t=1787842199748:0
[ 4027030ms] [ERROR] Access to fetch at 'https://api.nexusrbx.com/api/studio/mcp/status?t=1787842208422' from origin 'http://localhost:3000' has been blocked by CORS policy: Response to preflight request doesn't pass access control check: No 'Access-Control-Allow-Origin' header is present on the requested resource. @ http://localhost:3000/ai:0
[ 4027030ms] [ERROR] Failed to load resource: net::ERR_FAILED @ https://api.nexusrbx.com/api/studio/mcp/status?t=1787842208422:0
[ 4027038ms] [ERROR] Access to fetch at 'https://api.nexusrbx.com/api/studio/status?t=1787842208422' from origin 'http://localhost:3000' has been blocked by CORS policy: Response to preflight request doesn't pass access control check: No 'Access-Control-Allow-Origin' header is present on the requested resource. @ http://localhost:3000/ai:0
[ 4027038ms] [ERROR] Failed to load resource: net::ERR_FAILED @ https://api.nexusrbx.com/api/studio/status?t=1787842208422:0
[ 4035870ms] [ERROR] Access to fetch at 'https://api.nexusrbx.com/api/v2/agents?t=1787842217253' from origin 'http://localhost:3000' has been blocked by CORS policy: Response to preflight request doesn't pass access control check: No 'Access-Control-Allow-Origin' header is present on the requested resource. @ http://localhost:3000/ai:0
[ 4035870ms] [ERROR] Failed to load resource: net::ERR_FAILED @ https://api.nexusrbx.com/api/v2/agents?t=1787842217253:0
[ 4050865ms] [ERROR] Access to fetch at 'https://api.nexusrbx.com/api/v2/events?afterSequence=0&t=1787842232253' from origin 'http://localhost:3000' has been blocked by CORS policy: Response to preflight request doesn't pass access control check: No 'Access-Control-Allow-Origin' header is present on the requested resource. @ http://localhost:3000/ai:0
[ 4050865ms] [ERROR] Failed to load resource: net::ERR_FAILED @ https://api.nexusrbx.com/api/v2/events?afterSequence=0&t=1787842232253:0
[ 4057221ms] [ERROR] Access to fetch at 'https://api.nexusrbx.com/api/studio/status?t=1787842238601' from origin 'http://localhost:3000' has been blocked by CORS policy: Response to preflight request doesn't pass access control check: No 'Access-Control-Allow-Origin' header is present on the requested resource. @ http://localhost:3000/ai:0
[ 4057221ms] [ERROR] Failed to load resource: net::ERR_FAILED @ https://api.nexusrbx.com/api/studio/status?t=1787842238601:0
[ 4057221ms] [ERROR] Access to fetch at 'https://api.nexusrbx.com/api/studio/mcp/status?t=1787842238602' from origin 'http://localhost:3000' has been blocked by CORS policy: Response to preflight request doesn't pass access control check: No 'Access-Control-Allow-Origin' header is present on the requested resource. @ http://localhost:3000/ai:0
[ 4057221ms] [ERROR] Failed to load resource: net::ERR_FAILED @ https://api.nexusrbx.com/api/studio/mcp/status?t=1787842238602:0
[ 4075871ms] [ERROR] Access to fetch at 'https://api.nexusrbx.com/api/v2/agents?t=1787842257253' from origin 'http://localhost:3000' has been blocked by CORS policy: Response to preflight request doesn't pass access control check: No 'Access-Control-Allow-Origin' header is present on the requested resource. @ http://localhost:3000/ai:0
[ 4075871ms] [ERROR] Failed to load resource: net::ERR_FAILED @ https://api.nexusrbx.com/api/v2/agents?t=1787842257253:0
[ 4083366ms] [ERROR] Access to fetch at 'https://api.nexusrbx.com/api/v2/events?afterSequence=0&t=1787842264752' from origin 'http://localhost:3000' has been blocked by CORS policy: Response to preflight request doesn't pass access control check: No 'Access-Control-Allow-Origin' header is present on the requested resource. @ http://localhost:3000/ai:0
[ 4083367ms] [ERROR] Failed to load resource: net::ERR_FAILED @ https://api.nexusrbx.com/api/v2/events?afterSequence=0&t=1787842264752:0
[ 4087392ms] [ERROR] Access to fetch at 'https://api.nexusrbx.com/api/studio/mcp/status?t=1787842268788' from origin 'http://localhost:3000' has been blocked by CORS policy: Response to preflight request doesn't pass access control check: No 'Access-Control-Allow-Origin' header is present on the requested resource. @ http://localhost:3000/ai:0
[ 4087392ms] [ERROR] Failed to load resource: net::ERR_FAILED @ https://api.nexusrbx.com/api/studio/mcp/status?t=1787842268788:0
[ 4087398ms] [ERROR] Access to fetch at 'https://api.nexusrbx.com/api/studio/status?t=1787842268787' from origin 'http://localhost:3000' has been blocked by CORS policy: Response to preflight request doesn't pass access control check: No 'Access-Control-Allow-Origin' header is present on the requested resource. @ http://localhost:3000/ai:0
[ 4087398ms] [ERROR] Failed to load resource: net::ERR_FAILED @ https://api.nexusrbx.com/api/studio/status?t=1787842268787:0
[ 4115857ms] [ERROR] Access to fetch at 'https://api.nexusrbx.com/api/v2/agents?t=1787842297251' from origin 'http://localhost:3000' has been blocked by CORS policy: Response to preflight request doesn't pass access control check: No 'Access-Control-Allow-Origin' header is present on the requested resource. @ http://localhost:3000/ai:0
[ 4115857ms] [ERROR] Failed to load resource: net::ERR_FAILED @ https://api.nexusrbx.com/api/v2/agents?t=1787842297251:0
[ 4115862ms] [ERROR] Access to fetch at 'https://api.nexusrbx.com/api/v2/events?afterSequence=0&t=1787842297252' from origin 'http://localhost:3000' has been blocked by CORS policy: Response to preflight request doesn't pass access control check: No 'Access-Control-Allow-Origin' header is present on the requested resource. @ http://localhost:3000/ai:0
[ 4115862ms] [ERROR] Failed to load resource: net::ERR_FAILED @ https://api.nexusrbx.com/api/v2/events?afterSequence=0&t=1787842297252:0
[ 4117578ms] [ERROR] Access to fetch at 'https://api.nexusrbx.com/api/studio/status?t=1787842298966' from origin 'http://localhost:3000' has been blocked by CORS policy: Response to preflight request doesn't pass access control check: No 'Access-Control-Allow-Origin' header is present on the requested resource. @ http://localhost:3000/ai:0
[ 4117578ms] [ERROR] Failed to load resource: net::ERR_FAILED @ https://api.nexusrbx.com/api/studio/status?t=1787842298966:0
[ 4117590ms] [ERROR] Access to fetch at 'https://api.nexusrbx.com/api/studio/mcp/status?t=1787842298966' from origin 'http://localhost:3000' has been blocked by CORS policy: Response to preflight request doesn't pass access control check: No 'Access-Control-Allow-Origin' header is present on the requested resource. @ http://localhost:3000/ai:0
[ 4117590ms] [ERROR] Failed to load resource: net::ERR_FAILED @ https://api.nexusrbx.com/api/studio/mcp/status?t=1787842298966:0
[ 4147763ms] [ERROR] Access to fetch at 'https://api.nexusrbx.com/api/studio/mcp/status?t=1787842329148' from origin 'http://localhost:3000' has been blocked by CORS policy: Response to preflight request doesn't pass access control check: No 'Access-Control-Allow-Origin' header is present on the requested resource. @ http://localhost:3000/ai:0
[ 4147764ms] [ERROR] Failed to load resource: net::ERR_FAILED @ https://api.nexusrbx.com/api/studio/mcp/status?t=1787842329148:0
[ 4147766ms] [ERROR] Access to fetch at 'https://api.nexusrbx.com/api/studio/status?t=1787842329148' from origin 'http://localhost:3000' has been blocked by CORS policy: Response to preflight request doesn't pass access control check: No 'Access-Control-Allow-Origin' header is present on the requested resource. @ http://localhost:3000/ai:0
[ 4147766ms] [ERROR] Failed to load resource: net::ERR_FAILED @ https://api.nexusrbx.com/api/studio/status?t=1787842329148:0
[ 4148362ms] [ERROR] Access to fetch at 'https://api.nexusrbx.com/api/v2/events?afterSequence=0&t=1787842329753' from origin 'http://localhost:3000' has been blocked by CORS policy: Response to preflight request doesn't pass access control check: No 'Access-Control-Allow-Origin' header is present on the requested resource. @ http://localhost:3000/ai:0
[ 4148363ms] [ERROR] Failed to load resource: net::ERR_FAILED @ https://api.nexusrbx.com/api/v2/events?afterSequence=0&t=1787842329753:0
[ 4155867ms] [ERROR] Access to fetch at 'https://api.nexusrbx.com/api/v2/agents?t=1787842337254' from origin 'http://localhost:3000' has been blocked by CORS policy: Response to preflight request doesn't pass access control check: No 'Access-Control-Allow-Origin' header is present on the requested resource. @ http://localhost:3000/ai:0
[ 4155867ms] [ERROR] Failed to load resource: net::ERR_FAILED @ https://api.nexusrbx.com/api/v2/agents?t=1787842337254:0
[ 4177946ms] [ERROR] Access to fetch at 'https://api.nexusrbx.com/api/studio/status?t=1787842359330' from origin 'http://localhost:3000' has been blocked by CORS policy: Response to preflight request doesn't pass access control check: No 'Access-Control-Allow-Origin' header is present on the requested resource. @ http://localhost:3000/ai:0
[ 4177946ms] [ERROR] Failed to load resource: net::ERR_FAILED @ https://api.nexusrbx.com/api/studio/status?t=1787842359330:0
[ 4177947ms] [ERROR] Access to fetch at 'https://api.nexusrbx.com/api/studio/mcp/status?t=1787842359330' from origin 'http://localhost:3000' has been blocked by CORS policy: Response to preflight request doesn't pass access control check: No 'Access-Control-Allow-Origin' header is present on the requested resource. @ http://localhost:3000/ai:0
[ 4177947ms] [ERROR] Failed to load resource: net::ERR_FAILED @ https://api.nexusrbx.com/api/studio/mcp/status?t=1787842359330:0
[ 4180866ms] [ERROR] Access to fetch at 'https://api.nexusrbx.com/api/v2/events?afterSequence=0&t=1787842362256' from origin 'http://localhost:3000' has been blocked by CORS policy: Response to preflight request doesn't pass access control check: No 'Access-Control-Allow-Origin' header is present on the requested resource. @ http://localhost:3000/ai:0
[ 4180866ms] [ERROR] Failed to load resource: net::ERR_FAILED @ https://api.nexusrbx.com/api/v2/events?afterSequence=0&t=1787842362256:0
[ 4195870ms] [ERROR] Access to fetch at 'https://api.nexusrbx.com/api/v2/agents?t=1787842377255' from origin 'http://localhost:3000' has been blocked by CORS policy: Response to preflight request doesn't pass access control check: No 'Access-Control-Allow-Origin' header is present on the requested resource. @ http://localhost:3000/ai:0
[ 4195870ms] [ERROR] Failed to load resource: net::ERR_FAILED @ https://api.nexusrbx.com/api/v2/agents?t=1787842377255:0
[ 4208128ms] [ERROR] Access to fetch at 'https://api.nexusrbx.com/api/studio/mcp/status?t=1787842389507' from origin 'http://localhost:3000' has been blocked by CORS policy: Response to preflight request doesn't pass access control check: No 'Access-Control-Allow-Origin' header is present on the requested resource. @ http://localhost:3000/ai:0
[ 4208128ms] [ERROR] Failed to load resource: net::ERR_FAILED @ https://api.nexusrbx.com/api/studio/mcp/status?t=1787842389507:0
[ 4208128ms] [ERROR] Access to fetch at 'https://api.nexusrbx.com/api/studio/status?t=1787842389507' from origin 'http://localhost:3000' has been blocked by CORS policy: Response to preflight request doesn't pass access control check: No 'Access-Control-Allow-Origin' header is present on the requested resource. @ http://localhost:3000/ai:0
[ 4208128ms] [ERROR] Failed to load resource: net::ERR_FAILED @ https://api.nexusrbx.com/api/studio/status?t=1787842389507:0
[ 4213369ms] [ERROR] Access to fetch at 'https://api.nexusrbx.com/api/v2/events?afterSequence=0&t=1787842394758' from origin 'http://localhost:3000' has been blocked by CORS policy: Response to preflight request doesn't pass access control check: No 'Access-Control-Allow-Origin' header is present on the requested resource. @ http://localhost:3000/ai:0
[ 4213369ms] [ERROR] Failed to load resource: net::ERR_FAILED @ https://api.nexusrbx.com/api/v2/events?afterSequence=0&t=1787842394758:0
[ 4235865ms] [ERROR] Access to fetch at 'https://api.nexusrbx.com/api/v2/agents?t=1787842417250' from origin 'http://localhost:3000' has been blocked by CORS policy: Response to preflight request doesn't pass access control check: No 'Access-Control-Allow-Origin' header is present on the requested resource. @ http://localhost:3000/ai:0
[ 4235865ms] [ERROR] Failed to load resource: net::ERR_FAILED @ https://api.nexusrbx.com/api/v2/agents?t=1787842417250:0
[ 4238312ms] [ERROR] Access to fetch at 'https://api.nexusrbx.com/api/studio/mcp/status?t=1787842419691' from origin 'http://localhost:3000' has been blocked by CORS policy: Response to preflight request doesn't pass access control check: No 'Access-Control-Allow-Origin' header is present on the requested resource. @ http://localhost:3000/ai:0
[ 4238312ms] [ERROR] Failed to load resource: net::ERR_FAILED @ https://api.nexusrbx.com/api/studio/mcp/status?t=1787842419691:0
[ 4238313ms] [ERROR] Access to fetch at 'https://api.nexusrbx.com/api/studio/status?t=1787842419691' from origin 'http://localhost:3000' has been blocked by CORS policy: Response to preflight request doesn't pass access control check: No 'Access-Control-Allow-Origin' header is present on the requested resource. @ http://localhost:3000/ai:0
[ 4238313ms] [ERROR] Failed to load resource: net::ERR_FAILED @ https://api.nexusrbx.com/api/studio/status?t=1787842419691:0
[ 4245859ms] [ERROR] Access to fetch at 'https://api.nexusrbx.com/api/v2/events?afterSequence=0&t=1787842427250' from origin 'http://localhost:3000' has been blocked by CORS policy: Response to preflight request doesn't pass access control check: No 'Access-Control-Allow-Origin' header is present on the requested resource. @ http://localhost:3000/ai:0
[ 4245860ms] [ERROR] Failed to load resource: net::ERR_FAILED @ https://api.nexusrbx.com/api/v2/events?afterSequence=0&t=1787842427250:0
[ 4247465ms] [ERROR] Access to fetch at 'https://api.nexusrbx.com/api/billing/entitlements' from origin 'http://localhost:3000' has been blocked by CORS policy: Response to preflight request doesn't pass access control check: No 'Access-Control-Allow-Origin' header is present on the requested resource. @ http://localhost:3000/ai:0
[ 4247465ms] [ERROR] Failed to load resource: net::ERR_FAILED @ https://api.nexusrbx.com/api/billing/entitlements:0
[ 4268495ms] [ERROR] Access to fetch at 'https://api.nexusrbx.com/api/studio/status?t=1787842449875' from origin 'http://localhost:3000' has been blocked by CORS policy: Response to preflight request doesn't pass access control check: No 'Access-Control-Allow-Origin' header is present on the requested resource. @ http://localhost:3000/ai:0
[ 4268495ms] [ERROR] Failed to load resource: net::ERR_FAILED @ https://api.nexusrbx.com/api/studio/status?t=1787842449875:0
[ 4268507ms] [ERROR] Access to fetch at 'https://api.nexusrbx.com/api/studio/mcp/status?t=1787842449875' from origin 'http://localhost:3000' has been blocked by CORS policy: Response to preflight request doesn't pass access control check: No 'Access-Control-Allow-Origin' header is present on the requested resource. @ http://localhost:3000/ai:0
[ 4268507ms] [ERROR] Failed to load resource: net::ERR_FAILED @ https://api.nexusrbx.com/api/studio/mcp/status?t=1787842449875:0
[ 4275861ms] [ERROR] Access to fetch at 'https://api.nexusrbx.com/api/v2/agents?t=1787842457256' from origin 'http://localhost:3000' has been blocked by CORS policy: Response to preflight request doesn't pass access control check: No 'Access-Control-Allow-Origin' header is present on the requested resource. @ http://localhost:3000/ai:0
[ 4275861ms] [ERROR] Failed to load resource: net::ERR_FAILED @ https://api.nexusrbx.com/api/v2/agents?t=1787842457256:0
[ 4278371ms] [ERROR] Access to fetch at 'https://api.nexusrbx.com/api/v2/events?afterSequence=0&t=1787842459758' from origin 'http://localhost:3000' has been blocked by CORS policy: Response to preflight request doesn't pass access control check: No 'Access-Control-Allow-Origin' header is present on the requested resource. @ http://localhost:3000/ai:0
[ 4278371ms] [ERROR] Failed to load resource: net::ERR_FAILED @ https://api.nexusrbx.com/api/v2/events?afterSequence=0&t=1787842459758:0
[ 4298674ms] [ERROR] Access to fetch at 'https://api.nexusrbx.com/api/studio/status?t=1787842480066' from origin 'http://localhost:3000' has been blocked by CORS policy: Response to preflight request doesn't pass access control check: No 'Access-Control-Allow-Origin' header is present on the requested resource. @ http://localhost:3000/ai:0
[ 4298674ms] [ERROR] Failed to load resource: net::ERR_FAILED @ https://api.nexusrbx.com/api/studio/status?t=1787842480066:0
[ 4298681ms] [ERROR] Access to fetch at 'https://api.nexusrbx.com/api/studio/mcp/status?t=1787842480066' from origin 'http://localhost:3000' has been blocked by CORS policy: Response to preflight request doesn't pass access control check: No 'Access-Control-Allow-Origin' header is present on the requested resource. @ http://localhost:3000/ai:0
[ 4298681ms] [ERROR] Failed to load resource: net::ERR_FAILED @ https://api.nexusrbx.com/api/studio/mcp/status?t=1787842480066:0
[ 4310865ms] [ERROR] Access to fetch at 'https://api.nexusrbx.com/api/v2/events?afterSequence=0&t=1787842492251' from origin 'http://localhost:3000' has been blocked by CORS policy: Response to preflight request doesn't pass access control check: No 'Access-Control-Allow-Origin' header is present on the requested resource. @ http://localhost:3000/ai:0
[ 4310865ms] [ERROR] Failed to load resource: net::ERR_FAILED @ https://api.nexusrbx.com/api/v2/events?afterSequence=0&t=1787842492251:0
[ 4315869ms] [ERROR] Access to fetch at 'https://api.nexusrbx.com/api/v2/agents?t=1787842497257' from origin 'http://localhost:3000' has been blocked by CORS policy: Response to preflight request doesn't pass access control check: No 'Access-Control-Allow-Origin' header is present on the requested resource. @ http://localhost:3000/ai:0
[ 4315869ms] [ERROR] Failed to load resource: net::ERR_FAILED @ https://api.nexusrbx.com/api/v2/agents?t=1787842497257:0
[ 4328852ms] [ERROR] Access to fetch at 'https://api.nexusrbx.com/api/studio/status?t=1787842510242' from origin 'http://localhost:3000' has been blocked by CORS policy: Response to preflight request doesn't pass access control check: No 'Access-Control-Allow-Origin' header is present on the requested resource. @ http://localhost:3000/ai:0
[ 4328852ms] [ERROR] Failed to load resource: net::ERR_FAILED @ https://api.nexusrbx.com/api/studio/status?t=1787842510242:0
[ 4328853ms] [ERROR] Access to fetch at 'https://api.nexusrbx.com/api/studio/mcp/status?t=1787842510243' from origin 'http://localhost:3000' has been blocked by CORS policy: Response to preflight request doesn't pass access control check: No 'Access-Control-Allow-Origin' header is present on the requested resource. @ http://localhost:3000/ai:0
[ 4328853ms] [ERROR] Failed to load resource: net::ERR_FAILED @ https://api.nexusrbx.com/api/studio/mcp/status?t=1787842510243:0
[ 4343367ms] [ERROR] Access to fetch at 'https://api.nexusrbx.com/api/v2/events?afterSequence=0&t=1787842524752' from origin 'http://localhost:3000' has been blocked by CORS policy: Response to preflight request doesn't pass access control check: No 'Access-Control-Allow-Origin' header is present on the requested resource. @ http://localhost:3000/ai:0
[ 4343367ms] [ERROR] Failed to load resource: net::ERR_FAILED @ https://api.nexusrbx.com/api/v2/events?afterSequence=0&t=1787842524752:0
[ 4355879ms] [ERROR] Access to fetch at 'https://api.nexusrbx.com/api/v2/agents?t=1787842537258' from origin 'http://localhost:3000' has been blocked by CORS policy: Response to preflight request doesn't pass access control check: No 'Access-Control-Allow-Origin' header is present on the requested resource. @ http://localhost:3000/ai:0
[ 4355879ms] [ERROR] Failed to load resource: net::ERR_FAILED @ https://api.nexusrbx.com/api/v2/agents?t=1787842537258:0
[ 4359048ms] [ERROR] Access to fetch at 'https://api.nexusrbx.com/api/studio/mcp/status?t=1787842540424' from origin 'http://localhost:3000' has been blocked by CORS policy: Response to preflight request doesn't pass access control check: No 'Access-Control-Allow-Origin' header is present on the requested resource. @ http://localhost:3000/ai:0
[ 4359048ms] [ERROR] Failed to load resource: net::ERR_FAILED @ https://api.nexusrbx.com/api/studio/mcp/status?t=1787842540424:0
[ 4359051ms] [ERROR] Access to fetch at 'https://api.nexusrbx.com/api/studio/status?t=1787842540424' from origin 'http://localhost:3000' has been blocked by CORS policy: Response to preflight request doesn't pass access control check: No 'Access-Control-Allow-Origin' header is present on the requested resource. @ http://localhost:3000/ai:0
[ 4359051ms] [ERROR] Failed to load resource: net::ERR_FAILED @ https://api.nexusrbx.com/api/studio/status?t=1787842540424:0
[ 4375867ms] [ERROR] Access to fetch at 'https://api.nexusrbx.com/api/v2/events?afterSequence=0&t=1787842557256' from origin 'http://localhost:3000' has been blocked by CORS policy: Response to preflight request doesn't pass access control check: No 'Access-Control-Allow-Origin' header is present on the requested resource. @ http://localhost:3000/ai:0
[ 4375867ms] [ERROR] Failed to load resource: net::ERR_FAILED @ https://api.nexusrbx.com/api/v2/events?afterSequence=0&t=1787842557256:0
[ 4389222ms] [ERROR] Access to fetch at 'https://api.nexusrbx.com/api/studio/status?t=1787842570615' from origin 'http://localhost:3000' has been blocked by CORS policy: Response to preflight request doesn't pass access control check: No 'Access-Control-Allow-Origin' header is present on the requested resource. @ http://localhost:3000/ai:0
[ 4389222ms] [ERROR] Failed to load resource: net::ERR_FAILED @ https://api.nexusrbx.com/api/studio/status?t=1787842570615:0
[ 4389222ms] [ERROR] Access to fetch at 'https://api.nexusrbx.com/api/studio/mcp/status?t=1787842570615' from origin 'http://localhost:3000' has been blocked by CORS policy: Response to preflight request doesn't pass access control check: No 'Access-Control-Allow-Origin' header is present on the requested resource. @ http://localhost:3000/ai:0
[ 4389222ms] [ERROR] Failed to load resource: net::ERR_FAILED @ https://api.nexusrbx.com/api/studio/mcp/status?t=1787842570615:0
[ 4395859ms] [ERROR] Access to fetch at 'https://api.nexusrbx.com/api/v2/agents?t=1787842577249' from origin 'http://localhost:3000' has been blocked by CORS policy: Response to preflight request doesn't pass access control check: No 'Access-Control-Allow-Origin' header is present on the requested resource. @ http://localhost:3000/ai:0
[ 4395860ms] [ERROR] Failed to load resource: net::ERR_FAILED @ https://api.nexusrbx.com/api/v2/agents?t=1787842577249:0
[ 4408372ms] [ERROR] Access to fetch at 'https://api.nexusrbx.com/api/v2/events?afterSequence=0&t=1787842589749' from origin 'http://localhost:3000' has been blocked by CORS policy: Response to preflight request doesn't pass access control check: No 'Access-Control-Allow-Origin' header is present on the requested resource. @ http://localhost:3000/ai:0
[ 4408372ms] [ERROR] Failed to load resource: net::ERR_FAILED @ https://api.nexusrbx.com/api/v2/events?afterSequence=0&t=1787842589749:0
[ 4419397ms] [ERROR] Access to fetch at 'https://api.nexusrbx.com/api/studio/mcp/status?t=1787842600782' from origin 'http://localhost:3000' has been blocked by CORS policy: Response to preflight request doesn't pass access control check: No 'Access-Control-Allow-Origin' header is present on the requested resource. @ http://localhost:3000/ai:0
[ 4419397ms] [ERROR] Failed to load resource: net::ERR_FAILED @ https://api.nexusrbx.com/api/studio/mcp/status?t=1787842600782:0
[ 4419398ms] [ERROR] Access to fetch at 'https://api.nexusrbx.com/api/studio/status?t=1787842600782' from origin 'http://localhost:3000' has been blocked by CORS policy: Response to preflight request doesn't pass access control check: No 'Access-Control-Allow-Origin' header is present on the requested resource. @ http://localhost:3000/ai:0
[ 4419398ms] [ERROR] Failed to load resource: net::ERR_FAILED @ https://api.nexusrbx.com/api/studio/status?t=1787842600782:0
[ 4435872ms] [ERROR] Access to fetch at 'https://api.nexusrbx.com/api/v2/agents?t=1787842617253' from origin 'http://localhost:3000' has been blocked by CORS policy: Response to preflight request doesn't pass access control check: No 'Access-Control-Allow-Origin' header is present on the requested resource. @ http://localhost:3000/ai:0
[ 4435872ms] [ERROR] Failed to load resource: net::ERR_FAILED @ https://api.nexusrbx.com/api/v2/agents?t=1787842617253:0
[ 4440873ms] [ERROR] Access to fetch at 'https://api.nexusrbx.com/api/v2/events?afterSequence=0&t=1787842622259' from origin 'http://localhost:3000' has been blocked by CORS policy: Response to preflight request doesn't pass access control check: No 'Access-Control-Allow-Origin' header is present on the requested resource. @ http://localhost:3000/ai:0
[ 4440873ms] [ERROR] Failed to load resource: net::ERR_FAILED @ https://api.nexusrbx.com/api/v2/events?afterSequence=0&t=1787842622259:0
[ 4449572ms] [ERROR] Access to fetch at 'https://api.nexusrbx.com/api/studio/mcp/status?t=1787842630961' from origin 'http://localhost:3000' has been blocked by CORS policy: Response to preflight request doesn't pass access control check: No 'Access-Control-Allow-Origin' header is present on the requested resource. @ http://localhost:3000/ai:0
[ 4449573ms] [ERROR] Failed to load resource: net::ERR_FAILED @ https://api.nexusrbx.com/api/studio/mcp/status?t=1787842630961:0
[ 4449577ms] [ERROR] Access to fetch at 'https://api.nexusrbx.com/api/studio/status?t=1787842630961' from origin 'http://localhost:3000' has been blocked by CORS policy: Response to preflight request doesn't pass access control check: No 'Access-Control-Allow-Origin' header is present on the requested resource. @ http://localhost:3000/ai:0
[ 4449577ms] [ERROR] Failed to load resource: net::ERR_FAILED @ https://api.nexusrbx.com/api/studio/status?t=1787842630961:0
[ 4473369ms] [ERROR] Access to fetch at 'https://api.nexusrbx.com/api/v2/events?afterSequence=0&t=1787842654761' from origin 'http://localhost:3000' has been blocked by CORS policy: Response to preflight request doesn't pass access control check: No 'Access-Control-Allow-Origin' header is present on the requested resource. @ http://localhost:3000/ai:0
[ 4473369ms] [ERROR] Failed to load resource: net::ERR_FAILED @ https://api.nexusrbx.com/api/v2/events?afterSequence=0&t=1787842654761:0
[ 4475864ms] [ERROR] Access to fetch at 'https://api.nexusrbx.com/api/v2/agents?t=1787842657249' from origin 'http://localhost:3000' has been blocked by CORS policy: Response to preflight request doesn't pass access control check: No 'Access-Control-Allow-Origin' header is present on the requested resource. @ http://localhost:3000/ai:0
[ 4475865ms] [ERROR] Failed to load resource: net::ERR_FAILED @ https://api.nexusrbx.com/api/v2/agents?t=1787842657249:0
[ 4479756ms] [ERROR] Access to fetch at 'https://api.nexusrbx.com/api/studio/mcp/status?t=1787842661139' from origin 'http://localhost:3000' has been blocked by CORS policy: Response to preflight request doesn't pass access control check: No 'Access-Control-Allow-Origin' header is present on the requested resource. @ http://localhost:3000/ai:0
[ 4479756ms] [ERROR] Failed to load resource: net::ERR_FAILED @ https://api.nexusrbx.com/api/studio/mcp/status?t=1787842661139:0
[ 4479757ms] [ERROR] Access to fetch at 'https://api.nexusrbx.com/api/studio/status?t=1787842661139' from origin 'http://localhost:3000' has been blocked by CORS policy: Response to preflight request doesn't pass access control check: No 'Access-Control-Allow-Origin' header is present on the requested resource. @ http://localhost:3000/ai:0
[ 4479757ms] [ERROR] Failed to load resource: net::ERR_FAILED @ https://api.nexusrbx.com/api/studio/status?t=1787842661139:0
[ 4505873ms] [ERROR] Access to fetch at 'https://api.nexusrbx.com/api/v2/events?afterSequence=0&t=1787842687264' from origin 'http://localhost:3000' has been blocked by CORS policy: Response to preflight request doesn't pass access control check: No 'Access-Control-Allow-Origin' header is present on the requested resource. @ http://localhost:3000/ai:0
[ 4505873ms] [ERROR] Failed to load resource: net::ERR_FAILED @ https://api.nexusrbx.com/api/v2/events?afterSequence=0&t=1787842687264:0
[ 4509931ms] [ERROR] Access to fetch at 'https://api.nexusrbx.com/api/studio/status?t=1787842691322' from origin 'http://localhost:3000' has been blocked by CORS policy: Response to preflight request doesn't pass access control check: No 'Access-Control-Allow-Origin' header is present on the requested resource. @ http://localhost:3000/ai:0
[ 4509931ms] [ERROR] Failed to load resource: net::ERR_FAILED @ https://api.nexusrbx.com/api/studio/status?t=1787842691322:0
[ 4509936ms] [ERROR] Access to fetch at 'https://api.nexusrbx.com/api/studio/mcp/status?t=1787842691322' from origin 'http://localhost:3000' has been blocked by CORS policy: Response to preflight request doesn't pass access control check: No 'Access-Control-Allow-Origin' header is present on the requested resource. @ http://localhost:3000/ai:0
[ 4509936ms] [ERROR] Failed to load resource: net::ERR_FAILED @ https://api.nexusrbx.com/api/studio/mcp/status?t=1787842691322:0
[ 4515880ms] [ERROR] Access to fetch at 'https://api.nexusrbx.com/api/v2/agents?t=1787842697260' from origin 'http://localhost:3000' has been blocked by CORS policy: Response to preflight request doesn't pass access control check: No 'Access-Control-Allow-Origin' header is present on the requested resource. @ http://localhost:3000/ai:0
[ 4515880ms] [ERROR] Failed to load resource: net::ERR_FAILED @ https://api.nexusrbx.com/api/v2/agents?t=1787842697260:0
[ 4538364ms] [ERROR] Access to fetch at 'https://api.nexusrbx.com/api/v2/events?afterSequence=0&t=1787842719754' from origin 'http://localhost:3000' has been blocked by CORS policy: Response to preflight request doesn't pass access control check: No 'Access-Control-Allow-Origin' header is present on the requested resource. @ http://localhost:3000/ai:0
[ 4538364ms] [ERROR] Failed to load resource: net::ERR_FAILED @ https://api.nexusrbx.com/api/v2/events?afterSequence=0&t=1787842719754:0
[ 4540107ms] [ERROR] Access to fetch at 'https://api.nexusrbx.com/api/studio/status?t=1787842721494' from origin 'http://localhost:3000' has been blocked by CORS policy: Response to preflight request doesn't pass access control check: No 'Access-Control-Allow-Origin' header is present on the requested resource. @ http://localhost:3000/ai:0
[ 4540107ms] [ERROR] Failed to load resource: net::ERR_FAILED @ https://api.nexusrbx.com/api/studio/status?t=1787842721494:0
[ 4540110ms] [ERROR] Access to fetch at 'https://api.nexusrbx.com/api/studio/mcp/status?t=1787842721494' from origin 'http://localhost:3000' has been blocked by CORS policy: Response to preflight request doesn't pass access control check: No 'Access-Control-Allow-Origin' header is present on the requested resource. @ http://localhost:3000/ai:0
[ 4540110ms] [ERROR] Failed to load resource: net::ERR_FAILED @ https://api.nexusrbx.com/api/studio/mcp/status?t=1787842721494:0
[ 4547660ms] [ERROR] Access to fetch at 'https://api.nexusrbx.com/api/billing/entitlements' from origin 'http://localhost:3000' has been blocked by CORS policy: Response to preflight request doesn't pass access control check: No 'Access-Control-Allow-Origin' header is present on the requested resource. @ http://localhost:3000/ai:0
[ 4547660ms] [ERROR] Failed to load resource: net::ERR_FAILED @ https://api.nexusrbx.com/api/billing/entitlements:0
[ 4555864ms] [ERROR] Access to fetch at 'https://api.nexusrbx.com/api/v2/agents?t=1787842737250' from origin 'http://localhost:3000' has been blocked by CORS policy: Response to preflight request doesn't pass access control check: No 'Access-Control-Allow-Origin' header is present on the requested resource. @ http://localhost:3000/ai:0
[ 4555864ms] [ERROR] Failed to load resource: net::ERR_FAILED @ https://api.nexusrbx.com/api/v2/agents?t=1787842737250:0
[ 4570281ms] [ERROR] Access to fetch at 'https://api.nexusrbx.com/api/studio/status?t=1787842751667' from origin 'http://localhost:3000' has been blocked by CORS policy: Response to preflight request doesn't pass access control check: No 'Access-Control-Allow-Origin' header is present on the requested resource. @ http://localhost:3000/ai:0
[ 4570281ms] [ERROR] Failed to load resource: net::ERR_FAILED @ https://api.nexusrbx.com/api/studio/status?t=1787842751667:0
[ 4570283ms] [ERROR] Access to fetch at 'https://api.nexusrbx.com/api/studio/mcp/status?t=1787842751668' from origin 'http://localhost:3000' has been blocked by CORS policy: Response to preflight request doesn't pass access control check: No 'Access-Control-Allow-Origin' header is present on the requested resource. @ http://localhost:3000/ai:0
[ 4570283ms] [ERROR] Failed to load resource: net::ERR_FAILED @ https://api.nexusrbx.com/api/studio/mcp/status?t=1787842751668:0
[ 4570869ms] [ERROR] Access to fetch at 'https://api.nexusrbx.com/api/v2/events?afterSequence=0&t=1787842752258' from origin 'http://localhost:3000' has been blocked by CORS policy: Response to preflight request doesn't pass access control check: No 'Access-Control-Allow-Origin' header is present on the requested resource. @ http://localhost:3000/ai:0
[ 4570869ms] [ERROR] Failed to load resource: net::ERR_FAILED @ https://api.nexusrbx.com/api/v2/events?afterSequence=0&t=1787842752258:0
[ 4595862ms] [ERROR] Access to fetch at 'https://api.nexusrbx.com/api/v2/agents?t=1787842777252' from origin 'http://localhost:3000' has been blocked by CORS policy: Response to preflight request doesn't pass access control check: No 'Access-Control-Allow-Origin' header is present on the requested resource. @ http://localhost:3000/ai:0
[ 4595862ms] [ERROR] Failed to load resource: net::ERR_FAILED @ https://api.nexusrbx.com/api/v2/agents?t=1787842777252:0
[ 4600457ms] [ERROR] Access to fetch at 'https://api.nexusrbx.com/api/studio/status?t=1787842781852' from origin 'http://localhost:3000' has been blocked by CORS policy: Response to preflight request doesn't pass access control check: No 'Access-Control-Allow-Origin' header is present on the requested resource. @ http://localhost:3000/ai:0
[ 4600457ms] [ERROR] Failed to load resource: net::ERR_FAILED @ https://api.nexusrbx.com/api/studio/status?t=1787842781852:0
[ 4600461ms] [ERROR] Access to fetch at 'https://api.nexusrbx.com/api/studio/mcp/status?t=1787842781852' from origin 'http://localhost:3000' has been blocked by CORS policy: Response to preflight request doesn't pass access control check: No 'Access-Control-Allow-Origin' header is present on the requested resource. @ http://localhost:3000/ai:0
[ 4600461ms] [ERROR] Failed to load resource: net::ERR_FAILED @ https://api.nexusrbx.com/api/studio/mcp/status?t=1787842781852:0
[ 4603363ms] [ERROR] Access to fetch at 'https://api.nexusrbx.com/api/v2/events?afterSequence=0&t=1787842784751' from origin 'http://localhost:3000' has been blocked by CORS policy: Response to preflight request doesn't pass access control check: No 'Access-Control-Allow-Origin' header is present on the requested resource. @ http://localhost:3000/ai:0
[ 4603363ms] [ERROR] Failed to load resource: net::ERR_FAILED @ https://api.nexusrbx.com/api/v2/events?afterSequence=0&t=1787842784751:0
[ 4630643ms] [ERROR] Access to fetch at 'https://api.nexusrbx.com/api/studio/status?t=1787842812026' from origin 'http://localhost:3000' has been blocked by CORS policy: Response to preflight request doesn't pass access control check: No 'Access-Control-Allow-Origin' header is present on the requested resource. @ http://localhost:3000/ai:0
[ 4630643ms] [ERROR] Failed to load resource: net::ERR_FAILED @ https://api.nexusrbx.com/api/studio/status?t=1787842812026:0
[ 4630646ms] [ERROR] Access to fetch at 'https://api.nexusrbx.com/api/studio/mcp/status?t=1787842812026' from origin 'http://localhost:3000' has been blocked by CORS policy: Response to preflight request doesn't pass access control check: No 'Access-Control-Allow-Origin' header is present on the requested resource. @ http://localhost:3000/ai:0
[ 4630646ms] [ERROR] Failed to load resource: net::ERR_FAILED @ https://api.nexusrbx.com/api/studio/mcp/status?t=1787842812026:0
[ 4635889ms] [ERROR] Access to fetch at 'https://api.nexusrbx.com/api/v2/agents?t=1787842817257' from origin 'http://localhost:3000' has been blocked by CORS policy: Response to preflight request doesn't pass access control check: No 'Access-Control-Allow-Origin' header is present on the requested resource. @ http://localhost:3000/ai:0
[ 4635889ms] [ERROR] Failed to load resource: net::ERR_FAILED @ https://api.nexusrbx.com/api/v2/agents?t=1787842817257:0
[ 4636023ms] [ERROR] Access to fetch at 'https://api.nexusrbx.com/api/v2/events?afterSequence=0&t=1787842817257' from origin 'http://localhost:3000' has been blocked by CORS policy: Response to preflight request doesn't pass access control check: No 'Access-Control-Allow-Origin' header is present on the requested resource. @ http://localhost:3000/ai:0
[ 4636023ms] [ERROR] Failed to load resource: net::ERR_FAILED @ https://api.nexusrbx.com/api/v2/events?afterSequence=0&t=1787842817257:0
[ 4660822ms] [ERROR] Access to fetch at 'https://api.nexusrbx.com/api/studio/mcp/status?t=1787842842209' from origin 'http://localhost:3000' has been blocked by CORS policy: Response to preflight request doesn't pass access control check: No 'Access-Control-Allow-Origin' header is present on the requested resource. @ http://localhost:3000/ai:0
[ 4660822ms] [ERROR] Failed to load resource: net::ERR_FAILED @ https://api.nexusrbx.com/api/studio/mcp/status?t=1787842842209:0
[ 4660827ms] [ERROR] Access to fetch at 'https://api.nexusrbx.com/api/studio/status?t=1787842842208' from origin 'http://localhost:3000' has been blocked by CORS policy: Response to preflight request doesn't pass access control check: No 'Access-Control-Allow-Origin' header is present on the requested resource. @ http://localhost:3000/ai:0
[ 4660827ms] [ERROR] Failed to load resource: net::ERR_FAILED @ https://api.nexusrbx.com/api/studio/status?t=1787842842208:0
[ 4668371ms] [ERROR] Access to fetch at 'https://api.nexusrbx.com/api/v2/events?afterSequence=0&t=1787842849758' from origin 'http://localhost:3000' has been blocked by CORS policy: Response to preflight request doesn't pass access control check: No 'Access-Control-Allow-Origin' header is present on the requested resource. @ http://localhost:3000/ai:0
[ 4668371ms] [ERROR] Failed to load resource: net::ERR_FAILED @ https://api.nexusrbx.com/api/v2/events?afterSequence=0&t=1787842849758:0
[ 4675858ms] [ERROR] Access to fetch at 'https://api.nexusrbx.com/api/v2/agents?t=1787842857253' from origin 'http://localhost:3000' has been blocked by CORS policy: Response to preflight request doesn't pass access control check: No 'Access-Control-Allow-Origin' header is present on the requested resource. @ http://localhost:3000/ai:0
[ 4675858ms] [ERROR] Failed to load resource: net::ERR_FAILED @ https://api.nexusrbx.com/api/v2/agents?t=1787842857253:0
[ 4691001ms] [ERROR] Access to fetch at 'https://api.nexusrbx.com/api/studio/status?t=1787842872389' from origin 'http://localhost:3000' has been blocked by CORS policy: Response to preflight request doesn't pass access control check: No 'Access-Control-Allow-Origin' header is present on the requested resource. @ http://localhost:3000/ai:0
[ 4691001ms] [ERROR] Failed to load resource: net::ERR_FAILED @ https://api.nexusrbx.com/api/studio/status?t=1787842872389:0
[ 4691001ms] [ERROR] Access to fetch at 'https://api.nexusrbx.com/api/studio/mcp/status?t=1787842872389' from origin 'http://localhost:3000' has been blocked by CORS policy: Response to preflight request doesn't pass access control check: No 'Access-Control-Allow-Origin' header is present on the requested resource. @ http://localhost:3000/ai:0
[ 4691001ms] [ERROR] Failed to load resource: net::ERR_FAILED @ https://api.nexusrbx.com/api/studio/mcp/status?t=1787842872389:0
[ 4700862ms] [ERROR] Access to fetch at 'https://api.nexusrbx.com/api/v2/events?afterSequence=0&t=1787842882259' from origin 'http://localhost:3000' has been blocked by CORS policy: Response to preflight request doesn't pass access control check: No 'Access-Control-Allow-Origin' header is present on the requested resource. @ http://localhost:3000/ai:0
[ 4700862ms] [ERROR] Failed to load resource: net::ERR_FAILED @ https://api.nexusrbx.com/api/v2/events?afterSequence=0&t=1787842882259:0
[ 4715861ms] [ERROR] Access to fetch at 'https://api.nexusrbx.com/api/v2/agents?t=1787842897251' from origin 'http://localhost:3000' has been blocked by CORS policy: Response to preflight request doesn't pass access control check: No 'Access-Control-Allow-Origin' header is present on the requested resource. @ http://localhost:3000/ai:0
[ 4715861ms] [ERROR] Failed to load resource: net::ERR_FAILED @ https://api.nexusrbx.com/api/v2/agents?t=1787842897251:0
[ 4721163ms] [ERROR] Access to fetch at 'https://api.nexusrbx.com/api/studio/mcp/status?t=1787842902559' from origin 'http://localhost:3000' has been blocked by CORS policy: Response to preflight request doesn't pass access control check: No 'Access-Control-Allow-Origin' header is present on the requested resource. @ http://localhost:3000/ai:0
[ 4721163ms] [ERROR] Failed to load resource: net::ERR_FAILED @ https://api.nexusrbx.com/api/studio/mcp/status?t=1787842902559:0
[ 4721167ms] [ERROR] Access to fetch at 'https://api.nexusrbx.com/api/studio/status?t=1787842902559' from origin 'http://localhost:3000' has been blocked by CORS policy: Response to preflight request doesn't pass access control check: No 'Access-Control-Allow-Origin' header is present on the requested resource. @ http://localhost:3000/ai:0
[ 4721167ms] [ERROR] Failed to load resource: net::ERR_FAILED @ https://api.nexusrbx.com/api/studio/status?t=1787842902559:0
[ 4733377ms] [ERROR] Access to fetch at 'https://api.nexusrbx.com/api/v2/events?afterSequence=0&t=1787842914762' from origin 'http://localhost:3000' has been blocked by CORS policy: Response to preflight request doesn't pass access control check: No 'Access-Control-Allow-Origin' header is present on the requested resource. @ http://localhost:3000/ai:0
[ 4733377ms] [ERROR] Failed to load resource: net::ERR_FAILED @ https://api.nexusrbx.com/api/v2/events?afterSequence=0&t=1787842914762:0
[ 4751343ms] [ERROR] Access to fetch at 'https://api.nexusrbx.com/api/studio/status?t=1787842932733' from origin 'http://localhost:3000' has been blocked by CORS policy: Response to preflight request doesn't pass access control check: No 'Access-Control-Allow-Origin' header is present on the requested resource. @ http://localhost:3000/ai:0
[ 4751344ms] [ERROR] Failed to load resource: net::ERR_FAILED @ https://api.nexusrbx.com/api/studio/status?t=1787842932733:0
[ 4751345ms] [ERROR] Access to fetch at 'https://api.nexusrbx.com/api/studio/mcp/status?t=1787842932733' from origin 'http://localhost:3000' has been blocked by CORS policy: Response to preflight request doesn't pass access control check: No 'Access-Control-Allow-Origin' header is present on the requested resource. @ http://localhost:3000/ai:0
[ 4751346ms] [ERROR] Failed to load resource: net::ERR_FAILED @ https://api.nexusrbx.com/api/studio/mcp/status?t=1787842932733:0
[ 4755868ms] [ERROR] Access to fetch at 'https://api.nexusrbx.com/api/v2/agents?t=1787842937253' from origin 'http://localhost:3000' has been blocked by CORS policy: Response to preflight request doesn't pass access control check: No 'Access-Control-Allow-Origin' header is present on the requested resource. @ http://localhost:3000/ai:0
[ 4755868ms] [ERROR] Failed to load resource: net::ERR_FAILED @ https://api.nexusrbx.com/api/v2/agents?t=1787842937253:0
[ 4765874ms] [ERROR] Access to fetch at 'https://api.nexusrbx.com/api/v2/events?afterSequence=0&t=1787842947259' from origin 'http://localhost:3000' has been blocked by CORS policy: Response to preflight request doesn't pass access control check: No 'Access-Control-Allow-Origin' header is present on the requested resource. @ http://localhost:3000/ai:0
[ 4765875ms] [ERROR] Failed to load resource: net::ERR_FAILED @ https://api.nexusrbx.com/api/v2/events?afterSequence=0&t=1787842947259:0
[ 4781513ms] [ERROR] Access to fetch at 'https://api.nexusrbx.com/api/studio/mcp/status?t=1787842962903' from origin 'http://localhost:3000' has been blocked by CORS policy: Response to preflight request doesn't pass access control check: No 'Access-Control-Allow-Origin' header is present on the requested resource. @ http://localhost:3000/ai:0
[ 4781513ms] [ERROR] Failed to load resource: net::ERR_FAILED @ https://api.nexusrbx.com/api/studio/mcp/status?t=1787842962903:0
[ 4781515ms] [ERROR] Access to fetch at 'https://api.nexusrbx.com/api/studio/status?t=1787842962903' from origin 'http://localhost:3000' has been blocked by CORS policy: Response to preflight request doesn't pass access control check: No 'Access-Control-Allow-Origin' header is present on the requested resource. @ http://localhost:3000/ai:0
[ 4781515ms] [ERROR] Failed to load resource: net::ERR_FAILED @ https://api.nexusrbx.com/api/studio/status?t=1787842962903:0
[ 4795868ms] [ERROR] Access to fetch at 'https://api.nexusrbx.com/api/v2/agents?t=1787842977261' from origin 'http://localhost:3000' has been blocked by CORS policy: Response to preflight request doesn't pass access control check: No 'Access-Control-Allow-Origin' header is present on the requested resource. @ http://localhost:3000/ai:0
[ 4795868ms] [ERROR] Failed to load resource: net::ERR_FAILED @ https://api.nexusrbx.com/api/v2/agents?t=1787842977261:0
[ 4798386ms] [ERROR] Access to fetch at 'https://api.nexusrbx.com/api/v2/events?afterSequence=0&t=1787842979770' from origin 'http://localhost:3000' has been blocked by CORS policy: Response to preflight request doesn't pass access control check: No 'Access-Control-Allow-Origin' header is present on the requested resource. @ http://localhost:3000/ai:0
[ 4798387ms] [ERROR] Failed to load resource: net::ERR_FAILED @ https://api.nexusrbx.com/api/v2/events?afterSequence=0&t=1787842979770:0
[ 4811684ms] [ERROR] Access to fetch at 'https://api.nexusrbx.com/api/studio/status?t=1787842993076' from origin 'http://localhost:3000' has been blocked by CORS policy: Response to preflight request doesn't pass access control check: No 'Access-Control-Allow-Origin' header is present on the requested resource. @ http://localhost:3000/ai:0
[ 4811684ms] [ERROR] Failed to load resource: net::ERR_FAILED @ https://api.nexusrbx.com/api/studio/status?t=1787842993076:0
[ 4811692ms] [ERROR] Access to fetch at 'https://api.nexusrbx.com/api/studio/mcp/status?t=1787842993076' from origin 'http://localhost:3000' has been blocked by CORS policy: Response to preflight request doesn't pass access control check: No 'Access-Control-Allow-Origin' header is present on the requested resource. @ http://localhost:3000/ai:0
[ 4811692ms] [ERROR] Failed to load resource: net::ERR_FAILED @ https://api.nexusrbx.com/api/studio/mcp/status?t=1787842993076:0
[ 4830864ms] [ERROR] Access to fetch at 'https://api.nexusrbx.com/api/v2/events?afterSequence=0&t=1787843012255' from origin 'http://localhost:3000' has been blocked by CORS policy: Response to preflight request doesn't pass access control check: No 'Access-Control-Allow-Origin' header is present on the requested resource. @ http://localhost:3000/ai:0
[ 4830865ms] [ERROR] Failed to load resource: net::ERR_FAILED @ https://api.nexusrbx.com/api/v2/events?afterSequence=0&t=1787843012255:0
[ 4835865ms] [ERROR] Access to fetch at 'https://api.nexusrbx.com/api/v2/agents?t=1787843017255' from origin 'http://localhost:3000' has been blocked by CORS policy: Response to preflight request doesn't pass access control check: No 'Access-Control-Allow-Origin' header is present on the requested resource. @ http://localhost:3000/ai:0
[ 4835865ms] [ERROR] Failed to load resource: net::ERR_FAILED @ https://api.nexusrbx.com/api/v2/agents?t=1787843017255:0
[ 4841871ms] [ERROR] Access to fetch at 'https://api.nexusrbx.com/api/studio/status?t=1787843023259' from origin 'http://localhost:3000' has been blocked by CORS policy: Response to preflight request doesn't pass access control check: No 'Access-Control-Allow-Origin' header is present on the requested resource. @ http://localhost:3000/ai:0
[ 4841871ms] [ERROR] Failed to load resource: net::ERR_FAILED @ https://api.nexusrbx.com/api/studio/status?t=1787843023259:0
[ 4841875ms] [ERROR] Access to fetch at 'https://api.nexusrbx.com/api/studio/mcp/status?t=1787843023259' from origin 'http://localhost:3000' has been blocked by CORS policy: Response to preflight request doesn't pass access control check: No 'Access-Control-Allow-Origin' header is present on the requested resource. @ http://localhost:3000/ai:0
[ 4841875ms] [ERROR] Failed to load resource: net::ERR_FAILED @ https://api.nexusrbx.com/api/studio/mcp/status?t=1787843023259:0
[ 4847828ms] [ERROR] Access to fetch at 'https://api.nexusrbx.com/api/billing/entitlements' from origin 'http://localhost:3000' has been blocked by CORS policy: Response to preflight request doesn't pass access control check: No 'Access-Control-Allow-Origin' header is present on the requested resource. @ http://localhost:3000/ai:0
[ 4847828ms] [ERROR] Failed to load resource: net::ERR_FAILED @ https://api.nexusrbx.com/api/billing/entitlements:0
[ 4863375ms] [ERROR] Access to fetch at 'https://api.nexusrbx.com/api/v2/events?afterSequence=0&t=1787843044756' from origin 'http://localhost:3000' has been blocked by CORS policy: Response to preflight request doesn't pass access control check: No 'Access-Control-Allow-Origin' header is present on the requested resource. @ http://localhost:3000/ai:0
[ 4863375ms] [ERROR] Failed to load resource: net::ERR_FAILED @ https://api.nexusrbx.com/api/v2/events?afterSequence=0&t=1787843044756:0
[ 4872058ms] [ERROR] Access to fetch at 'https://api.nexusrbx.com/api/studio/status?t=1787843053442' from origin 'http://localhost:3000' has been blocked by CORS policy: Response to preflight request doesn't pass access control check: No 'Access-Control-Allow-Origin' header is present on the requested resource. @ http://localhost:3000/ai:0
[ 4872058ms] [ERROR] Failed to load resource: net::ERR_FAILED @ https://api.nexusrbx.com/api/studio/status?t=1787843053442:0
[ 4872058ms] [ERROR] Access to fetch at 'https://api.nexusrbx.com/api/studio/mcp/status?t=1787843053442' from origin 'http://localhost:3000' has been blocked by CORS policy: Response to preflight request doesn't pass access control check: No 'Access-Control-Allow-Origin' header is present on the requested resource. @ http://localhost:3000/ai:0
[ 4872058ms] [ERROR] Failed to load resource: net::ERR_FAILED @ https://api.nexusrbx.com/api/studio/mcp/status?t=1787843053442:0
[ 4875869ms] [ERROR] Access to fetch at 'https://api.nexusrbx.com/api/v2/agents?t=1787843057260' from origin 'http://localhost:3000' has been blocked by CORS policy: Response to preflight request doesn't pass access control check: No 'Access-Control-Allow-Origin' header is present on the requested resource. @ http://localhost:3000/ai:0
[ 4875869ms] [ERROR] Failed to load resource: net::ERR_FAILED @ https://api.nexusrbx.com/api/v2/agents?t=1787843057260:0
[ 4895866ms] [ERROR] Access to fetch at 'https://api.nexusrbx.com/api/v2/events?afterSequence=0&t=1787843077256' from origin 'http://localhost:3000' has been blocked by CORS policy: Response to preflight request doesn't pass access control check: No 'Access-Control-Allow-Origin' header is present on the requested resource. @ http://localhost:3000/ai:0
[ 4895866ms] [ERROR] Failed to load resource: net::ERR_FAILED @ https://api.nexusrbx.com/api/v2/events?afterSequence=0&t=1787843077256:0
[ 4902231ms] [ERROR] Access to fetch at 'https://api.nexusrbx.com/api/studio/status?t=1787843083623' from origin 'http://localhost:3000' has been blocked by CORS policy: Response to preflight request doesn't pass access control check: No 'Access-Control-Allow-Origin' header is present on the requested resource. @ http://localhost:3000/ai:0
[ 4902231ms] [ERROR] Failed to load resource: net::ERR_FAILED @ https://api.nexusrbx.com/api/studio/status?t=1787843083623:0
[ 4902235ms] [ERROR] Access to fetch at 'https://api.nexusrbx.com/api/studio/mcp/status?t=1787843083623' from origin 'http://localhost:3000' has been blocked by CORS policy: Response to preflight request doesn't pass access control check: No 'Access-Control-Allow-Origin' header is present on the requested resource. @ http://localhost:3000/ai:0
[ 4902235ms] [ERROR] Failed to load resource: net::ERR_FAILED @ https://api.nexusrbx.com/api/studio/mcp/status?t=1787843083623:0
[ 4915875ms] [ERROR] Access to fetch at 'https://api.nexusrbx.com/api/v2/agents?t=1787843097255' from origin 'http://localhost:3000' has been blocked by CORS policy: Response to preflight request doesn't pass access control check: No 'Access-Control-Allow-Origin' header is present on the requested resource. @ http://localhost:3000/ai:0
[ 4915875ms] [ERROR] Failed to load resource: net::ERR_FAILED @ https://api.nexusrbx.com/api/v2/agents?t=1787843097255:0
[ 4928363ms] [ERROR] Access to fetch at 'https://api.nexusrbx.com/api/v2/events?afterSequence=0&t=1787843109755' from origin 'http://localhost:3000' has been blocked by CORS policy: Response to preflight request doesn't pass access control check: No 'Access-Control-Allow-Origin' header is present on the requested resource. @ http://localhost:3000/ai:0
[ 4928363ms] [ERROR] Failed to load resource: net::ERR_FAILED @ https://api.nexusrbx.com/api/v2/events?afterSequence=0&t=1787843109755:0
[ 4932428ms] [ERROR] Access to fetch at 'https://api.nexusrbx.com/api/studio/status?t=1787843113798' from origin 'http://localhost:3000' has been blocked by CORS policy: Response to preflight request doesn't pass access control check: No 'Access-Control-Allow-Origin' header is present on the requested resource. @ http://localhost:3000/ai:0
[ 4932428ms] [ERROR] Failed to load resource: net::ERR_FAILED @ https://api.nexusrbx.com/api/studio/status?t=1787843113798:0
[ 4932428ms] [ERROR] Access to fetch at 'https://api.nexusrbx.com/api/studio/mcp/status?t=1787843113799' from origin 'http://localhost:3000' has been blocked by CORS policy: Response to preflight request doesn't pass access control check: No 'Access-Control-Allow-Origin' header is present on the requested resource. @ http://localhost:3000/ai:0
[ 4932429ms] [ERROR] Failed to load resource: net::ERR_FAILED @ https://api.nexusrbx.com/api/studio/mcp/status?t=1787843113799:0
[ 4955871ms] [ERROR] Access to fetch at 'https://api.nexusrbx.com/api/v2/agents?t=1787843137262' from origin 'http://localhost:3000' has been blocked by CORS policy: Response to preflight request doesn't pass access control check: No 'Access-Control-Allow-Origin' header is present on the requested resource. @ http://localhost:3000/ai:0
[ 4955871ms] [ERROR] Failed to load resource: net::ERR_FAILED @ https://api.nexusrbx.com/api/v2/agents?t=1787843137262:0
[ 4960864ms] [ERROR] Access to fetch at 'https://api.nexusrbx.com/api/v2/events?afterSequence=0&t=1787843142254' from origin 'http://localhost:3000' has been blocked by CORS policy: Response to preflight request doesn't pass access control check: No 'Access-Control-Allow-Origin' header is present on the requested resource. @ http://localhost:3000/ai:0
[ 4960864ms] [ERROR] Failed to load resource: net::ERR_FAILED @ https://api.nexusrbx.com/api/v2/events?afterSequence=0&t=1787843142254:0
[ 4962598ms] [ERROR] Access to fetch at 'https://api.nexusrbx.com/api/studio/mcp/status?t=1787843143990' from origin 'http://localhost:3000' has been blocked by CORS policy: Response to preflight request doesn't pass access control check: No 'Access-Control-Allow-Origin' header is present on the requested resource. @ http://localhost:3000/ai:0
[ 4962598ms] [ERROR] Failed to load resource: net::ERR_FAILED @ https://api.nexusrbx.com/api/studio/mcp/status?t=1787843143990:0
[ 4962600ms] [ERROR] Access to fetch at 'https://api.nexusrbx.com/api/studio/status?t=1787843143990' from origin 'http://localhost:3000' has been blocked by CORS policy: Response to preflight request doesn't pass access control check: No 'Access-Control-Allow-Origin' header is present on the requested resource. @ http://localhost:3000/ai:0
[ 4962600ms] [ERROR] Failed to load resource: net::ERR_FAILED @ https://api.nexusrbx.com/api/studio/status?t=1787843143990:0
[ 4992766ms] [ERROR] Access to fetch at 'https://api.nexusrbx.com/api/studio/status?t=1787843174159' from origin 'http://localhost:3000' has been blocked by CORS policy: Response to preflight request doesn't pass access control check: No 'Access-Control-Allow-Origin' header is present on the requested resource. @ http://localhost:3000/ai:0
[ 4992767ms] [ERROR] Failed to load resource: net::ERR_FAILED @ https://api.nexusrbx.com/api/studio/status?t=1787843174159:0
[ 4992772ms] [ERROR] Access to fetch at 'https://api.nexusrbx.com/api/studio/mcp/status?t=1787843174159' from origin 'http://localhost:3000' has been blocked by CORS policy: Response to preflight request doesn't pass access control check: No 'Access-Control-Allow-Origin' header is present on the requested resource. @ http://localhost:3000/ai:0
[ 4992773ms] [ERROR] Failed to load resource: net::ERR_FAILED @ https://api.nexusrbx.com/api/studio/mcp/status?t=1787843174159:0
[ 4993360ms] [ERROR] Access to fetch at 'https://api.nexusrbx.com/api/v2/events?afterSequence=0&t=1787843174759' from origin 'http://localhost:3000' has been blocked by CORS policy: Response to preflight request doesn't pass access control check: No 'Access-Control-Allow-Origin' header is present on the requested resource. @ http://localhost:3000/ai:0
[ 4993360ms] [ERROR] Failed to load resource: net::ERR_FAILED @ https://api.nexusrbx.com/api/v2/events?afterSequence=0&t=1787843174759:0
[ 4995874ms] [ERROR] Access to fetch at 'https://api.nexusrbx.com/api/v2/agents?t=1787843177262' from origin 'http://localhost:3000' has been blocked by CORS policy: Response to preflight request doesn't pass access control check: No 'Access-Control-Allow-Origin' header is present on the requested resource. @ http://localhost:3000/ai:0
[ 4995874ms] [ERROR] Failed to load resource: net::ERR_FAILED @ https://api.nexusrbx.com/api/v2/agents?t=1787843177262:0
[ 5022940ms] [ERROR] Access to fetch at 'https://api.nexusrbx.com/api/studio/mcp/status?t=1787843204333' from origin 'http://localhost:3000' has been blocked by CORS policy: Response to preflight request doesn't pass access control check: No 'Access-Control-Allow-Origin' header is present on the requested resource. @ http://localhost:3000/ai:0
[ 5022940ms] [ERROR] Failed to load resource: net::ERR_FAILED @ https://api.nexusrbx.com/api/studio/mcp/status?t=1787843204333:0
[ 5022957ms] [ERROR] Access to fetch at 'https://api.nexusrbx.com/api/studio/status?t=1787843204333' from origin 'http://localhost:3000' has been blocked by CORS policy: Response to preflight request doesn't pass access control check: No 'Access-Control-Allow-Origin' header is present on the requested resource. @ http://localhost:3000/ai:0
[ 5022957ms] [ERROR] Failed to load resource: net::ERR_FAILED @ https://api.nexusrbx.com/api/studio/status?t=1787843204333:0
[ 5025872ms] [ERROR] Access to fetch at 'https://api.nexusrbx.com/api/v2/events?afterSequence=0&t=1787843207260' from origin 'http://localhost:3000' has been blocked by CORS policy: Response to preflight request doesn't pass access control check: No 'Access-Control-Allow-Origin' header is present on the requested resource. @ http://localhost:3000/ai:0
[ 5025872ms] [ERROR] Failed to load resource: net::ERR_FAILED @ https://api.nexusrbx.com/api/v2/events?afterSequence=0&t=1787843207260:0
[ 5035856ms] [ERROR] Access to fetch at 'https://api.nexusrbx.com/api/v2/agents?t=1787843217251' from origin 'http://localhost:3000' has been blocked by CORS policy: Response to preflight request doesn't pass access control check: No 'Access-Control-Allow-Origin' header is present on the requested resource. @ http://localhost:3000/ai:0
[ 5035856ms] [ERROR] Failed to load resource: net::ERR_FAILED @ https://api.nexusrbx.com/api/v2/agents?t=1787843217251:0
[ 5053139ms] [ERROR] Access to fetch at 'https://api.nexusrbx.com/api/studio/status?t=1787843234530' from origin 'http://localhost:3000' has been blocked by CORS policy: Response to preflight request doesn't pass access control check: No 'Access-Control-Allow-Origin' header is present on the requested resource. @ http://localhost:3000/ai:0
[ 5053139ms] [ERROR] Failed to load resource: net::ERR_FAILED @ https://api.nexusrbx.com/api/studio/status?t=1787843234530:0
[ 5053143ms] [ERROR] Access to fetch at 'https://api.nexusrbx.com/api/studio/mcp/status?t=1787843234530' from origin 'http://localhost:3000' has been blocked by CORS policy: Response to preflight request doesn't pass access control check: No 'Access-Control-Allow-Origin' header is present on the requested resource. @ http://localhost:3000/ai:0
[ 5053143ms] [ERROR] Failed to load resource: net::ERR_FAILED @ https://api.nexusrbx.com/api/studio/mcp/status?t=1787843234530:0
[ 5058366ms] [ERROR] Access to fetch at 'https://api.nexusrbx.com/api/v2/events?afterSequence=0&t=1787843239758' from origin 'http://localhost:3000' has been blocked by CORS policy: Response to preflight request doesn't pass access control check: No 'Access-Control-Allow-Origin' header is present on the requested resource. @ http://localhost:3000/ai:0
[ 5058367ms] [ERROR] Failed to load resource: net::ERR_FAILED @ https://api.nexusrbx.com/api/v2/events?afterSequence=0&t=1787843239758:0
[ 5075867ms] [ERROR] Access to fetch at 'https://api.nexusrbx.com/api/v2/agents?t=1787843257258' from origin 'http://localhost:3000' has been blocked by CORS policy: Response to preflight request doesn't pass access control check: No 'Access-Control-Allow-Origin' header is present on the requested resource. @ http://localhost:3000/ai:0
[ 5075867ms] [ERROR] Failed to load resource: net::ERR_FAILED @ https://api.nexusrbx.com/api/v2/agents?t=1787843257258:0
[ 5083308ms] [ERROR] Access to fetch at 'https://api.nexusrbx.com/api/studio/status?t=1787843264702' from origin 'http://localhost:3000' has been blocked by CORS policy: Response to preflight request doesn't pass access control check: No 'Access-Control-Allow-Origin' header is present on the requested resource. @ http://localhost:3000/ai:0
[ 5083308ms] [ERROR] Failed to load resource: net::ERR_FAILED @ https://api.nexusrbx.com/api/studio/status?t=1787843264702:0
[ 5083312ms] [ERROR] Access to fetch at 'https://api.nexusrbx.com/api/studio/mcp/status?t=1787843264702' from origin 'http://localhost:3000' has been blocked by CORS policy: Response to preflight request doesn't pass access control check: No 'Access-Control-Allow-Origin' header is present on the requested resource. @ http://localhost:3000/ai:0
[ 5083312ms] [ERROR] Failed to load resource: net::ERR_FAILED @ https://api.nexusrbx.com/api/studio/mcp/status?t=1787843264702:0
[ 5090872ms] [ERROR] Access to fetch at 'https://api.nexusrbx.com/api/v2/events?afterSequence=0&t=1787843272264' from origin 'http://localhost:3000' has been blocked by CORS policy: Response to preflight request doesn't pass access control check: No 'Access-Control-Allow-Origin' header is present on the requested resource. @ http://localhost:3000/ai:0
[ 5090872ms] [ERROR] Failed to load resource: net::ERR_FAILED @ https://api.nexusrbx.com/api/v2/events?afterSequence=0&t=1787843272264:0
[ 5113479ms] [ERROR] Access to fetch at 'https://api.nexusrbx.com/api/studio/status?t=1787843294874' from origin 'http://localhost:3000' has been blocked by CORS policy: Response to preflight request doesn't pass access control check: No 'Access-Control-Allow-Origin' header is present on the requested resource. @ http://localhost:3000/ai:0
[ 5113479ms] [ERROR] Failed to load resource: net::ERR_FAILED @ https://api.nexusrbx.com/api/studio/status?t=1787843294874:0
[ 5113480ms] [ERROR] Access to fetch at 'https://api.nexusrbx.com/api/studio/mcp/status?t=1787843294874' from origin 'http://localhost:3000' has been blocked by CORS policy: Response to preflight request doesn't pass access control check: No 'Access-Control-Allow-Origin' header is present on the requested resource. @ http://localhost:3000/ai:0
[ 5113480ms] [ERROR] Failed to load resource: net::ERR_FAILED @ https://api.nexusrbx.com/api/studio/mcp/status?t=1787843294874:0
[ 5115859ms] [ERROR] Access to fetch at 'https://api.nexusrbx.com/api/v2/agents?t=1787843297252' from origin 'http://localhost:3000' has been blocked by CORS policy: Response to preflight request doesn't pass access control check: No 'Access-Control-Allow-Origin' header is present on the requested resource. @ http://localhost:3000/ai:0
[ 5115859ms] [ERROR] Failed to load resource: net::ERR_FAILED @ https://api.nexusrbx.com/api/v2/agents?t=1787843297252:0
[ 5123364ms] [ERROR] Access to fetch at 'https://api.nexusrbx.com/api/v2/events?afterSequence=0&t=1787843304754' from origin 'http://localhost:3000' has been blocked by CORS policy: Response to preflight request doesn't pass access control check: No 'Access-Control-Allow-Origin' header is present on the requested resource. @ http://localhost:3000/ai:0
[ 5123364ms] [ERROR] Failed to load resource: net::ERR_FAILED @ https://api.nexusrbx.com/api/v2/events?afterSequence=0&t=1787843304754:0
[ 5143646ms] [ERROR] Access to fetch at 'https://api.nexusrbx.com/api/studio/mcp/status?t=1787843325038' from origin 'http://localhost:3000' has been blocked by CORS policy: Response to preflight request doesn't pass access control check: No 'Access-Control-Allow-Origin' header is present on the requested resource. @ http://localhost:3000/ai:0
[ 5143646ms] [ERROR] Failed to load resource: net::ERR_FAILED @ https://api.nexusrbx.com/api/studio/mcp/status?t=1787843325038:0
[ 5143648ms] [ERROR] Access to fetch at 'https://api.nexusrbx.com/api/studio/status?t=1787843325038' from origin 'http://localhost:3000' has been blocked by CORS policy: Response to preflight request doesn't pass access control check: No 'Access-Control-Allow-Origin' header is present on the requested resource. @ http://localhost:3000/ai:0
[ 5143648ms] [ERROR] Failed to load resource: net::ERR_FAILED @ https://api.nexusrbx.com/api/studio/status?t=1787843325038:0
[ 5147999ms] [ERROR] Access to fetch at 'https://api.nexusrbx.com/api/billing/entitlements' from origin 'http://localhost:3000' has been blocked by CORS policy: Response to preflight request doesn't pass access control check: No 'Access-Control-Allow-Origin' header is present on the requested resource. @ http://localhost:3000/ai:0
[ 5147999ms] [ERROR] Failed to load resource: net::ERR_FAILED @ https://api.nexusrbx.com/api/billing/entitlements:0
[ 5155877ms] [ERROR] Access to fetch at 'https://api.nexusrbx.com/api/v2/agents?t=1787843337265' from origin 'http://localhost:3000' has been blocked by CORS policy: Response to preflight request doesn't pass access control check: No 'Access-Control-Allow-Origin' header is present on the requested resource. @ http://localhost:3000/ai:0
[ 5155877ms] [ERROR] Failed to load resource: net::ERR_FAILED @ https://api.nexusrbx.com/api/v2/agents?t=1787843337265:0
[ 5155888ms] [ERROR] Access to fetch at 'https://api.nexusrbx.com/api/v2/events?afterSequence=0&t=1787843337266' from origin 'http://localhost:3000' has been blocked by CORS policy: Response to preflight request doesn't pass access control check: No 'Access-Control-Allow-Origin' header is present on the requested resource. @ http://localhost:3000/ai:0
[ 5155888ms] [ERROR] Failed to load resource: net::ERR_FAILED @ https://api.nexusrbx.com/api/v2/events?afterSequence=0&t=1787843337266:0
[ 5173819ms] [ERROR] Access to fetch at 'https://api.nexusrbx.com/api/studio/status?t=1787843355208' from origin 'http://localhost:3000' has been blocked by CORS policy: Response to preflight request doesn't pass access control check: No 'Access-Control-Allow-Origin' header is present on the requested resource. @ http://localhost:3000/ai:0
[ 5173819ms] [ERROR] Failed to load resource: net::ERR_FAILED @ https://api.nexusrbx.com/api/studio/status?t=1787843355208:0
[ 5173826ms] [ERROR] Access to fetch at 'https://api.nexusrbx.com/api/studio/mcp/status?t=1787843355208' from origin 'http://localhost:3000' has been blocked by CORS policy: Response to preflight request doesn't pass access control check: No 'Access-Control-Allow-Origin' header is present on the requested resource. @ http://localhost:3000/ai:0
[ 5173826ms] [ERROR] Failed to load resource: net::ERR_FAILED @ https://api.nexusrbx.com/api/studio/mcp/status?t=1787843355208:0
[ 5188362ms] [ERROR] Access to fetch at 'https://api.nexusrbx.com/api/v2/events?afterSequence=0&t=1787843369755' from origin 'http://localhost:3000' has been blocked by CORS policy: Response to preflight request doesn't pass access control check: No 'Access-Control-Allow-Origin' header is present on the requested resource. @ http://localhost:3000/ai:0
[ 5188362ms] [ERROR] Failed to load resource: net::ERR_FAILED @ https://api.nexusrbx.com/api/v2/events?afterSequence=0&t=1787843369755:0
[ 5195875ms] [ERROR] Access to fetch at 'https://api.nexusrbx.com/api/v2/agents?t=1787843377261' from origin 'http://localhost:3000' has been blocked by CORS policy: Response to preflight request doesn't pass access control check: No 'Access-Control-Allow-Origin' header is present on the requested resource. @ http://localhost:3000/ai:0
[ 5195875ms] [ERROR] Failed to load resource: net::ERR_FAILED @ https://api.nexusrbx.com/api/v2/agents?t=1787843377261:0
[ 5203987ms] [ERROR] Access to fetch at 'https://api.nexusrbx.com/api/studio/status?t=1787843385385' from origin 'http://localhost:3000' has been blocked by CORS policy: Response to preflight request doesn't pass access control check: No 'Access-Control-Allow-Origin' header is present on the requested resource. @ http://localhost:3000/ai:0
[ 5203988ms] [ERROR] Failed to load resource: net::ERR_FAILED @ https://api.nexusrbx.com/api/studio/status?t=1787843385385:0
[ 5203998ms] [ERROR] Access to fetch at 'https://api.nexusrbx.com/api/studio/mcp/status?t=1787843385385' from origin 'http://localhost:3000' has been blocked by CORS policy: Response to preflight request doesn't pass access control check: No 'Access-Control-Allow-Origin' header is present on the requested resource. @ http://localhost:3000/ai:0
[ 5203998ms] [ERROR] Failed to load resource: net::ERR_FAILED @ https://api.nexusrbx.com/api/studio/mcp/status?t=1787843385385:0
[ 5220879ms] [ERROR] Access to fetch at 'https://api.nexusrbx.com/api/v2/events?afterSequence=0&t=1787843402265' from origin 'http://localhost:3000' has been blocked by CORS policy: Response to preflight request doesn't pass access control check: No 'Access-Control-Allow-Origin' header is present on the requested resource. @ http://localhost:3000/ai:0
[ 5220879ms] [ERROR] Failed to load resource: net::ERR_FAILED @ https://api.nexusrbx.com/api/v2/events?afterSequence=0&t=1787843402265:0
[ 5234174ms] [ERROR] Access to fetch at 'https://api.nexusrbx.com/api/studio/status?t=1787843415562' from origin 'http://localhost:3000' has been blocked by CORS policy: Response to preflight request doesn't pass access control check: No 'Access-Control-Allow-Origin' header is present on the requested resource. @ http://localhost:3000/ai:0
[ 5234174ms] [ERROR] Failed to load resource: net::ERR_FAILED @ https://api.nexusrbx.com/api/studio/status?t=1787843415562:0
[ 5234183ms] [ERROR] Access to fetch at 'https://api.nexusrbx.com/api/studio/mcp/status?t=1787843415563' from origin 'http://localhost:3000' has been blocked by CORS policy: Response to preflight request doesn't pass access control check: No 'Access-Control-Allow-Origin' header is present on the requested resource. @ http://localhost:3000/ai:0
[ 5234183ms] [ERROR] Failed to load resource: net::ERR_FAILED @ https://api.nexusrbx.com/api/studio/mcp/status?t=1787843415563:0
[ 5235876ms] [ERROR] Access to fetch at 'https://api.nexusrbx.com/api/v2/agents?t=1787843417255' from origin 'http://localhost:3000' has been blocked by CORS policy: Response to preflight request doesn't pass access control check: No 'Access-Control-Allow-Origin' header is present on the requested resource. @ http://localhost:3000/ai:0
[ 5235876ms] [ERROR] Failed to load resource: net::ERR_FAILED @ https://api.nexusrbx.com/api/v2/agents?t=1787843417255:0
[ 5253367ms] [ERROR] Access to fetch at 'https://api.nexusrbx.com/api/v2/events?afterSequence=0&t=1787843434764' from origin 'http://localhost:3000' has been blocked by CORS policy: Response to preflight request doesn't pass access control check: No 'Access-Control-Allow-Origin' header is present on the requested resource. @ http://localhost:3000/ai:0
[ 5253367ms] [ERROR] Failed to load resource: net::ERR_FAILED @ https://api.nexusrbx.com/api/v2/events?afterSequence=0&t=1787843434764:0
[ 5264352ms] [ERROR] Access to fetch at 'https://api.nexusrbx.com/api/studio/status?t=1787843445742' from origin 'http://localhost:3000' has been blocked by CORS policy: Response to preflight request doesn't pass access control check: No 'Access-Control-Allow-Origin' header is present on the requested resource. @ http://localhost:3000/ai:0
[ 5264352ms] [ERROR] Failed to load resource: net::ERR_FAILED @ https://api.nexusrbx.com/api/studio/status?t=1787843445742:0
[ 5264359ms] [ERROR] Access to fetch at 'https://api.nexusrbx.com/api/studio/mcp/status?t=1787843445742' from origin 'http://localhost:3000' has been blocked by CORS policy: Response to preflight request doesn't pass access control check: No 'Access-Control-Allow-Origin' header is present on the requested resource. @ http://localhost:3000/ai:0
[ 5264359ms] [ERROR] Failed to load resource: net::ERR_FAILED @ https://api.nexusrbx.com/api/studio/mcp/status?t=1787843445742:0
[ 5275874ms] [ERROR] Access to fetch at 'https://api.nexusrbx.com/api/v2/agents?t=1787843457261' from origin 'http://localhost:3000' has been blocked by CORS policy: Response to preflight request doesn't pass access control check: No 'Access-Control-Allow-Origin' header is present on the requested resource. @ http://localhost:3000/ai:0
[ 5275874ms] [ERROR] Failed to load resource: net::ERR_FAILED @ https://api.nexusrbx.com/api/v2/agents?t=1787843457261:0
[ 5285873ms] [ERROR] Access to fetch at 'https://api.nexusrbx.com/api/v2/events?afterSequence=0&t=1787843467254' from origin 'http://localhost:3000' has been blocked by CORS policy: Response to preflight request doesn't pass access control check: No 'Access-Control-Allow-Origin' header is present on the requested resource. @ http://localhost:3000/ai:0
[ 5285873ms] [ERROR] Failed to load resource: net::ERR_FAILED @ https://api.nexusrbx.com/api/v2/events?afterSequence=0&t=1787843467254:0
[ 5294535ms] [ERROR] Access to fetch at 'https://api.nexusrbx.com/api/studio/status?t=1787843475926' from origin 'http://localhost:3000' has been blocked by CORS policy: Response to preflight request doesn't pass access control check: No 'Access-Control-Allow-Origin' header is present on the requested resource. @ http://localhost:3000/ai:0
[ 5294535ms] [ERROR] Failed to load resource: net::ERR_FAILED @ https://api.nexusrbx.com/api/studio/status?t=1787843475926:0
[ 5294550ms] [ERROR] Access to fetch at 'https://api.nexusrbx.com/api/studio/mcp/status?t=1787843475926' from origin 'http://localhost:3000' has been blocked by CORS policy: Response to preflight request doesn't pass access control check: No 'Access-Control-Allow-Origin' header is present on the requested resource. @ http://localhost:3000/ai:0
[ 5294550ms] [ERROR] Failed to load resource: net::ERR_FAILED @ https://api.nexusrbx.com/api/studio/mcp/status?t=1787843475926:0
[ 5315876ms] [ERROR] Access to fetch at 'https://api.nexusrbx.com/api/v2/agents?t=1787843497259' from origin 'http://localhost:3000' has been blocked by CORS policy: Response to preflight request doesn't pass access control check: No 'Access-Control-Allow-Origin' header is present on the requested resource. @ http://localhost:3000/ai:0
[ 5315876ms] [ERROR] Failed to load resource: net::ERR_FAILED @ https://api.nexusrbx.com/api/v2/agents?t=1787843497259:0
[ 5318371ms] [ERROR] Access to fetch at 'https://api.nexusrbx.com/api/v2/events?afterSequence=0&t=1787843499761' from origin 'http://localhost:3000' has been blocked by CORS policy: Response to preflight request doesn't pass access control check: No 'Access-Control-Allow-Origin' header is present on the requested resource. @ http://localhost:3000/ai:0
[ 5318371ms] [ERROR] Failed to load resource: net::ERR_FAILED @ https://api.nexusrbx.com/api/v2/events?afterSequence=0&t=1787843499761:0
[ 5324727ms] [ERROR] Access to fetch at 'https://api.nexusrbx.com/api/studio/mcp/status?t=1787843506114' from origin 'http://localhost:3000' has been blocked by CORS policy: Response to preflight request doesn't pass access control check: No 'Access-Control-Allow-Origin' header is present on the requested resource. @ http://localhost:3000/ai:0
[ 5324727ms] [ERROR] Failed to load resource: net::ERR_FAILED @ https://api.nexusrbx.com/api/studio/mcp/status?t=1787843506114:0
[ 5324727ms] [ERROR] Access to fetch at 'https://api.nexusrbx.com/api/studio/status?t=1787843506114' from origin 'http://localhost:3000' has been blocked by CORS policy: Response to preflight request doesn't pass access control check: No 'Access-Control-Allow-Origin' header is present on the requested resource. @ http://localhost:3000/ai:0
[ 5324727ms] [ERROR] Failed to load resource: net::ERR_FAILED @ https://api.nexusrbx.com/api/studio/status?t=1787843506114:0
[ 5350880ms] [ERROR] Access to fetch at 'https://api.nexusrbx.com/api/v2/events?afterSequence=0&t=1787843532262' from origin 'http://localhost:3000' has been blocked by CORS policy: Response to preflight request doesn't pass access control check: No 'Access-Control-Allow-Origin' header is present on the requested resource. @ http://localhost:3000/ai:0
[ 5350880ms] [ERROR] Failed to load resource: net::ERR_FAILED @ https://api.nexusrbx.com/api/v2/events?afterSequence=0&t=1787843532262:0
[ 5354906ms] [ERROR] Access to fetch at 'https://api.nexusrbx.com/api/studio/mcp/status?t=1787843536294' from origin 'http://localhost:3000' has been blocked by CORS policy: Response to preflight request doesn't pass access control check: No 'Access-Control-Allow-Origin' header is present on the requested resource. @ http://localhost:3000/ai:0
[ 5354906ms] [ERROR] Failed to load resource: net::ERR_FAILED @ https://api.nexusrbx.com/api/studio/mcp/status?t=1787843536294:0
[ 5354915ms] [ERROR] Access to fetch at 'https://api.nexusrbx.com/api/studio/status?t=1787843536294' from origin 'http://localhost:3000' has been blocked by CORS policy: Response to preflight request doesn't pass access control check: No 'Access-Control-Allow-Origin' header is present on the requested resource. @ http://localhost:3000/ai:0
[ 5354915ms] [ERROR] Failed to load resource: net::ERR_FAILED @ https://api.nexusrbx.com/api/studio/status?t=1787843536294:0
[ 5355885ms] [ERROR] Access to fetch at 'https://api.nexusrbx.com/api/v2/agents?t=1787843537263' from origin 'http://localhost:3000' has been blocked by CORS policy: Response to preflight request doesn't pass access control check: No 'Access-Control-Allow-Origin' header is present on the requested resource. @ http://localhost:3000/ai:0
[ 5355885ms] [ERROR] Failed to load resource: net::ERR_FAILED @ https://api.nexusrbx.com/api/v2/agents?t=1787843537263:0
[ 5383373ms] [ERROR] Access to fetch at 'https://api.nexusrbx.com/api/v2/events?afterSequence=0&t=1787843564758' from origin 'http://localhost:3000' has been blocked by CORS policy: Response to preflight request doesn't pass access control check: No 'Access-Control-Allow-Origin' header is present on the requested resource. @ http://localhost:3000/ai:0
[ 5383373ms] [ERROR] Failed to load resource: net::ERR_FAILED @ https://api.nexusrbx.com/api/v2/events?afterSequence=0&t=1787843564758:0
[ 5385087ms] [ERROR] Access to fetch at 'https://api.nexusrbx.com/api/studio/status?t=1787843566474' from origin 'http://localhost:3000' has been blocked by CORS policy: Response to preflight request doesn't pass access control check: No 'Access-Control-Allow-Origin' header is present on the requested resource. @ http://localhost:3000/ai:0
[ 5385087ms] [ERROR] Failed to load resource: net::ERR_FAILED @ https://api.nexusrbx.com/api/studio/status?t=1787843566474:0
[ 5385092ms] [ERROR] Access to fetch at 'https://api.nexusrbx.com/api/studio/mcp/status?t=1787843566474' from origin 'http://localhost:3000' has been blocked by CORS policy: Response to preflight request doesn't pass access control check: No 'Access-Control-Allow-Origin' header is present on the requested resource. @ http://localhost:3000/ai:0
[ 5385092ms] [ERROR] Failed to load resource: net::ERR_FAILED @ https://api.nexusrbx.com/api/studio/mcp/status?t=1787843566474:0
[ 5395883ms] [ERROR] Access to fetch at 'https://api.nexusrbx.com/api/v2/agents?t=1787843577266' from origin 'http://localhost:3000' has been blocked by CORS policy: Response to preflight request doesn't pass access control check: No 'Access-Control-Allow-Origin' header is present on the requested resource. @ http://localhost:3000/ai:0
[ 5395883ms] [ERROR] Failed to load resource: net::ERR_FAILED @ https://api.nexusrbx.com/api/v2/agents?t=1787843577266:0
[ 5415270ms] [ERROR] Access to fetch at 'https://api.nexusrbx.com/api/studio/status?t=1787843596650' from origin 'http://localhost:3000' has been blocked by CORS policy: Response to preflight request doesn't pass access control check: No 'Access-Control-Allow-Origin' header is present on the requested resource. @ http://localhost:3000/ai:0
[ 5415271ms] [ERROR] Failed to load resource: net::ERR_FAILED @ https://api.nexusrbx.com/api/studio/status?t=1787843596650:0
[ 5415271ms] [ERROR] Access to fetch at 'https://api.nexusrbx.com/api/studio/mcp/status?t=1787843596650' from origin 'http://localhost:3000' has been blocked by CORS policy: Response to preflight request doesn't pass access control check: No 'Access-Control-Allow-Origin' header is present on the requested resource. @ http://localhost:3000/ai:0
[ 5415271ms] [ERROR] Failed to load resource: net::ERR_FAILED @ https://api.nexusrbx.com/api/studio/mcp/status?t=1787843596650:0
[ 5415876ms] [ERROR] Access to fetch at 'https://api.nexusrbx.com/api/v2/events?afterSequence=0&t=1787843597266' from origin 'http://localhost:3000' has been blocked by CORS policy: Response to preflight request doesn't pass access control check: No 'Access-Control-Allow-Origin' header is present on the requested resource. @ http://localhost:3000/ai:0
[ 5415876ms] [ERROR] Failed to load resource: net::ERR_FAILED @ https://api.nexusrbx.com/api/v2/events?afterSequence=0&t=1787843597266:0
[ 5435871ms] [ERROR] Access to fetch at 'https://api.nexusrbx.com/api/v2/agents?t=1787843617256' from origin 'http://localhost:3000' has been blocked by CORS policy: Response to preflight request doesn't pass access control check: No 'Access-Control-Allow-Origin' header is present on the requested resource. @ http://localhost:3000/ai:0
[ 5435871ms] [ERROR] Failed to load resource: net::ERR_FAILED @ https://api.nexusrbx.com/api/v2/agents?t=1787843617256:0
[ 5445446ms] [ERROR] Access to fetch at 'https://api.nexusrbx.com/api/studio/status?t=1787843626836' from origin 'http://localhost:3000' has been blocked by CORS policy: Response to preflight request doesn't pass access control check: No 'Access-Control-Allow-Origin' header is present on the requested resource. @ http://localhost:3000/ai:0
[ 5445446ms] [ERROR] Failed to load resource: net::ERR_FAILED @ https://api.nexusrbx.com/api/studio/status?t=1787843626836:0
[ 5445446ms] [ERROR] Access to fetch at 'https://api.nexusrbx.com/api/studio/mcp/status?t=1787843626836' from origin 'http://localhost:3000' has been blocked by CORS policy: Response to preflight request doesn't pass access control check: No 'Access-Control-Allow-Origin' header is present on the requested resource. @ http://localhost:3000/ai:0
[ 5445446ms] [ERROR] Failed to load resource: net::ERR_FAILED @ https://api.nexusrbx.com/api/studio/mcp/status?t=1787843626836:0
[ 5448186ms] [ERROR] Access to fetch at 'https://api.nexusrbx.com/api/billing/entitlements' from origin 'http://localhost:3000' has been blocked by CORS policy: Response to preflight request doesn't pass access control check: No 'Access-Control-Allow-Origin' header is present on the requested resource. @ http://localhost:3000/ai:0
[ 5448186ms] [ERROR] Failed to load resource: net::ERR_FAILED @ https://api.nexusrbx.com/api/billing/entitlements:0
[ 5448364ms] [ERROR] Access to fetch at 'https://api.nexusrbx.com/api/v2/events?afterSequence=0&t=1787843629756' from origin 'http://localhost:3000' has been blocked by CORS policy: Response to preflight request doesn't pass access control check: No 'Access-Control-Allow-Origin' header is present on the requested resource. @ http://localhost:3000/ai:0
[ 5448364ms] [ERROR] Failed to load resource: net::ERR_FAILED @ https://api.nexusrbx.com/api/v2/events?afterSequence=0&t=1787843629756:0
[ 5475624ms] [ERROR] Access to fetch at 'https://api.nexusrbx.com/api/studio/status?t=1787843657009' from origin 'http://localhost:3000' has been blocked by CORS policy: Response to preflight request doesn't pass access control check: No 'Access-Control-Allow-Origin' header is present on the requested resource. @ http://localhost:3000/ai:0
[ 5475624ms] [ERROR] Failed to load resource: net::ERR_FAILED @ https://api.nexusrbx.com/api/studio/status?t=1787843657009:0
[ 5475630ms] [ERROR] Access to fetch at 'https://api.nexusrbx.com/api/studio/mcp/status?t=1787843657010' from origin 'http://localhost:3000' has been blocked by CORS policy: Response to preflight request doesn't pass access control check: No 'Access-Control-Allow-Origin' header is present on the requested resource. @ http://localhost:3000/ai:0
[ 5475630ms] [ERROR] Failed to load resource: net::ERR_FAILED @ https://api.nexusrbx.com/api/studio/mcp/status?t=1787843657010:0
[ 5475869ms] [ERROR] Access to fetch at 'https://api.nexusrbx.com/api/v2/agents?t=1787843657258' from origin 'http://localhost:3000' has been blocked by CORS policy: Response to preflight request doesn't pass access control check: No 'Access-Control-Allow-Origin' header is present on the requested resource. @ http://localhost:3000/ai:0
[ 5475869ms] [ERROR] Failed to load resource: net::ERR_FAILED @ https://api.nexusrbx.com/api/v2/agents?t=1787843657258:0
[ 5480881ms] [ERROR] Access to fetch at 'https://api.nexusrbx.com/api/v2/events?afterSequence=0&t=1787843662263' from origin 'http://localhost:3000' has been blocked by CORS policy: Response to preflight request doesn't pass access control check: No 'Access-Control-Allow-Origin' header is present on the requested resource. @ http://localhost:3000/ai:0
[ 5480881ms] [ERROR] Failed to load resource: net::ERR_FAILED @ https://api.nexusrbx.com/api/v2/events?afterSequence=0&t=1787843662263:0
[ 5505804ms] [ERROR] Access to fetch at 'https://api.nexusrbx.com/api/studio/status?t=1787843687197' from origin 'http://localhost:3000' has been blocked by CORS policy: Response to preflight request doesn't pass access control check: No 'Access-Control-Allow-Origin' header is present on the requested resource. @ http://localhost:3000/ai:0
[ 5505804ms] [ERROR] Failed to load resource: net::ERR_FAILED @ https://api.nexusrbx.com/api/studio/status?t=1787843687197:0
[ 5505805ms] [ERROR] Access to fetch at 'https://api.nexusrbx.com/api/studio/mcp/status?t=1787843687197' from origin 'http://localhost:3000' has been blocked by CORS policy: Response to preflight request doesn't pass access control check: No 'Access-Control-Allow-Origin' header is present on the requested resource. @ http://localhost:3000/ai:0
[ 5505805ms] [ERROR] Failed to load resource: net::ERR_FAILED @ https://api.nexusrbx.com/api/studio/mcp/status?t=1787843687197:0
[ 5513370ms] [ERROR] Access to fetch at 'https://api.nexusrbx.com/api/v2/events?afterSequence=0&t=1787843694761' from origin 'http://localhost:3000' has been blocked by CORS policy: Response to preflight request doesn't pass access control check: No 'Access-Control-Allow-Origin' header is present on the requested resource. @ http://localhost:3000/ai:0
[ 5513370ms] [ERROR] Failed to load resource: net::ERR_FAILED @ https://api.nexusrbx.com/api/v2/events?afterSequence=0&t=1787843694761:0
[ 5515873ms] [ERROR] Access to fetch at 'https://api.nexusrbx.com/api/v2/agents?t=1787843697266' from origin 'http://localhost:3000' has been blocked by CORS policy: Response to preflight request doesn't pass access control check: No 'Access-Control-Allow-Origin' header is present on the requested resource. @ http://localhost:3000/ai:0
[ 5515873ms] [ERROR] Failed to load resource: net::ERR_FAILED @ https://api.nexusrbx.com/api/v2/agents?t=1787843697266:0
[ 5535975ms] [ERROR] Access to fetch at 'https://api.nexusrbx.com/api/studio/status?t=1787843717363' from origin 'http://localhost:3000' has been blocked by CORS policy: Response to preflight request doesn't pass access control check: No 'Access-Control-Allow-Origin' header is present on the requested resource. @ http://localhost:3000/ai:0
[ 5535975ms] [ERROR] Failed to load resource: net::ERR_FAILED @ https://api.nexusrbx.com/api/studio/status?t=1787843717363:0
[ 5535979ms] [ERROR] Access to fetch at 'https://api.nexusrbx.com/api/studio/mcp/status?t=1787843717363' from origin 'http://localhost:3000' has been blocked by CORS policy: Response to preflight request doesn't pass access control check: No 'Access-Control-Allow-Origin' header is present on the requested resource. @ http://localhost:3000/ai:0
[ 5535979ms] [ERROR] Failed to load resource: net::ERR_FAILED @ https://api.nexusrbx.com/api/studio/mcp/status?t=1787843717363:0
[ 5545873ms] [ERROR] Access to fetch at 'https://api.nexusrbx.com/api/v2/events?afterSequence=0&t=1787843727258' from origin 'http://localhost:3000' has been blocked by CORS policy: Response to preflight request doesn't pass access control check: No 'Access-Control-Allow-Origin' header is present on the requested resource. @ http://localhost:3000/ai:0
[ 5545873ms] [ERROR] Failed to load resource: net::ERR_FAILED @ https://api.nexusrbx.com/api/v2/events?afterSequence=0&t=1787843727258:0
[ 5555872ms] [ERROR] Access to fetch at 'https://api.nexusrbx.com/api/v2/agents?t=1787843737265' from origin 'http://localhost:3000' has been blocked by CORS policy: Response to preflight request doesn't pass access control check: No 'Access-Control-Allow-Origin' header is present on the requested resource. @ http://localhost:3000/ai:0
[ 5555872ms] [ERROR] Failed to load resource: net::ERR_FAILED @ https://api.nexusrbx.com/api/v2/agents?t=1787843737265:0
[ 5566160ms] [ERROR] Access to fetch at 'https://api.nexusrbx.com/api/studio/status?t=1787843747551' from origin 'http://localhost:3000' has been blocked by CORS policy: Response to preflight request doesn't pass access control check: No 'Access-Control-Allow-Origin' header is present on the requested resource. @ http://localhost:3000/ai:0
[ 5566160ms] [ERROR] Failed to load resource: net::ERR_FAILED @ https://api.nexusrbx.com/api/studio/status?t=1787843747551:0
[ 5566162ms] [ERROR] Access to fetch at 'https://api.nexusrbx.com/api/studio/mcp/status?t=1787843747551' from origin 'http://localhost:3000' has been blocked by CORS policy: Response to preflight request doesn't pass access control check: No 'Access-Control-Allow-Origin' header is present on the requested resource. @ http://localhost:3000/ai:0
[ 5566162ms] [ERROR] Failed to load resource: net::ERR_FAILED @ https://api.nexusrbx.com/api/studio/mcp/status?t=1787843747551:0
[ 5578368ms] [ERROR] Access to fetch at 'https://api.nexusrbx.com/api/v2/events?afterSequence=0&t=1787843759757' from origin 'http://localhost:3000' has been blocked by CORS policy: Response to preflight request doesn't pass access control check: No 'Access-Control-Allow-Origin' header is present on the requested resource. @ http://localhost:3000/ai:0
[ 5578368ms] [ERROR] Failed to load resource: net::ERR_FAILED @ https://api.nexusrbx.com/api/v2/events?afterSequence=0&t=1787843759757:0
[ 5595869ms] [ERROR] Access to fetch at 'https://api.nexusrbx.com/api/v2/agents?t=1787843777262' from origin 'http://localhost:3000' has been blocked by CORS policy: Response to preflight request doesn't pass access control check: No 'Access-Control-Allow-Origin' header is present on the requested resource. @ http://localhost:3000/ai:0
[ 5595869ms] [ERROR] Failed to load resource: net::ERR_FAILED @ https://api.nexusrbx.com/api/v2/agents?t=1787843777262:0
[ 5596345ms] [ERROR] Access to fetch at 'https://api.nexusrbx.com/api/studio/mcp/status?t=1787843777727' from origin 'http://localhost:3000' has been blocked by CORS policy: Response to preflight request doesn't pass access control check: No 'Access-Control-Allow-Origin' header is present on the requested resource. @ http://localhost:3000/ai:0
[ 5596346ms] [ERROR] Failed to load resource: net::ERR_FAILED @ https://api.nexusrbx.com/api/studio/mcp/status?t=1787843777727:0
[ 5596346ms] [ERROR] Access to fetch at 'https://api.nexusrbx.com/api/studio/status?t=1787843777727' from origin 'http://localhost:3000' has been blocked by CORS policy: Response to preflight request doesn't pass access control check: No 'Access-Control-Allow-Origin' header is present on the requested resource. @ http://localhost:3000/ai:0
[ 5596346ms] [ERROR] Failed to load resource: net::ERR_FAILED @ https://api.nexusrbx.com/api/studio/status?t=1787843777727:0
[ 5610872ms] [ERROR] Access to fetch at 'https://api.nexusrbx.com/api/v2/events?afterSequence=0&t=1787843792259' from origin 'http://localhost:3000' has been blocked by CORS policy: Response to preflight request doesn't pass access control check: No 'Access-Control-Allow-Origin' header is present on the requested resource. @ http://localhost:3000/ai:0
[ 5610872ms] [ERROR] Failed to load resource: net::ERR_FAILED @ https://api.nexusrbx.com/api/v2/events?afterSequence=0&t=1787843792259:0
[ 5626519ms] [ERROR] Access to fetch at 'https://api.nexusrbx.com/api/studio/mcp/status?t=1787843807908' from origin 'http://localhost:3000' has been blocked by CORS policy: Response to preflight request doesn't pass access control check: No 'Access-Control-Allow-Origin' header is present on the requested resource. @ http://localhost:3000/ai:0
[ 5626519ms] [ERROR] Failed to load resource: net::ERR_FAILED @ https://api.nexusrbx.com/api/studio/mcp/status?t=1787843807908:0
[ 5626523ms] [ERROR] Access to fetch at 'https://api.nexusrbx.com/api/studio/status?t=1787843807908' from origin 'http://localhost:3000' has been blocked by CORS policy: Response to preflight request doesn't pass access control check: No 'Access-Control-Allow-Origin' header is present on the requested resource. @ http://localhost:3000/ai:0
[ 5626523ms] [ERROR] Failed to load resource: net::ERR_FAILED @ https://api.nexusrbx.com/api/studio/status?t=1787843807908:0
[ 5635874ms] [ERROR] Access to fetch at 'https://api.nexusrbx.com/api/v2/agents?t=1787843817263' from origin 'http://localhost:3000' has been blocked by CORS policy: Response to preflight request doesn't pass access control check: No 'Access-Control-Allow-Origin' header is present on the requested resource. @ http://localhost:3000/ai:0
[ 5635874ms] [ERROR] Failed to load resource: net::ERR_FAILED @ https://api.nexusrbx.com/api/v2/agents?t=1787843817263:0
[ 5643379ms] [ERROR] Access to fetch at 'https://api.nexusrbx.com/api/v2/events?afterSequence=0&t=1787843824763' from origin 'http://localhost:3000' has been blocked by CORS policy: Response to preflight request doesn't pass access control check: No 'Access-Control-Allow-Origin' header is present on the requested resource. @ http://localhost:3000/ai:0
[ 5643379ms] [ERROR] Failed to load resource: net::ERR_FAILED @ https://api.nexusrbx.com/api/v2/events?afterSequence=0&t=1787843824763:0
[ 5656703ms] [ERROR] Access to fetch at 'https://api.nexusrbx.com/api/studio/status?t=1787843838083' from origin 'http://localhost:3000' has been blocked by CORS policy: Response to preflight request doesn't pass access control check: No 'Access-Control-Allow-Origin' header is present on the requested resource. @ http://localhost:3000/ai:0
[ 5656703ms] [ERROR] Failed to load resource: net::ERR_FAILED @ https://api.nexusrbx.com/api/studio/status?t=1787843838083:0
[ 5656705ms] [ERROR] Access to fetch at 'https://api.nexusrbx.com/api/studio/mcp/status?t=1787843838083' from origin 'http://localhost:3000' has been blocked by CORS policy: Response to preflight request doesn't pass access control check: No 'Access-Control-Allow-Origin' header is present on the requested resource. @ http://localhost:3000/ai:0
[ 5656705ms] [ERROR] Failed to load resource: net::ERR_FAILED @ https://api.nexusrbx.com/api/studio/mcp/status?t=1787843838083:0
[ 5675865ms] [ERROR] Access to fetch at 'https://api.nexusrbx.com/api/v2/agents?t=1787843857258' from origin 'http://localhost:3000' has been blocked by CORS policy: Response to preflight request doesn't pass access control check: No 'Access-Control-Allow-Origin' header is present on the requested resource. @ http://localhost:3000/ai:0
[ 5675865ms] [ERROR] Failed to load resource: net::ERR_FAILED @ https://api.nexusrbx.com/api/v2/agents?t=1787843857258:0
[ 5675872ms] [ERROR] Access to fetch at 'https://api.nexusrbx.com/api/v2/events?afterSequence=0&t=1787843857258' from origin 'http://localhost:3000' has been blocked by CORS policy: Response to preflight request doesn't pass access control check: No 'Access-Control-Allow-Origin' header is present on the requested resource. @ http://localhost:3000/ai:0
[ 5675872ms] [ERROR] Failed to load resource: net::ERR_FAILED @ https://api.nexusrbx.com/api/v2/events?afterSequence=0&t=1787843857258:0
[ 5686882ms] [ERROR] Access to fetch at 'https://api.nexusrbx.com/api/studio/mcp/status?t=1787843868273' from origin 'http://localhost:3000' has been blocked by CORS policy: Response to preflight request doesn't pass access control check: No 'Access-Control-Allow-Origin' header is present on the requested resource. @ http://localhost:3000/ai:0
[ 5686882ms] [ERROR] Failed to load resource: net::ERR_FAILED @ https://api.nexusrbx.com/api/studio/mcp/status?t=1787843868273:0
[ 5686882ms] [ERROR] Access to fetch at 'https://api.nexusrbx.com/api/studio/status?t=1787843868273' from origin 'http://localhost:3000' has been blocked by CORS policy: Response to preflight request doesn't pass access control check: No 'Access-Control-Allow-Origin' header is present on the requested resource. @ http://localhost:3000/ai:0
[ 5686883ms] [ERROR] Failed to load resource: net::ERR_FAILED @ https://api.nexusrbx.com/api/studio/status?t=1787843868273:0
[ 5708373ms] [ERROR] Access to fetch at 'https://api.nexusrbx.com/api/v2/events?afterSequence=0&t=1787843889760' from origin 'http://localhost:3000' has been blocked by CORS policy: Response to preflight request doesn't pass access control check: No 'Access-Control-Allow-Origin' header is present on the requested resource. @ http://localhost:3000/ai:0
[ 5708373ms] [ERROR] Failed to load resource: net::ERR_FAILED @ https://api.nexusrbx.com/api/v2/events?afterSequence=0&t=1787843889760:0
[ 5715872ms] [ERROR] Access to fetch at 'https://api.nexusrbx.com/api/v2/agents?t=1787843897263' from origin 'http://localhost:3000' has been blocked by CORS policy: Response to preflight request doesn't pass access control check: No 'Access-Control-Allow-Origin' header is present on the requested resource. @ http://localhost:3000/ai:0
[ 5715872ms] [ERROR] Failed to load resource: net::ERR_FAILED @ https://api.nexusrbx.com/api/v2/agents?t=1787843897263:0
[ 5717053ms] [ERROR] Access to fetch at 'https://api.nexusrbx.com/api/studio/status?t=1787843898440' from origin 'http://localhost:3000' has been blocked by CORS policy: Response to preflight request doesn't pass access control check: No 'Access-Control-Allow-Origin' header is present on the requested resource. @ http://localhost:3000/ai:0
[ 5717054ms] [ERROR] Failed to load resource: net::ERR_FAILED @ https://api.nexusrbx.com/api/studio/status?t=1787843898440:0
[ 5717059ms] [ERROR] Access to fetch at 'https://api.nexusrbx.com/api/studio/mcp/status?t=1787843898441' from origin 'http://localhost:3000' has been blocked by CORS policy: Response to preflight request doesn't pass access control check: No 'Access-Control-Allow-Origin' header is present on the requested resource. @ http://localhost:3000/ai:0
[ 5717059ms] [ERROR] Failed to load resource: net::ERR_FAILED @ https://api.nexusrbx.com/api/studio/mcp/status?t=1787843898441:0
[ 5740879ms] [ERROR] Access to fetch at 'https://api.nexusrbx.com/api/v2/events?afterSequence=0&t=1787843922270' from origin 'http://localhost:3000' has been blocked by CORS policy: Response to preflight request doesn't pass access control check: No 'Access-Control-Allow-Origin' header is present on the requested resource. @ http://localhost:3000/ai:0
[ 5740879ms] [ERROR] Failed to load resource: net::ERR_FAILED @ https://api.nexusrbx.com/api/v2/events?afterSequence=0&t=1787843922270:0
[ 5747229ms] [ERROR] Access to fetch at 'https://api.nexusrbx.com/api/studio/mcp/status?t=1787843928623' from origin 'http://localhost:3000' has been blocked by CORS policy: Response to preflight request doesn't pass access control check: No 'Access-Control-Allow-Origin' header is present on the requested resource. @ http://localhost:3000/ai:0
[ 5747230ms] [ERROR] Failed to load resource: net::ERR_FAILED @ https://api.nexusrbx.com/api/studio/mcp/status?t=1787843928623:0
[ 5747230ms] [ERROR] Access to fetch at 'https://api.nexusrbx.com/api/studio/status?t=1787843928622' from origin 'http://localhost:3000' has been blocked by CORS policy: Response to preflight request doesn't pass access control check: No 'Access-Control-Allow-Origin' header is present on the requested resource. @ http://localhost:3000/ai:0
[ 5747230ms] [ERROR] Failed to load resource: net::ERR_FAILED @ https://api.nexusrbx.com/api/studio/status?t=1787843928622:0
[ 5748365ms] [ERROR] Access to fetch at 'https://api.nexusrbx.com/api/billing/entitlements' from origin 'http://localhost:3000' has been blocked by CORS policy: Response to preflight request doesn't pass access control check: No 'Access-Control-Allow-Origin' header is present on the requested resource. @ http://localhost:3000/ai:0
[ 5748365ms] [ERROR] Failed to load resource: net::ERR_FAILED @ https://api.nexusrbx.com/api/billing/entitlements:0
[ 5755882ms] [ERROR] Access to fetch at 'https://api.nexusrbx.com/api/v2/agents?t=1787843937257' from origin 'http://localhost:3000' has been blocked by CORS policy: Response to preflight request doesn't pass access control check: No 'Access-Control-Allow-Origin' header is present on the requested resource. @ http://localhost:3000/ai:0
[ 5755882ms] [ERROR] Failed to load resource: net::ERR_FAILED @ https://api.nexusrbx.com/api/v2/agents?t=1787843937257:0
[ 5773379ms] [ERROR] Access to fetch at 'https://api.nexusrbx.com/api/v2/events?afterSequence=0&t=1787843954769' from origin 'http://localhost:3000' has been blocked by CORS policy: Response to preflight request doesn't pass access control check: No 'Access-Control-Allow-Origin' header is present on the requested resource. @ http://localhost:3000/ai:0
[ 5773379ms] [ERROR] Failed to load resource: net::ERR_FAILED @ https://api.nexusrbx.com/api/v2/events?afterSequence=0&t=1787843954769:0
[ 5777407ms] [ERROR] Access to fetch at 'https://api.nexusrbx.com/api/studio/status?t=1787843958790' from origin 'http://localhost:3000' has been blocked by CORS policy: Response to preflight request doesn't pass access control check: No 'Access-Control-Allow-Origin' header is present on the requested resource. @ http://localhost:3000/ai:0
[ 5777407ms] [ERROR] Failed to load resource: net::ERR_FAILED @ https://api.nexusrbx.com/api/studio/status?t=1787843958790:0
[ 5777411ms] [ERROR] Access to fetch at 'https://api.nexusrbx.com/api/studio/mcp/status?t=1787843958790' from origin 'http://localhost:3000' has been blocked by CORS policy: Response to preflight request doesn't pass access control check: No 'Access-Control-Allow-Origin' header is present on the requested resource. @ http://localhost:3000/ai:0
[ 5777412ms] [ERROR] Failed to load resource: net::ERR_FAILED @ https://api.nexusrbx.com/api/studio/mcp/status?t=1787843958790:0
[ 5795877ms] [ERROR] Access to fetch at 'https://api.nexusrbx.com/api/v2/agents?t=1787843977264' from origin 'http://localhost:3000' has been blocked by CORS policy: Response to preflight request doesn't pass access control check: No 'Access-Control-Allow-Origin' header is present on the requested resource. @ http://localhost:3000/ai:0
[ 5795877ms] [ERROR] Failed to load resource: net::ERR_FAILED @ https://api.nexusrbx.com/api/v2/agents?t=1787843977264:0
[ 5805875ms] [ERROR] Access to fetch at 'https://api.nexusrbx.com/api/v2/events?afterSequence=0&t=1787843987264' from origin 'http://localhost:3000' has been blocked by CORS policy: Response to preflight request doesn't pass access control check: No 'Access-Control-Allow-Origin' header is present on the requested resource. @ http://localhost:3000/ai:0
[ 5805875ms] [ERROR] Failed to load resource: net::ERR_FAILED @ https://api.nexusrbx.com/api/v2/events?afterSequence=0&t=1787843987264:0
[ 5807587ms] [ERROR] Access to fetch at 'https://api.nexusrbx.com/api/studio/mcp/status?t=1787843988974' from origin 'http://localhost:3000' has been blocked by CORS policy: Response to preflight request doesn't pass access control check: No 'Access-Control-Allow-Origin' header is present on the requested resource. @ http://localhost:3000/ai:0
[ 5807587ms] [ERROR] Failed to load resource: net::ERR_FAILED @ https://api.nexusrbx.com/api/studio/mcp/status?t=1787843988974:0
[ 5807592ms] [ERROR] Access to fetch at 'https://api.nexusrbx.com/api/studio/status?t=1787843988973' from origin 'http://localhost:3000' has been blocked by CORS policy: Response to preflight request doesn't pass access control check: No 'Access-Control-Allow-Origin' header is present on the requested resource. @ http://localhost:3000/ai:0
[ 5807593ms] [ERROR] Failed to load resource: net::ERR_FAILED @ https://api.nexusrbx.com/api/studio/status?t=1787843988973:0
[ 5835880ms] [ERROR] Access to fetch at 'https://api.nexusrbx.com/api/v2/agents?t=1787844017264' from origin 'http://localhost:3000' has been blocked by CORS policy: Response to preflight request doesn't pass access control check: No 'Access-Control-Allow-Origin' header is present on the requested resource. @ http://localhost:3000/ai:0
[ 5835880ms] [ERROR] Failed to load resource: net::ERR_FAILED @ https://api.nexusrbx.com/api/v2/agents?t=1787844017264:0
[ 5837774ms] [ERROR] Access to fetch at 'https://api.nexusrbx.com/api/studio/status?t=1787844019162' from origin 'http://localhost:3000' has been blocked by CORS policy: Response to preflight request doesn't pass access control check: No 'Access-Control-Allow-Origin' header is present on the requested resource. @ http://localhost:3000/ai:0
[ 5837774ms] [ERROR] Failed to load resource: net::ERR_FAILED @ https://api.nexusrbx.com/api/studio/status?t=1787844019162:0
[ 5837774ms] [ERROR] Access to fetch at 'https://api.nexusrbx.com/api/studio/mcp/status?t=1787844019162' from origin 'http://localhost:3000' has been blocked by CORS policy: Response to preflight request doesn't pass access control check: No 'Access-Control-Allow-Origin' header is present on the requested resource. @ http://localhost:3000/ai:0
[ 5837774ms] [ERROR] Failed to load resource: net::ERR_FAILED @ https://api.nexusrbx.com/api/studio/mcp/status?t=1787844019162:0
[ 5838366ms] [ERROR] Access to fetch at 'https://api.nexusrbx.com/api/v2/events?afterSequence=0&t=1787844019757' from origin 'http://localhost:3000' has been blocked by CORS policy: Response to preflight request doesn't pass access control check: No 'Access-Control-Allow-Origin' header is present on the requested resource. @ http://localhost:3000/ai:0
[ 5838366ms] [ERROR] Failed to load resource: net::ERR_FAILED @ https://api.nexusrbx.com/api/v2/events?afterSequence=0&t=1787844019757:0
[ 5867945ms] [ERROR] Access to fetch at 'https://api.nexusrbx.com/api/studio/status?t=1787844049339' from origin 'http://localhost:3000' has been blocked by CORS policy: Response to preflight request doesn't pass access control check: No 'Access-Control-Allow-Origin' header is present on the requested resource. @ http://localhost:3000/ai:0
[ 5867946ms] [ERROR] Failed to load resource: net::ERR_FAILED @ https://api.nexusrbx.com/api/studio/status?t=1787844049339:0
[ 5867951ms] [ERROR] Access to fetch at 'https://api.nexusrbx.com/api/studio/mcp/status?t=1787844049340' from origin 'http://localhost:3000' has been blocked by CORS policy: Response to preflight request doesn't pass access control check: No 'Access-Control-Allow-Origin' header is present on the requested resource. @ http://localhost:3000/ai:0
[ 5867951ms] [ERROR] Failed to load resource: net::ERR_FAILED @ https://api.nexusrbx.com/api/studio/mcp/status?t=1787844049340:0
[ 5870871ms] [ERROR] Access to fetch at 'https://api.nexusrbx.com/api/v2/events?afterSequence=0&t=1787844052261' from origin 'http://localhost:3000' has been blocked by CORS policy: Response to preflight request doesn't pass access control check: No 'Access-Control-Allow-Origin' header is present on the requested resource. @ http://localhost:3000/ai:0
[ 5870871ms] [ERROR] Failed to load resource: net::ERR_FAILED @ https://api.nexusrbx.com/api/v2/events?afterSequence=0&t=1787844052261:0
[ 5875875ms] [ERROR] Access to fetch at 'https://api.nexusrbx.com/api/v2/agents?t=1787844057268' from origin 'http://localhost:3000' has been blocked by CORS policy: Response to preflight request doesn't pass access control check: No 'Access-Control-Allow-Origin' header is present on the requested resource. @ http://localhost:3000/ai:0
[ 5875875ms] [ERROR] Failed to load resource: net::ERR_FAILED @ https://api.nexusrbx.com/api/v2/agents?t=1787844057268:0
[ 5898135ms] [ERROR] Access to fetch at 'https://api.nexusrbx.com/api/studio/mcp/status?t=1787844079518' from origin 'http://localhost:3000' has been blocked by CORS policy: Response to preflight request doesn't pass access control check: No 'Access-Control-Allow-Origin' header is present on the requested resource. @ http://localhost:3000/ai:0
[ 5898135ms] [ERROR] Failed to load resource: net::ERR_FAILED @ https://api.nexusrbx.com/api/studio/mcp/status?t=1787844079518:0
[ 5898142ms] [ERROR] Access to fetch at 'https://api.nexusrbx.com/api/studio/status?t=1787844079518' from origin 'http://localhost:3000' has been blocked by CORS policy: Response to preflight request doesn't pass access control check: No 'Access-Control-Allow-Origin' header is present on the requested resource. @ http://localhost:3000/ai:0
[ 5898142ms] [ERROR] Failed to load resource: net::ERR_FAILED @ https://api.nexusrbx.com/api/studio/status?t=1787844079518:0
[ 5903377ms] [ERROR] Access to fetch at 'https://api.nexusrbx.com/api/v2/events?afterSequence=0&t=1787844084766' from origin 'http://localhost:3000' has been blocked by CORS policy: Response to preflight request doesn't pass access control check: No 'Access-Control-Allow-Origin' header is present on the requested resource. @ http://localhost:3000/ai:0
[ 5903377ms] [ERROR] Failed to load resource: net::ERR_FAILED @ https://api.nexusrbx.com/api/v2/events?afterSequence=0&t=1787844084766:0
[ 5915868ms] [ERROR] Access to fetch at 'https://api.nexusrbx.com/api/v2/agents?t=1787844097258' from origin 'http://localhost:3000' has been blocked by CORS policy: Response to preflight request doesn't pass access control check: No 'Access-Control-Allow-Origin' header is present on the requested resource. @ http://localhost:3000/ai:0
[ 5915868ms] [ERROR] Failed to load resource: net::ERR_FAILED @ https://api.nexusrbx.com/api/v2/agents?t=1787844097258:0
[ 5928327ms] [ERROR] Access to fetch at 'https://api.nexusrbx.com/api/studio/status?t=1787844109703' from origin 'http://localhost:3000' has been blocked by CORS policy: Response to preflight request doesn't pass access control check: No 'Access-Control-Allow-Origin' header is present on the requested resource. @ http://localhost:3000/ai:0
[ 5928327ms] [ERROR] Failed to load resource: net::ERR_FAILED @ https://api.nexusrbx.com/api/studio/status?t=1787844109703:0
[ 5928327ms] [ERROR] Access to fetch at 'https://api.nexusrbx.com/api/studio/mcp/status?t=1787844109703' from origin 'http://localhost:3000' has been blocked by CORS policy: Response to preflight request doesn't pass access control check: No 'Access-Control-Allow-Origin' header is present on the requested resource. @ http://localhost:3000/ai:0
[ 5928327ms] [ERROR] Failed to load resource: net::ERR_FAILED @ https://api.nexusrbx.com/api/studio/mcp/status?t=1787844109703:0
[ 5935879ms] [ERROR] Access to fetch at 'https://api.nexusrbx.com/api/v2/events?afterSequence=0&t=1787844117260' from origin 'http://localhost:3000' has been blocked by CORS policy: Response to preflight request doesn't pass access control check: No 'Access-Control-Allow-Origin' header is present on the requested resource. @ http://localhost:3000/ai:0
[ 5935879ms] [ERROR] Failed to load resource: net::ERR_FAILED @ https://api.nexusrbx.com/api/v2/events?afterSequence=0&t=1787844117260:0
[ 5955876ms] [ERROR] Access to fetch at 'https://api.nexusrbx.com/api/v2/agents?t=1787844137257' from origin 'http://localhost:3000' has been blocked by CORS policy: Response to preflight request doesn't pass access control check: No 'Access-Control-Allow-Origin' header is present on the requested resource. @ http://localhost:3000/ai:0
[ 5955876ms] [ERROR] Failed to load resource: net::ERR_FAILED @ https://api.nexusrbx.com/api/v2/agents?t=1787844137257:0
[ 5958503ms] [ERROR] Access to fetch at 'https://api.nexusrbx.com/api/studio/status?t=1787844139885' from origin 'http://localhost:3000' has been blocked by CORS policy: Response to preflight request doesn't pass access control check: No 'Access-Control-Allow-Origin' header is present on the requested resource. @ http://localhost:3000/ai:0
[ 5958503ms] [ERROR] Failed to load resource: net::ERR_FAILED @ https://api.nexusrbx.com/api/studio/status?t=1787844139885:0
[ 5958506ms] [ERROR] Access to fetch at 'https://api.nexusrbx.com/api/studio/mcp/status?t=1787844139885' from origin 'http://localhost:3000' has been blocked by CORS policy: Response to preflight request doesn't pass access control check: No 'Access-Control-Allow-Origin' header is present on the requested resource. @ http://localhost:3000/ai:0
[ 5958506ms] [ERROR] Failed to load resource: net::ERR_FAILED @ https://api.nexusrbx.com/api/studio/mcp/status?t=1787844139885:0
[ 5968369ms] [ERROR] Access to fetch at 'https://api.nexusrbx.com/api/v2/events?afterSequence=0&t=1787844149761' from origin 'http://localhost:3000' has been blocked by CORS policy: Response to preflight request doesn't pass access control check: No 'Access-Control-Allow-Origin' header is present on the requested resource. @ http://localhost:3000/ai:0
[ 5968369ms] [ERROR] Failed to load resource: net::ERR_FAILED @ https://api.nexusrbx.com/api/v2/events?afterSequence=0&t=1787844149761:0
[ 5988676ms] [ERROR] Access to fetch at 'https://api.nexusrbx.com/api/studio/status?t=1787844170064' from origin 'http://localhost:3000' has been blocked by CORS policy: Response to preflight request doesn't pass access control check: No 'Access-Control-Allow-Origin' header is present on the requested resource. @ http://localhost:3000/ai:0
[ 5988676ms] [ERROR] Failed to load resource: net::ERR_FAILED @ https://api.nexusrbx.com/api/studio/status?t=1787844170064:0
[ 5988680ms] [ERROR] Access to fetch at 'https://api.nexusrbx.com/api/studio/mcp/status?t=1787844170064' from origin 'http://localhost:3000' has been blocked by CORS policy: Response to preflight request doesn't pass access control check: No 'Access-Control-Allow-Origin' header is present on the requested resource. @ http://localhost:3000/ai:0
[ 5988680ms] [ERROR] Failed to load resource: net::ERR_FAILED @ https://api.nexusrbx.com/api/studio/mcp/status?t=1787844170064:0
[ 5995871ms] [ERROR] Access to fetch at 'https://api.nexusrbx.com/api/v2/agents?t=1787844177259' from origin 'http://localhost:3000' has been blocked by CORS policy: Response to preflight request doesn't pass access control check: No 'Access-Control-Allow-Origin' header is present on the requested resource. @ http://localhost:3000/ai:0
[ 5995871ms] [ERROR] Failed to load resource: net::ERR_FAILED @ https://api.nexusrbx.com/api/v2/agents?t=1787844177259:0
[ 6000861ms] [ERROR] Access to fetch at 'https://api.nexusrbx.com/api/v2/events?afterSequence=0&t=1787844182257' from origin 'http://localhost:3000' has been blocked by CORS policy: Response to preflight request doesn't pass access control check: No 'Access-Control-Allow-Origin' header is present on the requested resource. @ http://localhost:3000/ai:0
[ 6000861ms] [ERROR] Failed to load resource: net::ERR_FAILED @ https://api.nexusrbx.com/api/v2/events?afterSequence=0&t=1787844182257:0
[ 6018863ms] [ERROR] Access to fetch at 'https://api.nexusrbx.com/api/studio/mcp/status?t=1787844200254' from origin 'http://localhost:3000' has been blocked by CORS policy: Response to preflight request doesn't pass access control check: No 'Access-Control-Allow-Origin' header is present on the requested resource. @ http://localhost:3000/ai:0
[ 6018863ms] [ERROR] Failed to load resource: net::ERR_FAILED @ https://api.nexusrbx.com/api/studio/mcp/status?t=1787844200254:0
[ 6018877ms] [ERROR] Access to fetch at 'https://api.nexusrbx.com/api/studio/status?t=1787844200253' from origin 'http://localhost:3000' has been blocked by CORS policy: Response to preflight request doesn't pass access control check: No 'Access-Control-Allow-Origin' header is present on the requested resource. @ http://localhost:3000/ai:0
[ 6018877ms] [ERROR] Failed to load resource: net::ERR_FAILED @ https://api.nexusrbx.com/api/studio/status?t=1787844200253:0
[ 6033658ms] [ERROR] Access to fetch at 'https://api.nexusrbx.com/api/v2/events?afterSequence=0&t=1787844214760' from origin 'http://localhost:3000' has been blocked by CORS policy: Response to preflight request doesn't pass access control check: No 'Access-Control-Allow-Origin' header is present on the requested resource. @ http://localhost:3000/ai:0
[ 6033659ms] [ERROR] Failed to load resource: net::ERR_FAILED @ https://api.nexusrbx.com/api/v2/events?afterSequence=0&t=1787844214760:0
[ 6035881ms] [ERROR] Access to fetch at 'https://api.nexusrbx.com/api/v2/agents?t=1787844217265' from origin 'http://localhost:3000' has been blocked by CORS policy: Response to preflight request doesn't pass access control check: No 'Access-Control-Allow-Origin' header is present on the requested resource. @ http://localhost:3000/ai:0
[ 6035882ms] [ERROR] Failed to load resource: net::ERR_FAILED @ https://api.nexusrbx.com/api/v2/agents?t=1787844217265:0
[ 6048545ms] [ERROR] Access to fetch at 'https://api.nexusrbx.com/api/billing/entitlements' from origin 'http://localhost:3000' has been blocked by CORS policy: Response to preflight request doesn't pass access control check: No 'Access-Control-Allow-Origin' header is present on the requested resource. @ http://localhost:3000/ai:0
[ 6048545ms] [ERROR] Failed to load resource: net::ERR_FAILED @ https://api.nexusrbx.com/api/billing/entitlements:0
[ 6049046ms] [ERROR] Access to fetch at 'https://api.nexusrbx.com/api/studio/status?t=1787844230439' from origin 'http://localhost:3000' has been blocked by CORS policy: Response to preflight request doesn't pass access control check: No 'Access-Control-Allow-Origin' header is present on the requested resource. @ http://localhost:3000/ai:0
[ 6049046ms] [ERROR] Failed to load resource: net::ERR_FAILED @ https://api.nexusrbx.com/api/studio/status?t=1787844230439:0
[ 6049052ms] [ERROR] Access to fetch at 'https://api.nexusrbx.com/api/studio/mcp/status?t=1787844230439' from origin 'http://localhost:3000' has been blocked by CORS policy: Response to preflight request doesn't pass access control check: No 'Access-Control-Allow-Origin' header is present on the requested resource. @ http://localhost:3000/ai:0
[ 6049052ms] [ERROR] Failed to load resource: net::ERR_FAILED @ https://api.nexusrbx.com/api/studio/mcp/status?t=1787844230439:0
[ 6065873ms] [ERROR] Access to fetch at 'https://api.nexusrbx.com/api/v2/events?afterSequence=0&t=1787844247265' from origin 'http://localhost:3000' has been blocked by CORS policy: Response to preflight request doesn't pass access control check: No 'Access-Control-Allow-Origin' header is present on the requested resource. @ http://localhost:3000/ai:0
[ 6065873ms] [ERROR] Failed to load resource: net::ERR_FAILED @ https://api.nexusrbx.com/api/v2/events?afterSequence=0&t=1787844247265:0
[ 6075868ms] [ERROR] Access to fetch at 'https://api.nexusrbx.com/api/v2/agents?t=1787844257263' from origin 'http://localhost:3000' has been blocked by CORS policy: Response to preflight request doesn't pass access control check: No 'Access-Control-Allow-Origin' header is present on the requested resource. @ http://localhost:3000/ai:0
[ 6075868ms] [ERROR] Failed to load resource: net::ERR_FAILED @ https://api.nexusrbx.com/api/v2/agents?t=1787844257263:0
[ 6079227ms] [ERROR] Access to fetch at 'https://api.nexusrbx.com/api/studio/status?t=1787844260614' from origin 'http://localhost:3000' has been blocked by CORS policy: Response to preflight request doesn't pass access control check: No 'Access-Control-Allow-Origin' header is present on the requested resource. @ http://localhost:3000/ai:0
[ 6079227ms] [ERROR] Failed to load resource: net::ERR_FAILED @ https://api.nexusrbx.com/api/studio/status?t=1787844260614:0
[ 6079236ms] [ERROR] Access to fetch at 'https://api.nexusrbx.com/api/studio/mcp/status?t=1787844260614' from origin 'http://localhost:3000' has been blocked by CORS policy: Response to preflight request doesn't pass access control check: No 'Access-Control-Allow-Origin' header is present on the requested resource. @ http://localhost:3000/ai:0
[ 6079236ms] [ERROR] Failed to load resource: net::ERR_FAILED @ https://api.nexusrbx.com/api/studio/mcp/status?t=1787844260614:0
[ 6098368ms] [ERROR] Access to fetch at 'https://api.nexusrbx.com/api/v2/events?afterSequence=0&t=1787844279760' from origin 'http://localhost:3000' has been blocked by CORS policy: Response to preflight request doesn't pass access control check: No 'Access-Control-Allow-Origin' header is present on the requested resource. @ http://localhost:3000/ai:0
[ 6098368ms] [ERROR] Failed to load resource: net::ERR_FAILED @ https://api.nexusrbx.com/api/v2/events?afterSequence=0&t=1787844279760:0
[ 6109402ms] [ERROR] Access to fetch at 'https://api.nexusrbx.com/api/studio/mcp/status?t=1787844290796' from origin 'http://localhost:3000' has been blocked by CORS policy: Response to preflight request doesn't pass access control check: No 'Access-Control-Allow-Origin' header is present on the requested resource. @ http://localhost:3000/ai:0
[ 6109402ms] [ERROR] Failed to load resource: net::ERR_FAILED @ https://api.nexusrbx.com/api/studio/mcp/status?t=1787844290796:0
[ 6109403ms] [ERROR] Access to fetch at 'https://api.nexusrbx.com/api/studio/status?t=1787844290796' from origin 'http://localhost:3000' has been blocked by CORS policy: Response to preflight request doesn't pass access control check: No 'Access-Control-Allow-Origin' header is present on the requested resource. @ http://localhost:3000/ai:0
[ 6109403ms] [ERROR] Failed to load resource: net::ERR_FAILED @ https://api.nexusrbx.com/api/studio/status?t=1787844290796:0
[ 6115875ms] [ERROR] Access to fetch at 'https://api.nexusrbx.com/api/v2/agents?t=1787844297265' from origin 'http://localhost:3000' has been blocked by CORS policy: Response to preflight request doesn't pass access control check: No 'Access-Control-Allow-Origin' header is present on the requested resource. @ http://localhost:3000/ai:0
[ 6115875ms] [ERROR] Failed to load resource: net::ERR_FAILED @ https://api.nexusrbx.com/api/v2/agents?t=1787844297265:0
[ 6130878ms] [ERROR] Access to fetch at 'https://api.nexusrbx.com/api/v2/events?afterSequence=0&t=1787844312270' from origin 'http://localhost:3000' has been blocked by CORS policy: Response to preflight request doesn't pass access control check: No 'Access-Control-Allow-Origin' header is present on the requested resource. @ http://localhost:3000/ai:0
[ 6130878ms] [ERROR] Failed to load resource: net::ERR_FAILED @ https://api.nexusrbx.com/api/v2/events?afterSequence=0&t=1787844312270:0
[ 6139579ms] [ERROR] Access to fetch at 'https://api.nexusrbx.com/api/studio/status?t=1787844320970' from origin 'http://localhost:3000' has been blocked by CORS policy: Response to preflight request doesn't pass access control check: No 'Access-Control-Allow-Origin' header is present on the requested resource. @ http://localhost:3000/ai:0
[ 6139579ms] [ERROR] Failed to load resource: net::ERR_FAILED @ https://api.nexusrbx.com/api/studio/status?t=1787844320970:0
[ 6139583ms] [ERROR] Access to fetch at 'https://api.nexusrbx.com/api/studio/mcp/status?t=1787844320970' from origin 'http://localhost:3000' has been blocked by CORS policy: Response to preflight request doesn't pass access control check: No 'Access-Control-Allow-Origin' header is present on the requested resource. @ http://localhost:3000/ai:0
[ 6139583ms] [ERROR] Failed to load resource: net::ERR_FAILED @ https://api.nexusrbx.com/api/studio/mcp/status?t=1787844320970:0
[ 6155867ms] [ERROR] Access to fetch at 'https://api.nexusrbx.com/api/v2/agents?t=1787844337262' from origin 'http://localhost:3000' has been blocked by CORS policy: Response to preflight request doesn't pass access control check: No 'Access-Control-Allow-Origin' header is present on the requested resource. @ http://localhost:3000/ai:0
[ 6155867ms] [ERROR] Failed to load resource: net::ERR_FAILED @ https://api.nexusrbx.com/api/v2/agents?t=1787844337262:0
[ 6163381ms] [ERROR] Access to fetch at 'https://api.nexusrbx.com/api/v2/events?afterSequence=0&t=1787844344771' from origin 'http://localhost:3000' has been blocked by CORS policy: Response to preflight request doesn't pass access control check: No 'Access-Control-Allow-Origin' header is present on the requested resource. @ http://localhost:3000/ai:0
[ 6163381ms] [ERROR] Failed to load resource: net::ERR_FAILED @ https://api.nexusrbx.com/api/v2/events?afterSequence=0&t=1787844344771:0
[ 6169754ms] [ERROR] Access to fetch at 'https://api.nexusrbx.com/api/studio/mcp/status?t=1787844351147' from origin 'http://localhost:3000' has been blocked by CORS policy: Response to preflight request doesn't pass access control check: No 'Access-Control-Allow-Origin' header is present on the requested resource. @ http://localhost:3000/ai:0
[ 6169754ms] [ERROR] Failed to load resource: net::ERR_FAILED @ https://api.nexusrbx.com/api/studio/mcp/status?t=1787844351147:0
[ 6169756ms] [ERROR] Access to fetch at 'https://api.nexusrbx.com/api/studio/status?t=1787844351147' from origin 'http://localhost:3000' has been blocked by CORS policy: Response to preflight request doesn't pass access control check: No 'Access-Control-Allow-Origin' header is present on the requested resource. @ http://localhost:3000/ai:0
[ 6169756ms] [ERROR] Failed to load resource: net::ERR_FAILED @ https://api.nexusrbx.com/api/studio/status?t=1787844351147:0
[ 6195873ms] [ERROR] Access to fetch at 'https://api.nexusrbx.com/api/v2/agents?t=1787844377264' from origin 'http://localhost:3000' has been blocked by CORS policy: Response to preflight request doesn't pass access control check: No 'Access-Control-Allow-Origin' header is present on the requested resource. @ http://localhost:3000/ai:0
[ 6195873ms] [ERROR] Failed to load resource: net::ERR_FAILED @ https://api.nexusrbx.com/api/v2/agents?t=1787844377264:0
[ 6195878ms] [ERROR] Access to fetch at 'https://api.nexusrbx.com/api/v2/events?afterSequence=0&t=1787844377265' from origin 'http://localhost:3000' has been blocked by CORS policy: Response to preflight request doesn't pass access control check: No 'Access-Control-Allow-Origin' header is present on the requested resource. @ http://localhost:3000/ai:0
[ 6195878ms] [ERROR] Failed to load resource: net::ERR_FAILED @ https://api.nexusrbx.com/api/v2/events?afterSequence=0&t=1787844377265:0
[ 6199924ms] [ERROR] Access to fetch at 'https://api.nexusrbx.com/api/studio/mcp/status?t=1787844381313' from origin 'http://localhost:3000' has been blocked by CORS policy: Response to preflight request doesn't pass access control check: No 'Access-Control-Allow-Origin' header is present on the requested resource. @ http://localhost:3000/ai:0
[ 6199924ms] [ERROR] Failed to load resource: net::ERR_FAILED @ https://api.nexusrbx.com/api/studio/mcp/status?t=1787844381313:0
[ 6199929ms] [ERROR] Access to fetch at 'https://api.nexusrbx.com/api/studio/status?t=1787844381313' from origin 'http://localhost:3000' has been blocked by CORS policy: Response to preflight request doesn't pass access control check: No 'Access-Control-Allow-Origin' header is present on the requested resource. @ http://localhost:3000/ai:0
[ 6199929ms] [ERROR] Failed to load resource: net::ERR_FAILED @ https://api.nexusrbx.com/api/studio/status?t=1787844381313:0
[ 6228383ms] [ERROR] Access to fetch at 'https://api.nexusrbx.com/api/v2/events?afterSequence=0&t=1787844409767' from origin 'http://localhost:3000' has been blocked by CORS policy: Response to preflight request doesn't pass access control check: No 'Access-Control-Allow-Origin' header is present on the requested resource. @ http://localhost:3000/ai:0
[ 6228383ms] [ERROR] Failed to load resource: net::ERR_FAILED @ https://api.nexusrbx.com/api/v2/events?afterSequence=0&t=1787844409767:0
[ 6230107ms] [ERROR] Access to fetch at 'https://api.nexusrbx.com/api/studio/mcp/status?t=1787844411495' from origin 'http://localhost:3000' has been blocked by CORS policy: Response to preflight request doesn't pass access control check: No 'Access-Control-Allow-Origin' header is present on the requested resource. @ http://localhost:3000/ai:0
[ 6230107ms] [ERROR] Failed to load resource: net::ERR_FAILED @ https://api.nexusrbx.com/api/studio/mcp/status?t=1787844411495:0
[ 6230107ms] [ERROR] Access to fetch at 'https://api.nexusrbx.com/api/studio/status?t=1787844411495' from origin 'http://localhost:3000' has been blocked by CORS policy: Response to preflight request doesn't pass access control check: No 'Access-Control-Allow-Origin' header is present on the requested resource. @ http://localhost:3000/ai:0
[ 6230107ms] [ERROR] Failed to load resource: net::ERR_FAILED @ https://api.nexusrbx.com/api/studio/status?t=1787844411495:0
[ 6235884ms] [ERROR] Access to fetch at 'https://api.nexusrbx.com/api/v2/agents?t=1787844417263' from origin 'http://localhost:3000' has been blocked by CORS policy: Response to preflight request doesn't pass access control check: No 'Access-Control-Allow-Origin' header is present on the requested resource. @ http://localhost:3000/ai:0
[ 6235885ms] [ERROR] Failed to load resource: net::ERR_FAILED @ https://api.nexusrbx.com/api/v2/agents?t=1787844417263:0
[ 6260285ms] [ERROR] Access to fetch at 'https://api.nexusrbx.com/api/studio/status?t=1787844441668' from origin 'http://localhost:3000' has been blocked by CORS policy: Response to preflight request doesn't pass access control check: No 'Access-Control-Allow-Origin' header is present on the requested resource. @ http://localhost:3000/ai:0
[ 6260285ms] [ERROR] Failed to load resource: net::ERR_FAILED @ https://api.nexusrbx.com/api/studio/status?t=1787844441668:0
[ 6260292ms] [ERROR] Access to fetch at 'https://api.nexusrbx.com/api/studio/mcp/status?t=1787844441668' from origin 'http://localhost:3000' has been blocked by CORS policy: Response to preflight request doesn't pass access control check: No 'Access-Control-Allow-Origin' header is present on the requested resource. @ http://localhost:3000/ai:0
[ 6260292ms] [ERROR] Failed to load resource: net::ERR_FAILED @ https://api.nexusrbx.com/api/studio/mcp/status?t=1787844441668:0
[ 6260871ms] [ERROR] Access to fetch at 'https://api.nexusrbx.com/api/v2/events?afterSequence=0&t=1787844442259' from origin 'http://localhost:3000' has been blocked by CORS policy: Response to preflight request doesn't pass access control check: No 'Access-Control-Allow-Origin' header is present on the requested resource. @ http://localhost:3000/ai:0
[ 6260871ms] [ERROR] Failed to load resource: net::ERR_FAILED @ https://api.nexusrbx.com/api/v2/events?afterSequence=0&t=1787844442259:0
[ 6275889ms] [ERROR] Access to fetch at 'https://api.nexusrbx.com/api/v2/agents?t=1787844457272' from origin 'http://localhost:3000' has been blocked by CORS policy: Response to preflight request doesn't pass access control check: No 'Access-Control-Allow-Origin' header is present on the requested resource. @ http://localhost:3000/ai:0
[ 6275889ms] [ERROR] Failed to load resource: net::ERR_FAILED @ https://api.nexusrbx.com/api/v2/agents?t=1787844457272:0
[ 6290466ms] [ERROR] Access to fetch at 'https://api.nexusrbx.com/api/studio/mcp/status?t=1787844471858' from origin 'http://localhost:3000' has been blocked by CORS policy: Response to preflight request doesn't pass access control check: No 'Access-Control-Allow-Origin' header is present on the requested resource. @ http://localhost:3000/ai:0
[ 6290466ms] [ERROR] Failed to load resource: net::ERR_FAILED @ https://api.nexusrbx.com/api/studio/mcp/status?t=1787844471858:0
[ 6290478ms] [ERROR] Access to fetch at 'https://api.nexusrbx.com/api/studio/status?t=1787844471858' from origin 'http://localhost:3000' has been blocked by CORS policy: Response to preflight request doesn't pass access control check: No 'Access-Control-Allow-Origin' header is present on the requested resource. @ http://localhost:3000/ai:0
[ 6290478ms] [ERROR] Failed to load resource: net::ERR_FAILED @ https://api.nexusrbx.com/api/studio/status?t=1787844471858:0
[ 6293372ms] [ERROR] Access to fetch at 'https://api.nexusrbx.com/api/v2/events?afterSequence=0&t=1787844474759' from origin 'http://localhost:3000' has been blocked by CORS policy: Response to preflight request doesn't pass access control check: No 'Access-Control-Allow-Origin' header is present on the requested resource. @ http://localhost:3000/ai:0
[ 6293372ms] [ERROR] Failed to load resource: net::ERR_FAILED @ https://api.nexusrbx.com/api/v2/events?afterSequence=0&t=1787844474759:0
[ 6315874ms] [ERROR] Access to fetch at 'https://api.nexusrbx.com/api/v2/agents?t=1787844497262' from origin 'http://localhost:3000' has been blocked by CORS policy: Response to preflight request doesn't pass access control check: No 'Access-Control-Allow-Origin' header is present on the requested resource. @ http://localhost:3000/ai:0
[ 6315874ms] [ERROR] Failed to load resource: net::ERR_FAILED @ https://api.nexusrbx.com/api/v2/agents?t=1787844497262:0
[ 6320654ms] [ERROR] Access to fetch at 'https://api.nexusrbx.com/api/studio/status?t=1787844502042' from origin 'http://localhost:3000' has been blocked by CORS policy: Response to preflight request doesn't pass access control check: No 'Access-Control-Allow-Origin' header is present on the requested resource. @ http://localhost:3000/ai:0
[ 6320654ms] [ERROR] Failed to load resource: net::ERR_FAILED @ https://api.nexusrbx.com/api/studio/status?t=1787844502042:0
[ 6320664ms] [ERROR] Access to fetch at 'https://api.nexusrbx.com/api/studio/mcp/status?t=1787844502043' from origin 'http://localhost:3000' has been blocked by CORS policy: Response to preflight request doesn't pass access control check: No 'Access-Control-Allow-Origin' header is present on the requested resource. @ http://localhost:3000/ai:0
[ 6320664ms] [ERROR] Failed to load resource: net::ERR_FAILED @ https://api.nexusrbx.com/api/studio/mcp/status?t=1787844502043:0
[ 6325874ms] [ERROR] Access to fetch at 'https://api.nexusrbx.com/api/v2/events?afterSequence=0&t=1787844507261' from origin 'http://localhost:3000' has been blocked by CORS policy: Response to preflight request doesn't pass access control check: No 'Access-Control-Allow-Origin' header is present on the requested resource. @ http://localhost:3000/ai:0
[ 6325875ms] [ERROR] Failed to load resource: net::ERR_FAILED @ https://api.nexusrbx.com/api/v2/events?afterSequence=0&t=1787844507261:0
[ 6348720ms] [ERROR] Access to fetch at 'https://api.nexusrbx.com/api/billing/entitlements' from origin 'http://localhost:3000' has been blocked by CORS policy: Response to preflight request doesn't pass access control check: No 'Access-Control-Allow-Origin' header is present on the requested resource. @ http://localhost:3000/ai:0
[ 6348720ms] [ERROR] Failed to load resource: net::ERR_FAILED @ https://api.nexusrbx.com/api/billing/entitlements:0
[ 6350835ms] [ERROR] Access to fetch at 'https://api.nexusrbx.com/api/studio/status?t=1787844532225' from origin 'http://localhost:3000' has been blocked by CORS policy: Response to preflight request doesn't pass access control check: No 'Access-Control-Allow-Origin' header is present on the requested resource. @ http://localhost:3000/ai:0
[ 6350835ms] [ERROR] Failed to load resource: net::ERR_FAILED @ https://api.nexusrbx.com/api/studio/status?t=1787844532225:0
[ 6350842ms] [ERROR] Access to fetch at 'https://api.nexusrbx.com/api/studio/mcp/status?t=1787844532225' from origin 'http://localhost:3000' has been blocked by CORS policy: Response to preflight request doesn't pass access control check: No 'Access-Control-Allow-Origin' header is present on the requested resource. @ http://localhost:3000/ai:0
[ 6350842ms] [ERROR] Failed to load resource: net::ERR_FAILED @ https://api.nexusrbx.com/api/studio/mcp/status?t=1787844532225:0
[ 6355878ms] [ERROR] Access to fetch at 'https://api.nexusrbx.com/api/v2/agents?t=1787844537266' from origin 'http://localhost:3000' has been blocked by CORS policy: Response to preflight request doesn't pass access control check: No 'Access-Control-Allow-Origin' header is present on the requested resource. @ http://localhost:3000/ai:0
[ 6355878ms] [ERROR] Failed to load resource: net::ERR_FAILED @ https://api.nexusrbx.com/api/v2/agents?t=1787844537266:0
[ 6358380ms] [ERROR] Access to fetch at 'https://api.nexusrbx.com/api/v2/events?afterSequence=0&t=1787844539772' from origin 'http://localhost:3000' has been blocked by CORS policy: Response to preflight request doesn't pass access control check: No 'Access-Control-Allow-Origin' header is present on the requested resource. @ http://localhost:3000/ai:0
[ 6358380ms] [ERROR] Failed to load resource: net::ERR_FAILED @ https://api.nexusrbx.com/api/v2/events?afterSequence=0&t=1787844539772:0
[ 6381021ms] [ERROR] Access to fetch at 'https://api.nexusrbx.com/api/studio/mcp/status?t=1787844562407' from origin 'http://localhost:3000' has been blocked by CORS policy: Response to preflight request doesn't pass access control check: No 'Access-Control-Allow-Origin' header is present on the requested resource. @ http://localhost:3000/ai:0
[ 6381021ms] [ERROR] Failed to load resource: net::ERR_FAILED @ https://api.nexusrbx.com/api/studio/mcp/status?t=1787844562407:0
[ 6381028ms] [ERROR] Access to fetch at 'https://api.nexusrbx.com/api/studio/status?t=1787844562407' from origin 'http://localhost:3000' has been blocked by CORS policy: Response to preflight request doesn't pass access control check: No 'Access-Control-Allow-Origin' header is present on the requested resource. @ http://localhost:3000/ai:0
[ 6381028ms] [ERROR] Failed to load resource: net::ERR_FAILED @ https://api.nexusrbx.com/api/studio/status?t=1787844562407:0
