{"timestamp":"2026-09-06T06:17:24.008073470Z","level":"info","message":"  requestId: 'a930c4bd-0c06-4ac7-8c2a-2f3eb5ce35d7',"}
{"level":"info","message":"[ops] {","timestamp":"2026-09-06T06:17:24.528977017Z"}
{"timestamp":"2026-09-06T06:17:24.528982222Z","message":"  event: 'studio.command_polled',","level":"info"}
{"message":"  ts: '2026-09-06T06:17:24.516Z',","level":"info","timestamp":"2026-09-06T06:17:24.528985499Z"}
{"message":"  requestId: '571a3817-6795-4566-bbd5-8e8da65a2a11',","timestamp":"2026-09-06T06:17:24.528988777Z","level":"info"}
{"message":"  sessionId: 'MLq8J3mhz56J6BRsAeQe',","level":"info","timestamp":"2026-09-06T06:17:24.528991860Z"}
{"message":"  status: 'empty'","level":"info","timestamp":"2026-09-06T06:17:24.528995131Z"}
{"timestamp":"2026-09-06T06:17:24.528998402Z","level":"info","message":"}"}
{"level":"info","message":"[ops] {","timestamp":"2026-09-06T06:17:24.529001152Z"}
{"message":"  event: 'http_request',","level":"info","timestamp":"2026-09-06T06:17:24.529003922Z"}
{"level":"info","message":"  ts: '2026-09-06T06:17:24.516Z',","timestamp":"2026-09-06T06:17:24.529006688Z"}
{"message":"  requestId: '571a3817-6795-4566-bbd5-8e8da65a2a11',","level":"info","timestamp":"2026-09-06T06:17:24.529009465Z"}
{"level":"info","timestamp":"2026-09-06T06:17:24.529012443Z","message":"  method: 'GET',"}
{"level":"info","message":"  route: '/api/studio/commands/next',","timestamp":"2026-09-06T06:17:24.529015457Z"}
{"message":"  status: 204,","timestamp":"2026-09-06T06:17:24.529018313Z","level":"info"}
{"level":"info","timestamp":"2026-09-06T06:17:24.529021017Z","message":"  durationMs: 24256"}
{"timestamp":"2026-09-06T06:17:24.529024697Z","level":"info","message":"}"}
{"level":"info","timestamp":"2026-09-06T06:17:25.033283320Z","message":"[ops] {"}
{"message":"  event: 'studio.command_polled',","timestamp":"2026-09-06T06:17:25.033295248Z","level":"info"}
{"message":"  ts: '2026-09-06T06:17:24.807Z',","timestamp":"2026-09-06T06:17:25.033300073Z","level":"info"}
{"message":"  requestId: '55c47b34-d846-4262-8d0a-c16521d52ac4',","level":"info","timestamp":"2026-09-06T06:17:25.033306224Z"}
{"message":"  sessionId: 'MLq8J3mhz56J6BRsAeQe',","timestamp":"2026-09-06T06:17:25.033310161Z","level":"info"}
{"message":"  status: 'empty'","timestamp":"2026-09-06T06:17:25.033314404Z","level":"info"}
{"timestamp":"2026-09-06T06:17:25.033318687Z","message":"}","level":"info"}
{"timestamp":"2026-09-06T06:17:25.033322819Z","message":"[ops] {","level":"info"}
{"message":"  event: 'http_request',","timestamp":"2026-09-06T06:17:25.033326212Z","level":"info"}
{"message":"  ts: '2026-09-06T06:17:24.807Z',","timestamp":"2026-09-06T06:17:25.033330387Z","level":"info"}
{"message":"  requestId: '55c47b34-d846-4262-8d0a-c16521d52ac4',","timestamp":"2026-09-06T06:17:25.033334886Z","level":"info"}
{"level":"info","message":"  method: 'GET',","timestamp":"2026-09-06T06:17:25.033338652Z"}
{"timestamp":"2026-09-06T06:17:25.033342403Z","level":"info","message":"  route: '/api/studio/commands/next',"}
{"timestamp":"2026-09-06T06:17:25.033346059Z","level":"info","message":"  status: 204,"}
{"level":"info","message":"  durationMs: 24379","timestamp":"2026-09-06T06:17:25.033349667Z"}
{"timestamp":"2026-09-06T06:17:25.033353357Z","level":"info","message":"}"}
{"message":"[ops] {","timestamp":"2026-09-06T06:17:25.033357208Z","level":"info"}
{"level":"info","message":"  event: 'http_request',","timestamp":"2026-09-06T06:17:25.033360948Z"}
{"level":"info","message":"  ts: '2026-09-06T06:17:25.007Z',","timestamp":"2026-09-06T06:17:25.033365381Z"}
{"timestamp":"2026-09-06T06:17:25.033369271Z","message":"  requestId: '3fc8b704-c4dc-4771-b176-8206f35cd3ec',","level":"info"}
{"level":"info","timestamp":"2026-09-06T06:17:25.033577597Z","message":"  method: 'POST',"}
{"level":"info","timestamp":"2026-09-06T06:17:25.033582693Z","message":"  route: '/api/studio/mcp/session/ping',"}
{"level":"info","timestamp":"2026-09-06T06:17:25.033586759Z","message":"  status: 200,"}
{"message":"  durationMs: 276","level":"info","timestamp":"2026-09-06T06:17:25.033590489Z"}
{"timestamp":"2026-09-06T06:17:25.033594136Z","level":"info","message":"}"}
{"message":"  ts: '2026-09-06T06:17:25.381Z',","timestamp":"2026-09-06T06:17:25.389532414Z","level":"info"}
{"timestamp":"2026-09-06T06:17:25.389540727Z","message":"  requestId: '4fe6725b-7ae6-48ce-ba61-b36b730a5ddd',","level":"info"}
{"message":"  method: 'OPTIONS',","timestamp":"2026-09-06T06:17:25.389544741Z","level":"info"}
{"message":"  route: '/api/v2/agents/active',","timestamp":"2026-09-06T06:17:25.389548641Z","level":"info"}
{"timestamp":"2026-09-06T06:17:25.389552686Z","message":"  status: 204,","level":"info"}
{"timestamp":"2026-09-06T06:17:25.389557600Z","level":"info","message":"  durationMs: 0"}
{"timestamp":"2026-09-06T06:17:25.389562110Z","level":"info","message":"[ops] {"}
{"message":"}","level":"info","timestamp":"2026-09-06T06:17:25.389562969Z"}
{"message":"  event: 'http_request',","level":"info","timestamp":"2026-09-06T06:17:25.389565584Z"}
{"timestamp":"2026-09-06T06:17:25.389568326Z","level":"info","message":"  ts: '2026-09-06T06:17:25.376Z',"}
{"timestamp":"2026-09-06T06:17:25.389571215Z","message":"  requestId: '83749d4a-b8da-4113-b266-785c2d46fa60',","level":"info"}
{"message":"  method: 'OPTIONS',","timestamp":"2026-09-06T06:17:25.389574348Z","level":"info"}
{"timestamp":"2026-09-06T06:17:25.389578099Z","message":"  route: '/api/v2/events',","level":"info"}
{"timestamp":"2026-09-06T06:17:25.389580806Z","level":"info","message":"  status: 204,"}
{"message":"  durationMs: 0","level":"info","timestamp":"2026-09-06T06:17:25.389583845Z"}
{"level":"info","timestamp":"2026-09-06T06:17:25.389586599Z","message":"}"}
{"message":"[ops] {","level":"info","timestamp":"2026-09-06T06:17:25.389589390Z"}
{"level":"info","message":"  event: 'http_request',","timestamp":"2026-09-06T06:17:25.389592477Z"}
{"timestamp":"2026-09-06T06:17:25.547209011Z","level":"error","message":"[ops] {"}
{"level":"error","message":"  event: 'security.app_check_rejected',","timestamp":"2026-09-06T06:17:25.547213550Z"}
{"level":"error","message":"  ts: '2026-09-06T06:17:25.539Z',","timestamp":"2026-09-06T06:17:25.547216432Z"}
{"timestamp":"2026-09-06T06:17:25.547220158Z","level":"error","message":"  reason: 'missing_token',"}
{"message":"  mode: 'monitor',","timestamp":"2026-09-06T06:17:25.547223168Z","level":"error"}
{"timestamp":"2026-09-06T06:17:25.547226364Z","level":"error","message":"  route: '/api/v2/events'"}
{"timestamp":"2026-09-06T06:17:25.547229064Z","message":"}","level":"error"}
{"level":"error","message":"[ops] {","timestamp":"2026-09-06T06:17:25.563913864Z"}
{"message":"  event: 'security.app_check_rejected',","timestamp":"2026-09-06T06:17:25.563918594Z","level":"error"}
{"timestamp":"2026-09-06T06:17:25.563922080Z","level":"error","message":"  ts: '2026-09-06T06:17:25.554Z',"}
{"level":"error","timestamp":"2026-09-06T06:17:25.563925203Z","message":"  reason: 'missing_token',"}
{"timestamp":"2026-09-06T06:17:25.563928008Z","level":"error","message":"  mode: 'monitor',"}
{"level":"error","message":"  route: '/api/v2/agents/active'","timestamp":"2026-09-06T06:17:25.563931113Z"}
{"message":"}","level":"error","timestamp":"2026-09-06T06:17:25.563934268Z"}
{"message":"[ops] {","timestamp":"2026-09-06T06:17:25.632699380Z","level":"info"}
{"message":"  event: 'http_request',","level":"info","timestamp":"2026-09-06T06:17:25.632705707Z"}
{"timestamp":"2026-09-06T06:17:25.632709302Z","level":"info","message":"  ts: '2026-09-06T06:17:25.618Z',"}
{"level":"info","message":"  requestId: '133a951c-456c-4da4-b8d5-c5be82b6b077',","timestamp":"2026-09-06T06:17:25.632713268Z"}
{"timestamp":"2026-09-06T06:17:25.632716604Z","message":"  method: 'GET',","level":"info"}
{"level":"info","message":"  route: '/api/v2/agents/active',","timestamp":"2026-09-06T06:17:25.632720097Z"}
{"level":"info","message":"  status: 200,","timestamp":"2026-09-06T06:17:25.632723293Z"}
{"level":"info","timestamp":"2026-09-06T06:17:25.632726519Z","message":"  durationMs: 64"}
{"timestamp":"2026-09-06T06:17:25.632731049Z","level":"info","message":"}"}
{"message":"}","timestamp":"2026-09-06T06:17:26.043155025Z","level":"info"}
{"message":"[ops] {","level":"info","timestamp":"2026-09-06T06:17:26.043168739Z"}
{"timestamp":"2026-09-06T06:17:26.043173823Z","message":"  event: 'studio.plugin_compatibility_handshake',","level":"info"}
{"level":"info","message":"  ts: '2026-09-06T06:17:25.947Z',","timestamp":"2026-09-06T06:17:26.043179152Z"}
{"timestamp":"2026-09-06T06:17:26.043182833Z","message":"  requestId: '807adc45-bcfc-470e-a740-080d1e994853',","level":"info"}
{"timestamp":"2026-09-06T06:17:26.043191661Z","level":"info","message":"  sessionId: 'MLq8J3mhz56J6BRsAeQe',"}
{"message":"  userId: '0VSQotqOXxPXBLeQu1gUNkXELWH3',","timestamp":"2026-09-06T06:17:26.043195242Z","level":"info"}
{"message":"  status: 'compatible',","timestamp":"2026-09-06T06:17:26.043198788Z","level":"info"}
{"level":"info","message":"  reasonCodes: [],","timestamp":"2026-09-06T06:17:26.043202122Z"}
{"message":"  buildId: 'nexusrbx-studio-0.14.0-r15-animation.12-toolbox',","level":"info","timestamp":"2026-09-06T06:17:26.043206037Z"}
{"timestamp":"2026-09-06T06:17:26.043209539Z","message":"  attestationWritten: false,","level":"info"}
{"timestamp":"2026-09-06T06:17:26.043213090Z","message":"  repairDurationMs: 569","level":"info"}
{"message":"}","level":"info","timestamp":"2026-09-06T06:17:26.043217763Z"}
{"message":"[ops] {","timestamp":"2026-09-06T06:17:26.043221130Z","level":"info"}
{"timestamp":"2026-09-06T06:17:26.043224435Z","level":"info","message":"  event: 'http_request',"}
{"level":"info","timestamp":"2026-09-06T06:17:26.043227531Z","message":"  ts: '2026-09-06T06:17:25.948Z',"}
{"level":"info","message":"  requestId: '807adc45-bcfc-470e-a740-080d1e994853',","timestamp":"2026-09-06T06:17:26.043230762Z"}
{"level":"info","message":"  method: 'POST',","timestamp":"2026-09-06T06:17:26.043234246Z"}
{"message":"  route: '/api/studio/session/ping',","level":"info","timestamp":"2026-09-06T06:17:26.043237447Z"}
{"level":"info","message":"  status: 200,","timestamp":"2026-09-06T06:17:26.043240529Z"}
{"message":"  durationMs: 663","level":"info","timestamp":"2026-09-06T06:17:26.043243662Z"}
{"message":"[ops] {","timestamp":"2026-09-06T06:17:26.140045460Z","level":"info"}
{"message":"  event: 'http_request',","timestamp":"2026-09-06T06:17:26.140051640Z","level":"info"}
{"message":"  ts: '2026-09-06T06:17:26.132Z',","timestamp":"2026-09-06T06:17:26.140055926Z","level":"info"}
{"level":"info","message":"  requestId: '305cf936-56c9-4916-9fa9-979899517f98',","timestamp":"2026-09-06T06:17:26.140059263Z"}
{"timestamp":"2026-09-06T06:17:26.140062489Z","message":"  method: 'GET',","level":"info"}
{"message":"  route: '/api/v2/events',","level":"info","timestamp":"2026-09-06T06:17:26.140067600Z"}
{"level":"info","message":"  status: 200,","timestamp":"2026-09-06T06:17:26.140071381Z"}
{"message":"  durationMs: 592","timestamp":"2026-09-06T06:17:26.140074560Z","level":"info"}
{"timestamp":"2026-09-06T06:17:26.140077397Z","message":"}","level":"info"}
{"timestamp":"2026-09-06T06:17:27.428660628Z","message":"[ops] {","level":"info"}
{"message":"  event: 'http_request',","level":"info","timestamp":"2026-09-06T06:17:27.428668458Z"}
{"level":"info","message":"  ts: '2026-09-06T06:17:27.400Z',","timestamp":"2026-09-06T06:17:27.428673127Z"}
{"message":"  requestId: '65e35693-7045-47fe-9505-f114fc99eaf7',","timestamp":"2026-09-06T06:17:27.428677900Z","level":"info"}
{"message":"  method: 'OPTIONS',","timestamp":"2026-09-06T06:17:27.428682662Z","level":"info"}
{"level":"info","message":"  route: '/api/studio/status',","timestamp":"2026-09-06T06:17:27.428687014Z"}
{"message":"  status: 204,","timestamp":"2026-09-06T06:17:27.428690593Z","level":"info"}
{"message":"  durationMs: 0","level":"info","timestamp":"2026-09-06T06:17:27.428693942Z"}
{"level":"info","timestamp":"2026-09-06T06:17:27.428697534Z","message":"}"}
{"timestamp":"2026-09-06T06:17:27.428701337Z","message":"[ops] {","level":"info"}
{"timestamp":"2026-09-06T06:17:27.428704640Z","level":"info","message":"  event: 'http_request',"}
{"timestamp":"2026-09-06T06:17:27.428707939Z","level":"info","message":"  ts: '2026-09-06T06:17:27.400Z',"}
{"level":"info","timestamp":"2026-09-06T06:17:27.428712074Z","message":"  requestId: '93e162ad-c058-49e3-9c66-f2f95a128b0a',"}
{"message":"  method: 'OPTIONS',","level":"info","timestamp":"2026-09-06T06:17:27.428715688Z"}
{"level":"info","message":"  route: '/api/studio/mcp/status',","timestamp":"2026-09-06T06:17:27.428719529Z"}
{"message":"  status: 204,","timestamp":"2026-09-06T06:17:27.428722936Z","level":"info"}
{"message":"  durationMs: 0","timestamp":"2026-09-06T06:17:27.428726697Z","level":"info"}
{"timestamp":"2026-09-06T06:17:27.428730285Z","message":"}","level":"info"}
{"message":"[ops] {","timestamp":"2026-09-06T06:17:27.583807900Z","level":"error"}
{"level":"error","timestamp":"2026-09-06T06:17:27.583810632Z","message":"}"}
{"message":"  event: 'security.app_check_rejected',","timestamp":"2026-09-06T06:17:27.583814465Z","level":"error"}
{"timestamp":"2026-09-06T06:17:27.583818603Z","level":"error","message":"  ts: '2026-09-06T06:17:27.561Z',"}
{"message":"  reason: 'missing_token',","timestamp":"2026-09-06T06:17:27.583821831Z","level":"error"}
{"timestamp":"2026-09-06T06:17:27.583824765Z","message":"  mode: 'monitor',","level":"error"}
{"message":"  route: '/api/studio/status'","level":"error","timestamp":"2026-09-06T06:17:27.583827670Z"}
{"level":"error","message":"}","timestamp":"2026-09-06T06:17:27.583831568Z"}
{"message":"[ops] {","timestamp":"2026-09-06T06:17:27.583835337Z","level":"error"}
{"timestamp":"2026-09-06T06:17:27.583839140Z","message":"  event: 'security.app_check_rejected',","level":"error"}
{"message":"  ts: '2026-09-06T06:17:27.569Z',","timestamp":"2026-09-06T06:17:27.583843169Z","level":"error"}
{"message":"  reason: 'missing_token',","level":"error","timestamp":"2026-09-06T06:17:27.583848025Z"}
{"timestamp":"2026-09-06T06:17:27.583852327Z","level":"error","message":"  mode: 'monitor',"}
{"message":"  route: '/api/studio/mcp/status'","timestamp":"2026-09-06T06:17:27.583857674Z","level":"error"}
{"timestamp":"2026-09-06T06:17:28.056353430Z","message":"  event: 'security.app_check_rejected',","level":"error"}
{"message":"  ts: '2026-09-06T06:17:28.044Z',","timestamp":"2026-09-06T06:17:28.056361258Z","level":"error"}
{"level":"error","message":"  reason: 'missing_token',","timestamp":"2026-09-06T06:17:28.056365755Z"}
{"message":"  mode: 'monitor',","timestamp":"2026-09-06T06:17:28.056369601Z","level":"error"}
{"timestamp":"2026-09-06T06:17:28.056373450Z","message":"  route: '/api/v2/events'","level":"error"}
{"timestamp":"2026-09-06T06:17:28.056377373Z","message":"[ops] {","level":"info"}
{"level":"error","message":"}","timestamp":"2026-09-06T06:17:28.056379018Z"}
{"message":"  event: 'http_request',","timestamp":"2026-09-06T06:17:28.056382248Z","level":"info"}
{"message":"  ts: '2026-09-06T06:17:27.877Z',","timestamp":"2026-09-06T06:17:28.056385992Z","level":"info"}
{"timestamp":"2026-09-06T06:17:28.056392631Z","level":"info","message":"  requestId: 'd88e8374-7cea-4d3d-8cd2-4bbd0f078b69',"}
{"timestamp":"2026-09-06T06:17:28.056396100Z","level":"info","message":"  method: 'OPTIONS',"}
{"timestamp":"2026-09-06T06:17:28.056399730Z","level":"info","message":"  route: '/api/v2/events',"}
{"timestamp":"2026-09-06T06:17:28.056403261Z","level":"info","message":"  status: 204,"}
{"message":"  durationMs: 0","level":"info","timestamp":"2026-09-06T06:17:28.056406975Z"}
{"message":"}","timestamp":"2026-09-06T06:17:28.056410633Z","level":"info"}
{"timestamp":"2026-09-06T06:17:28.056414232Z","message":"[ops] {","level":"error"}
{"message":"[ops] {","level":"info","timestamp":"2026-09-06T06:17:28.063926941Z"}
{"timestamp":"2026-09-06T06:17:28.063933711Z","level":"info","message":"  event: 'http_request',"}
{"timestamp":"2026-09-06T06:17:28.063939138Z","level":"info","message":"  ts: '2026-09-06T06:17:28.061Z',"}
{"level":"info","timestamp":"2026-09-06T06:17:28.063943784Z","message":"  requestId: '7360256c-d300-41d7-bfbc-cafda5834e0c',"}
{"message":"  method: 'GET',","timestamp":"2026-09-06T06:17:28.063948795Z","level":"info"}
{"level":"info","message":"  route: '/api/studio/mcp/status',","timestamp":"2026-09-06T06:17:28.063954556Z"}
{"timestamp":"2026-09-06T06:17:28.063960124Z","level":"info","message":"  status: 200,"}
{"timestamp":"2026-09-06T06:17:28.063965798Z","level":"info","message":"  durationMs: 492"}
{"message":"}","timestamp":"2026-09-06T06:17:28.063971644Z","level":"info"}
{"message":"[ops] {","level":"info","timestamp":"2026-09-06T06:17:28.114833547Z"}
{"timestamp":"2026-09-06T06:17:28.114837877Z","level":"info","message":"  event: 'http_request',"}
{"timestamp":"2026-09-06T06:17:28.114841310Z","level":"info","message":"  ts: '2026-09-06T06:17:28.105Z',"}
{"message":"  requestId: 'aeec05b5-5770-4c2a-ba3f-2bea610e3626',","level":"info","timestamp":"2026-09-06T06:17:28.114845286Z"}
{"level":"info","timestamp":"2026-09-06T06:17:28.114849516Z","message":"  method: 'GET',"}
{"level":"info","timestamp":"2026-09-06T06:17:28.114853413Z","message":"  route: '/api/studio/status',"}
{"level":"info","timestamp":"2026-09-06T06:17:28.114856823Z","message":"  status: 200,"}
{"timestamp":"2026-09-06T06:17:28.114860766Z","level":"info","message":"  durationMs: 544"}
{"message":"}","timestamp":"2026-09-06T06:17:28.114864652Z","level":"info"}
{"message":"[ops] {","timestamp":"2026-09-06T06:17:28.600441413Z","level":"info"}
{"timestamp":"2026-09-06T06:17:28.600446938Z","message":"  event: 'http_request',","level":"info"}
{"timestamp":"2026-09-06T06:17:28.600450043Z","message":"  ts: '2026-09-06T06:17:28.582Z',","level":"info"}
{"message":"  requestId: '96bb7f9b-69cb-4110-beb8-ae0b5ce53dd9',","timestamp":"2026-09-06T06:17:28.600453137Z","level":"info"}
{"timestamp":"2026-09-06T06:17:28.600455920Z","level":"info","message":"  method: 'GET',"}
{"level":"info","message":"  route: '/api/v2/events',","timestamp":"2026-09-06T06:17:28.600458725Z"}
{"level":"info","message":"  status: 200,","timestamp":"2026-09-06T06:17:28.600462183Z"}
{"timestamp":"2026-09-06T06:17:28.600464877Z","level":"info","message":"  durationMs: 538"}
{"timestamp":"2026-09-06T06:17:28.600467566Z","level":"info","message":"}"}
{"level":"info","message":"[ops] {","timestamp":"2026-09-06T06:17:30.390962157Z"}
{"level":"info","timestamp":"2026-09-06T06:17:30.390972750Z","message":"  event: 'http_request',"}
{"timestamp":"2026-09-06T06:17:30.390977199Z","message":"  ts: '2026-09-06T06:17:30.385Z',","level":"info"}
{"timestamp":"2026-09-06T06:17:30.390981693Z","level":"info","message":"  requestId: '68eceb5c-2961-44be-9c68-8623ca446881',"}
{"message":"  method: 'OPTIONS',","timestamp":"2026-09-06T06:17:30.390985762Z","level":"info"}
{"message":"  route: '/api/v2/events',","timestamp":"2026-09-06T06:17:30.390989691Z","level":"info"}
{"message":"  status: 204,","timestamp":"2026-09-06T06:17:30.390993799Z","level":"info"}
{"timestamp":"2026-09-06T06:17:30.391001003Z","message":"  durationMs: 0","level":"info"}
{"message":"}","level":"info","timestamp":"2026-09-06T06:17:30.391004344Z"}
{"timestamp":"2026-09-06T06:17:30.565048235Z","level":"error","message":"[ops] {"}
{"message":"}","timestamp":"2026-09-06T06:17:30.565048438Z","level":"error"}
{"message":"  event: 'security.app_check_rejected',","level":"error","timestamp":"2026-09-06T06:17:30.565054405Z"}
{"level":"error","message":"  ts: '2026-09-06T06:17:30.560Z',","timestamp":"2026-09-06T06:17:30.565058787Z"}
{"message":"  reason: 'missing_token',","level":"error","timestamp":"2026-09-06T06:17:30.565062738Z"}
{"level":"error","message":"  mode: 'monitor',","timestamp":"2026-09-06T06:17:30.565066572Z"}
{"timestamp":"2026-09-06T06:17:30.565070370Z","level":"error","message":"  route: '/api/v2/events'"}
{"message":"[ops] {","level":"info","timestamp":"2026-09-06T06:17:31.234260129Z"}
{"message":"  event: 'http_request',","timestamp":"2026-09-06T06:17:31.234266742Z","level":"info"}
{"timestamp":"2026-09-06T06:17:31.234270897Z","level":"info","message":"  ts: '2026-09-06T06:17:31.200Z',"}
{"level":"info","message":"  requestId: '49ea29b7-927b-4f3f-8801-70c33f60975b',","timestamp":"2026-09-06T06:17:31.234274322Z"}
{"timestamp":"2026-09-06T06:17:31.234277711Z","level":"info","message":"  method: 'GET',"}
{"message":"  route: '/api/v2/events',","timestamp":"2026-09-06T06:17:31.234281265Z","level":"info"}
{"message":"  status: 200,","timestamp":"2026-09-06T06:17:31.234285228Z","level":"info"}
{"message":"  durationMs: 640","timestamp":"2026-09-06T06:17:31.234289480Z","level":"info"}
{"timestamp":"2026-09-06T06:17:31.234293600Z","level":"info","message":"}"}
{"level":"info","timestamp":"2026-09-06T06:17:31.377925004Z","message":"  event: 'http_request',"}
{"level":"info","message":"  ts: '2026-09-06T06:17:31.352Z',","timestamp":"2026-09-06T06:17:31.377932565Z"}
{"message":"  requestId: '87a9bb3d-ee0e-484e-8746-8a1fe0571618',","level":"info","timestamp":"2026-09-06T06:17:31.377936869Z"}
{"message":"  method: 'OPTIONS',","timestamp":"2026-09-06T06:17:31.377940062Z","level":"info"}
{"message":"  route: '/api/studio/status',","timestamp":"2026-09-06T06:17:31.377944036Z","level":"info"}
{"message":"  status: 204,","timestamp":"2026-09-06T06:17:31.377948880Z","level":"info"}
{"level":"info","message":"  durationMs: 0","timestamp":"2026-09-06T06:17:31.377952688Z"}
{"level":"info","timestamp":"2026-09-06T06:17:31.377956057Z","message":"}"}
{"timestamp":"2026-09-06T06:17:31.377980174Z","level":"info","message":"[ops] {"}
{"timestamp":"2026-09-06T06:17:31.377986334Z","message":"  event: 'http_request',","level":"info"}
{"message":"  ts: '2026-09-06T06:17:31.350Z',","timestamp":"2026-09-06T06:17:31.377991376Z","level":"info"}
{"timestamp":"2026-09-06T06:17:31.377996366Z","message":"  requestId: 'f1bd9a9b-9a60-49f0-9928-dfda9bedb37b',","level":"info"}
{"message":"  method: 'OPTIONS',","level":"info","timestamp":"2026-09-06T06:17:31.378002027Z"}
{"message":"  route: '/api/studio/mcp/status',","timestamp":"2026-09-06T06:17:31.378006596Z","level":"info"}
{"level":"info","message":"  status: 204,","timestamp":"2026-09-06T06:17:31.378011765Z"}
{"timestamp":"2026-09-06T06:17:31.378016367Z","level":"info","message":"  durationMs: 0"}
{"level":"info","timestamp":"2026-09-06T06:17:31.378021200Z","message":"}"}
{"level":"info","message":"[ops] {","timestamp":"2026-09-06T06:17:31.378025560Z"}
{"level":"error","timestamp":"2026-09-06T06:17:31.550003186Z","message":"[ops] {"}
{"timestamp":"2026-09-06T06:17:31.550003225Z","level":"error","message":"  ts: '2026-09-06T06:17:31.523Z',"}
{"message":"  reason: 'missing_token',","level":"error","timestamp":"2026-09-06T06:17:31.550014556Z"}
{"level":"error","timestamp":"2026-09-06T06:17:31.550014813Z","message":"  event: 'security.app_check_rejected',"}
{"message":"  mode: 'monitor',","level":"error","timestamp":"2026-09-06T06:17:31.550021972Z"}
{"level":"error","timestamp":"2026-09-06T06:17:31.550022090Z","message":"  ts: '2026-09-06T06:17:31.523Z',"}
{"timestamp":"2026-09-06T06:17:31.550028800Z","message":"  reason: 'missing_token',","level":"error"}
{"level":"error","message":"  route: '/api/studio/mcp/status'","timestamp":"2026-09-06T06:17:31.550030846Z"}
{"level":"error","timestamp":"2026-09-06T06:17:31.550034470Z","message":"  mode: 'monitor',"}
{"message":"}","timestamp":"2026-09-06T06:17:31.550036552Z","level":"error"}
{"timestamp":"2026-09-06T06:17:31.550040222Z","message":"  route: '/api/studio/status'","level":"error"}
{"level":"info","message":"[ops] {","timestamp":"2026-09-06T06:17:31.550042254Z"}
{"timestamp":"2026-09-06T06:17:31.550045840Z","level":"error","message":"}"}
{"message":"  event: 'http_request',","timestamp":"2026-09-06T06:17:31.550047471Z","level":"info"}
{"message":"[ops] {","level":"error","timestamp":"2026-09-06T06:17:31.550051237Z"}
{"timestamp":"2026-09-06T06:17:31.550053903Z","level":"info","message":"  ts: '2026-09-06T06:17:31.539Z',"}
{"timestamp":"2026-09-06T06:17:31.550055956Z","level":"error","message":"  event: 'security.app_check_rejected',"}
{"timestamp":"2026-09-06T06:17:31.550058786Z","message":"  requestId: '1c2830d5-bf1f-48b9-9e2a-2fa0935cf3f4',","level":"info"}
{"message":"  method: 'GET',","timestamp":"2026-09-06T06:17:31.550061719Z","level":"info"}
{"timestamp":"2026-09-06T06:17:31.550065477Z","level":"info","message":"  route: '/api/studio/status',"}
{"message":"  status: 200,","timestamp":"2026-09-06T06:17:31.550069166Z","level":"info"}
{"timestamp":"2026-09-06T06:17:31.550072605Z","level":"info","message":"  durationMs: 17"}
{"timestamp":"2026-09-06T06:17:31.550075975Z","level":"info","message":"}"}
{"message":"  status: 200,","timestamp":"2026-09-06T06:17:32.083805698Z","level":"info"}
{"message":"  durationMs: 498","timestamp":"2026-09-06T06:17:32.083815957Z","level":"info"}
{"timestamp":"2026-09-06T06:17:32.083820483Z","message":"}","level":"info"}
{"timestamp":"2026-09-06T06:17:32.084027656Z","level":"info","message":"[ops] {"}
{"level":"info","message":"  event: 'http_request',","timestamp":"2026-09-06T06:17:32.084031739Z"}
{"timestamp":"2026-09-06T06:17:32.084035897Z","level":"info","message":"  ts: '2026-09-06T06:17:32.021Z',"}
{"level":"info","message":"  requestId: 'f1256f06-98f1-4093-a108-e15e3cdf4f5d',","timestamp":"2026-09-06T06:17:32.084039499Z"}
{"message":"  method: 'GET',","timestamp":"2026-09-06T06:17:32.084043784Z","level":"info"}
{"message":"  route: '/api/studio/mcp/status',","timestamp":"2026-09-06T06:17:32.084047816Z","level":"info"}
{"level":"error","message":"  event: 'security.app_check_rejected',","timestamp":"2026-09-06T06:17:33.144445565Z"}
{"message":"  ts: '2026-09-06T06:17:33.041Z',","timestamp":"2026-09-06T06:17:33.144453809Z","level":"error"}
{"message":"  reason: 'missing_token',","timestamp":"2026-09-06T06:17:33.144459264Z","level":"error"}
{"timestamp":"2026-09-06T06:17:33.144463289Z","message":"  mode: 'monitor',","level":"error"}
{"message":"  route: '/api/v2/events'","timestamp":"2026-09-06T06:17:33.144466343Z","level":"error"}
{"timestamp":"2026-09-06T06:17:33.144470153Z","level":"error","message":"}"}
{"message":"[ops] {","timestamp":"2026-09-06T06:17:33.144477877Z","level":"info"}
{"message":"  event: 'http_request',","timestamp":"2026-09-06T06:17:33.144481510Z","level":"info"}
{"message":"  ts: '2026-09-06T06:17:32.872Z',","timestamp":"2026-09-06T06:17:33.144485115Z","level":"info"}
{"message":"  requestId: 'befedc1d-08ac-4455-b45b-6f99c6120670',","timestamp":"2026-09-06T06:17:33.144488430Z","level":"info"}
{"timestamp":"2026-09-06T06:17:33.144491897Z","message":"  method: 'OPTIONS',","level":"info"}
{"level":"info","message":"  route: '/api/v2/events',","timestamp":"2026-09-06T06:17:33.144495303Z"}
{"level":"info","timestamp":"2026-09-06T06:17:33.144498568Z","message":"  status: 204,"}
{"timestamp":"2026-09-06T06:17:33.144501943Z","message":"  durationMs: 0","level":"info"}
{"message":"}","level":"info","timestamp":"2026-09-06T06:17:33.144505227Z"}
{"message":"[ops] {","level":"error","timestamp":"2026-09-06T06:17:33.144763668Z"}
{"level":"info","timestamp":"2026-09-06T06:17:33.646909497Z","message":"[ops] {"}
{"message":"  event: 'http_request',","timestamp":"2026-09-06T06:17:33.646912752Z","level":"info"}
{"message":"  ts: '2026-09-06T06:17:33.565Z',","timestamp":"2026-09-06T06:17:33.646916001Z","level":"info"}
{"timestamp":"2026-09-06T06:17:33.646919266Z","message":"  requestId: '2798bd28-90d9-4b87-80e5-4e71b71bcd53',","level":"info"}
{"timestamp":"2026-09-06T06:17:33.646922555Z","level":"info","message":"  method: 'GET',"}
{"timestamp":"2026-09-06T06:17:33.646925822Z","message":"  route: '/api/v2/events',","level":"info"}
{"level":"info","message":"  status: 200,","timestamp":"2026-09-06T06:17:33.646929372Z"}
{"level":"info","message":"  durationMs: 524","timestamp":"2026-09-06T06:17:33.646932840Z"}
{"message":"}","level":"info","timestamp":"2026-09-06T06:17:33.646936156Z"}
{"level":"info","timestamp":"2026-09-06T06:17:34.188862399Z","message":"  event: 'studio.plugin_compatibility_handshake',"}
{"level":"info","message":"  event: 'http_request',","timestamp":"2026-09-06T06:17:34.188869056Z"}
{"level":"info","message":"  ts: '2026-09-06T06:17:34.140Z',","timestamp":"2026-09-06T06:17:34.188869500Z"}
{"message":"  requestId: '3ff68b6b-568b-4e0d-9afc-8e0123b99569',","timestamp":"2026-09-06T06:17:34.188875413Z","level":"info"}
{"timestamp":"2026-09-06T06:17:34.188880583Z","message":"  sessionId: 'MLq8J3mhz56J6BRsAeQe',","level":"info"}
{"level":"info","timestamp":"2026-09-06T06:17:34.188881127Z","message":"  ts: '2026-09-06T06:17:34.141Z',"}
{"message":"  userId: '0VSQotqOXxPXBLeQu1gUNkXELWH3',","timestamp":"2026-09-06T06:17:34.188887160Z","level":"info"}
{"timestamp":"2026-09-06T06:17:34.188888301Z","level":"info","message":"  requestId: '3ff68b6b-568b-4e0d-9afc-8e0123b99569',"}
{"timestamp":"2026-09-06T06:17:34.188922992Z","level":"info","message":"  method: 'POST',"}
{"level":"info","message":"  route: '/api/studio/session/ping',","timestamp":"2026-09-06T06:17:34.188928139Z"}
{"level":"info","timestamp":"2026-09-06T06:17:34.188933126Z","message":"  status: 200,"}
{"level":"info","message":"  durationMs: 574","timestamp":"2026-09-06T06:17:34.188939673Z"}
{"message":"}","timestamp":"2026-09-06T06:17:34.188944908Z","level":"info"}
{"level":"info","message":"  status: 'compatible',","timestamp":"2026-09-06T06:17:34.188957996Z"}
{"message":"  reasonCodes: [],","level":"info","timestamp":"2026-09-06T06:17:34.188964532Z"}
{"level":"info","message":"  buildId: 'nexusrbx-studio-0.14.0-r15-animation.12-toolbox',","timestamp":"2026-09-06T06:17:34.188968573Z"}
{"level":"info","message":"  attestationWritten: false,","timestamp":"2026-09-06T06:17:34.188972162Z"}
{"level":"info","message":"  repairDurationMs: 482","timestamp":"2026-09-06T06:17:34.188975858Z"}
{"level":"info","message":"}","timestamp":"2026-09-06T06:17:34.188983501Z"}
{"message":"[ops] {","level":"info","timestamp":"2026-09-06T06:17:34.188990908Z"}
{"timestamp":"2026-09-06T06:17:34.189055231Z","message":"[ops] {","level":"info"}
{"level":"info","message":"  method: 'OPTIONS',","timestamp":"2026-09-06T06:17:35.400134368Z"}
{"level":"info","message":"[ops] {","timestamp":"2026-09-06T06:17:35.400137626Z"}
{"level":"info","timestamp":"2026-09-06T06:17:35.400142644Z","message":"  event: 'http_request',"}
{"timestamp":"2026-09-06T06:17:35.400144043Z","level":"info","message":"  route: '/api/v2/events',"}
{"timestamp":"2026-09-06T06:17:35.400149339Z","level":"info","message":"  status: 204,"}
{"level":"info","timestamp":"2026-09-06T06:17:35.400151218Z","message":"  ts: '2026-09-06T06:17:35.375Z',"}
{"message":"  durationMs: 0","timestamp":"2026-09-06T06:17:35.400153901Z","level":"info"}
{"message":"}","level":"info","timestamp":"2026-09-06T06:17:35.400157275Z"}
{"level":"info","message":"  requestId: '8cb6acd5-0e2a-4a20-abe9-4cd0ffc48655',","timestamp":"2026-09-06T06:17:35.400263878Z"}
{"level":"info","message":"  method: 'OPTIONS',","timestamp":"2026-09-06T06:17:35.400268149Z"}
{"level":"info","message":"  route: '/api/v2/agents/active',","timestamp":"2026-09-06T06:17:35.400271523Z"}
{"message":"  status: 204,","level":"info","timestamp":"2026-09-06T06:17:35.400274655Z"}
{"level":"info","message":"  durationMs: 0","timestamp":"2026-09-06T06:17:35.400277526Z"}
{"message":"}","level":"info","timestamp":"2026-09-06T06:17:35.400280726Z"}
{"timestamp":"2026-09-06T06:17:35.400284529Z","message":"[ops] {","level":"info"}
{"timestamp":"2026-09-06T06:17:35.400288253Z","level":"info","message":"  event: 'http_request',"}
{"level":"info","message":"  ts: '2026-09-06T06:17:35.376Z',","timestamp":"2026-09-06T06:17:35.400291552Z"}
{"level":"info","message":"  requestId: 'e16379a9-7288-4103-b88c-b2bb40dda260',","timestamp":"2026-09-06T06:17:35.400294805Z"}
{"level":"error","timestamp":"2026-09-06T06:17:35.585339243Z","message":"[ops] {"}
{"level":"error","message":"  event: 'security.app_check_rejected',","timestamp":"2026-09-06T06:17:35.585341946Z"}
{"timestamp":"2026-09-06T06:17:35.585344615Z","message":"  ts: '2026-09-06T06:17:35.544Z',","level":"error"}
{"message":"  reason: 'missing_token',","level":"error","timestamp":"2026-09-06T06:17:35.585347369Z"}
{"timestamp":"2026-09-06T06:17:35.585350230Z","message":"  mode: 'monitor',","level":"error"}
{"timestamp":"2026-09-06T06:17:35.585352914Z","message":"  route: '/api/v2/agents/active'","level":"error"}
{"message":"}","timestamp":"2026-09-06T06:17:35.585355561Z","level":"error"}
{"level":"info","timestamp":"2026-09-06T06:17:35.647646916Z","message":"[ops] {"}
{"timestamp":"2026-09-06T06:17:35.647651861Z","level":"info","message":"  event: 'http_request',"}
{"message":"  ts: '2026-09-06T06:17:35.644Z',","level":"info","timestamp":"2026-09-06T06:17:35.647655163Z"}
{"message":"  requestId: 'c01baddd-875e-42f6-8762-9a5786784e24',","level":"info","timestamp":"2026-09-06T06:17:35.647658567Z"}
{"timestamp":"2026-09-06T06:17:35.647662433Z","message":"  method: 'GET',","level":"info"}
{"level":"info","message":"  route: '/api/v2/agents/active',","timestamp":"2026-09-06T06:17:35.647665498Z"}
{"level":"info","message":"  status: 200,","timestamp":"2026-09-06T06:17:35.647673240Z"}
{"timestamp":"2026-09-06T06:17:35.647676399Z","level":"info","message":"  durationMs: 100"}
{"message":"}","timestamp":"2026-09-06T06:17:35.647679429Z","level":"info"}
{"level":"error","message":"[ops] {","timestamp":"2026-09-06T06:17:36.215609196Z"}
{"timestamp":"2026-09-06T06:17:36.215613581Z","level":"error","message":"  event: 'security.app_check_rejected',"}
{"timestamp":"2026-09-06T06:17:36.215617350Z","level":"error","message":"  ts: '2026-09-06T06:17:35.874Z',"}
{"message":"  reason: 'missing_token',","timestamp":"2026-09-06T06:17:36.215620608Z","level":"error"}
{"timestamp":"2026-09-06T06:17:36.215623593Z","level":"error","message":"  mode: 'monitor',"}
{"level":"error","message":"  route: '/api/v2/events'","timestamp":"2026-09-06T06:17:36.215627091Z"}
{"message":"}","level":"error","timestamp":"2026-09-06T06:17:36.215631557Z"}
{"timestamp":"2026-09-06T06:17:36.468137403Z","level":"info","message":"[ops] {"}
{"timestamp":"2026-09-06T06:17:36.468144117Z","level":"info","message":"  event: 'http_request',"}
{"timestamp":"2026-09-06T06:17:36.468149302Z","message":"  ts: '2026-09-06T06:17:36.456Z',","level":"info"}
{"level":"info","timestamp":"2026-09-06T06:17:36.468155796Z","message":"  requestId: '88b9a565-0c21-421b-8761-f3b19ba47ed6',"}
{"level":"info","timestamp":"2026-09-06T06:17:36.468159321Z","message":"  method: 'GET',"}
{"message":"  route: '/api/v2/events',","timestamp":"2026-09-06T06:17:36.468163368Z","level":"info"}
{"timestamp":"2026-09-06T06:17:36.468167293Z","level":"info","message":"  status: 200,"}
{"timestamp":"2026-09-06T06:17:36.468171155Z","level":"info","message":"  durationMs: 582"}
{"level":"info","timestamp":"2026-09-06T06:17:36.468174638Z","message":"}"}
{"level":"error","message":"[ops] {","timestamp":"2026-09-06T06:17:38.195094217Z"}
{"message":"  event: 'security.app_check_rejected',","timestamp":"2026-09-06T06:17:38.195102427Z","level":"error"}
{"timestamp":"2026-09-06T06:17:38.195106439Z","level":"error","message":"  ts: '2026-09-06T06:17:38.037Z',"}
{"level":"error","message":"  reason: 'missing_token',","timestamp":"2026-09-06T06:17:38.195110002Z"}
{"timestamp":"2026-09-06T06:17:38.195113208Z","level":"error","message":"  mode: 'monitor',"}
{"message":"  route: '/api/v2/events'","timestamp":"2026-09-06T06:17:38.195117516Z","level":"error"}
{"level":"error","timestamp":"2026-09-06T06:17:38.195120801Z","message":"}"}
{"message":"[ops] {","timestamp":"2026-09-06T06:17:38.195179570Z","level":"info"}
{"message":"  event: 'http_request',","level":"info","timestamp":"2026-09-06T06:17:38.195182326Z"}
{"level":"info","message":"  ts: '2026-09-06T06:17:37.874Z',","timestamp":"2026-09-06T06:17:38.195184944Z"}
{"timestamp":"2026-09-06T06:17:38.195187434Z","message":"  requestId: '3982844d-eba1-42cf-964c-d0ec364454cb',","level":"info"}
{"message":"  method: 'OPTIONS',","timestamp":"2026-09-06T06:17:38.195190030Z","level":"info"}
{"level":"info","message":"  route: '/api/v2/events',","timestamp":"2026-09-06T06:17:38.195192586Z"}
{"message":"  status: 204,","timestamp":"2026-09-06T06:17:38.195195514Z","level":"info"}
{"level":"info","message":"  durationMs: 0","timestamp":"2026-09-06T06:17:38.195198938Z"}
{"message":"}","level":"info","timestamp":"2026-09-06T06:17:38.195201645Z"}
{"level":"info","message":"[ops] {","timestamp":"2026-09-06T06:17:38.645752067Z"}
{"timestamp":"2026-09-06T06:17:38.645758376Z","message":"  event: 'http_request',","level":"info"}
{"timestamp":"2026-09-06T06:17:38.645761568Z","level":"info","message":"  ts: '2026-09-06T06:17:38.637Z',"}
{"level":"info","message":"  requestId: 'd9e88749-eee6-488a-8121-5f97c0a9b14a',","timestamp":"2026-09-06T06:17:38.645764833Z"}
{"message":"  method: 'GET',","timestamp":"2026-09-06T06:17:38.645769049Z","level":"info"}
{"level":"info","message":"  route: '/api/v2/events',","timestamp":"2026-09-06T06:17:38.645772653Z"}
{"message":"  status: 200,","timestamp":"2026-09-06T06:17:38.645775541Z","level":"info"}
{"level":"info","message":"  durationMs: 599","timestamp":"2026-09-06T06:17:38.645778265Z"}
{"level":"info","message":"}","timestamp":"2026-09-06T06:17:38.645781342Z"}
{"timestamp":"2026-09-06T06:17:40.375676873Z","level":"info","message":"[ops] {"}
{"timestamp":"2026-09-06T06:17:40.375680996Z","level":"info","message":"  event: 'http_request',"}
{"timestamp":"2026-09-06T06:17:40.375685072Z","level":"info","message":"  ts: '2026-09-06T06:17:40.370Z',"}
{"message":"  requestId: '6d63e5db-d3a4-4f94-a1ed-e537f9651eb0',","level":"info","timestamp":"2026-09-06T06:17:40.375688616Z"}
{"message":"  method: 'OPTIONS',","timestamp":"2026-09-06T06:17:40.375692088Z","level":"info"}
{"timestamp":"2026-09-06T06:17:40.375695248Z","level":"info","message":"  route: '/api/v2/events',"}
{"level":"info","timestamp":"2026-09-06T06:17:40.375698274Z","message":"  status: 204,"}
{"timestamp":"2026-09-06T06:17:40.375701549Z","message":"  durationMs: 0","level":"info"}
{"message":"}","timestamp":"2026-09-06T06:17:40.375706236Z","level":"info"}
{"level":"error","timestamp":"2026-09-06T06:17:40.559335166Z","message":"[ops] {"}
{"level":"error","timestamp":"2026-09-06T06:17:40.559337905Z","message":"  event: 'security.app_check_rejected',"}
{"timestamp":"2026-09-06T06:17:40.559340580Z","message":"  ts: '2026-09-06T06:17:40.541Z',","level":"error"}
{"message":"  reason: 'missing_token',","timestamp":"2026-09-06T06:17:40.559343838Z","level":"error"}
{"level":"error","message":"  mode: 'monitor',","timestamp":"2026-09-06T06:17:40.559347808Z"}
{"message":"  route: '/api/v2/events'","level":"error","timestamp":"2026-09-06T06:17:40.559351137Z"}
{"message":"}","timestamp":"2026-09-06T06:17:40.559480064Z","level":"error"}
{"message":"[ops] {","level":"info","timestamp":"2026-09-06T06:17:40.798766012Z"}
{"level":"info","message":"  event: 'http_request',","timestamp":"2026-09-06T06:17:40.798776769Z"}
{"level":"info","message":"  ts: '2026-09-06T06:17:40.795Z',","timestamp":"2026-09-06T06:17:40.798781783Z"}
{"timestamp":"2026-09-06T06:17:40.798786697Z","level":"info","message":"  requestId: '9d95ae82-fe03-41d8-ae5c-5d7e971a4e6b',"}
{"timestamp":"2026-09-06T06:17:40.798791559Z","message":"  method: 'POST',","level":"info"}
{"timestamp":"2026-09-06T06:17:40.798795565Z","level":"info","message":"  route: '/api/studio/mcp/session/ping',"}
{"timestamp":"2026-09-06T06:17:40.798800650Z","message":"  status: 200,","level":"info"}
{"level":"info","message":"  durationMs: 300","timestamp":"2026-09-06T06:17:40.798804585Z"}
{"level":"info","message":"}","timestamp":"2026-09-06T06:17:40.798809395Z"}
{"timestamp":"2026-09-06T06:17:41.198701019Z","message":"[ops] {","level":"info"}
{"timestamp":"2026-09-06T06:17:41.198705547Z","message":"  event: 'http_request',","level":"info"}
{"timestamp":"2026-09-06T06:17:41.198709025Z","level":"info","message":"  ts: '2026-09-06T06:17:41.124Z',"}
{"message":"  requestId: '478afe24-5aa7-4a87-9f62-e00643d04620',","timestamp":"2026-09-06T06:17:41.198712838Z","level":"info"}
{"message":"  method: 'GET',","timestamp":"2026-09-06T06:17:41.198716995Z","level":"info"}
{"level":"info","message":"  route: '/api/v2/events',","timestamp":"2026-09-06T06:17:41.198721045Z"}
{"timestamp":"2026-09-06T06:17:41.198724525Z","level":"info","message":"  status: 200,"}
{"message":"  durationMs: 583","timestamp":"2026-09-06T06:17:41.198728500Z","level":"info"}
{"level":"info","timestamp":"2026-09-06T06:17:41.198731818Z","message":"}"}
{"message":"[ops] {","timestamp":"2026-09-06T06:17:41.834916478Z","level":"info"}
{"level":"info","message":"  event: 'studio.plugin_compatibility_handshake',","timestamp":"2026-09-06T06:17:41.834922965Z"}
{"timestamp":"2026-09-06T06:17:41.834927405Z","message":"  ts: '2026-09-06T06:17:41.832Z',","level":"info"}
{"timestamp":"2026-09-06T06:17:41.834931442Z","level":"info","message":"  requestId: '568a4ce9-0f49-40c5-873e-e325368a011c',"}
{"message":"  sessionId: 'MLq8J3mhz56J6BRsAeQe',","timestamp":"2026-09-06T06:17:41.834935333Z","level":"info"}
{"message":"  userId: '0VSQotqOXxPXBLeQu1gUNkXELWH3',","timestamp":"2026-09-06T06:17:41.834939338Z","level":"info"}
{"message":"  status: 'compatible',","timestamp":"2026-09-06T06:17:41.834943208Z","level":"info"}
{"message":"  reasonCodes: [],","timestamp":"2026-09-06T06:17:41.834946982Z","level":"info"}
{"timestamp":"2026-09-06T06:17:41.834951014Z","level":"info","message":"  buildId: 'nexusrbx-studio-0.14.0-r15-animation.12-toolbox',"}
{"level":"info","message":"  attestationWritten: false,","timestamp":"2026-09-06T06:17:41.834954885Z"}
{"level":"info","timestamp":"2026-09-06T06:17:41.834958773Z","message":"  repairDurationMs: 557"}
{"timestamp":"2026-09-06T06:17:41.834962549Z","message":"}","level":"info"}
{"message":"[ops] {","timestamp":"2026-09-06T06:17:41.834966337Z","level":"info"}
{"timestamp":"2026-09-06T06:17:41.834970374Z","level":"info","message":"  event: 'http_request',"}
{"message":"  ts: '2026-09-06T06:17:41.833Z',","timestamp":"2026-09-06T06:17:41.834974367Z","level":"info"}
{"timestamp":"2026-09-06T06:17:41.834979025Z","level":"info","message":"  requestId: '568a4ce9-0f49-40c5-873e-e325368a011c',"}
{"timestamp":"2026-09-06T06:17:41.834982927Z","level":"info","message":"  method: 'POST',"}
{"timestamp":"2026-09-06T06:17:41.834987109Z","message":"  route: '/api/studio/session/ping',","level":"info"}
{"message":"  status: 200,","level":"info","timestamp":"2026-09-06T06:17:41.834991917Z"}
{"timestamp":"2026-09-06T06:17:41.834995694Z","level":"info","message":"  durationMs: 612"}
{"level":"info","message":"}","timestamp":"2026-09-06T06:17:41.834999641Z"}
{"timestamp":"2026-09-06T06:17:43.231129258Z","level":"error","message":"  route: '/api/v2/events'"}
{"message":"}","timestamp":"2026-09-06T06:17:43.231138770Z","level":"error"}
{"timestamp":"2026-09-06T06:17:43.231179250Z","message":"[ops] {","level":"info"}
{"level":"info","timestamp":"2026-09-06T06:17:43.231182898Z","message":"  event: 'http_request',"}
{"timestamp":"2026-09-06T06:17:43.231186239Z","level":"info","message":"  ts: '2026-09-06T06:17:42.879Z',"}
{"timestamp":"2026-09-06T06:17:43.231189447Z","level":"info","message":"  requestId: '2193bc7a-852b-4a09-b6f0-510647c95fef',"}
{"message":"  method: 'OPTIONS',","timestamp":"2026-09-06T06:17:43.231193128Z","level":"info"}
{"timestamp":"2026-09-06T06:17:43.231196481Z","level":"info","message":"  route: '/api/v2/events',"}
{"message":"  status: 204,","timestamp":"2026-09-06T06:17:43.231199962Z","level":"info"}
{"level":"info","timestamp":"2026-09-06T06:17:43.231204216Z","message":"  durationMs: 0"}
{"timestamp":"2026-09-06T06:17:43.231207208Z","message":"}","level":"info"}
{"message":"[ops] {","level":"error","timestamp":"2026-09-06T06:17:43.231210210Z"}
{"level":"error","timestamp":"2026-09-06T06:17:43.231213136Z","message":"  event: 'security.app_check_rejected',"}
{"message":"  ts: '2026-09-06T06:17:43.049Z',","timestamp":"2026-09-06T06:17:43.231217883Z","level":"error"}
{"message":"  reason: 'missing_token',","timestamp":"2026-09-06T06:17:43.231221528Z","level":"error"}
{"message":"  mode: 'monitor',","level":"error","timestamp":"2026-09-06T06:17:43.231224431Z"}
{"timestamp":"2026-09-06T06:17:43.622345952Z","level":"info","message":"[ops] {"}
{"level":"info","timestamp":"2026-09-06T06:17:43.622349512Z","message":"  event: 'http_request',"}
{"timestamp":"2026-09-06T06:17:43.622352849Z","message":"  ts: '2026-09-06T06:17:43.613Z',","level":"info"}
{"message":"  requestId: 'f69e38bf-bf6d-42bd-b5e9-907c3017c5f4',","timestamp":"2026-09-06T06:17:43.622356252Z","level":"info"}
{"level":"info","message":"  method: 'GET',","timestamp":"2026-09-06T06:17:43.622359265Z"}
{"timestamp":"2026-09-06T06:17:43.622362927Z","level":"info","message":"  route: '/api/v2/events',"}
{"level":"info","message":"  status: 200,","timestamp":"2026-09-06T06:17:43.622365878Z"}
{"timestamp":"2026-09-06T06:17:43.622369203Z","message":"  durationMs: 564","level":"info"}
{"message":"}","level":"info","timestamp":"2026-09-06T06:17:43.622372327Z"}
{"level":"info","timestamp":"2026-09-06T06:17:45.445334296Z","message":"}"}
{"message":"[ops] {","timestamp":"2026-09-06T06:17:45.445343412Z","level":"info"}
{"level":"info","message":"  event: 'http_request',","timestamp":"2026-09-06T06:17:45.445347715Z"}
{"timestamp":"2026-09-06T06:17:45.445351677Z","level":"info","message":"  ts: '2026-09-06T06:17:45.383Z',"}
{"timestamp":"2026-09-06T06:17:45.445355358Z","message":"  requestId: '83886b3c-1c4e-4123-8659-e1ba9819f1ee',","level":"info"}
{"message":"  method: 'OPTIONS',","timestamp":"2026-09-06T06:17:45.445359272Z","level":"info"}
{"level":"info","timestamp":"2026-09-06T06:17:45.445363131Z","message":"  route: '/api/v2/agents/active',"}
{"timestamp":"2026-09-06T06:17:45.445366728Z","level":"info","message":"  status: 204,"}
{"message":"  durationMs: 0","timestamp":"2026-09-06T06:17:45.445372050Z","level":"info"}
{"level":"info","timestamp":"2026-09-06T06:17:45.445372790Z","message":"[ops] {"}
{"message":"  event: 'http_request',","timestamp":"2026-09-06T06:17:45.445378847Z","level":"info"}
{"message":"}","level":"info","timestamp":"2026-09-06T06:17:45.445381798Z"}
{"timestamp":"2026-09-06T06:17:45.445384666Z","level":"info","message":"  ts: '2026-09-06T06:17:45.383Z',"}
{"timestamp":"2026-09-06T06:17:45.445390221Z","message":"  requestId: '87e9d7f3-d70a-4523-ade8-38cf73cce23c',","level":"info"}
{"timestamp":"2026-09-06T06:17:45.445395108Z","level":"info","message":"  method: 'OPTIONS',"}
{"level":"info","timestamp":"2026-09-06T06:17:45.445401511Z","message":"  route: '/api/v2/events',"}
{"timestamp":"2026-09-06T06:17:45.445407491Z","level":"info","message":"  status: 204,"}
{"level":"info","message":"  durationMs: 0","timestamp":"2026-09-06T06:17:45.445412537Z"}
{"timestamp":"2026-09-06T06:17:45.591285048Z","level":"error","message":"}"}
{"message":"[ops] {","level":"error","timestamp":"2026-09-06T06:17:45.591332157Z"}
{"timestamp":"2026-09-06T06:17:45.591335639Z","level":"error","message":"  event: 'security.app_check_rejected',"}
{"message":"  ts: '2026-09-06T06:17:45.551Z',","timestamp":"2026-09-06T06:17:45.591339868Z","level":"error"}
{"level":"error","message":"  reason: 'missing_token',","timestamp":"2026-09-06T06:17:45.591343862Z"}
{"message":"  mode: 'monitor',","timestamp":"2026-09-06T06:17:45.591347766Z","level":"error"}
{"message":"  route: '/api/v2/agents/active'","timestamp":"2026-09-06T06:17:45.591351931Z","level":"error"}
{"timestamp":"2026-09-06T06:17:45.591355713Z","level":"error","message":"}"}
{"level":"error","timestamp":"2026-09-06T06:17:45.591359573Z","message":"[ops] {"}
{"timestamp":"2026-09-06T06:17:45.591363483Z","level":"error","message":"  event: 'security.app_check_rejected',"}
{"message":"  ts: '2026-09-06T06:17:45.554Z',","timestamp":"2026-09-06T06:17:45.591367478Z","level":"error"}
{"level":"error","message":"  reason: 'missing_token',","timestamp":"2026-09-06T06:17:45.591377069Z"}
{"message":"  mode: 'monitor',","timestamp":"2026-09-06T06:17:45.591380641Z","level":"error"}
{"level":"error","message":"  route: '/api/v2/events'","timestamp":"2026-09-06T06:17:45.591384556Z"}
{"level":"info","message":"[ops] {","timestamp":"2026-09-06T06:17:45.621931904Z"}
{"level":"info","timestamp":"2026-09-06T06:17:45.621939320Z","message":"  event: 'http_request',"}
{"message":"  ts: '2026-09-06T06:17:45.618Z',","timestamp":"2026-09-06T06:17:45.621943595Z","level":"info"}
{"level":"info","message":"  requestId: '1cc4389c-cf43-4456-b75c-cd24929e477e',","timestamp":"2026-09-06T06:17:45.621947818Z"}
{"level":"info","message":"  method: 'GET',","timestamp":"2026-09-06T06:17:45.621951713Z"}
{"message":"  route: '/api/v2/agents/active',","timestamp":"2026-09-06T06:17:45.621955961Z","level":"info"}
{"timestamp":"2026-09-06T06:17:45.621959624Z","level":"info","message":"  status: 200,"}
{"message":"  durationMs: 67","timestamp":"2026-09-06T06:17:45.621963425Z","level":"info"}
{"timestamp":"2026-09-06T06:17:45.621967575Z","level":"info","message":"}"}
{"timestamp":"2026-09-06T06:17:46.270985740Z","level":"info","message":"  route: '/api/v2/events',"}
{"level":"info","message":"  status: 200,","timestamp":"2026-09-06T06:17:46.270993480Z"}
{"message":"  ts: '2026-09-06T06:17:46.158Z',","timestamp":"2026-09-06T06:17:46.270996510Z","level":"info"}
{"timestamp":"2026-09-06T06:17:46.271002004Z","message":"  durationMs: 604","level":"info"}
{"level":"info","timestamp":"2026-09-06T06:17:46.271002093Z","message":"  requestId: '95568f89-177c-425a-8f47-19504910ecb0',"}
{"timestamp":"2026-09-06T06:17:46.271007306Z","level":"info","message":"  method: 'GET',"}
{"message":"}","timestamp":"2026-09-06T06:17:46.271008063Z","level":"info"}
{"timestamp":"2026-09-06T06:17:46.271013472Z","message":"[ops] {","level":"info"}
{"timestamp":"2026-09-06T06:17:46.271022839Z","level":"info","message":"  event: 'http_request',"}
{"message":"  status: 204,","timestamp":"2026-09-06T06:17:47.311435079Z","level":"info"}
{"level":"info","message":"  durationMs: 0","timestamp":"2026-09-06T06:17:47.311442236Z"}
{"level":"info","message":"}","timestamp":"2026-09-06T06:17:47.311447213Z"}
{"timestamp":"2026-09-06T06:17:47.311450735Z","level":"info","message":"[ops] {"}
{"timestamp":"2026-09-06T06:17:47.311454467Z","message":"  event: 'http_request',","level":"info"}
{"timestamp":"2026-09-06T06:17:47.311458056Z","message":"  ts: '2026-09-06T06:17:47.201Z',","level":"info"}
{"timestamp":"2026-09-06T06:17:47.311461187Z","level":"info","message":"  requestId: 'daf566c7-b7d9-4895-ae36-e2fee6352ad9',"}
{"message":"  method: 'OPTIONS',","timestamp":"2026-09-06T06:17:47.311464534Z","level":"info"}
{"timestamp":"2026-09-06T06:17:47.311468003Z","level":"info","message":"  route: '/api/studio/mcp/status',"}
{"timestamp":"2026-09-06T06:17:47.311471170Z","level":"info","message":"  status: 204,"}
{"timestamp":"2026-09-06T06:17:47.311474210Z","message":"  durationMs: 0","level":"info"}
{"message":"}","timestamp":"2026-09-06T06:17:47.311477327Z","level":"info"}
{"timestamp":"2026-09-06T06:17:47.311534360Z","level":"info","message":"[ops] {"}
{"level":"info","message":"  event: 'http_request',","timestamp":"2026-09-06T06:17:47.311536973Z"}
{"message":"  ts: '2026-09-06T06:17:47.197Z',","timestamp":"2026-09-06T06:17:47.311539541Z","level":"info"}
{"timestamp":"2026-09-06T06:17:47.311542702Z","message":"  requestId: '658ca81d-675a-468e-a337-68170f5bd26f',","level":"info"}
{"message":"  method: 'OPTIONS',","level":"info","timestamp":"2026-09-06T06:17:47.311545893Z"}
{"message":"  route: '/api/studio/status',","level":"info","timestamp":"2026-09-06T06:17:47.311548751Z"}
{"message":"[ops] {","timestamp":"2026-09-06T06:17:47.366660931Z","level":"error"}
{"timestamp":"2026-09-06T06:17:47.366665955Z","level":"error","message":"  event: 'security.app_check_rejected',"}
{"level":"error","message":"  ts: '2026-09-06T06:17:47.358Z',","timestamp":"2026-09-06T06:17:47.366670444Z"}
{"message":"  reason: 'missing_token',","timestamp":"2026-09-06T06:17:47.366674371Z","level":"error"}
{"timestamp":"2026-09-06T06:17:47.366678986Z","level":"error","message":"  mode: 'monitor',"}
{"message":"  route: '/api/studio/status'","timestamp":"2026-09-06T06:17:47.366682751Z","level":"error"}
{"level":"error","timestamp":"2026-09-06T06:17:47.366686579Z","message":"}"}
{"level":"error","timestamp":"2026-09-06T06:17:47.370641065Z","message":"[ops] {"}
{"message":"  event: 'security.app_check_rejected',","timestamp":"2026-09-06T06:17:47.370647946Z","level":"error"}
{"level":"error","timestamp":"2026-09-06T06:17:47.370651218Z","message":"  ts: '2026-09-06T06:17:47.369Z',"}
{"timestamp":"2026-09-06T06:17:47.370654391Z","message":"  reason: 'missing_token',","level":"error"}
{"message":"  mode: 'monitor',","level":"error","timestamp":"2026-09-06T06:17:47.370657485Z"}
{"message":"  route: '/api/studio/mcp/status'","timestamp":"2026-09-06T06:17:47.370660166Z","level":"error"}
{"timestamp":"2026-09-06T06:17:47.370662892Z","level":"error","message":"}"}
{"message":"[ops] {","timestamp":"2026-09-06T06:17:47.796876649Z","level":"info"}
{"message":"  event: 'http_request',","timestamp":"2026-09-06T06:17:47.796881882Z","level":"info"}
{"message":"  ts: '2026-09-06T06:17:47.787Z',","timestamp":"2026-09-06T06:17:47.796884701Z","level":"info"}
{"level":"info","message":"  requestId: '098762bd-aa62-4cc6-a210-aaa47efbcf25',","timestamp":"2026-09-06T06:17:47.796887218Z"}
{"timestamp":"2026-09-06T06:17:47.796889866Z","level":"info","message":"  method: 'GET',"}
{"timestamp":"2026-09-06T06:17:47.797066458Z","level":"info","message":"  route: '/api/studio/status',"}
{"timestamp":"2026-09-06T06:17:47.797073532Z","level":"info","message":"  status: 200,"}
{"timestamp":"2026-09-06T06:17:47.797076407Z","level":"info","message":"  durationMs: 429"}
{"timestamp":"2026-09-06T06:17:47.797079104Z","level":"info","message":"}"}
{"message":"[ops] {","timestamp":"2026-09-06T06:17:47.810726153Z","level":"info"}
{"level":"info","message":"  event: 'http_request',","timestamp":"2026-09-06T06:17:47.810730200Z"}
{"level":"info","timestamp":"2026-09-06T06:17:47.810733577Z","message":"  ts: '2026-09-06T06:17:47.808Z',"}
{"level":"info","message":"  requestId: '6186a718-6d33-4042-a4f5-07f242991325',","timestamp":"2026-09-06T06:17:47.810737331Z"}
{"timestamp":"2026-09-06T06:17:47.810743353Z","level":"info","message":"  method: 'GET',"}
{"message":"  route: '/api/studio/mcp/status',","timestamp":"2026-09-06T06:17:47.810746780Z","level":"info"}
{"level":"info","message":"  status: 200,","timestamp":"2026-09-06T06:17:47.810750739Z"}
{"timestamp":"2026-09-06T06:17:47.810754655Z","level":"info","message":"  durationMs: 439"}
{"level":"info","message":"}","timestamp":"2026-09-06T06:17:47.810759083Z"}
{"timestamp":"2026-09-06T06:17:47.884523125Z","level":"info","message":"[ops] {"}
{"message":"  event: 'http_request',","timestamp":"2026-09-06T06:17:47.884527039Z","level":"info"}
{"timestamp":"2026-09-06T06:17:47.884530644Z","message":"  ts: '2026-09-06T06:17:47.882Z',","level":"info"}
{"timestamp":"2026-09-06T06:17:47.884535102Z","message":"  requestId: 'ba71d7e9-22fb-44bf-9e0a-cdbd753de72c',","level":"info"}
{"timestamp":"2026-09-06T06:17:47.884538634Z","message":"  method: 'OPTIONS',","level":"info"}
{"timestamp":"2026-09-06T06:17:47.884542395Z","level":"info","message":"  route: '/api/v2/events',"}
{"message":"  status: 204,","level":"info","timestamp":"2026-09-06T06:17:47.884545984Z"}
{"timestamp":"2026-09-06T06:17:47.884549714Z","message":"  durationMs: 0","level":"info"}
{"message":"}","timestamp":"2026-09-06T06:17:47.884553155Z","level":"info"}
{"timestamp":"2026-09-06T06:17:48.311648759Z","message":"[ops] {","level":"error"}
{"timestamp":"2026-09-06T06:17:48.311653755Z","level":"error","message":"  event: 'security.app_check_rejected',"}
{"level":"error","message":"  ts: '2026-09-06T06:17:48.050Z',","timestamp":"2026-09-06T06:17:48.311658611Z"}
{"message":"  reason: 'missing_token',","timestamp":"2026-09-06T06:17:48.311662390Z","level":"error"}
{"level":"error","message":"  mode: 'monitor',","timestamp":"2026-09-06T06:17:48.311667714Z"}
{"timestamp":"2026-09-06T06:17:48.311671026Z","message":"  route: '/api/v2/events'","level":"error"}
{"timestamp":"2026-09-06T06:17:48.311674705Z","level":"error","message":"}"}
{"level":"info","timestamp":"2026-09-06T06:17:48.630012267Z","message":"[ops] {"}
{"message":"  event: 'http_request',","timestamp":"2026-09-06T06:17:48.630017671Z","level":"info"}
{"message":"  ts: '2026-09-06T06:17:48.624Z',","level":"info","timestamp":"2026-09-06T06:17:48.630021943Z"}
{"timestamp":"2026-09-06T06:17:48.630026712Z","level":"info","message":"  requestId: '69b7438f-589e-4ee7-b06b-94f336c5cbe8',"}
{"message":"  method: 'GET',","timestamp":"2026-09-06T06:17:48.630030328Z","level":"info"}
{"level":"info","message":"  route: '/api/v2/events',","timestamp":"2026-09-06T06:17:48.630034032Z"}
{"timestamp":"2026-09-06T06:17:48.630037951Z","message":"  status: 200,","level":"info"}
{"level":"info","timestamp":"2026-09-06T06:17:48.630041726Z","message":"  durationMs: 574"}
{"level":"info","timestamp":"2026-09-06T06:17:48.630045163Z","message":"}"}
{"timestamp":"2026-09-06T06:17:49.453989058Z","message":"  ts: '2026-09-06T06:17:49.437Z',","level":"info"}
{"message":"  requestId: 'fb8c67fe-ca7a-4ce0-b4f2-d41485781a87',","timestamp":"2026-09-06T06:17:49.453996338Z","level":"info"}
{"timestamp":"2026-09-06T06:17:49.454000068Z","level":"info","message":"  sessionId: 'MLq8J3mhz56J6BRsAeQe',"}
{"level":"info","message":"  status: 'empty'","timestamp":"2026-09-06T06:17:49.454003455Z"}
{"message":"}","timestamp":"2026-09-06T06:17:49.454006767Z","level":"info"}
{"timestamp":"2026-09-06T06:17:49.454011018Z","message":"[ops] {","level":"info"}
{"level":"info","timestamp":"2026-09-06T06:17:49.454014547Z","message":"  event: 'http_request',"}
{"timestamp":"2026-09-06T06:17:49.454019030Z","message":"  ts: '2026-09-06T06:17:49.437Z',","level":"info"}
{"level":"info","message":"  requestId: 'fb8c67fe-ca7a-4ce0-b4f2-d41485781a87',","timestamp":"2026-09-06T06:17:49.454022444Z"}
{"timestamp":"2026-09-06T06:17:49.454026087Z","level":"info","message":"  method: 'GET',"}
{"message":"  route: '/api/studio/commands/next',","level":"info","timestamp":"2026-09-06T06:17:49.454029711Z"}
{"timestamp":"2026-09-06T06:17:49.454034062Z","message":"  status: 204,","level":"info"}
{"message":"  durationMs: 24430","timestamp":"2026-09-06T06:17:49.454037275Z","level":"info"}
{"level":"info","message":"}","timestamp":"2026-09-06T06:17:49.454040723Z"}
{"timestamp":"2026-09-06T06:17:49.454080347Z","message":"[ops] {","level":"info"}
{"timestamp":"2026-09-06T06:17:49.454083111Z","level":"info","message":"  event: 'studio.command_polled',"}
{"level":"info","message":"[ops] {","timestamp":"2026-09-06T06:17:49.500172925Z"}
{"message":"  event: 'studio.command_polled',","level":"info","timestamp":"2026-09-06T06:17:49.500193899Z"}
{"level":"info","message":"  ts: '2026-09-06T06:17:49.487Z',","timestamp":"2026-09-06T06:17:49.500199242Z"}
{"timestamp":"2026-09-06T06:17:49.500203393Z","message":"  requestId: 'b8a64433-6628-47d2-a063-6c0e661822dd',","level":"info"}
{"level":"info","message":"  sessionId: 'MLq8J3mhz56J6BRsAeQe',","timestamp":"2026-09-06T06:17:49.500207319Z"}
{"message":"  status: 'empty'","timestamp":"2026-09-06T06:17:49.500211435Z","level":"info"}
{"level":"info","timestamp":"2026-09-06T06:17:49.500215363Z","message":"}"}
{"level":"info","timestamp":"2026-09-06T06:17:49.500218602Z","message":"[ops] {"}
{"message":"  event: 'http_request',","timestamp":"2026-09-06T06:17:49.500222177Z","level":"info"}
{"message":"  ts: '2026-09-06T06:17:49.487Z',","level":"info","timestamp":"2026-09-06T06:17:49.500225799Z"}
{"level":"info","timestamp":"2026-09-06T06:17:49.500229673Z","message":"  requestId: 'b8a64433-6628-47d2-a063-6c0e661822dd',"}
{"timestamp":"2026-09-06T06:17:49.500233328Z","level":"info","message":"  method: 'GET',"}
{"message":"  route: '/api/studio/commands/next',","timestamp":"2026-09-06T06:17:49.500236785Z","level":"info"}
{"level":"info","timestamp":"2026-09-06T06:17:49.500241331Z","message":"  status: 204,"}
{"message":"  durationMs: 24189","level":"info","timestamp":"2026-09-06T06:17:49.500244479Z"}
{"level":"info","message":"}","timestamp":"2026-09-06T06:17:49.500248158Z"}
{"writesPerStudioSessionHour":2,"sessionId":"MLq8J3mhz56J6BRsAeQe","timestamp":"2026-09-06T06:17:49.927117109Z","ts":1788675469923,"message":"","level":"info","type":"firestore_write_metric","counter":"studio_session","count":1,"total":2,"jobId":null}
{"timestamp":"2026-09-06T06:17:50.322185499Z","level":"info","message":"  durationMs: 617"}
{"level":"info","message":"  method: 'POST',","timestamp":"2026-09-06T06:17:50.322193010Z"}
{"timestamp":"2026-09-06T06:17:50.322193693Z","level":"info","message":"  reasonCodes: [],"}
{"message":"}","timestamp":"2026-09-06T06:17:50.322195509Z","level":"info"}
{"message":"  route: '/api/studio/session/ping',","level":"info","timestamp":"2026-09-06T06:17:50.322202969Z"}
{"timestamp":"2026-09-06T06:17:50.322203810Z","level":"info","message":"  buildId: 'nexusrbx-studio-0.14.0-r15-animation.12-toolbox',"}
{"level":"info","message":"  status: 200,","timestamp":"2026-09-06T06:17:50.322211596Z"}
{"timestamp":"2026-09-06T06:17:50.322211872Z","level":"info","message":"  attestationWritten: false,"}
{"timestamp":"2026-09-06T06:17:50.322212774Z","level":"info","message":"  requestId: '3f24e8ea-1519-4de2-abc3-f8a89d288af9',"}
{"message":"  repairDurationMs: 536","timestamp":"2026-09-06T06:17:50.322217910Z","level":"info"}
{"message":"  sessionId: 'MLq8J3mhz56J6BRsAeQe',","timestamp":"2026-09-06T06:17:50.322222043Z","level":"info"}
{"level":"info","message":"}","timestamp":"2026-09-06T06:17:50.322223382Z"}
{"level":"info","message":"  userId: '0VSQotqOXxPXBLeQu1gUNkXELWH3',","timestamp":"2026-09-06T06:17:50.322227766Z"}
{"timestamp":"2026-09-06T06:17:50.322232589Z","level":"info","message":"  status: 'compatible',"}
{"message":"[ops] {","timestamp":"2026-09-06T06:17:50.322238942Z","level":"info"}
{"message":"  event: 'http_request',","level":"info","timestamp":"2026-09-06T06:17:50.322244769Z"}
{"level":"info","message":"  ts: '2026-09-06T06:17:50.041Z',","timestamp":"2026-09-06T06:17:50.322250084Z"}
{"timestamp":"2026-09-06T06:17:50.322251212Z","level":"info","message":"[ops] {"}
{"timestamp":"2026-09-06T06:17:50.322254498Z","level":"info","message":"  requestId: '3f24e8ea-1519-4de2-abc3-f8a89d288af9',"}
{"timestamp":"2026-09-06T06:17:50.322257227Z","message":"  event: 'studio.plugin_compatibility_handshake',","level":"info"}
{"level":"info","message":"  ts: '2026-09-06T06:17:50.040Z',","timestamp":"2026-09-06T06:17:50.322260888Z"}
{"message":"[ops] {","level":"info","timestamp":"2026-09-06T06:17:50.401759485Z"}
{"message":"  event: 'http_request',","timestamp":"2026-09-06T06:17:50.401767478Z","level":"info"}
{"message":"  ts: '2026-09-06T06:17:50.372Z',","timestamp":"2026-09-06T06:17:50.401771749Z","level":"info"}
{"timestamp":"2026-09-06T06:17:50.401775355Z","level":"info","message":"  requestId: '6d396f5c-a12e-4e9c-8235-67bf2c213767',"}
{"timestamp":"2026-09-06T06:17:50.401778921Z","level":"info","message":"  method: 'OPTIONS',"}
{"message":"  route: '/api/v2/events',","level":"info","timestamp":"2026-09-06T06:17:50.401783747Z"}
{"level":"info","timestamp":"2026-09-06T06:17:50.401786982Z","message":"  status: 204,"}
{"level":"info","message":"  durationMs: 0","timestamp":"2026-09-06T06:17:50.401792030Z"}
{"message":"}","level":"info","timestamp":"2026-09-06T06:17:50.401795180Z"}
{"timestamp":"2026-09-06T06:17:50.554367196Z","level":"error","message":"[ops] {"}
{"level":"error","message":"  event: 'security.app_check_rejected',","timestamp":"2026-09-06T06:17:50.554370229Z"}
{"message":"  ts: '2026-09-06T06:17:50.548Z',","level":"error","timestamp":"2026-09-06T06:17:50.554373392Z"}
{"level":"error","message":"  reason: 'missing_token',","timestamp":"2026-09-06T06:17:50.554376191Z"}
{"message":"  mode: 'monitor',","timestamp":"2026-09-06T06:17:50.554378914Z","level":"error"}
{"message":"  route: '/api/v2/events'","timestamp":"2026-09-06T06:17:50.554382374Z","level":"error"}
{"level":"error","message":"}","timestamp":"2026-09-06T06:17:50.554385818Z"}
{"level":"info","timestamp":"2026-09-06T06:17:51.339791780Z","message":"[ops] {"}
{"timestamp":"2026-09-06T06:17:51.339798785Z","level":"info","message":"  event: 'http_request',"}
{"message":"  ts: '2026-09-06T06:17:51.094Z',","timestamp":"2026-09-06T06:17:51.339802291Z","level":"info"}
{"timestamp":"2026-09-06T06:17:51.339805418Z","level":"info","message":"  requestId: '16699a62-6bfd-40f7-b58a-c41c8ff06ba7',"}
{"timestamp":"2026-09-06T06:17:51.339809541Z","message":"  method: 'GET',","level":"info"}
{"level":"info","message":"  route: '/api/v2/events',","timestamp":"2026-09-06T06:17:51.339814208Z"}
{"message":"  status: 200,","timestamp":"2026-09-06T06:17:51.339818217Z","level":"info"}
{"message":"  durationMs: 546","level":"info","timestamp":"2026-09-06T06:17:51.339822344Z"}
{"message":"}","timestamp":"2026-09-06T06:17:51.339826086Z","level":"info"}
{"timestamp":"2026-09-06T06:17:52.879627877Z","level":"info","message":"[ops] {"}
{"message":"  event: 'http_request',","timestamp":"2026-09-06T06:17:52.879631575Z","level":"info"}
{"timestamp":"2026-09-06T06:17:52.879635309Z","level":"info","message":"  ts: '2026-09-06T06:17:52.873Z',"}
{"level":"info","timestamp":"2026-09-06T06:17:52.879638412Z","message":"  requestId: '1f7d3fd8-592d-4f3c-a0b6-1adf2fd538ff',"}
{"message":"  method: 'OPTIONS',","timestamp":"2026-09-06T06:17:52.879641295Z","level":"info"}
{"timestamp":"2026-09-06T06:17:52.879644223Z","level":"info","message":"  route: '/api/v2/events',"}
{"message":"  status: 204,","level":"info","timestamp":"2026-09-06T06:17:52.879647649Z"}
{"message":"  durationMs: 0","level":"info","timestamp":"2026-09-06T06:17:52.879651804Z"}
{"message":"}","timestamp":"2026-09-06T06:17:52.879655723Z","level":"info"}
{"level":"error","timestamp":"2026-09-06T06:17:53.390174869Z","message":"[ops] {"}
{"message":"  event: 'security.app_check_rejected',","timestamp":"2026-09-06T06:17:53.390178525Z","level":"error"}
{"message":"  ts: '2026-09-06T06:17:53.040Z',","timestamp":"2026-09-06T06:17:53.390181622Z","level":"error"}
{"level":"error","message":"  reason: 'missing_token',","timestamp":"2026-09-06T06:17:53.390184953Z"}
{"message":"  mode: 'monitor',","timestamp":"2026-09-06T06:17:53.390189062Z","level":"error"}
{"timestamp":"2026-09-06T06:17:53.390192913Z","level":"error","message":"  route: '/api/v2/events'"}
{"message":"}","level":"error","timestamp":"2026-09-06T06:17:53.390196517Z"}
{"level":"info","timestamp":"2026-09-06T06:17:53.555777662Z","message":"}"}
{"timestamp":"2026-09-06T06:17:53.555787202Z","level":"info","message":"[ops] {"}
{"level":"info","message":"  event: 'http_request',","timestamp":"2026-09-06T06:17:53.555797183Z"}
{"timestamp":"2026-09-06T06:17:53.555802386Z","level":"info","message":"  ts: '2026-09-06T06:17:53.544Z',"}
{"level":"info","timestamp":"2026-09-06T06:17:53.555806518Z","message":"  requestId: '08ea3791-dc7e-476d-a6b5-57a8e0c407be',"}
{"timestamp":"2026-09-06T06:17:53.555810481Z","message":"  method: 'GET',","level":"info"}
{"message":"  route: '/api/v2/events',","timestamp":"2026-09-06T06:17:53.555816236Z","level":"info"}
{"timestamp":"2026-09-06T06:17:53.555820534Z","message":"  status: 200,","level":"info"}
{"message":"  durationMs: 505","level":"info","timestamp":"2026-09-06T06:17:53.555824687Z"}
{"message":"  event: 'http_request',","timestamp":"2026-09-06T06:17:55.410864901Z","level":"info"}
{"level":"info","timestamp":"2026-09-06T06:17:55.410872406Z","message":"  ts: '2026-09-06T06:17:55.377Z',"}
{"level":"info","timestamp":"2026-09-06T06:17:55.410876162Z","message":"  requestId: 'c6f270c8-7e1b-4a41-912d-300d727b04e2',"}
{"timestamp":"2026-09-06T06:17:55.410879420Z","level":"info","message":"  method: 'OPTIONS',"}
{"message":"  route: '/api/v2/agents/active',","timestamp":"2026-09-06T06:17:55.410882299Z","level":"info"}
{"timestamp":"2026-09-06T06:17:55.410885653Z","level":"info","message":"  status: 204,"}
{"message":"  durationMs: 0","level":"info","timestamp":"2026-09-06T06:17:55.410888846Z"}
{"message":"}","timestamp":"2026-09-06T06:17:55.410892145Z","level":"info"}
{"message":"[ops] {","level":"info","timestamp":"2026-09-06T06:17:55.410895263Z"}
{"level":"info","timestamp":"2026-09-06T06:17:55.410898832Z","message":"  event: 'http_request',"}
{"message":"  ts: '2026-09-06T06:17:55.377Z',","timestamp":"2026-09-06T06:17:55.410902724Z","level":"info"}
{"message":"  requestId: '55a5190f-9c18-4636-a131-6580ea1390e7',","timestamp":"2026-09-06T06:17:55.410905804Z","level":"info"}
{"timestamp":"2026-09-06T06:17:55.410908693Z","level":"info","message":"  method: 'OPTIONS',"}
{"level":"info","timestamp":"2026-09-06T06:17:55.410912090Z","message":"  route: '/api/v2/events',"}
{"message":"  status: 204,","timestamp":"2026-09-06T06:17:55.410915018Z","level":"info"}
{"message":"  durationMs: 0","timestamp":"2026-09-06T06:17:55.410917644Z","level":"info"}
{"level":"info","message":"}","timestamp":"2026-09-06T06:17:55.410920550Z"}
{"timestamp":"2026-09-06T06:17:55.410955109Z","message":"[ops] {","level":"info"}
{"timestamp":"2026-09-06T06:17:55.582839839Z","message":"[ops] {","level":"error"}
{"level":"error","message":"  event: 'security.app_check_rejected',","timestamp":"2026-09-06T06:17:55.582843328Z"}
{"level":"error","message":"  ts: '2026-09-06T06:17:55.548Z',","timestamp":"2026-09-06T06:17:55.582846935Z"}
{"timestamp":"2026-09-06T06:17:55.582850931Z","level":"error","message":"  reason: 'missing_token',"}
{"timestamp":"2026-09-06T06:17:55.582854663Z","level":"error","message":"  mode: 'monitor',"}
{"message":"  route: '/api/v2/agents/active'","level":"error","timestamp":"2026-09-06T06:17:55.582858791Z"}
{"timestamp":"2026-09-06T06:17:55.582862742Z","message":"}","level":"error"}
{"message":"[ops] {","level":"error","timestamp":"2026-09-06T06:17:55.582867111Z"}
{"message":"  event: 'security.app_check_rejected',","timestamp":"2026-09-06T06:17:55.582870232Z","level":"error"}
{"message":"  ts: '2026-09-06T06:17:55.548Z',","timestamp":"2026-09-06T06:17:55.582873290Z","level":"error"}
{"timestamp":"2026-09-06T06:17:55.582876713Z","level":"error","message":"  reason: 'missing_token',"}
{"level":"error","message":"  mode: 'monitor',","timestamp":"2026-09-06T06:17:55.582880465Z"}
{"timestamp":"2026-09-06T06:17:55.582883890Z","level":"error","message":"  route: '/api/v2/events'"}
{"timestamp":"2026-09-06T06:17:55.582887148Z","message":"}","level":"error"}
{"message":"[ops] {","timestamp":"2026-09-06T06:17:55.607080248Z","level":"info"}
{"level":"info","timestamp":"2026-09-06T06:17:55.607085455Z","message":"  event: 'http_request',"}
{"timestamp":"2026-09-06T06:17:55.607089751Z","message":"  ts: '2026-09-06T06:17:55.602Z',","level":"info"}
{"timestamp":"2026-09-06T06:17:55.607094226Z","level":"info","message":"  requestId: 'f62a60a0-3a69-4f2c-8387-a96116d0fd26',"}
{"timestamp":"2026-09-06T06:17:55.607098321Z","level":"info","message":"  method: 'GET',"}
{"message":"  route: '/api/v2/agents/active',","timestamp":"2026-09-06T06:17:55.607101826Z","level":"info"}
{"timestamp":"2026-09-06T06:17:55.607105623Z","message":"  status: 200,","level":"info"}
{"level":"info","message":"  durationMs: 55","timestamp":"2026-09-06T06:17:55.607109313Z"}
{"level":"info","timestamp":"2026-09-06T06:17:55.607113252Z","message":"}"}
{"message":"  status: 200,","level":"info","timestamp":"2026-09-06T06:17:56.433431823Z"}
{"timestamp":"2026-09-06T06:17:56.433439036Z","level":"info","message":"  durationMs: 581"}
{"timestamp":"2026-09-06T06:17:56.433443280Z","level":"info","message":"}"}
{"message":"[ops] {","timestamp":"2026-09-06T06:17:56.433474757Z","level":"info"}
{"message":"  event: 'http_request',","level":"info","timestamp":"2026-09-06T06:17:56.433478320Z"}
{"level":"info","message":"  ts: '2026-09-06T06:17:56.129Z',","timestamp":"2026-09-06T06:17:56.433482021Z"}
{"timestamp":"2026-09-06T06:17:56.433486835Z","level":"info","message":"  requestId: 'bfddfc3e-f0af-4433-b093-6c60c2a7166a',"}
{"level":"info","message":"  method: 'GET',","timestamp":"2026-09-06T06:17:56.433490371Z"}
{"timestamp":"2026-09-06T06:17:56.433493786Z","message":"  route: '/api/v2/events',","level":"info"}
{"timestamp":"2026-09-06T06:17:56.837590195Z","level":"info","message":"[ops] {"}
{"timestamp":"2026-09-06T06:17:56.837597481Z","level":"info","message":"  event: 'http_request',"}
{"level":"info","timestamp":"2026-09-06T06:17:56.837601449Z","message":"  ts: '2026-09-06T06:17:56.782Z',"}
{"message":"  requestId: '70760155-3b2a-476c-a280-4ff039a168cd',","level":"info","timestamp":"2026-09-06T06:17:56.837604267Z"}
{"timestamp":"2026-09-06T06:17:56.837607372Z","message":"  method: 'POST',","level":"info"}
{"level":"info","message":"  route: '/api/studio/mcp/session/ping',","timestamp":"2026-09-06T06:17:56.837610861Z"}
{"level":"info","message":"  status: 200,","timestamp":"2026-09-06T06:17:56.837614046Z"}
{"message":"  durationMs: 253","timestamp":"2026-09-06T06:17:56.837617164Z","level":"info"}
{"timestamp":"2026-09-06T06:17:56.837620143Z","message":"}","level":"info"}
{"level":"info","message":"[ops] {","timestamp":"2026-09-06T06:17:57.802191033Z"}
{"timestamp":"2026-09-06T06:17:57.802200644Z","message":"  event: 'studio.plugin_compatibility_handshake',","level":"info"}
{"timestamp":"2026-09-06T06:17:57.802206147Z","message":"  ts: '2026-09-06T06:17:57.796Z',","level":"info"}
{"message":"  requestId: 'e221b103-6fe0-478e-94b2-81e2d52a8216',","timestamp":"2026-09-06T06:17:57.802210330Z","level":"info"}
{"message":"  sessionId: 'MLq8J3mhz56J6BRsAeQe',","timestamp":"2026-09-06T06:17:57.802215526Z","level":"info"}
{"message":"  userId: '0VSQotqOXxPXBLeQu1gUNkXELWH3',","timestamp":"2026-09-06T06:17:57.802219745Z","level":"info"}
{"timestamp":"2026-09-06T06:17:57.802223415Z","message":"  status: 'compatible',","level":"info"}
{"message":"  reasonCodes: [],","level":"info","timestamp":"2026-09-06T06:17:57.802227002Z"}
{"message":"  buildId: 'nexusrbx-studio-0.14.0-r15-animation.12-toolbox',","level":"info","timestamp":"2026-09-06T06:17:57.802230571Z"}
{"timestamp":"2026-09-06T06:17:57.802234559Z","level":"info","message":"  attestationWritten: false,"}
{"level":"info","message":"  repairDurationMs: 634","timestamp":"2026-09-06T06:17:57.802238910Z"}
{"level":"info","message":"}","timestamp":"2026-09-06T06:17:57.802243714Z"}
{"message":"[ops] {","level":"info","timestamp":"2026-09-06T06:17:57.802248398Z"}
{"level":"info","message":"  event: 'http_request',","timestamp":"2026-09-06T06:17:57.802252255Z"}
{"timestamp":"2026-09-06T06:17:57.802255892Z","level":"info","message":"  ts: '2026-09-06T06:17:57.796Z',"}
{"message":"  requestId: 'e221b103-6fe0-478e-94b2-81e2d52a8216',","timestamp":"2026-09-06T06:17:57.802259581Z","level":"info"}
{"message":"  method: 'POST',","timestamp":"2026-09-06T06:17:57.802263261Z","level":"info"}
{"message":"  route: '/api/studio/session/ping',","timestamp":"2026-09-06T06:17:57.802267477Z","level":"info"}
{"level":"info","message":"  status: 200,","timestamp":"2026-09-06T06:17:57.802271636Z"}
{"level":"info","timestamp":"2026-09-06T06:17:57.802275208Z","message":"  durationMs: 688"}
{"timestamp":"2026-09-06T06:17:57.802279682Z","message":"}","level":"info"}
{"level":"info","message":"[ops] {","timestamp":"2026-09-06T06:17:57.879986292Z"}
{"timestamp":"2026-09-06T06:17:57.879991876Z","message":"  event: 'http_request',","level":"info"}
{"timestamp":"2026-09-06T06:17:57.879997011Z","message":"  ts: '2026-09-06T06:17:57.874Z',","level":"info"}
{"message":"  requestId: 'c5ed5ef5-7485-421f-bb37-efd25ce7447a',","timestamp":"2026-09-06T06:17:57.880001601Z","level":"info"}
{"timestamp":"2026-09-06T06:17:57.880007206Z","message":"  method: 'OPTIONS',","level":"info"}
{"timestamp":"2026-09-06T06:17:57.880011848Z","level":"info","message":"  route: '/api/v2/events',"}
{"level":"info","message":"  status: 204,","timestamp":"2026-09-06T06:17:57.880016289Z"}
{"message":"  durationMs: 0","timestamp":"2026-09-06T06:17:57.880020958Z","level":"info"}
{"timestamp":"2026-09-06T06:17:57.880025450Z","message":"}","level":"info"}
{"message":"[ops] {","level":"error","timestamp":"2026-09-06T06:17:58.035662457Z"}
{"message":"  event: 'security.app_check_rejected',","level":"error","timestamp":"2026-09-06T06:17:58.035667384Z"}
{"message":"  ts: '2026-09-06T06:17:58.034Z',","level":"error","timestamp":"2026-09-06T06:17:58.035670994Z"}
{"message":"  reason: 'missing_token',","timestamp":"2026-09-06T06:17:58.035674935Z","level":"error"}
{"level":"error","message":"  mode: 'monitor',","timestamp":"2026-09-06T06:17:58.035677960Z"}
{"message":"  route: '/api/v2/events'","timestamp":"2026-09-06T06:17:58.035680642Z","level":"error"}
{"timestamp":"2026-09-06T06:17:58.035683272Z","message":"}","level":"error"}
{"level":"info","timestamp":"2026-09-06T06:17:58.586375768Z","message":"[ops] {"}
{"message":"  event: 'http_request',","level":"info","timestamp":"2026-09-06T06:17:58.586439683Z"}
{"message":"  ts: '2026-09-06T06:17:58.565Z',","level":"info","timestamp":"2026-09-06T06:17:58.586444147Z"}
{"timestamp":"2026-09-06T06:17:58.586447438Z","message":"  requestId: 'c1ce2b84-469c-4317-ab1a-871f7ea66fda',","level":"info"}
{"message":"  method: 'GET',","level":"info","timestamp":"2026-09-06T06:17:58.586450492Z"}
{"level":"info","timestamp":"2026-09-06T06:17:58.586453444Z","message":"  route: '/api/v2/events',"}
{"level":"info","message":"  status: 200,","timestamp":"2026-09-06T06:17:58.586457048Z"}
{"message":"  durationMs: 531","timestamp":"2026-09-06T06:17:58.586460100Z","level":"info"}
{"level":"info","message":"}","timestamp":"2026-09-06T06:17:58.586462976Z"}
{"message":"}","timestamp":"2026-09-06T06:18:00.479121085Z","level":"info"}
{"message":"  status: 204,","level":"info","timestamp":"2026-09-06T06:18:00.479135370Z"}
{"level":"info","timestamp":"2026-09-06T06:18:00.479139759Z","message":"  durationMs: 0"}
{"message":"  method: 'OPTIONS',","timestamp":"2026-09-06T06:18:00.479154588Z","level":"info"}
{"timestamp":"2026-09-06T06:18:00.479163037Z","message":"  ts: '2026-09-06T06:18:00.377Z',","level":"info"}
{"level":"info","message":"  route: '/api/v2/events',","timestamp":"2026-09-06T06:18:00.479165005Z"}
{"message":"  requestId: 'f6a2d338-12ae-486c-8f86-8bf562f2cf13',","timestamp":"2026-09-06T06:18:00.479168206Z","level":"info"}
{"message":"[ops] {","timestamp":"2026-09-06T06:18:00.479187152Z","level":"info"}
{"level":"info","message":"  event: 'http_request',","timestamp":"2026-09-06T06:18:00.479192229Z"}
{"level":"error","message":"[ops] {","timestamp":"2026-09-06T06:18:00.555459566Z"}
{"timestamp":"2026-09-06T06:18:00.555464776Z","level":"error","message":"  event: 'security.app_check_rejected',"}
{"timestamp":"2026-09-06T06:18:00.555468524Z","message":"  ts: '2026-09-06T06:18:00.548Z',","level":"error"}
{"timestamp":"2026-09-06T06:18:00.555471422Z","level":"error","message":"  reason: 'missing_token',"}
{"message":"  mode: 'monitor',","timestamp":"2026-09-06T06:18:00.555474394Z","level":"error"}
{"message":"  route: '/api/v2/events'","timestamp":"2026-09-06T06:18:00.555477632Z","level":"error"}
{"level":"error","timestamp":"2026-09-06T06:18:00.555481085Z","message":"}"}
{"level":"info","timestamp":"2026-09-06T06:18:01.068653790Z","message":"[ops] {"}
{"message":"  event: 'http_request',","timestamp":"2026-09-06T06:18:01.068658512Z","level":"info"}
{"message":"  ts: '2026-09-06T06:18:01.062Z',","timestamp":"2026-09-06T06:18:01.068663029Z","level":"info"}
{"timestamp":"2026-09-06T06:18:01.068667074Z","level":"info","message":"  requestId: 'b0155006-71e7-4e25-9945-e56802e5a0c8',"}
{"message":"  method: 'GET',","timestamp":"2026-09-06T06:18:01.068671932Z","level":"info"}
{"timestamp":"2026-09-06T06:18:01.068676684Z","level":"info","message":"  route: '/api/v2/events',"}
{"timestamp":"2026-09-06T06:18:01.068681435Z","level":"info","message":"  status: 200,"}
{"message":"  durationMs: 514","timestamp":"2026-09-06T06:18:01.068686574Z","level":"info"}
{"message":"}","level":"info","timestamp":"2026-09-06T06:18:01.068690781Z"}
{"timestamp":"2026-09-06T06:18:02.889790991Z","level":"info","message":"[ops] {"}
{"timestamp":"2026-09-06T06:18:02.889796121Z","level":"info","message":"  event: 'http_request',"}
{"timestamp":"2026-09-06T06:18:02.889800278Z","level":"info","message":"  ts: '2026-09-06T06:18:02.872Z',"}
{"message":"  requestId: '7e841a7c-75c7-4879-97ac-92cd902f92d6',","level":"info","timestamp":"2026-09-06T06:18:02.889803447Z"}
{"level":"info","timestamp":"2026-09-06T06:18:02.889806298Z","message":"  method: 'OPTIONS',"}
{"message":"  route: '/api/v2/events',","timestamp":"2026-09-06T06:18:02.889809112Z","level":"info"}
{"message":"  status: 204,","timestamp":"2026-09-06T06:18:02.889811935Z","level":"info"}
{"timestamp":"2026-09-06T06:18:02.889815041Z","level":"info","message":"  durationMs: 1"}
{"level":"info","message":"}","timestamp":"2026-09-06T06:18:02.889817902Z"}
{"timestamp":"2026-09-06T06:18:03.004305834Z","level":"info","message":"[ops] {"}
{"timestamp":"2026-09-06T06:18:03.004309867Z","message":"  event: 'http_request',","level":"info"}
{"message":"  ts: '2026-09-06T06:18:02.996Z',","timestamp":"2026-09-06T06:18:03.004313368Z","level":"info"}
{"timestamp":"2026-09-06T06:18:03.004316687Z","level":"info","message":"  requestId: 'd8f010a1-7fe9-4e7f-8499-3325249ca355',"}
{"level":"info","message":"  method: 'OPTIONS',","timestamp":"2026-09-06T06:18:03.004320013Z"}
{"message":"  route: '/api/studio/status',","timestamp":"2026-09-06T06:18:03.004324247Z","level":"info"}
{"level":"info","message":"  status: 204,","timestamp":"2026-09-06T06:18:03.004328000Z"}
{"timestamp":"2026-09-06T06:18:03.004331715Z","message":"  durationMs: 0","level":"info"}
{"level":"info","message":"}","timestamp":"2026-09-06T06:18:03.004335439Z"}
{"level":"info","message":"[ops] {","timestamp":"2026-09-06T06:18:03.004339330Z"}
{"message":"  event: 'http_request',","timestamp":"2026-09-06T06:18:03.004343166Z","level":"info"}
{"timestamp":"2026-09-06T06:18:03.004346737Z","level":"info","message":"  ts: '2026-09-06T06:18:03.002Z',"}
{"message":"  requestId: '6d9e15b3-d871-4ce7-beff-9ff6484cc852',","timestamp":"2026-09-06T06:18:03.004350181Z","level":"info"}
{"level":"info","message":"  method: 'OPTIONS',","timestamp":"2026-09-06T06:18:03.004353757Z"}
{"timestamp":"2026-09-06T06:18:03.004357681Z","message":"  route: '/api/studio/mcp/status',","level":"info"}
{"message":"  status: 204,","timestamp":"2026-09-06T06:18:03.004363101Z","level":"info"}
{"message":"  durationMs: 0","timestamp":"2026-09-06T06:18:03.004366446Z","level":"info"}
{"message":"}","level":"info","timestamp":"2026-09-06T06:18:03.004371625Z"}
{"level":"error","message":"[ops] {","timestamp":"2026-09-06T06:18:03.057422486Z"}
{"message":"  event: 'security.app_check_rejected',","timestamp":"2026-09-06T06:18:03.057428892Z","level":"error"}
{"level":"error","message":"  ts: '2026-09-06T06:18:03.039Z',","timestamp":"2026-09-06T06:18:03.057432438Z"}
{"level":"error","message":"  reason: 'missing_token',","timestamp":"2026-09-06T06:18:03.057437528Z"}
{"message":"  mode: 'monitor',","timestamp":"2026-09-06T06:18:03.057441111Z","level":"error"}
{"message":"  route: '/api/v2/events'","level":"error","timestamp":"2026-09-06T06:18:03.057444203Z"}
{"message":"}","level":"error","timestamp":"2026-09-06T06:18:03.057448470Z"}
{"timestamp":"2026-09-06T06:18:03.519500689Z","message":"}","level":"info"}
{"timestamp":"2026-09-06T06:18:03.519517509Z","message":"[ops] {","level":"error"}
{"level":"error","message":"  event: 'security.app_check_rejected',","timestamp":"2026-09-06T06:18:03.519524933Z"}
{"message":"  ts: '2026-09-06T06:18:03.168Z',","timestamp":"2026-09-06T06:18:03.519531021Z","level":"error"}
{"message":"  reason: 'missing_token',","timestamp":"2026-09-06T06:18:03.519539277Z","level":"error"}
{"level":"error","message":"  mode: 'monitor',","timestamp":"2026-09-06T06:18:03.519543380Z"}
{"level":"error","timestamp":"2026-09-06T06:18:03.519546822Z","message":"  route: '/api/studio/mcp/status'"}
{"level":"error","timestamp":"2026-09-06T06:18:03.519550925Z","message":"}"}
{"level":"error","message":"[ops] {","timestamp":"2026-09-06T06:18:03.519555355Z"}
{"level":"error","timestamp":"2026-09-06T06:18:03.519559147Z","message":"  event: 'security.app_check_rejected',"}
{"timestamp":"2026-09-06T06:18:03.519562272Z","level":"error","message":"  ts: '2026-09-06T06:18:03.169Z',"}
{"timestamp":"2026-09-06T06:18:03.519568204Z","message":"  reason: 'missing_token',","level":"error"}
{"message":"  mode: 'monitor',","timestamp":"2026-09-06T06:18:03.519573203Z","level":"error"}
{"level":"error","message":"  route: '/api/studio/status'","timestamp":"2026-09-06T06:18:03.519577530Z"}
{"level":"error","message":"}","timestamp":"2026-09-06T06:18:03.519582256Z"}
{"message":"[ops] {","level":"info","timestamp":"2026-09-06T06:18:03.519586572Z"}
{"level":"info","timestamp":"2026-09-06T06:18:03.519595681Z","message":"  event: 'http_request',"}
{"message":"  ts: '2026-09-06T06:18:03.450Z',","timestamp":"2026-09-06T06:18:03.519599972Z","level":"info"}
{"timestamp":"2026-09-06T06:18:03.519605351Z","level":"info","message":"  requestId: 'c0080537-bf7f-4b18-a1e9-3ab7d575793e',"}
{"message":"  method: 'GET',","timestamp":"2026-09-06T06:18:03.519608393Z","level":"info"}
{"message":"  route: '/api/studio/mcp/status',","level":"info","timestamp":"2026-09-06T06:18:03.519611732Z"}
{"timestamp":"2026-09-06T06:18:03.519615404Z","level":"info","message":"  status: 200,"}
{"message":"  durationMs: 282","timestamp":"2026-09-06T06:18:03.519618812Z","level":"info"}
{"message":"[ops] {","timestamp":"2026-09-06T06:18:03.565198159Z","level":"info"}
{"level":"info","message":"  event: 'http_request',","timestamp":"2026-09-06T06:18:03.565205421Z"}
{"message":"  ts: '2026-09-06T06:18:03.560Z',","level":"info","timestamp":"2026-09-06T06:18:03.565210642Z"}
{"timestamp":"2026-09-06T06:18:03.565213958Z","message":"  requestId: '37b02a69-1a8b-4fcd-9cc3-5656e874c47d',","level":"info"}
{"message":"  method: 'GET',","timestamp":"2026-09-06T06:18:03.565217726Z","level":"info"}
{"message":"  route: '/api/studio/status',","timestamp":"2026-09-06T06:18:03.565221696Z","level":"info"}
{"message":"  status: 200,","level":"info","timestamp":"2026-09-06T06:18:03.565225427Z"}
{"message":"  durationMs: 391","level":"info","timestamp":"2026-09-06T06:18:03.565229406Z"}
{"message":"}","timestamp":"2026-09-06T06:18:03.565233185Z","level":"info"}
{"message":"[ops] {","timestamp":"2026-09-06T06:18:03.608558551Z","level":"info"}
{"level":"info","message":"  event: 'http_request',","timestamp":"2026-09-06T06:18:03.608565729Z"}
{"timestamp":"2026-09-06T06:18:03.608571350Z","level":"info","message":"  ts: '2026-09-06T06:18:03.593Z',"}
{"message":"  requestId: '9963b363-b7ae-45b7-b520-a02325b19d33',","timestamp":"2026-09-06T06:18:03.608575310Z","level":"info"}
{"message":"  method: 'GET',","timestamp":"2026-09-06T06:18:03.608579478Z","level":"info"}
{"timestamp":"2026-09-06T06:18:03.608583371Z","level":"info","message":"  route: '/api/v2/events',"}
{"timestamp":"2026-09-06T06:18:03.608587917Z","level":"info","message":"  status: 200,"}
{"level":"info","timestamp":"2026-09-06T06:18:03.608591987Z","message":"  durationMs: 555"}
{"message":"}","timestamp":"2026-09-06T06:18:03.608595902Z","level":"info"}
{"timestamp":"2026-09-06T06:18:05.484671806Z","level":"info","message":"[ops] {"}
{"level":"info","message":"  event: 'http_request',","timestamp":"2026-09-06T06:18:05.484676477Z"}
{"level":"info","message":"  ts: '2026-09-06T06:18:05.379Z',","timestamp":"2026-09-06T06:18:05.484679870Z"}
{"message":"  requestId: '23c383ba-1708-43f9-a373-8d24028ed179',","level":"info","timestamp":"2026-09-06T06:18:05.484683471Z"}
{"message":"  method: 'OPTIONS',","level":"info","timestamp":"2026-09-06T06:18:05.484687215Z"}
{"timestamp":"2026-09-06T06:18:05.484690782Z","level":"info","message":"  route: '/api/v2/agents/active',"}
{"level":"info","timestamp":"2026-09-06T06:18:05.484694390Z","message":"  status: 204,"}
{"timestamp":"2026-09-06T06:18:05.484699014Z","level":"info","message":"  durationMs: 0"}
{"level":"info","message":"}","timestamp":"2026-09-06T06:18:05.484702794Z"}
{"timestamp":"2026-09-06T06:18:05.484705947Z","message":"[ops] {","level":"info"}
{"timestamp":"2026-09-06T06:18:05.484710327Z","level":"info","message":"  event: 'http_request',"}
{"level":"info","message":"  ts: '2026-09-06T06:18:05.379Z',","timestamp":"2026-09-06T06:18:05.484713855Z"}
{"timestamp":"2026-09-06T06:18:05.484718024Z","level":"info","message":"  requestId: '9db8a461-278f-440a-9994-698bc59c6a42',"}
{"message":"  method: 'OPTIONS',","timestamp":"2026-09-06T06:18:05.484721533Z","level":"info"}
{"message":"  route: '/api/v2/events',","level":"info","timestamp":"2026-09-06T06:18:05.484724934Z"}
{"message":"  status: 204,","timestamp":"2026-09-06T06:18:05.484730007Z","level":"info"}
{"timestamp":"2026-09-06T06:18:05.484733296Z","message":"  durationMs: 0","level":"info"}
{"level":"info","timestamp":"2026-09-06T06:18:05.484736651Z","message":"}"}
{"timestamp":"2026-09-06T06:18:05.549079155Z","level":"error","message":"[ops] {"}
{"message":"  event: 'security.app_check_rejected',","timestamp":"2026-09-06T06:18:05.549088148Z","level":"error"}
{"timestamp":"2026-09-06T06:18:05.549092536Z","level":"error","message":"  ts: '2026-09-06T06:18:05.544Z',"}
{"timestamp":"2026-09-06T06:18:05.549096202Z","message":"  reason: 'missing_token',","level":"error"}
{"level":"error","message":"  mode: 'monitor',","timestamp":"2026-09-06T06:18:05.549101024Z"}
{"message":"  route: '/api/v2/events'","timestamp":"2026-09-06T06:18:05.549105177Z","level":"error"}
{"level":"error","message":"}","timestamp":"2026-09-06T06:18:05.549108677Z"}
{"level":"error","timestamp":"2026-09-06T06:18:05.549112171Z","message":"[ops] {"}
{"level":"error","message":"  event: 'security.app_check_rejected',","timestamp":"2026-09-06T06:18:05.549115870Z"}
{"timestamp":"2026-09-06T06:18:05.549119357Z","message":"  ts: '2026-09-06T06:18:05.545Z',","level":"error"}
{"timestamp":"2026-09-06T06:18:05.549122411Z","message":"  reason: 'missing_token',","level":"error"}
{"timestamp":"2026-09-06T06:18:05.549125503Z","level":"error","message":"  mode: 'monitor',"}
{"message":"  route: '/api/v2/agents/active'","timestamp":"2026-09-06T06:18:05.549130779Z","level":"error"}
{"message":"}","timestamp":"2026-09-06T06:18:05.549134113Z","level":"error"}
{"level":"info","timestamp":"2026-09-06T06:18:05.614297613Z","message":"[ops] {"}
{"level":"info","timestamp":"2026-09-06T06:18:05.614303032Z","message":"  event: 'http_request',"}
{"level":"info","timestamp":"2026-09-06T06:18:05.614306252Z","message":"  ts: '2026-09-06T06:18:05.607Z',"}
{"message":"  requestId: 'a074a1cf-36af-4998-b32b-d56e45263161',","level":"info","timestamp":"2026-09-06T06:18:05.614309224Z"}
{"message":"  method: 'GET',","level":"info","timestamp":"2026-09-06T06:18:05.614314701Z"}
{"message":"  route: '/api/v2/agents/active',","timestamp":"2026-09-06T06:18:05.614317681Z","level":"info"}
{"message":"  status: 200,","timestamp":"2026-09-06T06:18:05.614320696Z","level":"info"}
{"timestamp":"2026-09-06T06:18:05.614323447Z","message":"  durationMs: 62","level":"info"}
{"message":"}","timestamp":"2026-09-06T06:18:05.614325968Z","level":"info"}
{"message":"[ops] {","timestamp":"2026-09-06T06:18:05.990520079Z","level":"info"}
{"timestamp":"2026-09-06T06:18:05.990522938Z","message":"  event: 'studio.plugin_compatibility_handshake',","level":"info"}
{"message":"  ts: '2026-09-06T06:18:05.974Z',","timestamp":"2026-09-06T06:18:05.990525698Z","level":"info"}
{"level":"info","timestamp":"2026-09-06T06:18:05.990528815Z","message":"  requestId: '9bef9bfd-0336-4e2b-bc1f-475b661ceeb7',"}
{"timestamp":"2026-09-06T06:18:05.990532292Z","level":"info","message":"  sessionId: 'MLq8J3mhz56J6BRsAeQe',"}
{"message":"  userId: '0VSQotqOXxPXBLeQu1gUNkXELWH3',","level":"info","timestamp":"2026-09-06T06:18:05.990535340Z"}
{"message":"  status: 'compatible',","level":"info","timestamp":"2026-09-06T06:18:05.990538074Z"}
{"level":"info","message":"  reasonCodes: [],","timestamp":"2026-09-06T06:18:05.990540919Z"}
{"message":"  buildId: 'nexusrbx-studio-0.14.0-r15-animation.12-toolbox',","timestamp":"2026-09-06T06:18:05.990543818Z","level":"info"}
{"message":"  attestationWritten: false,","timestamp":"2026-09-06T06:18:05.990546400Z","level":"info"}
{"level":"info","timestamp":"2026-09-06T06:18:05.990549353Z","message":"  repairDurationMs: 510"}
{"message":"}","timestamp":"2026-09-06T06:18:05.990552079Z","level":"info"}
{"message":"[ops] {","timestamp":"2026-09-06T06:18:05.990554746Z","level":"info"}
{"level":"info","message":"  event: 'http_request',","timestamp":"2026-09-06T06:18:05.990557771Z"}
{"timestamp":"2026-09-06T06:18:05.990561337Z","message":"  ts: '2026-09-06T06:18:05.974Z',","level":"info"}
{"timestamp":"2026-09-06T06:18:05.990605769Z","level":"info","message":"  requestId: '9bef9bfd-0336-4e2b-bc1f-475b661ceeb7',"}
{"message":"  method: 'POST',","timestamp":"2026-09-06T06:18:05.990609018Z","level":"info"}
{"level":"info","message":"  route: '/api/studio/session/ping',","timestamp":"2026-09-06T06:18:05.990611991Z"}
{"message":"  status: 200,","timestamp":"2026-09-06T06:18:05.990614762Z","level":"info"}
{"message":"  durationMs: 567","timestamp":"2026-09-06T06:18:05.990617475Z","level":"info"}
{"timestamp":"2026-09-06T06:18:05.990620403Z","level":"info","message":"}"}
{"timestamp":"2026-09-06T06:18:06.128453175Z","level":"info","message":"[ops] {"}
{"level":"info","message":"  event: 'http_request',","timestamp":"2026-09-06T06:18:06.128457223Z"}
{"message":"  ts: '2026-09-06T06:18:06.117Z',","timestamp":"2026-09-06T06:18:06.128460701Z","level":"info"}
{"timestamp":"2026-09-06T06:18:06.128464255Z","level":"info","message":"  requestId: '53f7ab75-a1e8-480e-9b14-294cf60c60c9',"}
{"message":"  method: 'GET',","timestamp":"2026-09-06T06:18:06.128468996Z","level":"info"}
{"message":"  route: '/api/v2/events',","timestamp":"2026-09-06T06:18:06.128472722Z","level":"info"}
{"level":"info","timestamp":"2026-09-06T06:18:06.128476088Z","message":"  status: 200,"}
{"level":"info","timestamp":"2026-09-06T06:18:06.128479977Z","message":"  durationMs: 573"}
{"timestamp":"2026-09-06T06:18:06.128483218Z","level":"info","message":"}"}
{"timestamp":"2026-09-06T06:18:07.877613652Z","message":"[ops] {","level":"info"}
{"message":"  event: 'http_request',","level":"info","timestamp":"2026-09-06T06:18:07.877621324Z"}
{"timestamp":"2026-09-06T06:18:07.877625835Z","message":"  ts: '2026-09-06T06:18:07.872Z',","level":"info"}
{"level":"info","message":"  requestId: '2313cbf2-c8ac-4fa2-ab90-1c9c40698637',","timestamp":"2026-09-06T06:18:07.877635772Z"}
{"message":"  method: 'OPTIONS',","timestamp":"2026-09-06T06:18:07.877640163Z","level":"info"}
{"level":"info","timestamp":"2026-09-06T06:18:07.877645230Z","message":"  route: '/api/v2/events',"}
{"timestamp":"2026-09-06T06:18:07.877649517Z","level":"info","message":"  status: 204,"}
{"level":"info","message":"  durationMs: 0","timestamp":"2026-09-06T06:18:07.877653755Z"}
{"message":"}","level":"info","timestamp":"2026-09-06T06:18:07.877657890Z"}
{"level":"error","message":"[ops] {","timestamp":"2026-09-06T06:18:08.043323295Z"}
{"timestamp":"2026-09-06T06:18:08.043328000Z","level":"error","message":"  event: 'security.app_check_rejected',"}
{"timestamp":"2026-09-06T06:18:08.043331156Z","level":"error","message":"  ts: '2026-09-06T06:18:08.039Z',"}
{"timestamp":"2026-09-06T06:18:08.043334737Z","message":"  reason: 'missing_token',","level":"error"}
{"timestamp":"2026-09-06T06:18:08.043337987Z","level":"error","message":"  mode: 'monitor',"}
{"message":"  route: '/api/v2/events'","timestamp":"2026-09-06T06:18:08.043341282Z","level":"error"}
{"message":"}","timestamp":"2026-09-06T06:18:08.043344241Z","level":"error"}
{"message":"[ops] {","level":"info","timestamp":"2026-09-06T06:18:08.554980988Z"}
{"message":"  event: 'http_request',","level":"info","timestamp":"2026-09-06T06:18:08.554985823Z"}
{"message":"  ts: '2026-09-06T06:18:08.552Z',","level":"info","timestamp":"2026-09-06T06:18:08.554988745Z"}
{"timestamp":"2026-09-06T06:18:08.554992219Z","level":"info","message":"  requestId: 'ef2d36d4-d778-4193-8e16-5f40f4878316',"}
{"timestamp":"2026-09-06T06:18:08.554994882Z","level":"info","message":"  method: 'GET',"}
{"level":"info","message":"  route: '/api/v2/events',","timestamp":"2026-09-06T06:18:08.554998302Z"}
{"message":"  status: 200,","timestamp":"2026-09-06T06:18:08.555001091Z","level":"info"}
{"timestamp":"2026-09-06T06:18:08.555003736Z","level":"info","message":"  durationMs: 513"}
{"level":"info","message":"}","timestamp":"2026-09-06T06:18:08.555006514Z"}
{"level":"info","message":"[ops] {","timestamp":"2026-09-06T06:18:10.539277739Z"}
{"message":"  event: 'http_request',","timestamp":"2026-09-06T06:18:10.539284452Z","level":"info"}
{"message":"  ts: '2026-09-06T06:18:10.377Z',","timestamp":"2026-09-06T06:18:10.539291360Z","level":"info"}
{"level":"info","message":"  requestId: '49631753-6725-4c16-abdd-3a353760f744',","timestamp":"2026-09-06T06:18:10.539298720Z"}
{"message":"  method: 'OPTIONS',","timestamp":"2026-09-06T06:18:10.539306964Z","level":"info"}
{"level":"info","timestamp":"2026-09-06T06:18:10.539315143Z","message":"  route: '/api/v2/events',"}
{"message":"  status: 204,","timestamp":"2026-09-06T06:18:10.539324040Z","level":"info"}
{"timestamp":"2026-09-06T06:18:10.539331887Z","level":"info","message":"  durationMs: 0"}
{"timestamp":"2026-09-06T06:18:10.539339680Z","message":"}","level":"info"}
{"message":"[ops] {","timestamp":"2026-09-06T06:18:10.539346928Z","level":"info"}
{"level":"info","message":"  event: 'http_request',","timestamp":"2026-09-06T06:18:10.539354375Z"}
{"message":"  ts: '2026-09-06T06:18:10.399Z',","timestamp":"2026-09-06T06:18:10.539361102Z","level":"info"}
{"message":"  requestId: 'f2e6591e-cf5d-400f-ac89-bc6fb375ebdb',","timestamp":"2026-09-06T06:18:10.539373882Z","level":"info"}
{"timestamp":"2026-09-06T06:18:10.539381432Z","level":"info","message":"  method: 'OPTIONS',"}
{"level":"info","message":"  route: '/api/v2/events',","timestamp":"2026-09-06T06:18:10.539389267Z"}
{"timestamp":"2026-09-06T06:18:10.539396850Z","level":"info","message":"  status: 204,"}
{"level":"info","message":"  durationMs: 0","timestamp":"2026-09-06T06:18:10.539404144Z"}
{"level":"info","timestamp":"2026-09-06T06:18:10.539411248Z","message":"}"}
{"message":"[ops] {","timestamp":"2026-09-06T06:18:10.539419116Z","level":"info"}
{"message":"  event: 'http_request',","level":"info","timestamp":"2026-09-06T06:18:10.539425925Z"}
{"message":"  ts: '2026-09-06T06:18:10.403Z',","timestamp":"2026-09-06T06:18:10.539433017Z","level":"info"}
{"message":"  requestId: 'e038c06e-22b3-4356-a947-e6bfa428d9d1',","timestamp":"2026-09-06T06:18:10.539440334Z","level":"info"}
{"message":"  method: 'OPTIONS',","level":"info","timestamp":"2026-09-06T06:18:10.539447584Z"}
{"level":"info","message":"  route: '/api/v2/agents/active',","timestamp":"2026-09-06T06:18:10.539454890Z"}
{"message":"  status: 204,","level":"info","timestamp":"2026-09-06T06:18:10.539462277Z"}
{"level":"info","timestamp":"2026-09-06T06:18:10.539468805Z","message":"  durationMs: 0"}
{"timestamp":"2026-09-06T06:18:10.539475427Z","message":"}","level":"info"}
{"level":"error","timestamp":"2026-09-06T06:18:10.545255059Z","message":"[ops] {"}
{"level":"error","message":"  event: 'security.app_check_rejected',","timestamp":"2026-09-06T06:18:10.545262221Z"}
{"level":"error","message":"  ts: '2026-09-06T06:18:10.542Z',","timestamp":"2026-09-06T06:18:10.545268037Z"}
{"level":"error","message":"  reason: 'missing_token',","timestamp":"2026-09-06T06:18:10.545271510Z"}
{"timestamp":"2026-09-06T06:18:10.545275649Z","message":"  mode: 'monitor',","level":"error"}
{"message":"  route: '/api/v2/events'","timestamp":"2026-09-06T06:18:10.545279611Z","level":"error"}
{"message":"}","level":"error","timestamp":"2026-09-06T06:18:10.545283264Z"}
{"message":"[ops] {","timestamp":"2026-09-06T06:18:10.580343465Z","level":"error"}
{"message":"  event: 'security.app_check_rejected',","timestamp":"2026-09-06T06:18:10.580347984Z","level":"error"}
{"timestamp":"2026-09-06T06:18:10.580351881Z","message":"  ts: '2026-09-06T06:18:10.570Z',","level":"error"}
{"message":"  reason: 'missing_token',","level":"error","timestamp":"2026-09-06T06:18:10.580356704Z"}
{"level":"error","message":"  mode: 'monitor',","timestamp":"2026-09-06T06:18:10.580360521Z"}
{"level":"error","timestamp":"2026-09-06T06:18:10.580364718Z","message":"  route: '/api/v2/agents/active'"}
{"message":"}","timestamp":"2026-09-06T06:18:10.580369164Z","level":"error"}
{"timestamp":"2026-09-06T06:18:10.580373026Z","level":"error","message":"[ops] {"}
{"message":"  event: 'security.app_check_rejected',","timestamp":"2026-09-06T06:18:10.580377155Z","level":"error"}
{"timestamp":"2026-09-06T06:18:10.580381224Z","message":"  ts: '2026-09-06T06:18:10.574Z',","level":"error"}
{"timestamp":"2026-09-06T06:18:10.580385379Z","message":"  reason: 'missing_token',","level":"error"}
{"timestamp":"2026-09-06T06:18:10.580389150Z","level":"error","message":"  mode: 'monitor',"}
{"level":"error","message":"  route: '/api/v2/events'","timestamp":"2026-09-06T06:18:10.580392779Z"}
{"timestamp":"2026-09-06T06:18:10.580396618Z","level":"error","message":"}"}
{"timestamp":"2026-09-06T06:18:10.643648340Z","level":"info","message":"[ops] {"}
{"timestamp":"2026-09-06T06:18:10.643654937Z","level":"info","message":"  event: 'http_request',"}
{"timestamp":"2026-09-06T06:18:10.643658624Z","level":"info","message":"  ts: '2026-09-06T06:18:10.641Z',"}
{"message":"  requestId: 'd4e0bb02-d743-4503-9f3e-783f705ecafe',","level":"info","timestamp":"2026-09-06T06:18:10.643662780Z"}
{"message":"  method: 'GET',","timestamp":"2026-09-06T06:18:10.643669009Z","level":"info"}
{"level":"info","timestamp":"2026-09-06T06:18:10.643672881Z","message":"  route: '/api/v2/agents/active',"}
{"message":"  status: 200,","timestamp":"2026-09-06T06:18:10.643676593Z","level":"info"}
{"level":"info","message":"  durationMs: 71","timestamp":"2026-09-06T06:18:10.643679915Z"}
{"timestamp":"2026-09-06T06:18:10.643683642Z","level":"info","message":"}"}
{"level":"info","timestamp":"2026-09-06T06:18:11.525048731Z","message":"[ops] {"}
{"level":"info","timestamp":"2026-09-06T06:18:11.525053818Z","message":"  event: 'http_request',"}
{"level":"info","message":"  ts: '2026-09-06T06:18:11.271Z',","timestamp":"2026-09-06T06:18:11.525058450Z"}
{"timestamp":"2026-09-06T06:18:11.525063302Z","level":"info","message":"  requestId: 'dc922e9e-0a1a-47a7-b1a8-46c4130d2ea1',"}
{"timestamp":"2026-09-06T06:18:11.525068063Z","level":"info","message":"  method: 'GET',"}
{"timestamp":"2026-09-06T06:18:11.525072494Z","message":"  route: '/api/v2/events',","level":"info"}
{"level":"info","message":"  status: 200,","timestamp":"2026-09-06T06:18:11.525076645Z"}
{"message":"  durationMs: 729","timestamp":"2026-09-06T06:18:11.525081614Z","level":"info"}
{"level":"info","message":"}","timestamp":"2026-09-06T06:18:11.525086256Z"}
{"level":"info","timestamp":"2026-09-06T06:18:12.667718892Z","message":"[ops] {"}
{"message":"  event: 'http_request',","timestamp":"2026-09-06T06:18:12.667724326Z","level":"info"}
{"timestamp":"2026-09-06T06:18:12.667727574Z","message":"  ts: '2026-09-06T06:18:12.653Z',","level":"info"}
{"timestamp":"2026-09-06T06:18:12.667731347Z","message":"  requestId: 'e8a1542a-61ee-4b95-b6c6-cdc22b3c4d5e',","level":"info"}
{"message":"  method: 'GET',","level":"info","timestamp":"2026-09-06T06:18:12.667735714Z"}
{"timestamp":"2026-09-06T06:18:12.667738898Z","level":"info","message":"  route: '/api/v2/events',"}
{"timestamp":"2026-09-06T06:18:12.667742437Z","message":"  status: 200,","level":"info"}
{"message":"  durationMs: 2079","timestamp":"2026-09-06T06:18:12.667747926Z","level":"info"}
{"timestamp":"2026-09-06T06:18:12.667751813Z","message":"}","level":"info"}
{"message":"[ops] {","timestamp":"2026-09-06T06:18:12.731716808Z","level":"info"}
{"level":"info","timestamp":"2026-09-06T06:18:12.731721191Z","message":"  event: 'http_request',"}
{"level":"info","timestamp":"2026-09-06T06:18:12.731725058Z","message":"  ts: '2026-09-06T06:18:12.713Z',"}
{"level":"info","message":"  requestId: 'dfde6d9e-33fa-4951-834c-c826fecbb760',","timestamp":"2026-09-06T06:18:12.731729146Z"}
{"level":"info","message":"  method: 'POST',","timestamp":"2026-09-06T06:18:12.731733391Z"}
{"level":"info","message":"  route: '/api/studio/mcp/session/ping',","timestamp":"2026-09-06T06:18:12.731736905Z"}
{"level":"info","message":"  status: 200,","timestamp":"2026-09-06T06:18:12.731740722Z"}
{"timestamp":"2026-09-06T06:18:12.731744381Z","level":"info","message":"  durationMs: 447"}
{"message":"}","timestamp":"2026-09-06T06:18:12.731748293Z","level":"info"}
{"timestamp":"2026-09-06T06:18:12.878251810Z","message":"[ops] {","level":"info"}
{"message":"  event: 'http_request',","timestamp":"2026-09-06T06:18:12.878259945Z","level":"info"}
{"timestamp":"2026-09-06T06:18:12.878264328Z","level":"info","message":"  ts: '2026-09-06T06:18:12.875Z',"}
{"timestamp":"2026-09-06T06:18:12.878268343Z","level":"info","message":"  requestId: 'b23ede8e-b1ac-4a0a-950a-6f0ea7228c94',"}
{"level":"info","message":"  method: 'OPTIONS',","timestamp":"2026-09-06T06:18:12.878272041Z"}
{"timestamp":"2026-09-06T06:18:12.878275591Z","level":"info","message":"  route: '/api/v2/events',"}
{"level":"info","message":"  status: 204,","timestamp":"2026-09-06T06:18:12.878279207Z"}
{"timestamp":"2026-09-06T06:18:12.878282785Z","message":"  durationMs: 0","level":"info"}
{"timestamp":"2026-09-06T06:18:12.878286674Z","level":"info","message":"}"}
{"message":"[ops] {","timestamp":"2026-09-06T06:18:13.045388809Z","level":"error"}
{"message":"  event: 'security.app_check_rejected',","timestamp":"2026-09-06T06:18:13.045396102Z","level":"error"}
{"timestamp":"2026-09-06T06:18:13.045399676Z","level":"error","message":"  ts: '2026-09-06T06:18:13.044Z',"}
{"timestamp":"2026-09-06T06:18:13.045403942Z","message":"  reason: 'missing_token',","level":"error"}
{"message":"  mode: 'monitor',","level":"error","timestamp":"2026-09-06T06:18:13.045407649Z"}
{"level":"error","timestamp":"2026-09-06T06:18:13.045410712Z","message":"  route: '/api/v2/events'"}
{"timestamp":"2026-09-06T06:18:13.045413821Z","level":"error","message":"}"}
{"timestamp":"2026-09-06T06:18:13.794383762Z","message":"[ops] {","level":"info"}
{"timestamp":"2026-09-06T06:18:13.794388054Z","level":"info","message":"  event: 'http_request',"}
{"message":"  ts: '2026-09-06T06:18:13.792Z',","level":"info","timestamp":"2026-09-06T06:18:13.794391534Z"}
{"message":"  requestId: 'd160a06a-370d-4875-b4ee-4fcfd7e0fcfa',","level":"info","timestamp":"2026-09-06T06:18:13.794394819Z"}
{"level":"info","timestamp":"2026-09-06T06:18:13.794398579Z","message":"  method: 'GET',"}
{"message":"  route: '/api/v2/events',","timestamp":"2026-09-06T06:18:13.794402459Z","level":"info"}
{"level":"info","timestamp":"2026-09-06T06:18:13.794405937Z","message":"  status: 200,"}
{"timestamp":"2026-09-06T06:18:13.794409104Z","level":"info","message":"  durationMs: 748"}
{"timestamp":"2026-09-06T06:18:13.794412517Z","message":"}","level":"info"}
{"message":"[ops] {","level":"info","timestamp":"2026-09-06T06:18:13.869419234Z"}
{"level":"info","timestamp":"2026-09-06T06:18:13.869426858Z","message":"  event: 'studio.plugin_compatibility_handshake',"}
{"level":"info","timestamp":"2026-09-06T06:18:13.869432202Z","message":"  ts: '2026-09-06T06:18:13.853Z',"}
{"message":"  requestId: 'bfde877d-cfb3-4188-a265-83d0d984b5f1',","timestamp":"2026-09-06T06:18:13.869436037Z","level":"info"}
{"message":"  sessionId: 'MLq8J3mhz56J6BRsAeQe',","timestamp":"2026-09-06T06:18:13.869440054Z","level":"info"}
{"level":"info","message":"  userId: '0VSQotqOXxPXBLeQu1gUNkXELWH3',","timestamp":"2026-09-06T06:18:13.869444188Z"}
{"timestamp":"2026-09-06T06:18:13.869448092Z","level":"info","message":"  status: 'compatible',"}
{"message":"  reasonCodes: [],","level":"info","timestamp":"2026-09-06T06:18:13.869451837Z"}
{"timestamp":"2026-09-06T06:18:13.869455435Z","message":"  buildId: 'nexusrbx-studio-0.14.0-r15-animation.12-toolbox',","level":"info"}
{"message":"  attestationWritten: false,","level":"info","timestamp":"2026-09-06T06:18:13.869460227Z"}
{"timestamp":"2026-09-06T06:18:13.869463733Z","message":"  repairDurationMs: 666","level":"info"}
{"level":"info","timestamp":"2026-09-06T06:18:13.869467560Z","message":"}"}
{"message":"[ops] {","timestamp":"2026-09-06T06:18:13.869472237Z","level":"info"}
{"level":"info","message":"  event: 'http_request',","timestamp":"2026-09-06T06:18:13.869476796Z"}
{"message":"  ts: '2026-09-06T06:18:13.853Z',","level":"info","timestamp":"2026-09-06T06:18:13.869481391Z"}
{"level":"info","timestamp":"2026-09-06T06:18:13.869484519Z","message":"  requestId: 'bfde877d-cfb3-4188-a265-83d0d984b5f1',"}
{"level":"info","timestamp":"2026-09-06T06:18:13.869487454Z","message":"  method: 'POST',"}
{"timestamp":"2026-09-06T06:18:13.869491515Z","message":"  route: '/api/studio/session/ping',","level":"info"}
{"message":"  status: 200,","timestamp":"2026-09-06T06:18:13.869494990Z","level":"info"}
{"timestamp":"2026-09-06T06:18:13.869498543Z","level":"info","message":"  durationMs: 789"}
{"message":"}","timestamp":"2026-09-06T06:18:13.869501617Z","level":"info"}
{"level":"info","timestamp":"2026-09-06T06:18:14.051899420Z","message":"[ops] {"}
{"message":"  event: 'studio.command_polled',","timestamp":"2026-09-06T06:18:14.051906779Z","level":"info"}
{"timestamp":"2026-09-06T06:18:14.051911023Z","level":"info","message":"  ts: '2026-09-06T06:18:14.048Z',"}
{"timestamp":"2026-09-06T06:18:14.051914652Z","message":"  requestId: 'c9e542fe-1277-45b9-b8e2-dfe92bcad7b8',","level":"info"}
{"message":"  sessionId: 'MLq8J3mhz56J6BRsAeQe',","level":"info","timestamp":"2026-09-06T06:18:14.051919087Z"}
{"level":"info","message":"  status: 'empty'","timestamp":"2026-09-06T06:18:14.051923298Z"}
{"message":"}","timestamp":"2026-09-06T06:18:14.051927030Z","level":"info"}
{"message":"[ops] {","timestamp":"2026-09-06T06:18:14.051930653Z","level":"info"}
{"timestamp":"2026-09-06T06:18:14.051935411Z","message":"  event: 'http_request',","level":"info"}
{"timestamp":"2026-09-06T06:18:14.051938777Z","level":"info","message":"  ts: '2026-09-06T06:18:14.048Z',"}
{"message":"  requestId: 'c9e542fe-1277-45b9-b8e2-dfe92bcad7b8',","timestamp":"2026-09-06T06:18:14.051942443Z","level":"info"}
{"level":"info","message":"  method: 'GET',","timestamp":"2026-09-06T06:18:14.051945863Z"}
{"level":"info","message":"  route: '/api/studio/commands/next',","timestamp":"2026-09-06T06:18:14.051950204Z"}
{"level":"info","timestamp":"2026-09-06T06:18:14.051954426Z","message":"  status: 204,"}
{"timestamp":"2026-09-06T06:18:14.051958077Z","message":"  durationMs: 24057","level":"info"}
{"level":"info","message":"}","timestamp":"2026-09-06T06:18:14.051961202Z"}
{"timestamp":"2026-09-06T06:18:14.592215221Z","level":"info","message":"[ops] {"}
{"message":"  event: 'studio.command_polled',","level":"info","timestamp":"2026-09-06T06:18:14.592219217Z"}
{"timestamp":"2026-09-06T06:18:14.592223226Z","level":"info","message":"  ts: '2026-09-06T06:18:14.388Z',"}
{"level":"info","message":"  requestId: '3c26a431-b736-4b9b-93d2-4a26b4f426f9',","timestamp":"2026-09-06T06:18:14.592240663Z"}
{"message":"  sessionId: 'MLq8J3mhz56J6BRsAeQe',","timestamp":"2026-09-06T06:18:14.592244970Z","level":"info"}
{"timestamp":"2026-09-06T06:18:14.592248502Z","level":"info","message":"  status: 'empty'"}
{"timestamp":"2026-09-06T06:18:14.592253068Z","message":"}","level":"info"}
{"timestamp":"2026-09-06T06:18:14.592256462Z","message":"[ops] {","level":"info"}
{"level":"info","message":"  event: 'http_request',","timestamp":"2026-09-06T06:18:14.592259850Z"}
{"level":"info","timestamp":"2026-09-06T06:18:14.592263521Z","message":"  ts: '2026-09-06T06:18:14.388Z',"}
{"timestamp":"2026-09-06T06:18:14.592266960Z","message":"  requestId: '3c26a431-b736-4b9b-93d2-4a26b4f426f9',","level":"info"}
{"message":"  method: 'GET',","timestamp":"2026-09-06T06:18:14.592271076Z","level":"info"}
{"level":"info","message":"  route: '/api/studio/commands/next',","timestamp":"2026-09-06T06:18:14.592274349Z"}
{"level":"info","timestamp":"2026-09-06T06:18:14.592278252Z","message":"  status: 204,"}
{"timestamp":"2026-09-06T06:18:14.592281813Z","message":"  durationMs: 24445","level":"info"}
{"level":"info","message":"}","timestamp":"2026-09-06T06:18:14.592286399Z"}
{"level":"info","message":"  event: 'http_request',","timestamp":"2026-09-06T06:18:15.585482858Z"}
{"timestamp":"2026-09-06T06:18:15.585502132Z","message":"  durationMs: 0","level":"info"}
{"timestamp":"2026-09-06T06:18:15.585515246Z","level":"info","message":"[ops] {"}
{"timestamp":"2026-09-06T06:18:15.585517506Z","message":"  requestId: '6f011695-3a27-4bc4-9eed-5a4d1286889d',","level":"info"}
{"level":"info","timestamp":"2026-09-06T06:18:15.585517939Z","message":"  ts: '2026-09-06T06:18:15.372Z',"}
{"level":"error","message":"  mode: 'monitor',","timestamp":"2026-09-06T06:18:15.585533651Z"}
{"message":"  status: 204,","timestamp":"2026-09-06T06:18:15.585533872Z","level":"info"}
{"level":"error","timestamp":"2026-09-06T06:18:15.585534600Z","message":"  ts: '2026-09-06T06:18:15.547Z',"}
{"level":"error","timestamp":"2026-09-06T06:18:15.585538126Z","message":"[ops] {"}
{"timestamp":"2026-09-06T06:18:15.585539028Z","level":"info","message":"  method: 'OPTIONS',"}
{"timestamp":"2026-09-06T06:18:15.585542138Z","level":"info","message":"}"}
{"timestamp":"2026-09-06T06:18:15.585544833Z","message":"  reason: 'missing_token',","level":"error"}
{"timestamp":"2026-09-06T06:18:15.585546018Z","level":"error","message":"  route: '/api/v2/events'"}
{"message":"  event: 'security.app_check_rejected',","timestamp":"2026-09-06T06:18:15.585547418Z","level":"error"}
{"level":"info","message":"  route: '/api/v2/agents/active',","timestamp":"2026-09-06T06:18:15.585551530Z"}
{"timestamp":"2026-09-06T06:18:15.585555006Z","message":"  durationMs: 0","level":"info"}
{"timestamp":"2026-09-06T06:18:15.585555529Z","level":"error","message":"[ops] {"}
{"timestamp":"2026-09-06T06:18:15.585559122Z","message":"  reason: 'missing_token',","level":"error"}
{"level":"error","message":"  event: 'security.app_check_rejected',","timestamp":"2026-09-06T06:18:15.585561546Z"}
{"message":"  mode: 'monitor',","timestamp":"2026-09-06T06:18:15.585570224Z","level":"error"}
{"message":"[ops] {","timestamp":"2026-09-06T06:18:15.585576901Z","level":"info"}
{"timestamp":"2026-09-06T06:18:15.585581112Z","level":"info","message":"}"}
{"message":"  status: 204,","timestamp":"2026-09-06T06:18:15.585585903Z","level":"info"}
{"message":"  method: 'OPTIONS',","timestamp":"2026-09-06T06:18:15.585586597Z","level":"info"}
{"message":"  event: 'http_request',","timestamp":"2026-09-06T06:18:15.585588963Z","level":"info"}
{"message":"  requestId: '80380e07-70f0-4e03-9205-11af647d282c',","timestamp":"2026-09-06T06:18:15.585591967Z","level":"info"}
{"message":"  route: '/api/v2/agents/active'","level":"error","timestamp":"2026-09-06T06:18:15.585593659Z"}
{"level":"info","message":"  route: '/api/v2/events',","timestamp":"2026-09-06T06:18:15.585595609Z"}
{"message":"  ts: '2026-09-06T06:18:15.377Z',","timestamp":"2026-09-06T06:18:15.585598096Z","level":"info"}
{"timestamp":"2026-09-06T06:18:15.585603681Z","message":"}","level":"error"}
{"message":"  ts: '2026-09-06T06:18:15.551Z',","timestamp":"2026-09-06T06:18:15.585611309Z","level":"error"}
{"message":"}","timestamp":"2026-09-06T06:18:15.586102340Z","level":"error"}
{"timestamp":"2026-09-06T06:18:15.715477149Z","message":"[ops] {","level":"info"}
{"level":"info","timestamp":"2026-09-06T06:18:15.715483873Z","message":"  event: 'http_request',"}
{"timestamp":"2026-09-06T06:18:15.715487524Z","level":"info","message":"  ts: '2026-09-06T06:18:15.714Z',"}
{"level":"info","timestamp":"2026-09-06T06:18:15.715491158Z","message":"  requestId: '97846673-d83a-4e43-9821-bbb39025e7a0',"}
{"timestamp":"2026-09-06T06:18:15.715494912Z","message":"  method: 'GET',","level":"info"}
{"level":"info","message":"  route: '/api/v2/agents/active',","timestamp":"2026-09-06T06:18:15.715498922Z"}
{"message":"  status: 200,","timestamp":"2026-09-06T06:18:15.715501962Z","level":"info"}
{"message":"  durationMs: 167","timestamp":"2026-09-06T06:18:15.715505342Z","level":"info"}
{"timestamp":"2026-09-06T06:18:15.715508518Z","level":"info","message":"}"}
{"level":"info","message":"}","timestamp":"2026-09-06T06:18:16.557229298Z"}
{"timestamp":"2026-09-06T06:18:16.557238247Z","message":"[ops] {","level":"info"}
{"message":"  method: 'GET',","timestamp":"2026-09-06T06:18:16.557238680Z","level":"info"}
{"level":"info","timestamp":"2026-09-06T06:18:16.557246190Z","message":"  event: 'http_request',"}
{"level":"info","message":"  route: '/api/v2/events',","timestamp":"2026-09-06T06:18:16.557247088Z"}
{"level":"info","message":"  status: 200,","timestamp":"2026-09-06T06:18:16.557253494Z"}
{"timestamp":"2026-09-06T06:18:16.557254607Z","level":"info","message":"  ts: '2026-09-06T06:18:16.397Z',"}
{"timestamp":"2026-09-06T06:18:16.557258567Z","message":"  durationMs: 846","level":"info"}
{"message":"  requestId: 'd81aca61-1368-48b0-9adc-18bd330d0d17',","timestamp":"2026-09-06T06:18:16.557262881Z","level":"info"}
{"message":"[ops] {","timestamp":"2026-09-06T06:18:17.883199815Z","level":"info"}
{"message":"  event: 'http_request',","level":"info","timestamp":"2026-09-06T06:18:17.883205319Z"}
{"timestamp":"2026-09-06T06:18:17.883209134Z","message":"  ts: '2026-09-06T06:18:17.880Z',","level":"info"}
{"timestamp":"2026-09-06T06:18:17.883212447Z","message":"  requestId: 'bd44bf5b-13ea-40dc-8417-e46a92781949',","level":"info"}
{"level":"info","message":"  method: 'OPTIONS',","timestamp":"2026-09-06T06:18:17.883215452Z"}
{"message":"  route: '/api/v2/events',","timestamp":"2026-09-06T06:18:17.883218448Z","level":"info"}
{"level":"info","timestamp":"2026-09-06T06:18:17.883221128Z","message":"  status: 204,"}
{"level":"info","message":"  durationMs: 0","timestamp":"2026-09-06T06:18:17.883223790Z"}
{"timestamp":"2026-09-06T06:18:17.883226811Z","level":"info","message":"}"}
{"timestamp":"2026-09-06T06:18:18.058828874Z","level":"error","message":"[ops] {"}
{"message":"  event: 'security.app_check_rejected',","timestamp":"2026-09-06T06:18:18.058833343Z","level":"error"}
{"message":"  ts: '2026-09-06T06:18:18.050Z',","level":"error","timestamp":"2026-09-06T06:18:18.058836649Z"}
{"timestamp":"2026-09-06T06:18:18.058839421Z","message":"  reason: 'missing_token',","level":"error"}
{"timestamp":"2026-09-06T06:18:18.058842107Z","level":"error","message":"  mode: 'monitor',"}
{"timestamp":"2026-09-06T06:18:18.058845086Z","level":"error","message":"  route: '/api/v2/events'"}
{"timestamp":"2026-09-06T06:18:18.058847800Z","level":"error","message":"}"}
{"timestamp":"2026-09-06T06:18:18.666437307Z","level":"info","message":"[ops] {"}
{"level":"info","message":"  event: 'http_request',","timestamp":"2026-09-06T06:18:18.666442063Z"}
{"timestamp":"2026-09-06T06:18:18.666445033Z","level":"info","message":"  ts: '2026-09-06T06:18:18.648Z',"}
{"level":"info","message":"  requestId: '22fe3bbc-3cca-47cd-9f43-9248b465aa7d',","timestamp":"2026-09-06T06:18:18.666448800Z"}
{"level":"info","message":"  method: 'GET',","timestamp":"2026-09-06T06:18:18.666451537Z"}
{"level":"info","timestamp":"2026-09-06T06:18:18.666454480Z","message":"  route: '/api/v2/events',"}
{"level":"info","timestamp":"2026-09-06T06:18:18.666457310Z","message":"  status: 200,"}
{"message":"  durationMs: 598","timestamp":"2026-09-06T06:18:18.666460037Z","level":"info"}
{"level":"info","message":"}","timestamp":"2026-09-06T06:18:18.666462832Z"}
{"timestamp":"2026-09-06T06:18:18.776005308Z","level":"info","message":"[ops] {"}
{"level":"info","timestamp":"2026-09-06T06:18:18.776008574Z","message":"  event: 'http_request',"}
{"message":"  ts: '2026-09-06T06:18:18.775Z',","level":"info","timestamp":"2026-09-06T06:18:18.776011978Z"}
{"message":"  requestId: 'e87ff8f3-a7cb-4517-abac-75848f376975',","timestamp":"2026-09-06T06:18:18.776015179Z","level":"info"}
{"timestamp":"2026-09-06T06:18:18.776018932Z","level":"info","message":"  method: 'OPTIONS',"}
{"message":"  route: '/api/studio/mcp/status',","timestamp":"2026-09-06T06:18:18.776022248Z","level":"info"}
{"message":"  status: 204,","level":"info","timestamp":"2026-09-06T06:18:18.776025388Z"}
{"timestamp":"2026-09-06T06:18:18.776028388Z","message":"  durationMs: 0","level":"info"}
{"message":"}","timestamp":"2026-09-06T06:18:18.776031677Z","level":"info"}
{"level":"info","message":"[ops] {","timestamp":"2026-09-06T06:18:18.782096517Z"}
{"level":"info","message":"  event: 'http_request',","timestamp":"2026-09-06T06:18:18.782100425Z"}
{"message":"  ts: '2026-09-06T06:18:18.777Z',","timestamp":"2026-09-06T06:18:18.782103504Z","level":"info"}
{"level":"info","message":"  requestId: '3291d322-d999-4e8f-9be1-231c50566425',","timestamp":"2026-09-06T06:18:18.782106271Z"}
{"timestamp":"2026-09-06T06:18:18.782109069Z","message":"  method: 'OPTIONS',","level":"info"}
{"level":"info","timestamp":"2026-09-06T06:18:18.782111733Z","message":"  route: '/api/studio/status',"}
{"level":"info","message":"  status: 204,","timestamp":"2026-09-06T06:18:18.782114372Z"}
{"timestamp":"2026-09-06T06:18:18.782117044Z","level":"info","message":"  durationMs: 0"}
{"message":"}","timestamp":"2026-09-06T06:18:18.782119770Z","level":"info"}
{"level":"error","timestamp":"2026-09-06T06:18:19.082062545Z","message":"[ops] {"}
{"level":"error","timestamp":"2026-09-06T06:18:19.082065783Z","message":"  event: 'security.app_check_rejected',"}
{"level":"error","message":"  ts: '2026-09-06T06:18:19.054Z',","timestamp":"2026-09-06T06:18:19.082068659Z"}
{"timestamp":"2026-09-06T06:18:19.082071698Z","level":"error","message":"  reason: 'missing_token',"}
{"message":"  mode: 'monitor',","level":"error","timestamp":"2026-09-06T06:18:19.082074742Z"}
{"message":"  route: '/api/studio/mcp/status'","timestamp":"2026-09-06T06:18:19.082077840Z","level":"error"}
{"timestamp":"2026-09-06T06:18:19.082081012Z","level":"error","message":"}"}
{"message":"[ops] {","timestamp":"2026-09-06T06:18:19.082084155Z","level":"error"}
{"timestamp":"2026-09-06T06:18:19.082087780Z","message":"  event: 'security.app_check_rejected',","level":"error"}
{"timestamp":"2026-09-06T06:18:19.082091138Z","level":"error","message":"  ts: '2026-09-06T06:18:19.055Z',"}
{"timestamp":"2026-09-06T06:18:19.082094407Z","level":"error","message":"  reason: 'missing_token',"}
{"level":"error","message":"  mode: 'monitor',","timestamp":"2026-09-06T06:18:19.082097376Z"}
{"level":"error","timestamp":"2026-09-06T06:18:19.082100498Z","message":"  route: '/api/studio/status'"}
{"level":"error","message":"}","timestamp":"2026-09-06T06:18:19.082103474Z"}
{"level":"info","message":"[ops] {","timestamp":"2026-09-06T06:18:19.647199821Z"}
{"level":"info","message":"  durationMs: 378","timestamp":"2026-09-06T06:18:19.647203385Z"}
{"timestamp":"2026-09-06T06:18:19.647207605Z","level":"info","message":"  event: 'http_request',"}
{"message":"}","timestamp":"2026-09-06T06:18:19.647213564Z","level":"info"}
{"timestamp":"2026-09-06T06:18:19.647213963Z","message":"  ts: '2026-09-06T06:18:19.432Z',","level":"info"}
{"timestamp":"2026-09-06T06:18:19.647218528Z","message":"  requestId: 'ae942c42-ff0d-4e2f-9f63-3ddf29286b1a',","level":"info"}
{"message":"  method: 'GET',","timestamp":"2026-09-06T06:18:19.647221920Z","level":"info"}
{"message":"  route: '/api/studio/mcp/status',","timestamp":"2026-09-06T06:18:19.647225586Z","level":"info"}
{"level":"info","timestamp":"2026-09-06T06:18:19.647229344Z","message":"  status: 200,"}
{"timestamp":"2026-09-06T06:18:19.798507147Z","message":"[ops] {","level":"info"}
{"message":"  event: 'http_request',","timestamp":"2026-09-06T06:18:19.798516552Z","level":"info"}
{"message":"  ts: '2026-09-06T06:18:19.784Z',","timestamp":"2026-09-06T06:18:19.798522269Z","level":"info"}
{"message":"  requestId: '8894ee10-9b8d-4b1b-8b71-650568dd1090',","level":"info","timestamp":"2026-09-06T06:18:19.798526889Z"}
{"timestamp":"2026-09-06T06:18:19.798534573Z","level":"info","message":"  method: 'GET',"}
{"message":"  route: '/api/studio/status',","timestamp":"2026-09-06T06:18:19.798539552Z","level":"info"}
{"level":"info","message":"  status: 200,","timestamp":"2026-09-06T06:18:19.798545046Z"}
{"message":"  durationMs: 730","level":"info","timestamp":"2026-09-06T06:18:19.798549484Z"}
{"timestamp":"2026-09-06T06:18:19.798553807Z","message":"}","level":"info"}
{"message":"[ops] {","timestamp":"2026-09-06T06:18:20.635207660Z","level":"info"}
{"timestamp":"2026-09-06T06:18:20.635210926Z","level":"info","message":"  event: 'http_request',"}
{"timestamp":"2026-09-06T06:18:20.635214253Z","message":"  ts: '2026-09-06T06:18:20.374Z',","level":"info"}
{"message":"  requestId: '20bed6dd-45e8-4c41-802d-7e00c5af20cc',","timestamp":"2026-09-06T06:18:20.635217731Z","level":"info"}
{"message":"  method: 'OPTIONS',","timestamp":"2026-09-06T06:18:20.635221857Z","level":"info"}
{"message":"  route: '/api/v2/events',","timestamp":"2026-09-06T06:18:20.635225480Z","level":"info"}
{"message":"  status: 204,","level":"info","timestamp":"2026-09-06T06:18:20.635228923Z"}
{"message":"  durationMs: 0","timestamp":"2026-09-06T06:18:20.635232514Z","level":"info"}
{"level":"info","message":"}","timestamp":"2026-09-06T06:18:20.635235907Z"}
{"timestamp":"2026-09-06T06:18:20.635239400Z","level":"error","message":"[ops] {"}
{"timestamp":"2026-09-06T06:18:20.635243977Z","level":"error","message":"  event: 'security.app_check_rejected',"}
{"message":"  ts: '2026-09-06T06:18:20.537Z',","level":"error","timestamp":"2026-09-06T06:18:20.635247351Z"}
{"message":"  reason: 'missing_token',","level":"error","timestamp":"2026-09-06T06:18:20.635250679Z"}
{"level":"error","timestamp":"2026-09-06T06:18:20.635254626Z","message":"  mode: 'monitor',"}
{"message":"  route: '/api/v2/events'","timestamp":"2026-09-06T06:18:20.635258168Z","level":"error"}
{"level":"error","message":"}","timestamp":"2026-09-06T06:18:20.635261278Z"}
{"timestamp":"2026-09-06T06:18:21.116736005Z","level":"info","message":"[ops] {"}
{"timestamp":"2026-09-06T06:18:21.116738825Z","level":"info","message":"  event: 'http_request',"}
{"level":"info","message":"  ts: '2026-09-06T06:18:21.112Z',","timestamp":"2026-09-06T06:18:21.116742956Z"}
{"message":"  requestId: 'a2f24f2d-be53-4861-9d99-12c0e8ee7e0e',","level":"info","timestamp":"2026-09-06T06:18:21.116747391Z"}
{"level":"info","timestamp":"2026-09-06T06:18:21.116751853Z","message":"  method: 'GET',"}
{"level":"info","message":"  route: '/api/v2/events',","timestamp":"2026-09-06T06:18:21.116755472Z"}
{"message":"  status: 200,","level":"info","timestamp":"2026-09-06T06:18:21.116758153Z"}
{"message":"  durationMs: 575","timestamp":"2026-09-06T06:18:21.116761511Z","level":"info"}
{"message":"}","timestamp":"2026-09-06T06:18:21.116764351Z","level":"info"}
{"message":"  requestId: '0d39a331-f0ff-443a-b4f7-d9c136526f8a',","level":"info","timestamp":"2026-09-06T06:18:21.825838312Z"}
{"level":"info","message":"  method: 'POST',","timestamp":"2026-09-06T06:18:21.825846086Z"}
{"level":"info","message":"  route: '/api/studio/session/ping',","timestamp":"2026-09-06T06:18:21.825850580Z"}
{"level":"info","message":"[ops] {","timestamp":"2026-09-06T06:18:21.825855343Z"}
{"timestamp":"2026-09-06T06:18:21.825855501Z","message":"  status: 200,","level":"info"}
{"message":"  event: 'studio.plugin_compatibility_handshake',","timestamp":"2026-09-06T06:18:21.825860419Z","level":"info"}
{"message":"  durationMs: 560","timestamp":"2026-09-06T06:18:21.825860518Z","level":"info"}
{"timestamp":"2026-09-06T06:18:21.825866407Z","message":"  ts: '2026-09-06T06:18:21.806Z',","level":"info"}
{"message":"}","timestamp":"2026-09-06T06:18:21.825866721Z","level":"info"}
{"message":"  requestId: '0d39a331-f0ff-443a-b4f7-d9c136526f8a',","level":"info","timestamp":"2026-09-06T06:18:21.825870366Z"}
{"message":"  sessionId: 'MLq8J3mhz56J6BRsAeQe',","level":"info","timestamp":"2026-09-06T06:18:21.825873363Z"}
{"message":"  userId: '0VSQotqOXxPXBLeQu1gUNkXELWH3',","timestamp":"2026-09-06T06:18:21.825876268Z","level":"info"}
{"level":"info","timestamp":"2026-09-06T06:18:21.825879296Z","message":"  status: 'compatible',"}
{"timestamp":"2026-09-06T06:18:21.825883569Z","message":"  reasonCodes: [],","level":"info"}
{"timestamp":"2026-09-06T06:18:21.825891169Z","level":"info","message":"  buildId: 'nexusrbx-studio-0.14.0-r15-animation.12-toolbox',"}
{"level":"info","timestamp":"2026-09-06T06:18:21.825895277Z","message":"  attestationWritten: false,"}
{"message":"  repairDurationMs: 504","timestamp":"2026-09-06T06:18:21.825898787Z","level":"info"}
{"timestamp":"2026-09-06T06:18:21.825902559Z","message":"}","level":"info"}
{"timestamp":"2026-09-06T06:18:21.825905991Z","level":"info","message":"[ops] {"}
{"level":"info","message":"  event: 'http_request',","timestamp":"2026-09-06T06:18:21.825908925Z"}
{"message":"  ts: '2026-09-06T06:18:21.807Z',","timestamp":"2026-09-06T06:18:21.825912094Z","level":"info"}
{"timestamp":"2026-09-06T06:18:22.895195333Z","message":"[ops] {","level":"info"}
{"timestamp":"2026-09-06T06:18:22.895197918Z","level":"info","message":"  event: 'http_request',"}
{"message":"  ts: '2026-09-06T06:18:22.886Z',","level":"info","timestamp":"2026-09-06T06:18:22.895200593Z"}
{"timestamp":"2026-09-06T06:18:22.895203807Z","message":"  requestId: '64355d12-bd4e-4f3a-b9d9-59c93338f4c8',","level":"info"}
{"level":"info","timestamp":"2026-09-06T06:18:22.895207151Z","message":"  method: 'OPTIONS',"}
{"level":"info","message":"  route: '/api/v2/events',","timestamp":"2026-09-06T06:18:22.895209712Z"}
{"level":"info","message":"  status: 204,","timestamp":"2026-09-06T06:18:22.895212475Z"}
{"message":"  durationMs: 0","timestamp":"2026-09-06T06:18:22.895215083Z","level":"info"}
{"message":"}","timestamp":"2026-09-06T06:18:22.895217611Z","level":"info"}
{"timestamp":"2026-09-06T06:18:23.054630009Z","level":"error","message":"[ops] {"}
{"timestamp":"2026-09-06T06:18:23.054636424Z","message":"  event: 'security.app_check_rejected',","level":"error"}
{"level":"error","timestamp":"2026-09-06T06:18:23.054640637Z","message":"  ts: '2026-09-06T06:18:23.053Z',"}
{"message":"  reason: 'missing_token',","timestamp":"2026-09-06T06:18:23.054643774Z","level":"error"}
{"message":"  mode: 'monitor',","timestamp":"2026-09-06T06:18:23.054646462Z","level":"error"}
{"timestamp":"2026-09-06T06:18:23.054649220Z","level":"error","message":"  route: '/api/v2/events'"}
{"timestamp":"2026-09-06T06:18:23.054652571Z","message":"}","level":"error"}
{"level":"info","timestamp":"2026-09-06T06:18:23.677538877Z","message":"[ops] {"}
{"message":"  event: 'http_request',","timestamp":"2026-09-06T06:18:23.677545351Z","level":"info"}
{"timestamp":"2026-09-06T06:18:23.677551596Z","level":"info","message":"  ts: '2026-09-06T06:18:23.675Z',"}
{"message":"  requestId: '1a8dc8ff-15eb-4c02-9beb-319c35274149',","timestamp":"2026-09-06T06:18:23.677555391Z","level":"info"}
{"level":"info","message":"  method: 'GET',","timestamp":"2026-09-06T06:18:23.677559361Z"}
{"level":"info","message":"  route: '/api/v2/events',","timestamp":"2026-09-06T06:18:23.677563490Z"}
{"level":"info","message":"  status: 200,","timestamp":"2026-09-06T06:18:23.677567280Z"}
{"timestamp":"2026-09-06T06:18:23.677571314Z","message":"  durationMs: 623","level":"info"}
{"level":"info","message":"}","timestamp":"2026-09-06T06:18:23.677575739Z"}
{"level":"error","timestamp":"2026-09-06T06:18:25.683865135Z","message":"  mode: 'monitor',"}
{"message":"  route: '/api/v2/events'","timestamp":"2026-09-06T06:18:25.683873410Z","level":"error"}
{"level":"info","message":"}","timestamp":"2026-09-06T06:18:25.683878348Z"}
{"message":"[ops] {","level":"info","timestamp":"2026-09-06T06:18:25.683882684Z"}
{"timestamp":"2026-09-06T06:18:25.683886904Z","message":"[ops] {","level":"error"}
{"timestamp":"2026-09-06T06:18:25.683888399Z","message":"  event: 'http_request',","level":"info"}
{"level":"info","timestamp":"2026-09-06T06:18:25.683893133Z","message":"  ts: '2026-09-06T06:18:25.371Z',"}
{"timestamp":"2026-09-06T06:18:25.683895717Z","level":"error","message":"  event: 'security.app_check_rejected',"}
{"message":"  requestId: '921ea372-516c-46c7-89af-7eb80124cc6f',","level":"info","timestamp":"2026-09-06T06:18:25.683898298Z"}
{"message":"  method: 'OPTIONS',","timestamp":"2026-09-06T06:18:25.683903146Z","level":"info"}
{"level":"error","message":"  ts: '2026-09-06T06:18:25.538Z',","timestamp":"2026-09-06T06:18:25.683905633Z"}
{"message":"  route: '/api/v2/agents/active',","timestamp":"2026-09-06T06:18:25.683908708Z","level":"info"}
{"level":"error","message":"  reason: 'missing_token',","timestamp":"2026-09-06T06:18:25.683913254Z"}
{"level":"info","timestamp":"2026-09-06T06:18:25.683915877Z","message":"  status: 204,"}
{"timestamp":"2026-09-06T06:18:25.683919835Z","level":"error","message":"  mode: 'monitor',"}
{"message":"  durationMs: 0","timestamp":"2026-09-06T06:18:25.683924710Z","level":"info"}
{"level":"error","message":"  route: '/api/v2/agents/active'","timestamp":"2026-09-06T06:18:25.683926704Z"}
{"level":"info","timestamp":"2026-09-06T06:18:25.683932262Z","message":"}"}
{"level":"error","message":"}","timestamp":"2026-09-06T06:18:25.683933027Z"}
{"message":"[ops] {","timestamp":"2026-09-06T06:18:25.683939096Z","level":"error"}
{"level":"info","timestamp":"2026-09-06T06:18:25.683939245Z","message":"[ops] {"}
{"level":"info","message":"  event: 'http_request',","timestamp":"2026-09-06T06:18:25.683945133Z"}
{"message":"  event: 'security.app_check_rejected',","timestamp":"2026-09-06T06:18:25.683946726Z","level":"error"}
{"message":"  ts: '2026-09-06T06:18:25.372Z',","timestamp":"2026-09-06T06:18:25.683952001Z","level":"info"}
{"message":"  ts: '2026-09-06T06:18:25.557Z',","level":"error","timestamp":"2026-09-06T06:18:25.683952217Z"}
{"timestamp":"2026-09-06T06:18:25.683958126Z","level":"error","message":"  reason: 'missing_token',"}
{"message":"  requestId: 'b8a0bfa5-cb23-426e-9039-b8431c62ced3',","timestamp":"2026-09-06T06:18:25.683958241Z","level":"info"}
{"message":"  method: 'OPTIONS',","timestamp":"2026-09-06T06:18:25.683962541Z","level":"info"}
{"level":"info","message":"  route: '/api/v2/events',","timestamp":"2026-09-06T06:18:25.683966508Z"}
{"level":"info","message":"  status: 204,","timestamp":"2026-09-06T06:18:25.683969569Z"}
{"timestamp":"2026-09-06T06:18:25.683972774Z","level":"info","message":"  durationMs: 0"}
{"message":"  status: 200,","level":"info","timestamp":"2026-09-06T06:18:25.684457446Z"}
{"message":"  durationMs: 59","timestamp":"2026-09-06T06:18:25.684462357Z","level":"info"}
{"level":"info","message":"}","timestamp":"2026-09-06T06:18:25.684467283Z"}
{"message":"}","level":"error","timestamp":"2026-09-06T06:18:25.684475663Z"}
{"level":"info","message":"[ops] {","timestamp":"2026-09-06T06:18:25.684479470Z"}
{"message":"  event: 'http_request',","timestamp":"2026-09-06T06:18:25.684482308Z","level":"info"}
{"level":"info","message":"  ts: '2026-09-06T06:18:25.596Z',","timestamp":"2026-09-06T06:18:25.684484958Z"}
{"level":"info","message":"  requestId: 'e408bad1-b24a-4e27-bc61-36a196b7d00f',","timestamp":"2026-09-06T06:18:25.684487926Z"}
{"timestamp":"2026-09-06T06:18:25.684491737Z","level":"info","message":"  method: 'GET',"}
{"message":"  route: '/api/v2/agents/active',","timestamp":"2026-09-06T06:18:25.684494454Z","level":"info"}
{"level":"info","timestamp":"2026-09-06T06:18:26.191078434Z","message":"}"}
{"timestamp":"2026-09-06T06:18:26.191097757Z","message":"[ops] {","level":"info"}
{"message":"  event: 'http_request',","level":"info","timestamp":"2026-09-06T06:18:26.191104286Z"}
{"message":"  ts: '2026-09-06T06:18:26.187Z',","timestamp":"2026-09-06T06:18:26.191108276Z","level":"info"}
{"level":"info","timestamp":"2026-09-06T06:18:26.191112172Z","message":"  requestId: 'f95909e7-6b92-4000-b66b-6007c6f7e0b8',"}
{"timestamp":"2026-09-06T06:18:26.191115935Z","message":"  method: 'GET',","level":"info"}
{"message":"  route: '/api/v2/events',","level":"info","timestamp":"2026-09-06T06:18:26.191120105Z"}
{"timestamp":"2026-09-06T06:18:26.191123782Z","message":"  status: 200,","level":"info"}
{"timestamp":"2026-09-06T06:18:26.191127422Z","level":"info","message":"  durationMs: 630"}
{"timestamp":"2026-09-06T06:18:27.940742876Z","message":"[ops] {","level":"info"}
{"level":"info","timestamp":"2026-09-06T06:18:27.940747890Z","message":"  event: 'http_request',"}
{"level":"info","message":"  ts: '2026-09-06T06:18:27.873Z',","timestamp":"2026-09-06T06:18:27.940751343Z"}
{"timestamp":"2026-09-06T06:18:27.940754061Z","message":"  requestId: '3ea03c0f-85b4-4dd3-9a71-728497fa4a97',","level":"info"}
{"message":"  method: 'OPTIONS',","timestamp":"2026-09-06T06:18:27.940758373Z","level":"info"}
{"level":"info","timestamp":"2026-09-06T06:18:27.940761337Z","message":"  route: '/api/v2/events',"}
{"level":"info","message":"  status: 204,","timestamp":"2026-09-06T06:18:27.940764525Z"}
{"timestamp":"2026-09-06T06:18:27.940767269Z","level":"info","message":"  durationMs: 0"}
{"message":"}","timestamp":"2026-09-06T06:18:27.940769939Z","level":"info"}
{"message":"[ops] {","level":"error","timestamp":"2026-09-06T06:18:28.047888670Z"}
{"level":"error","timestamp":"2026-09-06T06:18:28.047893578Z","message":"  event: 'security.app_check_rejected',"}
{"level":"error","timestamp":"2026-09-06T06:18:28.047897127Z","message":"  ts: '2026-09-06T06:18:28.042Z',"}
{"message":"  reason: 'missing_token',","level":"error","timestamp":"2026-09-06T06:18:28.047899978Z"}
{"message":"  mode: 'monitor',","timestamp":"2026-09-06T06:18:28.047902647Z","level":"error"}
{"level":"error","message":"  route: '/api/v2/events'","timestamp":"2026-09-06T06:18:28.047905355Z"}
{"level":"error","message":"}","timestamp":"2026-09-06T06:18:28.047907993Z"}
{"message":"  ts: '2026-09-06T06:18:28.552Z',","level":"error","timestamp":"2026-09-06T06:18:28.702364995Z"}
{"message":"  reason: 'missing_token',","timestamp":"2026-09-06T06:18:28.702373087Z","level":"error"}
{"timestamp":"2026-09-06T06:18:28.702383191Z","level":"info","message":"  status: 204,"}
{"timestamp":"2026-09-06T06:18:28.702391935Z","message":"  durationMs: 0","level":"info"}
{"message":"}","timestamp":"2026-09-06T06:18:28.702396045Z","level":"info"}
{"message":"[ops] {","timestamp":"2026-09-06T06:18:28.702400425Z","level":"info"}
{"timestamp":"2026-09-06T06:18:28.702402431Z","message":"[ops] {","level":"info"}
{"level":"info","timestamp":"2026-09-06T06:18:28.702406640Z","message":"  event: 'http_request',"}
{"level":"info","message":"  event: 'http_request',","timestamp":"2026-09-06T06:18:28.702408477Z"}
{"timestamp":"2026-09-06T06:18:28.702410844Z","message":"  ts: '2026-09-06T06:18:28.390Z',","level":"info"}
{"timestamp":"2026-09-06T06:18:28.702413987Z","message":"  ts: '2026-09-06T06:18:28.479Z',","level":"info"}
{"message":"  requestId: '93b46293-e3e0-47a0-bd31-1df4ccf4b1f3',","level":"info","timestamp":"2026-09-06T06:18:28.702415643Z"}
{"message":"  method: 'OPTIONS',","timestamp":"2026-09-06T06:18:28.702419888Z","level":"info"}
{"timestamp":"2026-09-06T06:18:28.702420563Z","message":"  requestId: '7a79932b-243c-40f5-8543-d1131788a6ff',","level":"info"}
{"timestamp":"2026-09-06T06:18:28.702426026Z","message":"  route: '/api/studio/status',","level":"info"}
{"level":"info","message":"  method: 'POST',","timestamp":"2026-09-06T06:18:28.702427113Z"}
{"message":"  status: 204,","timestamp":"2026-09-06T06:18:28.702433323Z","level":"info"}
{"level":"info","message":"  route: '/api/studio/mcp/session/ping',","timestamp":"2026-09-06T06:18:28.702433447Z"}
{"message":"  durationMs: 0","timestamp":"2026-09-06T06:18:28.702438775Z","level":"info"}
{"level":"info","timestamp":"2026-09-06T06:18:28.702440667Z","message":"  status: 200,"}
{"timestamp":"2026-09-06T06:18:28.702444867Z","message":"  durationMs: 279","level":"info"}
{"level":"info","timestamp":"2026-09-06T06:18:28.702446900Z","message":"}"}
{"level":"info","message":"}","timestamp":"2026-09-06T06:18:28.702450137Z"}
{"message":"[ops] {","level":"info","timestamp":"2026-09-06T06:18:28.702452175Z"}
{"message":"[ops] {","timestamp":"2026-09-06T06:18:28.702455782Z","level":"error"}
{"message":"  event: 'http_request',","timestamp":"2026-09-06T06:18:28.702457806Z","level":"info"}
{"timestamp":"2026-09-06T06:18:28.702461366Z","level":"error","message":"  event: 'security.app_check_rejected',"}
{"message":"  ts: '2026-09-06T06:18:28.397Z',","timestamp":"2026-09-06T06:18:28.702463074Z","level":"info"}
{"message":"  requestId: '4cf7571a-b2e4-4f74-b2e9-d4227194b66d',","timestamp":"2026-09-06T06:18:28.702466059Z","level":"info"}
{"level":"info","timestamp":"2026-09-06T06:18:28.702469100Z","message":"  method: 'OPTIONS',"}
{"level":"info","timestamp":"2026-09-06T06:18:28.702472166Z","message":"  route: '/api/studio/mcp/status',"}
{"level":"error","message":"  mode: 'monitor',","timestamp":"2026-09-06T06:18:28.703334334Z"}
{"timestamp":"2026-09-06T06:18:28.703338040Z","level":"error","message":"  route: '/api/studio/status'"}
{"message":"}","timestamp":"2026-09-06T06:18:28.703341689Z","level":"error"}
{"timestamp":"2026-09-06T06:18:28.703345190Z","level":"error","message":"[ops] {"}
{"timestamp":"2026-09-06T06:18:28.703350837Z","level":"error","message":"  event: 'security.app_check_rejected',"}
{"level":"error","timestamp":"2026-09-06T06:18:28.703355814Z","message":"  ts: '2026-09-06T06:18:28.570Z',"}
{"message":"  reason: 'missing_token',","timestamp":"2026-09-06T06:18:28.703359566Z","level":"error"}
{"message":"  mode: 'monitor',","level":"error","timestamp":"2026-09-06T06:18:28.703363620Z"}
{"message":"  route: '/api/studio/mcp/status'","timestamp":"2026-09-06T06:18:28.703371567Z","level":"error"}
{"timestamp":"2026-09-06T06:18:28.703377097Z","level":"error","message":"}"}
{"timestamp":"2026-09-06T06:18:28.777169878Z","level":"info","message":"[ops] {"}
{"message":"  event: 'http_request',","timestamp":"2026-09-06T06:18:28.777177623Z","level":"info"}
{"message":"  ts: '2026-09-06T06:18:28.770Z',","timestamp":"2026-09-06T06:18:28.777182220Z","level":"info"}
{"message":"  requestId: 'bda006e3-5e0f-4360-a082-769b99de4fc0',","level":"info","timestamp":"2026-09-06T06:18:28.777186301Z"}
{"message":"  method: 'GET',","timestamp":"2026-09-06T06:18:28.777190586Z","level":"info"}
{"timestamp":"2026-09-06T06:18:28.777194505Z","message":"  route: '/api/v2/events',","level":"info"}
{"level":"info","message":"  status: 200,","timestamp":"2026-09-06T06:18:28.777197846Z"}
{"timestamp":"2026-09-06T06:18:28.777201012Z","message":"  durationMs: 728","level":"info"}
{"timestamp":"2026-09-06T06:18:28.777204286Z","level":"info","message":"}"}
{"message":"[ops] {","timestamp":"2026-09-06T06:18:28.954696377Z","level":"info"}
{"message":"  event: 'http_request',","timestamp":"2026-09-06T06:18:28.954707716Z","level":"info"}
{"message":"  ts: '2026-09-06T06:18:28.949Z',","timestamp":"2026-09-06T06:18:28.954712585Z","level":"info"}
{"timestamp":"2026-09-06T06:18:28.954716294Z","level":"info","message":"  requestId: '84ba0843-3fe6-4e87-9cb5-7284300ce595',"}
{"message":"  method: 'GET',","timestamp":"2026-09-06T06:18:28.954720955Z","level":"info"}
{"timestamp":"2026-09-06T06:18:28.954725057Z","message":"  route: '/api/studio/mcp/status',","level":"info"}
{"message":"  status: 200,","timestamp":"2026-09-06T06:18:28.954729875Z","level":"info"}
{"timestamp":"2026-09-06T06:18:28.954733466Z","message":"  durationMs: 379","level":"info"}
{"level":"info","message":"}","timestamp":"2026-09-06T06:18:28.954736703Z"}
{"level":"info","timestamp":"2026-09-06T06:18:29.168888737Z","message":"[ops] {"}
{"level":"info","timestamp":"2026-09-06T06:18:29.168913085Z","message":"  event: 'http_request',"}
{"timestamp":"2026-09-06T06:18:29.168918907Z","level":"info","message":"  ts: '2026-09-06T06:18:29.161Z',"}
{"level":"info","timestamp":"2026-09-06T06:18:29.168923274Z","message":"  requestId: '5fce4009-1368-48a1-93d0-91642ec22741',"}
{"timestamp":"2026-09-06T06:18:29.168927813Z","level":"info","message":"  method: 'GET',"}
{"timestamp":"2026-09-06T06:18:29.168932106Z","message":"  route: '/api/studio/status',","level":"info"}
{"message":"  status: 200,","timestamp":"2026-09-06T06:18:29.168936460Z","level":"info"}
{"timestamp":"2026-09-06T06:18:29.168941184Z","level":"info","message":"  durationMs: 610"}
{"level":"info","timestamp":"2026-09-06T06:18:29.168945013Z","message":"}"}
{"message":"[ops] {","timestamp":"2026-09-06T06:18:29.963610305Z","level":"info"}
{"message":"  event: 'studio.plugin_compatibility_handshake',","level":"info","timestamp":"2026-09-06T06:18:29.963617846Z"}
{"message":"  ts: '2026-09-06T06:18:29.959Z',","timestamp":"2026-09-06T06:18:29.963622650Z","level":"info"}
{"level":"info","message":"  requestId: '2d4d8382-a842-4032-9868-6256515e3e7f',","timestamp":"2026-09-06T06:18:29.963626616Z"}
{"message":"  sessionId: 'MLq8J3mhz56J6BRsAeQe',","timestamp":"2026-09-06T06:18:29.963630543Z","level":"info"}
{"level":"info","message":"  userId: '0VSQotqOXxPXBLeQu1gUNkXELWH3',","timestamp":"2026-09-06T06:18:29.963634330Z"}
{"level":"info","message":"  status: 'compatible',","timestamp":"2026-09-06T06:18:29.963637817Z"}
{"timestamp":"2026-09-06T06:18:29.963641597Z","message":"  reasonCodes: [],","level":"info"}
{"timestamp":"2026-09-06T06:18:29.963645497Z","message":"  buildId: 'nexusrbx-studio-0.14.0-r15-animation.12-toolbox',","level":"info"}
{"level":"info","message":"  attestationWritten: false,","timestamp":"2026-09-06T06:18:29.963649357Z"}
{"level":"info","message":"  repairDurationMs: 779","timestamp":"2026-09-06T06:18:29.963652747Z"}
{"message":"}","level":"info","timestamp":"2026-09-06T06:18:29.963656425Z"}
{"level":"info","message":"[ops] {","timestamp":"2026-09-06T06:18:29.963660830Z"}
{"message":"  event: 'http_request',","timestamp":"2026-09-06T06:18:29.963664642Z","level":"info"}
{"timestamp":"2026-09-06T06:18:29.963667903Z","message":"  ts: '2026-09-06T06:18:29.959Z',","level":"info"}
{"message":"  requestId: '2d4d8382-a842-4032-9868-6256515e3e7f',","level":"info","timestamp":"2026-09-06T06:18:29.963671130Z"}
{"level":"info","message":"  method: 'POST',","timestamp":"2026-09-06T06:18:29.963675258Z"}
{"timestamp":"2026-09-06T06:18:29.963679651Z","message":"  route: '/api/studio/session/ping',","level":"info"}
{"message":"  status: 200,","level":"info","timestamp":"2026-09-06T06:18:29.963684145Z"}
{"message":"  durationMs: 837","level":"info","timestamp":"2026-09-06T06:18:29.963688243Z"}
{"timestamp":"2026-09-06T06:18:29.963692226Z","level":"info","message":"}"}
{"message":"  route: '/api/v2/events'","timestamp":"2026-09-06T06:18:30.713215818Z","level":"error"}
{"level":"error","message":"}","timestamp":"2026-09-06T06:18:30.713225946Z"}
{"level":"info","timestamp":"2026-09-06T06:18:30.713368648Z","message":"[ops] {"}
{"message":"  event: 'http_request',","timestamp":"2026-09-06T06:18:30.713372500Z","level":"info"}
{"message":"  ts: '2026-09-06T06:18:30.377Z',","level":"info","timestamp":"2026-09-06T06:18:30.713375471Z"}
{"level":"info","message":"  requestId: '96d8a146-bb77-4654-a6d7-346f0f158a6e',","timestamp":"2026-09-06T06:18:30.713378775Z"}
{"level":"info","message":"  method: 'OPTIONS',","timestamp":"2026-09-06T06:18:30.713382432Z"}
{"level":"info","message":"  route: '/api/v2/events',","timestamp":"2026-09-06T06:18:30.713386098Z"}
{"message":"  status: 204,","timestamp":"2026-09-06T06:18:30.713389078Z","level":"info"}
{"message":"  durationMs: 0","timestamp":"2026-09-06T06:18:30.713392481Z","level":"info"}
{"level":"info","message":"}","timestamp":"2026-09-06T06:18:30.713395764Z"}
{"timestamp":"2026-09-06T06:18:30.713399368Z","message":"[ops] {","level":"error"}
{"timestamp":"2026-09-06T06:18:30.713402918Z","level":"error","message":"  event: 'security.app_check_rejected',"}
{"timestamp":"2026-09-06T06:18:30.713405761Z","level":"error","message":"  ts: '2026-09-06T06:18:30.543Z',"}
{"timestamp":"2026-09-06T06:18:30.713408927Z","level":"error","message":"  reason: 'missing_token',"}
{"message":"  mode: 'monitor',","level":"error","timestamp":"2026-09-06T06:18:30.713412061Z"}
{"timestamp":"2026-09-06T06:18:31.090170738Z","message":"[ops] {","level":"info"}
{"message":"  event: 'http_request',","timestamp":"2026-09-06T06:18:31.090175496Z","level":"info"}
{"level":"info","message":"  ts: '2026-09-06T06:18:31.088Z',","timestamp":"2026-09-06T06:18:31.090178567Z"}
{"message":"  requestId: '822dced6-f672-4024-8736-a6dd86af0111',","timestamp":"2026-09-06T06:18:31.090181815Z","level":"info"}
{"message":"  method: 'GET',","timestamp":"2026-09-06T06:18:31.090184541Z","level":"info"}
{"level":"info","message":"  route: '/api/v2/events',","timestamp":"2026-09-06T06:18:31.090189147Z"}
{"timestamp":"2026-09-06T06:18:31.090192279Z","message":"  status: 200,","level":"info"}
{"level":"info","message":"  durationMs: 545","timestamp":"2026-09-06T06:18:31.090195362Z"}
{"message":"}","timestamp":"2026-09-06T06:18:31.090198131Z","level":"info"}
{"timestamp":"2026-09-06T06:18:32.893014612Z","level":"info","message":"[ops] {"}
{"timestamp":"2026-09-06T06:18:32.893020060Z","message":"  event: 'http_request',","level":"info"}
{"level":"info","message":"  ts: '2026-09-06T06:18:32.877Z',","timestamp":"2026-09-06T06:18:32.893024144Z"}
{"message":"  requestId: 'd21354ba-c84f-4621-a6f3-304593f60f15',","timestamp":"2026-09-06T06:18:32.893027127Z","level":"info"}
{"message":"  method: 'OPTIONS',","timestamp":"2026-09-06T06:18:32.893030714Z","level":"info"}
{"level":"info","timestamp":"2026-09-06T06:18:32.893033795Z","message":"  route: '/api/v2/events',"}
{"timestamp":"2026-09-06T06:18:32.893036574Z","message":"  status: 204,","level":"info"}
{"level":"info","timestamp":"2026-09-06T06:18:32.893039430Z","message":"  durationMs: 0"}
{"timestamp":"2026-09-06T06:18:32.893042305Z","level":"info","message":"}"}
{"timestamp":"2026-09-06T06:18:33.058768961Z","message":"[ops] {","level":"error"}
{"timestamp":"2026-09-06T06:18:33.058777259Z","level":"error","message":"  event: 'security.app_check_rejected',"}
{"level":"error","timestamp":"2026-09-06T06:18:33.058781629Z","message":"  ts: '2026-09-06T06:18:33.040Z',"}
{"timestamp":"2026-09-06T06:18:33.058785047Z","level":"error","message":"  reason: 'missing_token',"}
{"message":"  mode: 'monitor',","level":"error","timestamp":"2026-09-06T06:18:33.058788709Z"}
{"level":"error","message":"  route: '/api/v2/events'","timestamp":"2026-09-06T06:18:33.058792241Z"}
{"message":"}","timestamp":"2026-09-06T06:18:33.058795473Z","level":"error"}
{"message":"  method: 'GET',","level":"info","timestamp":"2026-09-06T06:18:33.751170191Z"}
{"level":"info","message":"  route: '/api/v2/events',","timestamp":"2026-09-06T06:18:33.751185966Z"}
{"level":"info","timestamp":"2026-09-06T06:18:33.751192115Z","message":"  status: 200,"}
{"timestamp":"2026-09-06T06:18:33.751192977Z","level":"info","message":"  event: 'http_request',"}
{"level":"info","message":"  durationMs: 563","timestamp":"2026-09-06T06:18:33.751198313Z"}
{"timestamp":"2026-09-06T06:18:33.751203126Z","level":"info","message":"}"}
{"timestamp":"2026-09-06T06:18:33.751205603Z","message":"  ts: '2026-09-06T06:18:33.603Z',","level":"info"}
{"level":"info","message":"  requestId: '609f0e4a-30c4-4e40-8766-7508d3e0831d',","timestamp":"2026-09-06T06:18:33.751214445Z"}
{"timestamp":"2026-09-06T06:18:33.751217926Z","message":"[ops] {","level":"info"}
{"level":"info","timestamp":"2026-09-06T06:18:34.966748392Z","message":"[ops] {"}
{"level":"info","timestamp":"2026-09-06T06:18:34.966752510Z","message":"  event: 'http_request',"}
{"level":"info","message":"  ts: '2026-09-06T06:18:34.964Z',","timestamp":"2026-09-06T06:18:34.966757146Z"}
{"message":"  requestId: '3015609e-f66c-4248-a1ec-d637fb269ee0',","timestamp":"2026-09-06T06:18:34.966760949Z","level":"info"}
{"message":"  method: 'OPTIONS',","level":"info","timestamp":"2026-09-06T06:18:34.966764652Z"}
{"level":"info","message":"  route: '/api/studio/status',","timestamp":"2026-09-06T06:18:34.966768708Z"}
{"message":"  status: 204,","timestamp":"2026-09-06T06:18:34.966772710Z","level":"info"}
{"message":"  durationMs: 0","timestamp":"2026-09-06T06:18:34.966778645Z","level":"info"}
{"message":"}","timestamp":"2026-09-06T06:18:34.966782092Z","level":"info"}
{"message":"[ops] {","level":"info","timestamp":"2026-09-06T06:18:34.966785476Z"}
{"message":"  event: 'http_request',","level":"info","timestamp":"2026-09-06T06:18:34.966788361Z"}
{"level":"info","message":"  ts: '2026-09-06T06:18:34.965Z',","timestamp":"2026-09-06T06:18:34.966791336Z"}
{"timestamp":"2026-09-06T06:18:34.966794348Z","level":"info","message":"  requestId: 'a2cf80fe-5edc-406c-9b7a-2daa6da14d4d',"}
{"message":"  method: 'OPTIONS',","timestamp":"2026-09-06T06:18:34.966798824Z","level":"info"}
{"timestamp":"2026-09-06T06:18:34.966803225Z","level":"info","message":"  route: '/api/studio/mcp/status',"}
{"level":"info","timestamp":"2026-09-06T06:18:34.966806743Z","message":"  status: 204,"}
{"timestamp":"2026-09-06T06:18:34.966809893Z","level":"info","message":"  durationMs: 0"}
{"timestamp":"2026-09-06T06:18:34.966813733Z","message":"}","level":"info"}
{"level":"error","message":"[ops] {","timestamp":"2026-09-06T06:18:35.135407447Z"}
{"message":"  event: 'security.app_check_rejected',","timestamp":"2026-09-06T06:18:35.135412416Z","level":"error"}
{"message":"  ts: '2026-09-06T06:18:35.134Z',","level":"error","timestamp":"2026-09-06T06:18:35.135416702Z"}
{"message":"  reason: 'missing_token',","timestamp":"2026-09-06T06:18:35.135419742Z","level":"error"}
{"message":"  mode: 'monitor',","timestamp":"2026-09-06T06:18:35.135422574Z","level":"error"}
{"message":"  route: '/api/studio/status'","timestamp":"2026-09-06T06:18:35.135425402Z","level":"error"}
{"message":"}","timestamp":"2026-09-06T06:18:35.135428299Z","level":"error"}
{"message":"[ops] {","timestamp":"2026-09-06T06:18:35.137095344Z","level":"error"}
{"message":"  event: 'security.app_check_rejected',","timestamp":"2026-09-06T06:18:35.137099507Z","level":"error"}
{"message":"  ts: '2026-09-06T06:18:35.135Z',","timestamp":"2026-09-06T06:18:35.137102957Z","level":"error"}
{"message":"  reason: 'missing_token',","timestamp":"2026-09-06T06:18:35.137105867Z","level":"error"}
{"timestamp":"2026-09-06T06:18:35.137109140Z","message":"  mode: 'monitor',","level":"error"}
{"message":"  route: '/api/studio/mcp/status'","timestamp":"2026-09-06T06:18:35.137112046Z","level":"error"}
{"timestamp":"2026-09-06T06:18:35.137114807Z","level":"error","message":"}"}
{"level":"error","message":"  ts: '2026-09-06T06:18:35.552Z',","timestamp":"2026-09-06T06:18:35.721455626Z"}
{"timestamp":"2026-09-06T06:18:35.721464980Z","level":"error","message":"  reason: 'missing_token',"}
{"timestamp":"2026-09-06T06:18:35.721469100Z","message":"  mode: 'monitor',","level":"error"}
{"message":"  route: '/api/v2/events'","level":"error","timestamp":"2026-09-06T06:18:35.721473158Z"}
{"message":"[ops] {","level":"info","timestamp":"2026-09-06T06:18:35.721478626Z"}
{"message":"}","timestamp":"2026-09-06T06:18:35.721479908Z","level":"error"}
{"timestamp":"2026-09-06T06:18:35.721484656Z","level":"info","message":"  event: 'http_request',"}
{"message":"[ops] {","timestamp":"2026-09-06T06:18:35.721486312Z","level":"info"}
{"message":"  ts: '2026-09-06T06:18:35.383Z',","timestamp":"2026-09-06T06:18:35.721489918Z","level":"info"}
{"timestamp":"2026-09-06T06:18:35.721492283Z","message":"  event: 'http_request',","level":"info"}
{"timestamp":"2026-09-06T06:18:35.721494972Z","message":"  requestId: '2e6aa0f2-3bea-4c36-a5fc-472e43f524a2',","level":"info"}
{"timestamp":"2026-09-06T06:18:35.721497409Z","message":"  ts: '2026-09-06T06:18:35.553Z',","level":"info"}
{"message":"  method: 'OPTIONS',","timestamp":"2026-09-06T06:18:35.721500468Z","level":"info"}
{"level":"info","message":"  requestId: '6e396303-99a7-4ab4-89f9-45cad3caef71',","timestamp":"2026-09-06T06:18:35.721503759Z"}
{"level":"info","message":"  route: '/api/v2/events',","timestamp":"2026-09-06T06:18:35.721505783Z"}
{"level":"info","message":"  method: 'GET',","timestamp":"2026-09-06T06:18:35.721509903Z"}
{"level":"info","message":"  status: 204,","timestamp":"2026-09-06T06:18:35.721511452Z"}
{"message":"  route: '/api/studio/mcp/status',","level":"info","timestamp":"2026-09-06T06:18:35.721514975Z"}
{"message":"  durationMs: 0","timestamp":"2026-09-06T06:18:35.721516789Z","level":"info"}
{"timestamp":"2026-09-06T06:18:35.721519728Z","message":"}","level":"info"}
{"timestamp":"2026-09-06T06:18:35.721522641Z","level":"info","message":"[ops] {"}
{"message":"  event: 'http_request',","level":"info","timestamp":"2026-09-06T06:18:35.721525786Z"}
{"level":"info","message":"  ts: '2026-09-06T06:18:35.385Z',","timestamp":"2026-09-06T06:18:35.721529282Z"}
{"message":"  requestId: '622ed4b3-32c2-402f-9c4e-2ca0b5fcaf7b',","timestamp":"2026-09-06T06:18:35.721532452Z","level":"info"}
{"message":"  method: 'OPTIONS',","timestamp":"2026-09-06T06:18:35.721535113Z","level":"info"}
{"message":"  route: '/api/v2/agents/active',","timestamp":"2026-09-06T06:18:35.721537824Z","level":"info"}
{"level":"info","message":"  status: 204,","timestamp":"2026-09-06T06:18:35.721540690Z"}
{"level":"info","message":"  durationMs: 0","timestamp":"2026-09-06T06:18:35.721545890Z"}
{"message":"}","timestamp":"2026-09-06T06:18:35.721548915Z","level":"info"}
{"timestamp":"2026-09-06T06:18:35.721551655Z","level":"error","message":"[ops] {"}
{"timestamp":"2026-09-06T06:18:35.721555113Z","level":"error","message":"  event: 'security.app_check_rejected',"}
{"message":"  status: 200,","timestamp":"2026-09-06T06:18:35.722490814Z","level":"info"}
{"timestamp":"2026-09-06T06:18:35.722494815Z","level":"info","message":"  durationMs: 418"}
{"level":"info","timestamp":"2026-09-06T06:18:35.722499680Z","message":"}"}
{"timestamp":"2026-09-06T06:18:35.722503748Z","message":"[ops] {","level":"error"}
{"message":"  event: 'security.app_check_rejected',","level":"error","timestamp":"2026-09-06T06:18:35.722508430Z"}
{"message":"  ts: '2026-09-06T06:18:35.557Z',","timestamp":"2026-09-06T06:18:35.722512635Z","level":"error"}
{"timestamp":"2026-09-06T06:18:35.722517156Z","level":"error","message":"  reason: 'missing_token',"}
{"message":"  mode: 'monitor',","level":"error","timestamp":"2026-09-06T06:18:35.722521893Z"}
{"level":"error","message":"  route: '/api/v2/agents/active'","timestamp":"2026-09-06T06:18:35.722531547Z"}
{"timestamp":"2026-09-06T06:18:35.722535457Z","message":"}","level":"error"}
{"timestamp":"2026-09-06T06:18:35.722539527Z","level":"info","message":"[ops] {"}
{"message":"  event: 'http_request',","timestamp":"2026-09-06T06:18:35.722543980Z","level":"info"}
{"timestamp":"2026-09-06T06:18:35.722547265Z","message":"  ts: '2026-09-06T06:18:35.652Z',","level":"info"}
{"message":"  requestId: 'cb017795-4625-4be1-ac08-9b9a5d700022',","level":"info","timestamp":"2026-09-06T06:18:35.722551404Z"}
{"message":"  method: 'GET',","level":"info","timestamp":"2026-09-06T06:18:35.722555822Z"}
{"message":"  route: '/api/v2/agents/active',","timestamp":"2026-09-06T06:18:35.722560641Z","level":"info"}
{"level":"info","message":"  status: 200,","timestamp":"2026-09-06T06:18:35.722564970Z"}
{"level":"info","timestamp":"2026-09-06T06:18:35.722568666Z","message":"  durationMs: 96"}
{"timestamp":"2026-09-06T06:18:35.722573204Z","level":"info","message":"}"}
{"level":"info","message":"[ops] {","timestamp":"2026-09-06T06:18:35.745382050Z"}
{"timestamp":"2026-09-06T06:18:35.745386792Z","level":"info","message":"  event: 'http_request',"}
{"level":"info","message":"  ts: '2026-09-06T06:18:35.736Z',","timestamp":"2026-09-06T06:18:35.745390118Z"}
{"level":"info","message":"  requestId: 'a93ca49d-fa06-4a12-af08-cc4ef5826878',","timestamp":"2026-09-06T06:18:35.745393225Z"}
{"message":"  method: 'GET',","timestamp":"2026-09-06T06:18:35.745396294Z","level":"info"}
{"message":"  route: '/api/studio/status',","timestamp":"2026-09-06T06:18:35.745399327Z","level":"info"}
{"timestamp":"2026-09-06T06:18:35.745402229Z","message":"  status: 200,","level":"info"}
{"timestamp":"2026-09-06T06:18:35.745405023Z","level":"info","message":"  durationMs: 602"}
{"message":"}","timestamp":"2026-09-06T06:18:35.745407976Z","level":"info"}
{"level":"info","message":"[ops] {","timestamp":"2026-09-06T06:18:36.208555691Z"}
{"timestamp":"2026-09-06T06:18:36.208565679Z","level":"info","message":"  event: 'http_request',"}
{"level":"info","timestamp":"2026-09-06T06:18:36.208569157Z","message":"  ts: '2026-09-06T06:18:36.204Z',"}
{"level":"info","message":"  requestId: '54a4b15d-ecc4-433b-b758-b98be64b604a',","timestamp":"2026-09-06T06:18:36.208571926Z"}
{"message":"  method: 'GET',","timestamp":"2026-09-06T06:18:36.208574668Z","level":"info"}
{"message":"  route: '/api/v2/events',","timestamp":"2026-09-06T06:18:36.208577813Z","level":"info"}
{"message":"  status: 200,","level":"info","timestamp":"2026-09-06T06:18:36.208583746Z"}
{"level":"info","message":"  durationMs: 653","timestamp":"2026-09-06T06:18:36.208586395Z"}
{"level":"info","message":"}","timestamp":"2026-09-06T06:18:36.208589121Z"}
{"timestamp":"2026-09-06T06:18:37.746513096Z","level":"info","message":"  status: 'compatible',"}
{"message":"  reasonCodes: [],","level":"info","timestamp":"2026-09-06T06:18:37.746521156Z"}
{"level":"info","timestamp":"2026-09-06T06:18:37.746526086Z","message":"  buildId: 'nexusrbx-studio-0.14.0-r15-animation.12-toolbox',"}
{"message":"  attestationWritten: false,","level":"info","timestamp":"2026-09-06T06:18:37.746529806Z"}
{"timestamp":"2026-09-06T06:18:37.746535040Z","message":"  repairDurationMs: 557","level":"info"}
{"level":"info","message":"}","timestamp":"2026-09-06T06:18:37.746540183Z"}
{"level":"info","message":"[ops] {","timestamp":"2026-09-06T06:18:37.746544543Z"}
{"timestamp":"2026-09-06T06:18:37.746548151Z","message":"  event: 'http_request',","level":"info"}
{"level":"info","message":"  ts: '2026-09-06T06:18:37.693Z',","timestamp":"2026-09-06T06:18:37.746551666Z"}
{"message":"  requestId: '310b6531-f852-42fe-a115-7d3013c21aec',","timestamp":"2026-09-06T06:18:37.746556489Z","level":"info"}
{"level":"info","timestamp":"2026-09-06T06:18:37.746560776Z","message":"  method: 'POST',"}
{"message":"  route: '/api/studio/session/ping',","level":"info","timestamp":"2026-09-06T06:18:37.746564047Z"}
{"level":"info","message":"  status: 200,","timestamp":"2026-09-06T06:18:37.746568440Z"}
{"timestamp":"2026-09-06T06:18:37.746571963Z","message":"  durationMs: 611","level":"info"}
{"message":"}","level":"info","timestamp":"2026-09-06T06:18:37.746575600Z"}
{"level":"info","message":"[ops] {","timestamp":"2026-09-06T06:18:37.746591259Z"}
{"timestamp":"2026-09-06T06:18:37.746596027Z","level":"info","message":"  event: 'studio.plugin_compatibility_handshake',"}
{"message":"  ts: '2026-09-06T06:18:37.693Z',","timestamp":"2026-09-06T06:18:37.746600354Z","level":"info"}
{"message":"  requestId: '310b6531-f852-42fe-a115-7d3013c21aec',","timestamp":"2026-09-06T06:18:37.746605170Z","level":"info"}
{"level":"info","timestamp":"2026-09-06T06:18:37.746609490Z","message":"  sessionId: 'MLq8J3mhz56J6BRsAeQe',"}
{"timestamp":"2026-09-06T06:18:37.746614243Z","level":"info","message":"  userId: '0VSQotqOXxPXBLeQu1gUNkXELWH3',"}
{"level":"info","message":"[ops] {","timestamp":"2026-09-06T06:18:37.870974661Z"}
{"level":"info","message":"  event: 'http_request',","timestamp":"2026-09-06T06:18:37.870979736Z"}
{"timestamp":"2026-09-06T06:18:37.870982901Z","level":"info","message":"  ts: '2026-09-06T06:18:37.869Z',"}
{"level":"info","timestamp":"2026-09-06T06:18:37.870985553Z","message":"  requestId: '9f3595cc-7cc0-468e-94be-842760f54e38',"}
{"timestamp":"2026-09-06T06:18:37.870988085Z","level":"info","message":"  method: 'OPTIONS',"}
{"message":"  route: '/api/v2/events',","timestamp":"2026-09-06T06:18:37.870990666Z","level":"info"}
{"message":"  status: 204,","timestamp":"2026-09-06T06:18:37.870993567Z","level":"info"}
{"level":"info","timestamp":"2026-09-06T06:18:37.870996797Z","message":"  durationMs: 0"}
{"timestamp":"2026-09-06T06:18:37.870999396Z","level":"info","message":"}"}
{"level":"error","timestamp":"2026-09-06T06:18:38.062254737Z","message":"[ops] {"}
{"level":"error","timestamp":"2026-09-06T06:18:38.062260217Z","message":"  event: 'security.app_check_rejected',"}
{"timestamp":"2026-09-06T06:18:38.062264522Z","message":"  ts: '2026-09-06T06:18:38.055Z',","level":"error"}
{"message":"  reason: 'missing_token',","level":"error","timestamp":"2026-09-06T06:18:38.062268835Z"}
{"message":"  mode: 'monitor',","level":"error","timestamp":"2026-09-06T06:18:38.062274254Z"}
{"message":"  route: '/api/v2/events'","level":"error","timestamp":"2026-09-06T06:18:38.062278806Z"}
{"level":"error","timestamp":"2026-09-06T06:18:38.062282400Z","message":"}"}
{"level":"info","timestamp":"2026-09-06T06:18:38.773666951Z","message":"  route: '/api/studio/commands/next',"}
{"timestamp":"2026-09-06T06:18:38.773675309Z","level":"info","message":"  status: 204,"}
{"level":"info","message":"  durationMs: 24071","timestamp":"2026-09-06T06:18:38.773680907Z"}
{"message":"}","level":"info","timestamp":"2026-09-06T06:18:38.773685797Z"}
{"level":"info","timestamp":"2026-09-06T06:18:38.773690081Z","message":"[ops] {"}
{"level":"info","timestamp":"2026-09-06T06:18:38.773694104Z","message":"  event: 'http_request',"}
{"level":"info","timestamp":"2026-09-06T06:18:38.773697730Z","message":"  ts: '2026-09-06T06:18:38.607Z',"}
{"level":"info","timestamp":"2026-09-06T06:18:38.773702065Z","message":"  requestId: 'a3b05a24-fab6-450d-aa51-d5d0f571a9bf',"}
{"timestamp":"2026-09-06T06:18:38.773706126Z","message":"  method: 'GET',","level":"info"}
{"message":"  route: '/api/v2/events',","timestamp":"2026-09-06T06:18:38.773711169Z","level":"info"}
{"message":"[ops] {","timestamp":"2026-09-06T06:18:38.773713034Z","level":"info"}
{"message":"  status: 200,","level":"info","timestamp":"2026-09-06T06:18:38.773716433Z"}
{"message":"  event: 'studio.command_polled',","timestamp":"2026-09-06T06:18:38.773717914Z","level":"info"}
{"level":"info","timestamp":"2026-09-06T06:18:38.773722970Z","message":"  durationMs: 553"}
{"timestamp":"2026-09-06T06:18:38.773723064Z","level":"info","message":"  ts: '2026-09-06T06:18:38.590Z',"}
{"message":"  requestId: 'c4e7196e-a095-420e-a830-281c6761c87a',","level":"info","timestamp":"2026-09-06T06:18:38.773728891Z"}
{"level":"info","timestamp":"2026-09-06T06:18:38.773729645Z","message":"}"}
{"level":"info","message":"  sessionId: 'MLq8J3mhz56J6BRsAeQe',","timestamp":"2026-09-06T06:18:38.773733598Z"}
{"message":"  status: 'empty'","timestamp":"2026-09-06T06:18:38.773736576Z","level":"info"}
{"level":"info","message":"}","timestamp":"2026-09-06T06:18:38.773739426Z"}
{"timestamp":"2026-09-06T06:18:38.773742293Z","level":"info","message":"[ops] {"}
{"message":"  event: 'http_request',","timestamp":"2026-09-06T06:18:38.773745459Z","level":"info"}
{"timestamp":"2026-09-06T06:18:38.773748356Z","message":"  ts: '2026-09-06T06:18:38.590Z',","level":"info"}
{"level":"info","message":"  requestId: 'c4e7196e-a095-420e-a830-281c6761c87a',","timestamp":"2026-09-06T06:18:38.773751382Z"}
{"timestamp":"2026-09-06T06:18:38.773754297Z","message":"  method: 'GET',","level":"info"}
{"message":"[ops] {","level":"error","timestamp":"2026-09-06T06:18:38.774603319Z"}
{"timestamp":"2026-09-06T06:18:38.774606940Z","level":"error","message":"  event: 'security.app_check_rejected',"}
{"timestamp":"2026-09-06T06:18:38.774609991Z","message":"  ts: '2026-09-06T06:18:38.773Z',","level":"error"}
{"message":"  reason: 'missing_token',","timestamp":"2026-09-06T06:18:38.774613192Z","level":"error"}
{"message":"  mode: 'monitor',","level":"error","timestamp":"2026-09-06T06:18:38.774616413Z"}
{"message":"  route: '/api/icons/32MFTSzEuPSYQfAjNkDI'","level":"error","timestamp":"2026-09-06T06:18:38.774619909Z"}
{"timestamp":"2026-09-06T06:18:38.774622886Z","level":"error","message":"}"}
{"timestamp":"2026-09-06T06:18:38.855691203Z","level":"info","message":"[ops] {"}
{"message":"  event: 'http_request',","timestamp":"2026-09-06T06:18:38.855694852Z","level":"info"}
{"timestamp":"2026-09-06T06:18:38.855698499Z","level":"info","message":"  ts: '2026-09-06T06:18:38.837Z',"}
{"timestamp":"2026-09-06T06:18:38.855702532Z","level":"info","message":"  requestId: '84c7a00d-e142-4196-8c23-0893d2157a68',"}
{"message":"  method: 'GET',","timestamp":"2026-09-06T06:18:38.855706353Z","level":"info"}
{"timestamp":"2026-09-06T06:18:38.855709574Z","message":"  route: '/api/icons/:id',","level":"info"}
{"timestamp":"2026-09-06T06:18:38.855712697Z","level":"info","message":"  status: 200,"}
{"timestamp":"2026-09-06T06:18:38.855715918Z","message":"  durationMs: 64","level":"info"}
{"message":"}","timestamp":"2026-09-06T06:18:38.855719472Z","level":"info"}
{"timestamp":"2026-09-06T06:18:39.357803078Z","message":"[ops] {","level":"info"}
{"level":"info","message":"  ts: '2026-09-06T06:18:39.338Z',","timestamp":"2026-09-06T06:18:39.357806258Z"}
{"message":"  event: 'studio.command_polled',","timestamp":"2026-09-06T06:18:39.357810614Z","level":"info"}
{"level":"info","message":"  ts: '2026-09-06T06:18:39.338Z',","timestamp":"2026-09-06T06:18:39.357815820Z"}
{"level":"info","message":"  requestId: '1e5e83a9-8de7-4ce2-84a8-45c4c6f9f638',","timestamp":"2026-09-06T06:18:39.357815900Z"}
{"message":"  requestId: '1e5e83a9-8de7-4ce2-84a8-45c4c6f9f638',","timestamp":"2026-09-06T06:18:39.357821520Z","level":"info"}
{"timestamp":"2026-09-06T06:18:39.357822177Z","level":"info","message":"  method: 'GET',"}
{"timestamp":"2026-09-06T06:18:39.357825875Z","level":"info","message":"  sessionId: 'MLq8J3mhz56J6BRsAeQe',"}
{"timestamp":"2026-09-06T06:18:39.357827940Z","message":"  route: '/api/studio/commands/next',","level":"info"}
{"message":"  status: 'empty'","timestamp":"2026-09-06T06:18:39.357832705Z","level":"info"}
{"level":"info","message":"  status: 204,","timestamp":"2026-09-06T06:18:39.357833045Z"}
{"level":"info","message":"}","timestamp":"2026-09-06T06:18:39.357838520Z"}
{"message":"  durationMs: 24457","timestamp":"2026-09-06T06:18:39.357838646Z","level":"info"}
{"level":"info","message":"}","timestamp":"2026-09-06T06:18:39.357846033Z"}
{"message":"[ops] {","timestamp":"2026-09-06T06:18:39.357846134Z","level":"info"}
{"message":"  event: 'http_request',","timestamp":"2026-09-06T06:18:39.357850509Z","level":"info"}
{"message":"[ops] {","level":"info","timestamp":"2026-09-06T06:18:40.370764717Z"}
{"level":"info","message":"  event: 'http_request',","timestamp":"2026-09-06T06:18:40.370775750Z"}
{"message":"  ts: '2026-09-06T06:18:40.369Z',","timestamp":"2026-09-06T06:18:40.370781058Z","level":"info"}
{"message":"  requestId: '78016e17-0564-40bb-81cd-980dfc757562',","level":"info","timestamp":"2026-09-06T06:18:40.370786138Z"}
{"level":"info","timestamp":"2026-09-06T06:18:40.370791331Z","message":"  method: 'OPTIONS',"}
{"timestamp":"2026-09-06T06:18:40.370796455Z","level":"info","message":"  route: '/api/v2/events',"}
{"timestamp":"2026-09-06T06:18:40.370803969Z","message":"  status: 204,","level":"info"}
{"timestamp":"2026-09-06T06:18:40.370809941Z","level":"info","message":"  durationMs: 0"}
{"timestamp":"2026-09-06T06:18:40.370815091Z","level":"info","message":"}"}
{"level":"error","message":"}","timestamp":"2026-09-06T06:18:40.798671427Z"}
{"timestamp":"2026-09-06T06:18:40.798759734Z","message":"[ops] {","level":"error"}
{"message":"  event: 'security.app_check_rejected',","level":"error","timestamp":"2026-09-06T06:18:40.798763056Z"}
{"message":"  ts: '2026-09-06T06:18:40.541Z',","level":"error","timestamp":"2026-09-06T06:18:40.798767318Z"}
{"message":"  reason: 'missing_token',","timestamp":"2026-09-06T06:18:40.798770860Z","level":"error"}
{"timestamp":"2026-09-06T06:18:40.798774641Z","level":"error","message":"  mode: 'monitor',"}
{"message":"  route: '/api/v2/events'","timestamp":"2026-09-06T06:18:40.798778062Z","level":"error"}
{"message":"[ops] {","timestamp":"2026-09-06T06:18:41.114462048Z","level":"info"}
{"level":"info","timestamp":"2026-09-06T06:18:41.114465104Z","message":"  event: 'http_request',"}
{"timestamp":"2026-09-06T06:18:41.114467903Z","message":"  ts: '2026-09-06T06:18:41.109Z',","level":"info"}
{"message":"  requestId: '1711a1a7-5322-4390-ad58-7c7ec4760dce',","timestamp":"2026-09-06T06:18:41.114470776Z","level":"info"}
{"level":"info","timestamp":"2026-09-06T06:18:41.114473920Z","message":"  method: 'GET',"}
{"message":"  route: '/api/v2/events',","timestamp":"2026-09-06T06:18:41.114476833Z","level":"info"}
{"level":"info","timestamp":"2026-09-06T06:18:41.114479635Z","message":"  status: 200,"}
{"message":"  durationMs: 568","timestamp":"2026-09-06T06:18:41.114482309Z","level":"info"}
{"message":"}","level":"info","timestamp":"2026-09-06T06:18:41.114485059Z"}
{"timestamp":"2026-09-06T06:18:42.871744689Z","level":"info","message":"  method: 'OPTIONS',"}
{"message":"  route: '/api/v2/events',","level":"info","timestamp":"2026-09-06T06:18:42.871752121Z"}
{"timestamp":"2026-09-06T06:18:42.871756084Z","level":"info","message":"  status: 204,"}
{"timestamp":"2026-09-06T06:18:42.871759717Z","message":"  durationMs: 0","level":"info"}
{"message":"}","timestamp":"2026-09-06T06:18:42.871763357Z","level":"info"}
{"timestamp":"2026-09-06T06:18:42.871803425Z","level":"info","message":"[ops] {"}
{"level":"info","timestamp":"2026-09-06T06:18:42.871806668Z","message":"  event: 'http_request',"}
{"message":"  ts: '2026-09-06T06:18:42.869Z',","level":"info","timestamp":"2026-09-06T06:18:42.871809576Z"}
{"level":"info","message":"  requestId: '71639e05-81c2-423f-9a7b-c594b9d6d161',","timestamp":"2026-09-06T06:18:42.871812349Z"}
{"level":"error","message":"[ops] {","timestamp":"2026-09-06T06:18:43.037248022Z"}
{"timestamp":"2026-09-06T06:18:43.037256993Z","level":"error","message":"  event: 'security.app_check_rejected',"}
{"timestamp":"2026-09-06T06:18:43.037260818Z","level":"error","message":"  ts: '2026-09-06T06:18:43.035Z',"}
{"message":"  reason: 'missing_token',","timestamp":"2026-09-06T06:18:43.037264274Z","level":"error"}
{"timestamp":"2026-09-06T06:18:43.037267878Z","level":"error","message":"  mode: 'monitor',"}
{"timestamp":"2026-09-06T06:18:43.037271769Z","level":"error","message":"  route: '/api/v2/events'"}
{"timestamp":"2026-09-06T06:18:43.037275211Z","level":"error","message":"}"}
{"timestamp":"2026-09-06T06:18:43.884891365Z","message":"  status: 200,","level":"info"}
{"message":"  durationMs: 554","timestamp":"2026-09-06T06:18:43.884915157Z","level":"info"}
{"timestamp":"2026-09-06T06:18:43.884921984Z","message":"}","level":"info"}
{"level":"info","timestamp":"2026-09-06T06:18:43.884938794Z","message":"[ops] {"}
{"level":"info","message":"  event: 'http_request',","timestamp":"2026-09-06T06:18:43.884944031Z"}
{"message":"  ts: '2026-09-06T06:18:43.589Z',","timestamp":"2026-09-06T06:18:43.884959018Z","level":"info"}
{"message":"  requestId: '87b035c9-a368-4161-8928-c38e0e803cc5',","timestamp":"2026-09-06T06:18:43.884964403Z","level":"info"}
{"level":"info","message":"  method: 'GET',","timestamp":"2026-09-06T06:18:43.884969966Z"}
{"message":"  route: '/api/v2/events',","timestamp":"2026-09-06T06:18:43.884974162Z","level":"info"}
{"message":"[ops] {","timestamp":"2026-09-06T06:18:44.251981935Z","level":"info"}
{"message":"  event: 'http_request',","timestamp":"2026-09-06T06:18:44.251988495Z","level":"info"}
{"timestamp":"2026-09-06T06:18:44.251992702Z","level":"info","message":"  ts: '2026-09-06T06:18:44.242Z',"}
{"message":"  requestId: '80df7128-adc8-434c-ba63-cdf9cf9295f0',","timestamp":"2026-09-06T06:18:44.251996560Z","level":"info"}
{"level":"info","timestamp":"2026-09-06T06:18:44.252000313Z","message":"  method: 'POST',"}
{"message":"  route: '/api/studio/mcp/session/ping',","timestamp":"2026-09-06T06:18:44.252005677Z","level":"info"}
{"level":"info","message":"  status: 200,","timestamp":"2026-09-06T06:18:44.252010453Z"}
{"timestamp":"2026-09-06T06:18:44.252014306Z","message":"  durationMs: 270","level":"info"}
{"level":"info","message":"}","timestamp":"2026-09-06T06:18:44.252017831Z"}
{"message":"[ops] {","timestamp":"2026-09-06T06:18:45.338257402Z","level":"error"}
{"message":"  event: 'security.app_check_rejected',","timestamp":"2026-09-06T06:18:45.338266101Z","level":"error"}
{"message":"  ts: '2026-09-06T06:18:45.331Z',","level":"error","timestamp":"2026-09-06T06:18:45.338270910Z"}
{"message":"  reason: 'missing_token',","timestamp":"2026-09-06T06:18:45.338274436Z","level":"error"}
{"timestamp":"2026-09-06T06:18:45.338277887Z","level":"error","message":"  mode: 'monitor',"}
{"timestamp":"2026-09-06T06:18:45.338281416Z","message":"  route: '/api/icons/H6CcsXEFT3jg38KOermN'","level":"error"}
{"level":"error","message":"}","timestamp":"2026-09-06T06:18:45.338284904Z"}
{"message":"  method: 'OPTIONS',","timestamp":"2026-09-06T06:18:45.381297281Z","level":"info"}
{"level":"info","message":"  route: '/api/v2/events',","timestamp":"2026-09-06T06:18:45.381305351Z"}
{"message":"  status: 204,","level":"info","timestamp":"2026-09-06T06:18:45.381309209Z"}
{"timestamp":"2026-09-06T06:18:45.381313093Z","level":"info","message":"  durationMs: 0"}
{"message":"[ops] {","timestamp":"2026-09-06T06:18:45.381315326Z","level":"info"}
{"message":"}","timestamp":"2026-09-06T06:18:45.381318519Z","level":"info"}
{"level":"info","message":"  event: 'http_request',","timestamp":"2026-09-06T06:18:45.381321870Z"}
{"message":"  ts: '2026-09-06T06:18:45.375Z',","timestamp":"2026-09-06T06:18:45.381325453Z","level":"info"}
{"timestamp":"2026-09-06T06:18:45.381328654Z","level":"info","message":"  requestId: '7bc672e7-d326-4418-95e0-4e07c499578e',"}
{"message":"  method: 'OPTIONS',","timestamp":"2026-09-06T06:18:45.381331945Z","level":"info"}
{"message":"  route: '/api/v2/agents/active',","timestamp":"2026-09-06T06:18:45.381335182Z","level":"info"}
{"level":"info","message":"  status: 204,","timestamp":"2026-09-06T06:18:45.381338548Z"}
{"message":"  durationMs: 0","timestamp":"2026-09-06T06:18:45.381341701Z","level":"info"}
{"level":"info","timestamp":"2026-09-06T06:18:45.381344755Z","message":"}"}
{"message":"[ops] {","timestamp":"2026-09-06T06:18:45.381347865Z","level":"info"}
{"timestamp":"2026-09-06T06:18:45.381350869Z","message":"  event: 'http_request',","level":"info"}
{"timestamp":"2026-09-06T06:18:45.381353823Z","level":"info","message":"  ts: '2026-09-06T06:18:45.377Z',"}
{"message":"  requestId: '4e2887c0-c4df-47bf-aede-7518af50329f',","level":"info","timestamp":"2026-09-06T06:18:45.381357136Z"}
{"message":"[ops] {","timestamp":"2026-09-06T06:18:45.408702523Z","level":"info"}
{"level":"info","message":"  event: 'http_request',","timestamp":"2026-09-06T06:18:45.408711400Z"}
{"level":"info","message":"  ts: '2026-09-06T06:18:45.404Z',","timestamp":"2026-09-06T06:18:45.408716111Z"}
{"timestamp":"2026-09-06T06:18:45.408720252Z","level":"info","message":"  requestId: '5f483dbc-ee78-47b2-ab3a-6317e421313d',"}
{"message":"  method: 'GET',","timestamp":"2026-09-06T06:18:45.408724371Z","level":"info"}
{"level":"info","message":"  route: '/api/icons/:id',","timestamp":"2026-09-06T06:18:45.408728493Z"}
{"message":"  status: 200,","timestamp":"2026-09-06T06:18:45.408732401Z","level":"info"}
{"message":"  durationMs: 73","timestamp":"2026-09-06T06:18:45.408735776Z","level":"info"}
{"message":"}","level":"info","timestamp":"2026-09-06T06:18:45.408739840Z"}
{"level":"error","message":"  event: 'security.app_check_rejected',","timestamp":"2026-09-06T06:18:45.911250793Z"}
{"message":"  ts: '2026-09-06T06:18:45.884Z',","level":"info","timestamp":"2026-09-06T06:18:45.911257253Z"}
{"level":"error","message":"  ts: '2026-09-06T06:18:45.545Z',","timestamp":"2026-09-06T06:18:45.911257736Z"}
{"message":"  reason: 'missing_token',","timestamp":"2026-09-06T06:18:45.911262702Z","level":"error"}
{"timestamp":"2026-09-06T06:18:45.911268319Z","message":"  mode: 'monitor',","level":"error"}
{"message":"  requestId: 'fb6c4aaf-6e5a-4e40-a284-dab2644c3b3f',","timestamp":"2026-09-06T06:18:45.911268858Z","level":"info"}
{"timestamp":"2026-09-06T06:18:45.911272108Z","message":"  route: '/api/v2/agents/active'","level":"error"}
{"timestamp":"2026-09-06T06:18:45.911277640Z","level":"info","message":"  sessionId: 'MLq8J3mhz56J6BRsAeQe',"}
{"message":"}","timestamp":"2026-09-06T06:18:45.911277760Z","level":"error"}
{"message":"[ops] {","timestamp":"2026-09-06T06:18:45.911284133Z","level":"info"}
{"message":"  status: 200,","timestamp":"2026-09-06T06:18:45.911284775Z","level":"info"}
{"message":"  userId: '0VSQotqOXxPXBLeQu1gUNkXELWH3',","timestamp":"2026-09-06T06:18:45.911286563Z","level":"info"}
{"timestamp":"2026-09-06T06:18:45.911289429Z","level":"info","message":"  event: 'http_request',"}
{"level":"info","message":"  durationMs: 59","timestamp":"2026-09-06T06:18:45.911294773Z"}
{"level":"info","timestamp":"2026-09-06T06:18:45.911295653Z","message":"  status: 'compatible',"}
{"message":"  ts: '2026-09-06T06:18:45.604Z',","timestamp":"2026-09-06T06:18:45.911296647Z","level":"info"}
{"timestamp":"2026-09-06T06:18:45.911300548Z","message":"}","level":"info"}
{"message":"  requestId: '07056a94-ed8b-44a8-a329-425c21ae2c60',","level":"info","timestamp":"2026-09-06T06:18:45.911302057Z"}
{"message":"[ops] {","level":"info","timestamp":"2026-09-06T06:18:45.911307033Z"}
{"timestamp":"2026-09-06T06:18:45.911307196Z","message":"  method: 'GET',","level":"info"}
{"timestamp":"2026-09-06T06:18:45.911311776Z","message":"  route: '/api/v2/agents/active',","level":"info"}
{"timestamp":"2026-09-06T06:18:45.911313353Z","level":"info","message":"  event: 'studio.plugin_compatibility_handshake',"}
{"level":"error","message":"[ops] {","timestamp":"2026-09-06T06:18:45.911375484Z"}
{"message":"  event: 'security.app_check_rejected',","timestamp":"2026-09-06T06:18:45.911380754Z","level":"error"}
{"level":"error","message":"  ts: '2026-09-06T06:18:45.545Z',","timestamp":"2026-09-06T06:18:45.911385835Z"}
{"message":"  reason: 'missing_token',","timestamp":"2026-09-06T06:18:45.911390148Z","level":"error"}
{"timestamp":"2026-09-06T06:18:45.911394414Z","message":"  mode: 'monitor',","level":"error"}
{"timestamp":"2026-09-06T06:18:45.911399011Z","message":"  route: '/api/v2/events'","level":"error"}
{"timestamp":"2026-09-06T06:18:45.911403175Z","message":"}","level":"error"}
{"level":"error","message":"[ops] {","timestamp":"2026-09-06T06:18:45.911408032Z"}
{"timestamp":"2026-09-06T06:18:45.911605595Z","level":"info","message":"  reasonCodes: [],"}
{"message":"  buildId: 'nexusrbx-studio-0.14.0-r15-animation.12-toolbox',","timestamp":"2026-09-06T06:18:45.911609958Z","level":"info"}
{"timestamp":"2026-09-06T06:18:45.911614313Z","message":"  attestationWritten: false,","level":"info"}
{"level":"info","message":"  repairDurationMs: 598","timestamp":"2026-09-06T06:18:45.911617851Z"}
{"level":"info","message":"}","timestamp":"2026-09-06T06:18:45.911620995Z"}
{"level":"info","message":"[ops] {","timestamp":"2026-09-06T06:18:45.911624201Z"}
{"timestamp":"2026-09-06T06:18:45.911627364Z","level":"info","message":"  event: 'http_request',"}
{"message":"  ts: '2026-09-06T06:18:45.884Z',","timestamp":"2026-09-06T06:18:45.911633692Z","level":"info"}
{"timestamp":"2026-09-06T06:18:45.911637532Z","level":"info","message":"  requestId: 'fb6c4aaf-6e5a-4e40-a284-dab2644c3b3f',"}
{"timestamp":"2026-09-06T06:18:45.911641719Z","level":"info","message":"  method: 'POST',"}
{"level":"info","message":"  route: '/api/studio/session/ping',","timestamp":"2026-09-06T06:18:45.911645629Z"}
{"level":"info","message":"  status: 200,","timestamp":"2026-09-06T06:18:45.911649335Z"}
{"level":"info","timestamp":"2026-09-06T06:18:45.911653427Z","message":"  durationMs: 655"}
{"message":"}","timestamp":"2026-09-06T06:18:45.911657020Z","level":"info"}
{"level":"info","timestamp":"2026-09-06T06:18:46.159184368Z","message":"[ops] {"}
{"timestamp":"2026-09-06T06:18:46.159189007Z","message":"  event: 'http_request',","level":"info"}
{"level":"info","timestamp":"2026-09-06T06:18:46.159192210Z","message":"  ts: '2026-09-06T06:18:46.156Z',"}
{"message":"  requestId: 'f4bda70c-3674-43f5-9fa6-f89dd0f805d1',","timestamp":"2026-09-06T06:18:46.159194962Z","level":"info"}
{"message":"  method: 'GET',","timestamp":"2026-09-06T06:18:46.159197917Z","level":"info"}
{"message":"  route: '/api/v2/events',","level":"info","timestamp":"2026-09-06T06:18:46.159201519Z"}
{"message":"  status: 200,","timestamp":"2026-09-06T06:18:46.159205636Z","level":"info"}
{"timestamp":"2026-09-06T06:18:46.159209366Z","level":"info","message":"  durationMs: 612"}
{"message":"}","timestamp":"2026-09-06T06:18:46.159213177Z","level":"info"}
{"message":"  durationMs: 0","timestamp":"2026-09-06T06:18:47.900854222Z","level":"info"}
{"level":"info","message":"}","timestamp":"2026-09-06T06:18:47.900865454Z"}
{"message":"  requestId: 'bb0bf646-869c-4768-97dd-b833bf0d978a',","level":"info","timestamp":"2026-09-06T06:18:47.900865607Z"}
{"message":"[ops] {","timestamp":"2026-09-06T06:18:47.900870402Z","level":"info"}
{"timestamp":"2026-09-06T06:18:47.900871080Z","level":"info","message":"  event: 'http_request',"}
{"timestamp":"2026-09-06T06:18:47.900876798Z","message":"  method: 'OPTIONS',","level":"info"}
{"timestamp":"2026-09-06T06:18:47.900881038Z","level":"info","message":"  route: '/api/v2/events',"}
{"level":"info","message":"  status: 204,","timestamp":"2026-09-06T06:18:47.900884432Z"}
{"level":"info","timestamp":"2026-09-06T06:18:47.900890152Z","message":"  ts: '2026-09-06T06:18:47.874Z',"}
{"level":"error","timestamp":"2026-09-06T06:18:48.040332534Z","message":"[ops] {"}
{"timestamp":"2026-09-06T06:18:48.040337152Z","level":"error","message":"  event: 'security.app_check_rejected',"}
{"level":"error","message":"  ts: '2026-09-06T06:18:48.039Z',","timestamp":"2026-09-06T06:18:48.040340552Z"}
{"timestamp":"2026-09-06T06:18:48.040343449Z","message":"  reason: 'missing_token',","level":"error"}
{"message":"  mode: 'monitor',","timestamp":"2026-09-06T06:18:48.040346194Z","level":"error"}
{"timestamp":"2026-09-06T06:18:48.040351022Z","level":"error","message":"  route: '/api/v2/events'"}
{"message":"}","level":"error","timestamp":"2026-09-06T06:18:48.040353906Z"}
{"message":"[ops] {","timestamp":"2026-09-06T06:18:48.905350833Z","level":"info"}
{"level":"info","message":"  event: 'http_request',","timestamp":"2026-09-06T06:18:48.905354573Z"}
{"level":"info","timestamp":"2026-09-06T06:18:48.905358060Z","message":"  ts: '2026-09-06T06:18:48.639Z',"}
{"level":"info","timestamp":"2026-09-06T06:18:48.905361383Z","message":"  requestId: '96dba721-fec2-43b8-b9c8-c5ae11f9cf79',"}
{"timestamp":"2026-09-06T06:18:48.905364986Z","message":"  method: 'GET',","level":"info"}
{"timestamp":"2026-09-06T06:18:48.905369703Z","level":"info","message":"  route: '/api/v2/events',"}
{"message":"  status: 200,","timestamp":"2026-09-06T06:18:48.905373263Z","level":"info"}
{"level":"info","message":"  durationMs: 600","timestamp":"2026-09-06T06:18:48.905377175Z"}
{"timestamp":"2026-09-06T06:18:48.905381392Z","message":"}","level":"info"}
{"level":"info","message":"[ops] {","timestamp":"2026-09-06T06:18:50.395049789Z"}
{"message":"  event: 'http_request',","timestamp":"2026-09-06T06:18:50.395053282Z","level":"info"}
{"message":"  ts: '2026-09-06T06:18:50.383Z',","timestamp":"2026-09-06T06:18:50.395056759Z","level":"info"}
{"message":"  requestId: '6e2b7203-645e-4d4e-90b7-3063d67b20e8',","timestamp":"2026-09-06T06:18:50.395060133Z","level":"info"}
{"message":"  method: 'OPTIONS',","timestamp":"2026-09-06T06:18:50.395063123Z","level":"info"}
{"timestamp":"2026-09-06T06:18:50.395066209Z","level":"info","message":"  route: '/api/v2/events',"}
{"message":"  status: 204,","timestamp":"2026-09-06T06:18:50.395069286Z","level":"info"}
{"timestamp":"2026-09-06T06:18:50.395072194Z","level":"info","message":"  durationMs: 0"}
{"level":"info","timestamp":"2026-09-06T06:18:50.395075068Z","message":"}"}
{"timestamp":"2026-09-06T06:18:50.925384111Z","level":"error","message":"[ops] {"}
{"timestamp":"2026-09-06T06:18:50.925391494Z","level":"error","message":"  event: 'security.app_check_rejected',"}
{"timestamp":"2026-09-06T06:18:50.925395505Z","level":"error","message":"  ts: '2026-09-06T06:18:50.552Z',"}
{"level":"error","message":"  reason: 'missing_token',","timestamp":"2026-09-06T06:18:50.925398931Z"}
{"level":"error","message":"  mode: 'monitor',","timestamp":"2026-09-06T06:18:50.925402206Z"}
{"timestamp":"2026-09-06T06:18:50.925405922Z","message":"  route: '/api/v2/events'","level":"error"}
{"timestamp":"2026-09-06T06:18:50.925409022Z","level":"error","message":"}"}
{"message":"[ops] {","timestamp":"2026-09-06T06:18:50.944728928Z","level":"info"}
{"timestamp":"2026-09-06T06:18:50.944732037Z","level":"info","message":"  event: 'http_request',"}
{"message":"  ts: '2026-09-06T06:18:50.943Z',","timestamp":"2026-09-06T06:18:50.944735061Z","level":"info"}
{"timestamp":"2026-09-06T06:18:50.944737796Z","level":"info","message":"  requestId: 'd9091cf4-8524-4557-904d-64e4fadde573',"}
{"message":"  method: 'OPTIONS',","level":"info","timestamp":"2026-09-06T06:18:50.944740998Z"}
{"timestamp":"2026-09-06T06:18:50.944744010Z","message":"  route: '/api/studio/status',","level":"info"}
{"level":"info","timestamp":"2026-09-06T06:18:50.944747492Z","message":"  status: 204,"}
{"level":"info","message":"  durationMs: 0","timestamp":"2026-09-06T06:18:50.944750113Z"}
{"timestamp":"2026-09-06T06:18:50.944752659Z","level":"info","message":"}"}
{"message":"[ops] {","timestamp":"2026-09-06T06:18:50.951471420Z","level":"info"}
{"level":"info","timestamp":"2026-09-06T06:18:50.951478429Z","message":"  event: 'http_request',"}
{"message":"  ts: '2026-09-06T06:18:50.948Z',","timestamp":"2026-09-06T06:18:50.951483631Z","level":"info"}
{"message":"  requestId: 'd535d0e6-c2e1-4fd0-908c-26ec3f6501c0',","level":"info","timestamp":"2026-09-06T06:18:50.951488294Z"}
{"timestamp":"2026-09-06T06:18:50.951492726Z","level":"info","message":"  method: 'OPTIONS',"}
{"timestamp":"2026-09-06T06:18:50.951500171Z","message":"  route: '/api/studio/mcp/status',","level":"info"}
{"level":"info","message":"  status: 204,","timestamp":"2026-09-06T06:18:50.951504765Z"}
{"timestamp":"2026-09-06T06:18:50.951509185Z","level":"info","message":"  durationMs: 0"}
{"level":"info","timestamp":"2026-09-06T06:18:50.951514074Z","message":"}"}
{"timestamp":"2026-09-06T06:18:51.110341691Z","level":"error","message":"[ops] {"}
{"message":"  event: 'security.app_check_rejected',","timestamp":"2026-09-06T06:18:51.110344593Z","level":"error"}
{"message":"  ts: '2026-09-06T06:18:51.109Z',","timestamp":"2026-09-06T06:18:51.110347382Z","level":"error"}
{"message":"  reason: 'missing_token',","timestamp":"2026-09-06T06:18:51.110350152Z","level":"error"}
{"timestamp":"2026-09-06T06:18:51.110352871Z","level":"error","message":"  mode: 'monitor',"}
{"timestamp":"2026-09-06T06:18:51.110355697Z","message":"  route: '/api/studio/status'","level":"error"}
{"message":"}","level":"error","timestamp":"2026-09-06T06:18:51.110358333Z"}
{"message":"[ops] {","timestamp":"2026-09-06T06:18:51.132924816Z","level":"error"}
{"level":"error","message":"  event: 'security.app_check_rejected',","timestamp":"2026-09-06T06:18:51.132928486Z"}
{"level":"error","message":"  ts: '2026-09-06T06:18:51.131Z',","timestamp":"2026-09-06T06:18:51.132931768Z"}
{"message":"  reason: 'missing_token',","level":"error","timestamp":"2026-09-06T06:18:51.132936759Z"}
{"timestamp":"2026-09-06T06:18:51.132941208Z","message":"  mode: 'monitor',","level":"error"}
{"level":"error","timestamp":"2026-09-06T06:18:51.132944285Z","message":"  route: '/api/studio/mcp/status'"}
{"level":"error","message":"}","timestamp":"2026-09-06T06:18:51.132947562Z"}
{"message":"[ops] {","timestamp":"2026-09-06T06:18:51.297656920Z","level":"info"}
{"timestamp":"2026-09-06T06:18:51.297660691Z","level":"info","message":"  event: 'http_request',"}
{"message":"  ts: '2026-09-06T06:18:51.262Z',","level":"info","timestamp":"2026-09-06T06:18:51.297664531Z"}
{"message":"  requestId: 'a2a3505b-e211-4d88-a9aa-da59cfc4d467',","level":"info","timestamp":"2026-09-06T06:18:51.297668151Z"}
{"timestamp":"2026-09-06T06:18:51.297672065Z","message":"  method: 'GET',","level":"info"}
{"message":"  route: '/api/v2/events',","level":"info","timestamp":"2026-09-06T06:18:51.297675799Z"}
{"timestamp":"2026-09-06T06:18:51.297679290Z","message":"  status: 200,","level":"info"}
{"timestamp":"2026-09-06T06:18:51.297682772Z","message":"  durationMs: 710","level":"info"}
{"message":"}","timestamp":"2026-09-06T06:18:51.297688342Z","level":"info"}
{"level":"info","message":"[ops] {","timestamp":"2026-09-06T06:18:51.491588559Z"}
{"timestamp":"2026-09-06T06:18:51.491604609Z","message":"  event: 'http_request',","level":"info"}
{"timestamp":"2026-09-06T06:18:51.491609004Z","message":"  ts: '2026-09-06T06:18:51.489Z',","level":"info"}
{"level":"info","message":"  requestId: '997787c8-5512-432d-ab3b-68b8f61b999f',","timestamp":"2026-09-06T06:18:51.491614205Z"}
{"message":"  method: 'GET',","level":"info","timestamp":"2026-09-06T06:18:51.491618644Z"}
{"message":"  route: '/api/studio/mcp/status',","level":"info","timestamp":"2026-09-06T06:18:51.491622179Z"}
{"message":"  status: 200,","level":"info","timestamp":"2026-09-06T06:18:51.491626567Z"}
{"message":"  durationMs: 358","timestamp":"2026-09-06T06:18:51.491629964Z","level":"info"}
{"message":"}","timestamp":"2026-09-06T06:18:51.491633745Z","level":"info"}
{"level":"info","message":"[ops] {","timestamp":"2026-09-06T06:18:51.931392003Z"}
{"message":"  event: 'http_request',","level":"info","timestamp":"2026-09-06T06:18:51.931400241Z"}
{"timestamp":"2026-09-06T06:18:51.931404777Z","message":"  ts: '2026-09-06T06:18:51.747Z',","level":"info"}
{"level":"info","timestamp":"2026-09-06T06:18:51.931410958Z","message":"  requestId: 'fabe7804-b973-42ba-aa8b-2fb18d7720da',"}
{"timestamp":"2026-09-06T06:18:51.931415446Z","message":"  method: 'GET',","level":"info"}
{"level":"info","message":"  route: '/api/studio/status',","timestamp":"2026-09-06T06:18:51.931419800Z"}
{"timestamp":"2026-09-06T06:18:51.931423255Z","message":"  status: 200,","level":"info"}
{"timestamp":"2026-09-06T06:18:51.931427279Z","message":"  durationMs: 639","level":"info"}
{"level":"info","timestamp":"2026-09-06T06:18:51.931431175Z","message":"}"}
{"level":"info","message":"[ops] {","timestamp":"2026-09-06T06:18:52.915482310Z"}
{"timestamp":"2026-09-06T06:18:52.915486012Z","level":"info","message":"  event: 'http_request',"}
{"message":"  ts: '2026-09-06T06:18:52.874Z',","timestamp":"2026-09-06T06:18:52.915489309Z","level":"info"}
{"level":"info","message":"  requestId: '92c7bc9e-4d1d-42ba-b189-0a8bdde95ffc',","timestamp":"2026-09-06T06:18:52.915494618Z"}
{"message":"  method: 'OPTIONS',","timestamp":"2026-09-06T06:18:52.915499872Z","level":"info"}
{"timestamp":"2026-09-06T06:18:52.915503771Z","level":"info","message":"  route: '/api/v2/events',"}
{"timestamp":"2026-09-06T06:18:52.915507164Z","level":"info","message":"  status: 204,"}
{"level":"info","timestamp":"2026-09-06T06:18:52.915510639Z","message":"  durationMs: 0"}
{"timestamp":"2026-09-06T06:18:52.915514746Z","level":"info","message":"}"}
{"timestamp":"2026-09-06T06:18:53.039333655Z","message":"[ops] {","level":"error"}
{"level":"error","timestamp":"2026-09-06T06:18:53.039339147Z","message":"  event: 'security.app_check_rejected',"}
{"timestamp":"2026-09-06T06:18:53.039342292Z","level":"error","message":"  ts: '2026-09-06T06:18:53.038Z',"}
{"message":"  reason: 'missing_token',","level":"error","timestamp":"2026-09-06T06:18:53.039345129Z"}
{"timestamp":"2026-09-06T06:18:53.039348644Z","level":"error","message":"  mode: 'monitor',"}
{"timestamp":"2026-09-06T06:18:53.039351475Z","level":"error","message":"  route: '/api/v2/events'"}
{"timestamp":"2026-09-06T06:18:53.039354621Z","message":"}","level":"error"}
{"timestamp":"2026-09-06T06:18:53.503151071Z","level":"info","message":"[ops] {"}
{"timestamp":"2026-09-06T06:18:53.503153201Z","message":"  requestId: '28b0002a-2195-484f-9082-f939603d8a26',","level":"info"}
{"timestamp":"2026-09-06T06:18:53.503156951Z","level":"info","message":"  event: 'studio.plugin_compatibility_handshake',"}
{"timestamp":"2026-09-06T06:18:53.503161301Z","level":"info","message":"  ts: '2026-09-06T06:18:53.497Z',"}
{"level":"info","timestamp":"2026-09-06T06:18:53.503161777Z","message":"  method: 'POST',"}
{"timestamp":"2026-09-06T06:18:53.503165732Z","level":"info","message":"  requestId: '28b0002a-2195-484f-9082-f939603d8a26',"}
{"level":"info","timestamp":"2026-09-06T06:18:53.503171069Z","message":"  route: '/api/studio/session/ping',"}
{"level":"info","message":"  sessionId: 'MLq8J3mhz56J6BRsAeQe',","timestamp":"2026-09-06T06:18:53.503171190Z"}
{"message":"  status: 200,","timestamp":"2026-09-06T06:18:53.503177380Z","level":"info"}
{"level":"info","message":"  userId: '0VSQotqOXxPXBLeQu1gUNkXELWH3',","timestamp":"2026-09-06T06:18:53.503177491Z"}
{"timestamp":"2026-09-06T06:18:53.503183725Z","level":"info","message":"  status: 'compatible',"}
{"message":"  durationMs: 543","timestamp":"2026-09-06T06:18:53.503184258Z","level":"info"}
{"message":"  reasonCodes: [],","timestamp":"2026-09-06T06:18:53.503188978Z","level":"info"}
{"message":"}","level":"info","timestamp":"2026-09-06T06:18:53.503190627Z"}
{"level":"info","timestamp":"2026-09-06T06:18:53.503193089Z","message":"  buildId: 'nexusrbx-studio-0.14.0-r15-animation.12-toolbox',"}
{"message":"  attestationWritten: false,","level":"info","timestamp":"2026-09-06T06:18:53.503195949Z"}
{"timestamp":"2026-09-06T06:18:53.503198996Z","message":"  repairDurationMs: 461","level":"info"}
{"message":"}","timestamp":"2026-09-06T06:18:53.503201613Z","level":"info"}
{"message":"[ops] {","level":"info","timestamp":"2026-09-06T06:18:53.503204460Z"}
{"timestamp":"2026-09-06T06:18:53.503207844Z","level":"info","message":"  event: 'http_request',"}
{"level":"info","message":"  ts: '2026-09-06T06:18:53.497Z',","timestamp":"2026-09-06T06:18:53.503211264Z"}
{"level":"info","message":"[ops] {","timestamp":"2026-09-06T06:18:53.972088879Z"}
{"timestamp":"2026-09-06T06:18:53.972092392Z","level":"info","message":"  event: 'http_request',"}
{"level":"info","message":"  ts: '2026-09-06T06:18:53.577Z',","timestamp":"2026-09-06T06:18:53.972095681Z"}
{"timestamp":"2026-09-06T06:18:53.972099777Z","level":"info","message":"  requestId: 'f451390e-6b28-4abe-a5e1-e61f88bb66ae',"}
{"timestamp":"2026-09-06T06:18:53.972104162Z","message":"  method: 'GET',","level":"info"}
{"level":"info","message":"  route: '/api/v2/events',","timestamp":"2026-09-06T06:18:53.972108472Z"}
{"level":"info","message":"  status: 200,","timestamp":"2026-09-06T06:18:53.972113087Z"}
{"level":"info","message":"  durationMs: 539","timestamp":"2026-09-06T06:18:53.972116800Z"}
{"level":"info","timestamp":"2026-09-06T06:18:53.972121616Z","message":"}"}
{"level":"info","timestamp":"2026-09-06T06:18:55.379135946Z","message":"  event: 'http_request',"}
{"message":"  ts: '2026-09-06T06:18:55.376Z',","timestamp":"2026-09-06T06:18:55.379141746Z","level":"info"}
{"timestamp":"2026-09-06T06:18:55.379146678Z","level":"info","message":"  requestId: '46a286ef-f43f-47ce-b6fe-0cb968425fc2',"}
{"timestamp":"2026-09-06T06:18:55.379149200Z","level":"info","message":"[ops] {"}
{"message":"  method: 'OPTIONS',","level":"info","timestamp":"2026-09-06T06:18:55.379151805Z"}
{"message":"  route: '/api/v2/agents/active',","level":"info","timestamp":"2026-09-06T06:18:55.379155222Z"}
{"timestamp":"2026-09-06T06:18:55.379159654Z","message":"  event: 'http_request',","level":"info"}
{"level":"info","message":"  status: 204,","timestamp":"2026-09-06T06:18:55.379161388Z"}
{"message":"  ts: '2026-09-06T06:18:55.374Z',","level":"info","timestamp":"2026-09-06T06:18:55.379166208Z"}
{"timestamp":"2026-09-06T06:18:55.379166588Z","message":"  durationMs: 0","level":"info"}
{"timestamp":"2026-09-06T06:18:55.379172002Z","level":"info","message":"  requestId: '8f838e7c-b1e7-40c4-bf7a-adfad5968114',"}
{"message":"}","timestamp":"2026-09-06T06:18:55.379173068Z","level":"info"}
{"level":"info","message":"  method: 'OPTIONS',","timestamp":"2026-09-06T06:18:55.379176557Z"}
{"message":"  route: '/api/v2/events',","timestamp":"2026-09-06T06:18:55.379179926Z","level":"info"}
{"message":"  status: 204,","timestamp":"2026-09-06T06:18:55.379184482Z","level":"info"}
{"message":"  durationMs: 0","timestamp":"2026-09-06T06:18:55.379187531Z","level":"info"}
{"message":"}","timestamp":"2026-09-06T06:18:55.379191765Z","level":"info"}
{"message":"[ops] {","timestamp":"2026-09-06T06:18:55.379194638Z","level":"info"}
{"message":"[ops] {","timestamp":"2026-09-06T06:18:55.543497021Z","level":"error"}
{"timestamp":"2026-09-06T06:18:55.543503342Z","message":"  event: 'security.app_check_rejected',","level":"error"}
{"message":"  ts: '2026-09-06T06:18:55.542Z',","timestamp":"2026-09-06T06:18:55.543507135Z","level":"error"}
{"timestamp":"2026-09-06T06:18:55.543510902Z","message":"  reason: 'missing_token',","level":"error"}
{"level":"error","message":"  mode: 'monitor',","timestamp":"2026-09-06T06:18:55.543514692Z"}
{"timestamp":"2026-09-06T06:18:55.543519622Z","level":"error","message":"  route: '/api/v2/events'"}
{"level":"error","timestamp":"2026-09-06T06:18:55.543524361Z","message":"}"}
{"level":"error","timestamp":"2026-09-06T06:18:55.543528293Z","message":"[ops] {"}
{"level":"error","message":"  event: 'security.app_check_rejected',","timestamp":"2026-09-06T06:18:55.543532289Z"}
{"timestamp":"2026-09-06T06:18:55.543536081Z","level":"error","message":"  ts: '2026-09-06T06:18:55.542Z',"}
{"timestamp":"2026-09-06T06:18:55.543539726Z","message":"  reason: 'missing_token',","level":"error"}
{"message":"  mode: 'monitor',","timestamp":"2026-09-06T06:18:55.543543035Z","level":"error"}
{"level":"error","message":"  route: '/api/v2/agents/active'","timestamp":"2026-09-06T06:18:55.543546504Z"}
{"message":"}","level":"error","timestamp":"2026-09-06T06:18:55.543551047Z"}
{"level":"info","message":"[ops] {","timestamp":"2026-09-06T06:18:55.958132687Z"}
{"timestamp":"2026-09-06T06:18:55.958137038Z","message":"  event: 'http_request',","level":"info"}
{"message":"  ts: '2026-09-06T06:18:55.638Z',","timestamp":"2026-09-06T06:18:55.958140572Z","level":"info"}
{"timestamp":"2026-09-06T06:18:55.958143742Z","message":"  requestId: '8fb24639-211f-4005-852e-ceddb1efd417',","level":"info"}
{"level":"info","timestamp":"2026-09-06T06:18:55.958146895Z","message":"  method: 'GET',"}
{"level":"info","message":"  route: '/api/v2/agents/active',","timestamp":"2026-09-06T06:18:55.958150596Z"}
{"timestamp":"2026-09-06T06:18:55.958153644Z","message":"  status: 200,","level":"info"}
{"message":"  durationMs: 96","level":"info","timestamp":"2026-09-06T06:18:55.958156641Z"}
{"timestamp":"2026-09-06T06:18:55.958159539Z","level":"info","message":"}"}
{"timestamp":"2026-09-06T06:18:56.151172638Z","level":"info","message":"[ops] {"}
{"timestamp":"2026-09-06T06:18:56.151178730Z","level":"info","message":"  event: 'http_request',"}
{"timestamp":"2026-09-06T06:18:56.151182946Z","level":"info","message":"  ts: '2026-09-06T06:18:56.148Z',"}
{"message":"  requestId: 'c56e0c39-8f5e-42ba-afce-d04bafd51915',","level":"info","timestamp":"2026-09-06T06:18:56.151186838Z"}
{"level":"info","message":"  method: 'GET',","timestamp":"2026-09-06T06:18:56.151190501Z"}
{"level":"info","timestamp":"2026-09-06T06:18:56.151193897Z","message":"  route: '/api/v2/events',"}
{"timestamp":"2026-09-06T06:18:56.151197882Z","message":"  status: 200,","level":"info"}
{"level":"info","timestamp":"2026-09-06T06:18:56.151201182Z","message":"  durationMs: 607"}
{"message":"}","timestamp":"2026-09-06T06:18:56.151206418Z","level":"info"}
{"timestamp":"2026-09-06T06:18:57.920411231Z","message":"  ts: '2026-09-06T06:18:57.874Z',","level":"info"}
{"level":"info","timestamp":"2026-09-06T06:18:57.920419224Z","message":"  requestId: 'a8a1a0b8-d359-4ad7-947d-b165bc564c6f',"}
{"message":"  method: 'OPTIONS',","level":"info","timestamp":"2026-09-06T06:18:57.920425645Z"}
{"message":"  route: '/api/v2/events',","timestamp":"2026-09-06T06:18:57.920429514Z","level":"info"}
{"level":"info","message":"  status: 204,","timestamp":"2026-09-06T06:18:57.920433543Z"}
{"level":"info","timestamp":"2026-09-06T06:18:57.920438234Z","message":"  durationMs: 0"}
{"level":"info","message":"}","timestamp":"2026-09-06T06:18:57.920442660Z"}
{"message":"[ops] {","timestamp":"2026-09-06T06:18:57.920500204Z","level":"info"}
{"message":"  event: 'http_request',","timestamp":"2026-09-06T06:18:57.920502976Z","level":"info"}
{"level":"error","message":"[ops] {","timestamp":"2026-09-06T06:18:58.048232372Z"}
{"level":"error","timestamp":"2026-09-06T06:18:58.048238919Z","message":"  event: 'security.app_check_rejected',"}
{"timestamp":"2026-09-06T06:18:58.048243070Z","message":"  ts: '2026-09-06T06:18:58.043Z',","level":"error"}
{"timestamp":"2026-09-06T06:18:58.048246763Z","message":"  reason: 'missing_token',","level":"error"}
{"message":"  mode: 'monitor',","timestamp":"2026-09-06T06:18:58.048249872Z","level":"error"}
{"level":"error","message":"  route: '/api/v2/events'","timestamp":"2026-09-06T06:18:58.048252875Z"}
{"message":"}","timestamp":"2026-09-06T06:18:58.048255973Z","level":"error"}
{"message":"[ops] {","level":"info","timestamp":"2026-09-06T06:18:58.387379470Z"}
{"message":"  event: 'http_request',","timestamp":"2026-09-06T06:18:58.387384082Z","level":"info"}
{"level":"info","message":"  ts: '2026-09-06T06:18:58.386Z',","timestamp":"2026-09-06T06:18:58.387387898Z"}
{"message":"  requestId: 'ed042f98-6706-4a17-a5d3-ab37ca5a4e09',","timestamp":"2026-09-06T06:18:58.387392345Z","level":"info"}
{"message":"  method: 'OPTIONS',","timestamp":"2026-09-06T06:18:58.387397821Z","level":"info"}
{"timestamp":"2026-09-06T06:18:58.387401187Z","level":"info","message":"  route: '/api/:id/:id',"}
{"message":"  status: 204,","timestamp":"2026-09-06T06:18:58.387404398Z","level":"info"}
{"timestamp":"2026-09-06T06:18:58.387407831Z","message":"  durationMs: 0","level":"info"}
{"level":"info","message":"}","timestamp":"2026-09-06T06:18:58.387412270Z"}
{"level":"error","message":"[ops] {","timestamp":"2026-09-06T06:18:58.558806404Z"}
{"timestamp":"2026-09-06T06:18:58.558810343Z","level":"error","message":"  event: 'security.app_check_rejected',"}
{"timestamp":"2026-09-06T06:18:58.558813826Z","level":"error","message":"  ts: '2026-09-06T06:18:58.555Z',"}
{"level":"error","timestamp":"2026-09-06T06:18:58.558816876Z","message":"  reason: 'missing_token',"}
{"level":"error","message":"  mode: 'monitor',","timestamp":"2026-09-06T06:18:58.558819886Z"}
{"timestamp":"2026-09-06T06:18:58.558823379Z","message":"  route: '/api/project-bindings/proj_e237b4d5b7634cf2a503723f3f8beff7'","level":"error"}
{"message":"}","level":"error","timestamp":"2026-09-06T06:18:58.558826526Z"}
{"level":"info","message":"  projectHash: '345b955d3c8c9e83',","timestamp":"2026-09-06T06:18:58.975925339Z"}
{"timestamp":"2026-09-06T06:18:58.975929457Z","level":"info","message":"}"}
{"timestamp":"2026-09-06T06:18:58.975931895Z","message":"  event: 'http_request',","level":"info"}
{"message":"  resolutionState: 'ready',","timestamp":"2026-09-06T06:18:58.975935476Z","level":"info"}
{"level":"info","message":"  ts: '2026-09-06T06:18:58.649Z',","timestamp":"2026-09-06T06:18:58.975942680Z"}
{"message":"  failureCode: null","level":"info","timestamp":"2026-09-06T06:18:58.975943108Z"}
{"level":"info","timestamp":"2026-09-06T06:18:58.975946657Z","message":"  route: '/api/project-bindings/:projectId',"}
{"level":"info","message":"  requestId: 'fba649f3-582b-4c49-a7df-526a9e581678',","timestamp":"2026-09-06T06:18:58.975947319Z"}
{"timestamp":"2026-09-06T06:18:58.975951117Z","level":"info","message":"}"}
{"message":"  status: 200,","timestamp":"2026-09-06T06:18:58.975956582Z","level":"info"}
{"message":"  method: 'GET',","timestamp":"2026-09-06T06:18:58.975957359Z","level":"info"}
{"level":"info","message":"[ops] {","timestamp":"2026-09-06T06:18:58.975959224Z"}
{"timestamp":"2026-09-06T06:18:58.975960075Z","level":"info","message":"  route: '/api/v2/events',"}
{"message":"}","timestamp":"2026-09-06T06:18:58.975964787Z","level":"info"}
{"timestamp":"2026-09-06T06:18:58.975965900Z","message":"  durationMs: 68","level":"info"}
{"timestamp":"2026-09-06T06:18:58.975967253Z","message":"  event: 'http_request',","level":"info"}
{"timestamp":"2026-09-06T06:18:58.975969385Z","level":"info","message":"  status: 200,"}
{"message":"[ops] {","timestamp":"2026-09-06T06:18:58.975976548Z","level":"info"}
{"level":"info","message":"  durationMs: 606","timestamp":"2026-09-06T06:18:58.975977134Z"}
{"message":"  ts: '2026-09-06T06:18:58.623Z',","level":"info","timestamp":"2026-09-06T06:18:58.975989328Z"}
{"message":"  requestId: '301ddf54-fac7-4b3b-903a-ca8c0e55b019',","level":"info","timestamp":"2026-09-06T06:18:58.976000691Z"}
{"message":"  method: 'GET',","timestamp":"2026-09-06T06:18:58.976007575Z","level":"info"}
{"level":"info","timestamp":"2026-09-06T06:18:58.976016457Z","message":"project_resolution {"}
{"message":"  requestId: '301ddf54-fac7-4b3b-903a-ca8c0e55b019',","level":"info","timestamp":"2026-09-06T06:18:58.976020564Z"}
{"timestamp":"2026-09-06T06:18:58.976027638Z","message":"  userHash: '61523b905e6d4bfa',","level":"info"}
{"message":"[ops] {","timestamp":"2026-09-06T06:19:00.208332615Z","level":"info"}
{"level":"info","message":"  event: 'http_request',","timestamp":"2026-09-06T06:19:00.208337406Z"}
{"level":"info","message":"  ts: '2026-09-06T06:19:00.204Z',","timestamp":"2026-09-06T06:19:00.208340506Z"}
{"message":"  requestId: '1a213ce7-3c77-4584-9305-e4c2e936521d',","timestamp":"2026-09-06T06:19:00.208343726Z","level":"info"}
{"timestamp":"2026-09-06T06:19:00.208346441Z","level":"info","message":"  method: 'OPTIONS',"}
{"level":"info","timestamp":"2026-09-06T06:19:00.208349733Z","message":"  route: '/api/ai/orchestrate',"}
{"timestamp":"2026-09-06T06:19:00.208353774Z","message":"  status: 204,","level":"info"}
{"timestamp":"2026-09-06T06:19:00.208358854Z","level":"info","message":"  durationMs: 0"}
{"message":"}","timestamp":"2026-09-06T06:19:00.208362809Z","level":"info"}
{"message":"[ops] {","level":"error","timestamp":"2026-09-06T06:19:00.402491549Z"}
{"timestamp":"2026-09-06T06:19:00.402495315Z","level":"error","message":"  event: 'security.app_check_rejected',"}
{"message":"  ts: '2026-09-06T06:19:00.371Z',","timestamp":"2026-09-06T06:19:00.402498801Z","level":"error"}
{"timestamp":"2026-09-06T06:19:00.402502210Z","level":"error","message":"  reason: 'missing_token',"}
{"level":"error","message":"  mode: 'monitor',","timestamp":"2026-09-06T06:19:00.402505929Z"}
{"message":"  route: '/api/ai/orchestrate'","timestamp":"2026-09-06T06:19:00.402509571Z","level":"error"}
{"level":"error","timestamp":"2026-09-06T06:19:00.402513555Z","message":"}"}
{"level":"info","timestamp":"2026-09-06T06:19:00.402517430Z","message":"[ops] {"}
{"level":"info","message":"  event: 'http_request',","timestamp":"2026-09-06T06:19:00.402520882Z"}
{"message":"  ts: '2026-09-06T06:19:00.372Z',","timestamp":"2026-09-06T06:19:00.402524290Z","level":"info"}
{"message":"  requestId: 'af8ec32c-bb6a-44f4-be9a-d5663deebf8e',","level":"info","timestamp":"2026-09-06T06:19:00.402528590Z"}
{"message":"  method: 'OPTIONS',","level":"info","timestamp":"2026-09-06T06:19:00.402532146Z"}
{"level":"info","message":"  route: '/api/v2/events',","timestamp":"2026-09-06T06:19:00.402535583Z"}
{"timestamp":"2026-09-06T06:19:00.402539130Z","level":"info","message":"  status: 204,"}
{"timestamp":"2026-09-06T06:19:00.402542936Z","level":"info","message":"  durationMs: 0"}
{"message":"}","timestamp":"2026-09-06T06:19:00.402546261Z","level":"info"}
{"message":"[ops] {","timestamp":"2026-09-06T06:19:00.573285177Z","level":"error"}
{"level":"error","message":"  event: 'security.app_check_rejected',","timestamp":"2026-09-06T06:19:00.573288295Z"}
{"timestamp":"2026-09-06T06:19:00.573291089Z","level":"error","message":"  ts: '2026-09-06T06:19:00.539Z',"}
{"timestamp":"2026-09-06T06:19:00.573293953Z","level":"error","message":"  reason: 'missing_token',"}
{"timestamp":"2026-09-06T06:19:00.573296813Z","message":"  mode: 'monitor',","level":"error"}
{"message":"  route: '/api/v2/events'","timestamp":"2026-09-06T06:19:00.573299462Z","level":"error"}
{"message":"}","level":"error","timestamp":"2026-09-06T06:19:00.573302197Z"}
{"message":"  failureCode: null","timestamp":"2026-09-06T06:19:01.036360003Z","level":"info"}
{"message":"  requestId: '6dbc1311-fa00-4186-bd51-7ab1621c700a',","timestamp":"2026-09-06T06:19:01.036364479Z","level":"info"}
{"message":"}","timestamp":"2026-09-06T06:19:01.036367372Z","level":"info"}
{"message":"  method: 'POST',","level":"info","timestamp":"2026-09-06T06:19:01.036373469Z"}
{"message":"  projectHash: '345b955d3c8c9e83',","timestamp":"2026-09-06T06:19:01.036379072Z","level":"info"}
{"level":"info","timestamp":"2026-09-06T06:19:01.036380613Z","message":"  route: '/api/studio/mcp/session/ping',"}
{"level":"info","timestamp":"2026-09-06T06:19:01.036384606Z","message":"  resolutionState: 'ready',"}
{"message":"project_resolution {","level":"info","timestamp":"2026-09-06T06:19:01.036384764Z"}
{"message":"  requestId: null,","timestamp":"2026-09-06T06:19:01.036392065Z","level":"info"}
{"message":"[ops] {","timestamp":"2026-09-06T06:19:01.036396841Z","level":"info"}
{"level":"info","message":"  status: 200,","timestamp":"2026-09-06T06:19:01.036400245Z"}
{"timestamp":"2026-09-06T06:19:01.036400785Z","level":"info","message":"  userHash: '61523b905e6d4bfa',"}
{"message":"  event: 'http_request',","level":"info","timestamp":"2026-09-06T06:19:01.036403085Z"}
{"message":"  ts: '2026-09-06T06:19:00.655Z',","timestamp":"2026-09-06T06:19:01.036407145Z","level":"info"}
{"message":"  durationMs: 308","timestamp":"2026-09-06T06:19:01.036412379Z","level":"info"}
{"level":"info","message":"}","timestamp":"2026-09-06T06:19:01.036417881Z"}
{"message":"  durationMs: 569","timestamp":"2026-09-06T06:19:01.111550605Z","level":"info"}
{"level":"info","message":"}","timestamp":"2026-09-06T06:19:01.111555738Z"}
{"timestamp":"2026-09-06T06:19:01.111569310Z","level":"info","message":"[ops] {"}
{"level":"info","message":"  event: 'http_request',","timestamp":"2026-09-06T06:19:01.111573629Z"}
{"message":"  ts: '2026-09-06T06:19:01.108Z',","level":"info","timestamp":"2026-09-06T06:19:01.111577143Z"}
{"level":"info","timestamp":"2026-09-06T06:19:01.111580374Z","message":"  requestId: '0f24405a-396c-49fc-94e3-cb89540d7b4b',"}
{"level":"info","message":"  method: 'GET',","timestamp":"2026-09-06T06:19:01.111584126Z"}
{"timestamp":"2026-09-06T06:19:01.111587154Z","message":"  route: '/api/v2/events',","level":"info"}
{"level":"info","timestamp":"2026-09-06T06:19:01.111590884Z","message":"  status: 200,"}
{"timestamp":"2026-09-06T06:19:02.002069758Z","message":"  repairDurationMs: 435","level":"info"}
{"message":"}","timestamp":"2026-09-06T06:19:02.002078988Z","level":"info"}
{"timestamp":"2026-09-06T06:19:02.002083741Z","level":"info","message":"[ops] {"}
{"level":"info","message":"  event: 'http_request',","timestamp":"2026-09-06T06:19:02.002089034Z"}
{"level":"info","message":"  ts: '2026-09-06T06:19:01.639Z',","timestamp":"2026-09-06T06:19:02.002092923Z"}
{"message":"  requestId: '61f24df2-f3d7-426c-920f-09c5f5441a46',","level":"info","timestamp":"2026-09-06T06:19:02.002097948Z"}
{"level":"info","message":"  method: 'POST',","timestamp":"2026-09-06T06:19:02.002101515Z"}
{"timestamp":"2026-09-06T06:19:02.002105283Z","message":"  route: '/api/studio/session/ping',","level":"info"}
{"level":"info","message":"  status: 200,","timestamp":"2026-09-06T06:19:02.002108799Z"}
{"message":"  durationMs: 488","level":"info","timestamp":"2026-09-06T06:19:02.002112142Z"}
{"message":"}","timestamp":"2026-09-06T06:19:02.002115814Z","level":"info"}
{"timestamp":"2026-09-06T06:19:02.002181904Z","level":"info","message":"[ops] {"}
{"level":"info","message":"  event: 'studio.plugin_compatibility_handshake',","timestamp":"2026-09-06T06:19:02.002186223Z"}
{"level":"info","message":"  ts: '2026-09-06T06:19:01.638Z',","timestamp":"2026-09-06T06:19:02.002190170Z"}
{"message":"  requestId: '61f24df2-f3d7-426c-920f-09c5f5441a46',","level":"info","timestamp":"2026-09-06T06:19:02.002194327Z"}
{"level":"info","message":"  sessionId: 'MLq8J3mhz56J6BRsAeQe',","timestamp":"2026-09-06T06:19:02.002198398Z"}
{"level":"info","message":"  userId: '0VSQotqOXxPXBLeQu1gUNkXELWH3',","timestamp":"2026-09-06T06:19:02.002201960Z"}
{"timestamp":"2026-09-06T06:19:02.002205762Z","level":"info","message":"  status: 'compatible',"}
{"timestamp":"2026-09-06T06:19:02.002209367Z","level":"info","message":"  reasonCodes: [],"}
{"level":"info","message":"  buildId: 'nexusrbx-studio-0.14.0-r15-animation.12-toolbox',","timestamp":"2026-09-06T06:19:02.002213213Z"}
{"timestamp":"2026-09-06T06:19:02.002216768Z","message":"  attestationWritten: false,","level":"info"}
{"message":"  status: 204,","level":"info","timestamp":"2026-09-06T06:19:03.037186526Z"}
{"timestamp":"2026-09-06T06:19:03.037194055Z","message":"  durationMs: 0","level":"info"}
{"level":"info","message":"  ts: '2026-09-06T06:19:02.897Z',","timestamp":"2026-09-06T06:19:03.037194840Z"}
{"timestamp":"2026-09-06T06:19:03.037200960Z","level":"info","message":"}"}
{"level":"info","timestamp":"2026-09-06T06:19:03.037203818Z","message":"  requestId: '8c8bfb58-89c8-4f69-a43f-a15ad56b066e',"}
{"message":"  method: 'OPTIONS',","level":"info","timestamp":"2026-09-06T06:19:03.037209249Z"}
{"timestamp":"2026-09-06T06:19:03.037213553Z","message":"  route: '/api/v2/events',","level":"info"}
{"level":"info","timestamp":"2026-09-06T06:19:03.037217077Z","message":"[ops] {"}
{"message":"  event: 'http_request',","timestamp":"2026-09-06T06:19:03.037221785Z","level":"info"}
{"level":"error","message":"[ops] {","timestamp":"2026-09-06T06:19:03.079209960Z"}
{"message":"  event: 'security.app_check_rejected',","timestamp":"2026-09-06T06:19:03.079214936Z","level":"error"}
{"level":"error","timestamp":"2026-09-06T06:19:03.079218909Z","message":"  ts: '2026-09-06T06:19:03.068Z',"}
{"timestamp":"2026-09-06T06:19:03.079222088Z","level":"error","message":"  reason: 'missing_token',"}
{"level":"error","message":"  mode: 'monitor',","timestamp":"2026-09-06T06:19:03.079225533Z"}
{"message":"  route: '/api/v2/events'","level":"error","timestamp":"2026-09-06T06:19:03.079228600Z"}
{"level":"error","timestamp":"2026-09-06T06:19:03.079231875Z","message":"}"}
{"message":"[ops] {","timestamp":"2026-09-06T06:19:03.277335491Z","level":"info"}
{"level":"info","message":"  event: 'studio.command_polled',","timestamp":"2026-09-06T06:19:03.277345302Z"}
{"message":"  ts: '2026-09-06T06:19:03.225Z',","timestamp":"2026-09-06T06:19:03.277351259Z","level":"info"}
{"timestamp":"2026-09-06T06:19:03.277357520Z","message":"  requestId: 'de913ddf-7972-4021-840d-ae07163b8c06',","level":"info"}
{"level":"info","timestamp":"2026-09-06T06:19:03.277361901Z","message":"  sessionId: 'MLq8J3mhz56J6BRsAeQe',"}
{"message":"  status: 'empty'","timestamp":"2026-09-06T06:19:03.277366391Z","level":"info"}
{"message":"}","timestamp":"2026-09-06T06:19:03.277370487Z","level":"info"}
{"message":"[ops] {","timestamp":"2026-09-06T06:19:03.277374611Z","level":"info"}
{"level":"info","timestamp":"2026-09-06T06:19:03.277378412Z","message":"  event: 'http_request',"}
{"timestamp":"2026-09-06T06:19:03.277382528Z","message":"  ts: '2026-09-06T06:19:03.225Z',","level":"info"}
{"message":"  requestId: 'de913ddf-7972-4021-840d-ae07163b8c06',","timestamp":"2026-09-06T06:19:03.277386455Z","level":"info"}
{"message":"  method: 'GET',","timestamp":"2026-09-06T06:19:03.277390015Z","level":"info"}
{"timestamp":"2026-09-06T06:19:03.277393643Z","level":"info","message":"  route: '/api/studio/commands/next',"}
{"level":"info","timestamp":"2026-09-06T06:19:03.277396884Z","message":"  status: 204,"}
{"level":"info","timestamp":"2026-09-06T06:19:03.277400052Z","message":"  durationMs: 24147"}
{"timestamp":"2026-09-06T06:19:03.277403347Z","message":"}","level":"info"}
{"message":"[ops] {","timestamp":"2026-09-06T06:19:04.033647509Z","level":"info"}
{"message":"  event: 'http_request',","timestamp":"2026-09-06T06:19:04.033651941Z","level":"info"}
{"level":"info","message":"  ts: '2026-09-06T06:19:03.688Z',","timestamp":"2026-09-06T06:19:04.033655980Z"}
{"level":"info","message":"  requestId: '75360aa2-6f22-4200-b792-473934470129',","timestamp":"2026-09-06T06:19:04.033660248Z"}
{"timestamp":"2026-09-06T06:19:04.033664540Z","message":"  method: 'GET',","level":"info"}
{"level":"info","message":"  route: '/api/v2/events',","timestamp":"2026-09-06T06:19:04.033668900Z"}
{"message":"  status: 200,","level":"info","timestamp":"2026-09-06T06:19:04.033673606Z"}
{"level":"info","message":"  durationMs: 621","timestamp":"2026-09-06T06:19:04.033678099Z"}
{"timestamp":"2026-09-06T06:19:04.033682241Z","level":"info","message":"}"}
{"timestamp":"2026-09-06T06:19:04.069402892Z","message":"[ops] {","level":"info"}
{"timestamp":"2026-09-06T06:19:04.069403627Z","level":"info","message":"  route: '/api/studio/commands/next',"}
{"message":"  event: 'studio.command_polled',","timestamp":"2026-09-06T06:19:04.069409304Z","level":"info"}
{"level":"info","timestamp":"2026-09-06T06:19:04.069411096Z","message":"  status: 204,"}
{"level":"info","message":"  ts: '2026-09-06T06:19:04.066Z',","timestamp":"2026-09-06T06:19:04.069415272Z"}
{"level":"info","message":"  durationMs: 24240","timestamp":"2026-09-06T06:19:04.069416965Z"}
{"level":"info","timestamp":"2026-09-06T06:19:04.069420726Z","message":"  requestId: '97e6be20-0394-4b93-a5df-28b6ebcbb04e',"}
{"timestamp":"2026-09-06T06:19:04.069423203Z","level":"info","message":"}"}
{"timestamp":"2026-09-06T06:19:04.069425909Z","level":"info","message":"  sessionId: 'MLq8J3mhz56J6BRsAeQe',"}
{"message":"  status: 'empty'","timestamp":"2026-09-06T06:19:04.069429278Z","level":"info"}
{"timestamp":"2026-09-06T06:19:04.069431996Z","message":"}","level":"info"}
{"timestamp":"2026-09-06T06:19:04.069436594Z","level":"info","message":"[ops] {"}
{"level":"info","message":"  event: 'http_request',","timestamp":"2026-09-06T06:19:04.069439621Z"}
{"timestamp":"2026-09-06T06:19:04.069442581Z","level":"info","message":"  ts: '2026-09-06T06:19:04.066Z',"}
{"message":"  requestId: '97e6be20-0394-4b93-a5df-28b6ebcbb04e',","timestamp":"2026-09-06T06:19:04.069445781Z","level":"info"}
{"message":"  method: 'GET',","timestamp":"2026-09-06T06:19:04.069448706Z","level":"info"}
{"timestamp":"2026-09-06T06:19:05.385278957Z","message":"[ops] {","level":"info"}
{"message":"  event: 'http_request',","timestamp":"2026-09-06T06:19:05.385282495Z","level":"info"}
{"message":"  ts: '2026-09-06T06:19:05.381Z',","timestamp":"2026-09-06T06:19:05.385285483Z","level":"info"}
{"timestamp":"2026-09-06T06:19:05.385288619Z","level":"info","message":"  requestId: '3ffd0189-68dd-4174-96f1-4be94f23f6aa',"}
{"level":"info","message":"  method: 'OPTIONS',","timestamp":"2026-09-06T06:19:05.385291556Z"}
{"timestamp":"2026-09-06T06:19:05.385294277Z","message":"  route: '/api/v2/agents/active',","level":"info"}
{"level":"info","message":"  status: 204,","timestamp":"2026-09-06T06:19:05.385297183Z"}
{"message":"  durationMs: 0","timestamp":"2026-09-06T06:19:05.385300069Z","level":"info"}
{"message":"}","level":"info","timestamp":"2026-09-06T06:19:05.385302941Z"}
{"message":"[ops] {","timestamp":"2026-09-06T06:19:05.393635306Z","level":"info"}
{"level":"info","timestamp":"2026-09-06T06:19:05.393645159Z","message":"  event: 'http_request',"}
{"timestamp":"2026-09-06T06:19:05.393650038Z","message":"  ts: '2026-09-06T06:19:05.391Z',","level":"info"}
{"level":"info","timestamp":"2026-09-06T06:19:05.393654674Z","message":"  requestId: '7b933e77-5f97-497e-a4ff-ea6535cd2d2c',"}
{"message":"  method: 'OPTIONS',","timestamp":"2026-09-06T06:19:05.393658201Z","level":"info"}
{"timestamp":"2026-09-06T06:19:05.393662209Z","level":"info","message":"  route: '/api/v2/events',"}
{"level":"info","timestamp":"2026-09-06T06:19:05.393665394Z","message":"  status: 204,"}
{"timestamp":"2026-09-06T06:19:05.393675240Z","message":"  durationMs: 0","level":"info"}
{"level":"info","message":"}","timestamp":"2026-09-06T06:19:05.394223661Z"}
{"message":"[ops] {","timestamp":"2026-09-06T06:19:05.584114840Z","level":"error"}
{"timestamp":"2026-09-06T06:19:05.584118355Z","level":"error","message":"  event: 'security.app_check_rejected',"}
{"message":"  ts: '2026-09-06T06:19:05.553Z',","level":"error","timestamp":"2026-09-06T06:19:05.584121728Z"}
{"message":"  reason: 'missing_token',","timestamp":"2026-09-06T06:19:05.584126271Z","level":"error"}
{"level":"error","timestamp":"2026-09-06T06:19:05.584130233Z","message":"  mode: 'monitor',"}
{"message":"  route: '/api/v2/agents/active'","timestamp":"2026-09-06T06:19:05.584133761Z","level":"error"}
{"timestamp":"2026-09-06T06:19:05.584137308Z","message":"}","level":"error"}
{"timestamp":"2026-09-06T06:19:05.584140242Z","level":"error","message":"[ops] {"}
{"message":"  event: 'security.app_check_rejected',","timestamp":"2026-09-06T06:19:05.584145862Z","level":"error"}
{"timestamp":"2026-09-06T06:19:05.584149361Z","level":"error","message":"  ts: '2026-09-06T06:19:05.558Z',"}
{"level":"error","message":"  reason: 'missing_token',","timestamp":"2026-09-06T06:19:05.584153091Z"}
{"timestamp":"2026-09-06T06:19:05.584156511Z","message":"  mode: 'monitor',","level":"error"}
{"message":"  route: '/api/v2/events'","timestamp":"2026-09-06T06:19:05.584159437Z","level":"error"}
{"timestamp":"2026-09-06T06:19:05.584163889Z","level":"error","message":"}"}
{"message":"[ops] {","timestamp":"2026-09-06T06:19:05.614370733Z","level":"info"}
{"message":"  event: 'http_request',","timestamp":"2026-09-06T06:19:05.614375976Z","level":"info"}
{"level":"info","timestamp":"2026-09-06T06:19:05.614379021Z","message":"  ts: '2026-09-06T06:19:05.609Z',"}
{"level":"info","message":"  requestId: 'be6942b3-7814-4578-950f-370ffb7357d2',","timestamp":"2026-09-06T06:19:05.614381638Z"}
{"message":"  method: 'GET',","level":"info","timestamp":"2026-09-06T06:19:05.614384599Z"}
{"message":"  route: '/api/v2/agents/active',","level":"info","timestamp":"2026-09-06T06:19:05.614387583Z"}
{"message":"  status: 200,","level":"info","timestamp":"2026-09-06T06:19:05.614390414Z"}
{"timestamp":"2026-09-06T06:19:05.614393375Z","message":"  durationMs: 56","level":"info"}
{"message":"}","level":"info","timestamp":"2026-09-06T06:19:05.614395971Z"}
{"level":"info","message":"[ops] {","timestamp":"2026-09-06T06:19:06.217396279Z"}
{"message":"  event: 'http_request',","timestamp":"2026-09-06T06:19:06.217401459Z","level":"info"}
{"message":"  ts: '2026-09-06T06:19:06.199Z',","level":"info","timestamp":"2026-09-06T06:19:06.217405296Z"}
{"level":"info","message":"  requestId: '9ba876b5-06ac-4a4d-8a48-0ac6ebd72775',","timestamp":"2026-09-06T06:19:06.217408685Z"}
{"message":"  method: 'GET',","level":"info","timestamp":"2026-09-06T06:19:06.217412627Z"}
{"level":"info","message":"  route: '/api/v2/events',","timestamp":"2026-09-06T06:19:06.217416497Z"}
{"message":"  status: 200,","timestamp":"2026-09-06T06:19:06.217419603Z","level":"info"}
{"level":"info","message":"  durationMs: 641","timestamp":"2026-09-06T06:19:06.217422760Z"}
{"timestamp":"2026-09-06T06:19:06.217427496Z","message":"}","level":"info"}
{"level":"info","timestamp":"2026-09-06T06:19:07.150248361Z","message":"  event: 'http_request',"}
{"message":"  ts: '2026-09-06T06:19:06.936Z',","level":"info","timestamp":"2026-09-06T06:19:07.150260787Z"}
{"level":"info","message":"  requestId: '55ef1337-1e76-4732-8a85-93168562d8f1',","timestamp":"2026-09-06T06:19:07.150265484Z"}
{"message":"  method: 'OPTIONS',","level":"info","timestamp":"2026-09-06T06:19:07.150270219Z"}
{"message":"  route: '/api/studio/mcp/status',","timestamp":"2026-09-06T06:19:07.150274637Z","level":"info"}
{"message":"  status: 204,","level":"info","timestamp":"2026-09-06T06:19:07.150280427Z"}
{"timestamp":"2026-09-06T06:19:07.150285261Z","message":"  durationMs: 0","level":"info"}
{"level":"info","message":"}","timestamp":"2026-09-06T06:19:07.150289456Z"}
{"message":"[ops] {","timestamp":"2026-09-06T06:19:07.150294286Z","level":"info"}
{"level":"info","message":"  event: 'http_request',","timestamp":"2026-09-06T06:19:07.150298971Z"}
{"timestamp":"2026-09-06T06:19:07.150302495Z","level":"info","message":"  ts: '2026-09-06T06:19:06.937Z',"}
{"message":"  requestId: 'f2afbc92-c3ff-4147-b66c-23d981490be7',","level":"info","timestamp":"2026-09-06T06:19:07.150307353Z"}
{"timestamp":"2026-09-06T06:19:07.150311642Z","level":"info","message":"  method: 'OPTIONS',"}
{"message":"  route: '/api/studio/status',","level":"info","timestamp":"2026-09-06T06:19:07.150315556Z"}
{"timestamp":"2026-09-06T06:19:07.150320290Z","level":"info","message":"  status: 204,"}
{"level":"info","timestamp":"2026-09-06T06:19:07.150324651Z","message":"  durationMs: 0"}
{"timestamp":"2026-09-06T06:19:07.150329387Z","message":"}","level":"info"}
{"timestamp":"2026-09-06T06:19:07.150334628Z","message":"[ops] {","level":"error"}
{"level":"error","timestamp":"2026-09-06T06:19:07.150339797Z","message":"  event: 'security.app_check_rejected',"}
{"message":"  ts: '2026-09-06T06:19:07.105Z',","level":"error","timestamp":"2026-09-06T06:19:07.150345324Z"}
{"timestamp":"2026-09-06T06:19:07.150349510Z","level":"error","message":"  reason: 'missing_token',"}
{"timestamp":"2026-09-06T06:19:07.150354056Z","message":"  mode: 'monitor',","level":"error"}
{"level":"error","timestamp":"2026-09-06T06:19:07.150358491Z","message":"  route: '/api/studio/mcp/status'"}
{"message":"}","level":"error","timestamp":"2026-09-06T06:19:07.150361886Z"}
{"level":"error","timestamp":"2026-09-06T06:19:07.150365771Z","message":"[ops] {"}
{"level":"error","message":"  event: 'security.app_check_rejected',","timestamp":"2026-09-06T06:19:07.150369284Z"}
{"message":"  ts: '2026-09-06T06:19:07.111Z',","level":"error","timestamp":"2026-09-06T06:19:07.150373521Z"}
{"message":"  reason: 'missing_token',","timestamp":"2026-09-06T06:19:07.150379473Z","level":"error"}
{"message":"[ops] {","level":"info","timestamp":"2026-09-06T06:19:07.150379607Z"}
{"message":"  mode: 'monitor',","level":"error","timestamp":"2026-09-06T06:19:07.150385246Z"}
{"level":"error","message":"  route: '/api/studio/status'","timestamp":"2026-09-06T06:19:07.150389582Z"}
{"level":"error","message":"}","timestamp":"2026-09-06T06:19:07.151030443Z"}
{"level":"info","timestamp":"2026-09-06T06:19:07.459082348Z","message":"[ops] {"}
{"level":"info","message":"  event: 'http_request',","timestamp":"2026-09-06T06:19:07.459087171Z"}
{"level":"info","message":"  ts: '2026-09-06T06:19:07.452Z',","timestamp":"2026-09-06T06:19:07.459091131Z"}
{"message":"  requestId: '279b9fbb-7b4c-4d44-b297-ce972e5b78be',","level":"info","timestamp":"2026-09-06T06:19:07.459094080Z"}
{"message":"  method: 'GET',","level":"info","timestamp":"2026-09-06T06:19:07.459096954Z"}
{"level":"info","message":"  route: '/api/studio/mcp/status',","timestamp":"2026-09-06T06:19:07.459099747Z"}
{"message":"  status: 200,","level":"info","timestamp":"2026-09-06T06:19:07.459102431Z"}
{"level":"info","timestamp":"2026-09-06T06:19:07.459105065Z","message":"  durationMs: 347"}
{"timestamp":"2026-09-06T06:19:07.459107891Z","message":"}","level":"info"}
{"timestamp":"2026-09-06T06:19:07.613389214Z","level":"info","message":"[ops] {"}
{"timestamp":"2026-09-06T06:19:07.613394146Z","level":"info","message":"  event: 'http_request',"}
{"timestamp":"2026-09-06T06:19:07.613397391Z","level":"info","message":"  ts: '2026-09-06T06:19:07.607Z',"}
{"timestamp":"2026-09-06T06:19:07.613400538Z","message":"  requestId: '673a91a9-7355-4095-9d2e-660f5a1a61c7',","level":"info"}
{"level":"info","message":"  method: 'GET',","timestamp":"2026-09-06T06:19:07.613405132Z"}
{"message":"  route: '/api/studio/status',","timestamp":"2026-09-06T06:19:07.613408581Z","level":"info"}
{"timestamp":"2026-09-06T06:19:07.613412529Z","message":"  status: 200,","level":"info"}
{"message":"  durationMs: 496","timestamp":"2026-09-06T06:19:07.613415856Z","level":"info"}
{"level":"info","message":"}","timestamp":"2026-09-06T06:19:07.613418900Z"}
{"level":"info","timestamp":"2026-09-06T06:19:08.108709832Z","message":"  route: '/api/v2/events',"}
{"level":"error","timestamp":"2026-09-06T06:19:08.108712264Z","message":"  route: '/api/v2/events'"}
{"level":"error","message":"}","timestamp":"2026-09-06T06:19:08.108719672Z"}
{"timestamp":"2026-09-06T06:19:08.108725249Z","level":"info","message":"  ts: '2026-09-06T06:19:07.876Z',"}
{"level":"error","message":"  event: 'security.app_check_rejected',","timestamp":"2026-09-06T06:19:08.108728318Z"}
{"message":"  ts: '2026-09-06T06:19:08.040Z',","timestamp":"2026-09-06T06:19:08.108733851Z","level":"error"}
{"level":"info","timestamp":"2026-09-06T06:19:08.108737877Z","message":"  event: 'http_request',"}
{"message":"  requestId: '7a80fd0f-e280-4da0-b82f-45f83ce8b4c0',","timestamp":"2026-09-06T06:19:08.108738272Z","level":"info"}
{"timestamp":"2026-09-06T06:19:08.108740514Z","level":"error","message":"  reason: 'missing_token',"}
{"message":"  method: 'OPTIONS',","level":"info","timestamp":"2026-09-06T06:19:08.108753915Z"}
{"message":"  mode: 'monitor',","level":"error","timestamp":"2026-09-06T06:19:08.108756921Z"}
{"level":"info","message":"[ops] {","timestamp":"2026-09-06T06:19:08.108764855Z"}
{"timestamp":"2026-09-06T06:19:08.108772264Z","message":"  durationMs: 0","level":"info"}
{"message":"  status: 204,","timestamp":"2026-09-06T06:19:08.108772399Z","level":"info"}
{"timestamp":"2026-09-06T06:19:08.108774819Z","level":"error","message":"[ops] {"}
{"message":"}","timestamp":"2026-09-06T06:19:08.108779395Z","level":"info"}
{"timestamp":"2026-09-06T06:19:08.612035393Z","message":"}","level":"info"}
{"timestamp":"2026-09-06T06:19:08.612039613Z","message":"[ops] {","level":"info"}
{"timestamp":"2026-09-06T06:19:08.612046548Z","level":"info","message":"  event: 'http_request',"}
{"message":"  ts: '2026-09-06T06:19:08.607Z',","timestamp":"2026-09-06T06:19:08.612050906Z","level":"info"}
{"level":"info","timestamp":"2026-09-06T06:19:08.612055190Z","message":"  requestId: '2dc21d7d-e411-489b-ab4c-984538b37027',"}
{"message":"  method: 'GET',","level":"info","timestamp":"2026-09-06T06:19:08.612058917Z"}
{"timestamp":"2026-09-06T06:19:08.612062798Z","level":"info","message":"  route: '/api/v2/events',"}
{"message":"  status: 200,","timestamp":"2026-09-06T06:19:08.612066694Z","level":"info"}
{"level":"info","message":"  durationMs: 567","timestamp":"2026-09-06T06:19:08.612070678Z"}
{"timestamp":"2026-09-06T06:19:09.414918926Z","level":"info","message":"[ops] {"}
{"level":"info","message":"  event: 'studio.plugin_compatibility_handshake',","timestamp":"2026-09-06T06:19:09.414930914Z"}
{"level":"info","timestamp":"2026-09-06T06:19:09.414935361Z","message":"  ts: '2026-09-06T06:19:09.407Z',"}
{"timestamp":"2026-09-06T06:19:09.414939446Z","message":"  requestId: '2e24a5c0-3e5c-482e-8ad2-f824c3e7db8e',","level":"info"}
{"message":"  sessionId: 'MLq8J3mhz56J6BRsAeQe',","timestamp":"2026-09-06T06:19:09.414944437Z","level":"info"}
{"timestamp":"2026-09-06T06:19:09.414948920Z","level":"info","message":"  userId: '0VSQotqOXxPXBLeQu1gUNkXELWH3',"}
{"timestamp":"2026-09-06T06:19:09.414953354Z","level":"info","message":"  status: 'compatible',"}
{"message":"  reasonCodes: [],","timestamp":"2026-09-06T06:19:09.414957200Z","level":"info"}
{"timestamp":"2026-09-06T06:19:09.414960742Z","level":"info","message":"  buildId: 'nexusrbx-studio-0.14.0-r15-animation.12-toolbox',"}
{"message":"  attestationWritten: false,","timestamp":"2026-09-06T06:19:09.414964644Z","level":"info"}
{"level":"info","timestamp":"2026-09-06T06:19:09.414968016Z","message":"  repairDurationMs: 560"}
{"level":"info","message":"}","timestamp":"2026-09-06T06:19:09.414971733Z"}
{"message":"[ops] {","timestamp":"2026-09-06T06:19:09.414975508Z","level":"info"}
{"timestamp":"2026-09-06T06:19:09.414979306Z","message":"  event: 'http_request',","level":"info"}
{"message":"  ts: '2026-09-06T06:19:09.407Z',","timestamp":"2026-09-06T06:19:09.414983271Z","level":"info"}
{"timestamp":"2026-09-06T06:19:09.414987705Z","message":"  requestId: '2e24a5c0-3e5c-482e-8ad2-f824c3e7db8e',","level":"info"}
{"timestamp":"2026-09-06T06:19:09.414991488Z","message":"  method: 'POST',","level":"info"}
{"level":"info","message":"  route: '/api/studio/session/ping',","timestamp":"2026-09-06T06:19:09.414994554Z"}
{"message":"  status: 200,","level":"info","timestamp":"2026-09-06T06:19:09.414997791Z"}
{"message":"  durationMs: 618","level":"info","timestamp":"2026-09-06T06:19:09.415000920Z"}
{"level":"info","timestamp":"2026-09-06T06:19:09.415004431Z","message":"}"}
{"level":"info","message":"  requestId: '39010b26-ea63-4be8-8c45-e7b4f9726d1f',","timestamp":"2026-09-06T06:19:10.430838462Z"}
{"message":"  method: 'OPTIONS',","level":"info","timestamp":"2026-09-06T06:19:10.430847705Z"}
{"message":"  route: '/api/v2/events',","level":"info","timestamp":"2026-09-06T06:19:10.430852239Z"}
{"message":"  status: 204,","level":"info","timestamp":"2026-09-06T06:19:10.430858179Z"}
{"timestamp":"2026-09-06T06:19:10.430858914Z","level":"info","message":"[ops] {"}
{"level":"info","message":"  event: 'http_request',","timestamp":"2026-09-06T06:19:10.430863176Z"}
{"timestamp":"2026-09-06T06:19:10.430866731Z","message":"  durationMs: 0","level":"info"}
{"message":"  ts: '2026-09-06T06:19:10.374Z',","timestamp":"2026-09-06T06:19:10.430867477Z","level":"info"}
{"message":"  requestId: 'cb803ae2-8646-48c4-bb68-93fb8c4bfc2e',","timestamp":"2026-09-06T06:19:10.430871336Z","level":"info"}
{"level":"info","message":"}","timestamp":"2026-09-06T06:19:10.430874390Z"}
{"message":"  method: 'OPTIONS',","level":"info","timestamp":"2026-09-06T06:19:10.430876045Z"}
{"message":"  route: '/api/v2/events',","timestamp":"2026-09-06T06:19:10.430879177Z","level":"info"}
{"timestamp":"2026-09-06T06:19:10.430882382Z","level":"info","message":"  status: 204,"}
{"timestamp":"2026-09-06T06:19:10.430885662Z","level":"info","message":"  durationMs: 0"}
{"message":"}","timestamp":"2026-09-06T06:19:10.430888648Z","level":"info"}
{"timestamp":"2026-09-06T06:19:10.430891598Z","level":"info","message":"[ops] {"}
{"message":"  event: 'http_request',","level":"info","timestamp":"2026-09-06T06:19:10.430894571Z"}
{"timestamp":"2026-09-06T06:19:10.430897480Z","level":"info","message":"  ts: '2026-09-06T06:19:10.392Z',"}
{"level":"info","timestamp":"2026-09-06T06:19:10.430900362Z","message":"  requestId: '0df37f17-969f-49e6-a5f8-50364d0548c9',"}
{"level":"info","message":"  method: 'OPTIONS',","timestamp":"2026-09-06T06:19:10.430903377Z"}
{"message":"  route: '/api/v2/agents/active',","timestamp":"2026-09-06T06:19:10.430906245Z","level":"info"}
{"timestamp":"2026-09-06T06:19:10.430908969Z","message":"  status: 204,","level":"info"}
{"message":"  durationMs: 0","timestamp":"2026-09-06T06:19:10.430911738Z","level":"info"}
{"timestamp":"2026-09-06T06:19:10.430914562Z","message":"}","level":"info"}
{"level":"info","timestamp":"2026-09-06T06:19:10.430917325Z","message":"[ops] {"}
{"timestamp":"2026-09-06T06:19:10.430920088Z","level":"info","message":"  event: 'http_request',"}
{"message":"  ts: '2026-09-06T06:19:10.393Z',","timestamp":"2026-09-06T06:19:10.430923185Z","level":"info"}
{"timestamp":"2026-09-06T06:19:10.549436305Z","message":"[ops] {","level":"error"}
{"message":"  event: 'security.app_check_rejected',","timestamp":"2026-09-06T06:19:10.549440928Z","level":"error"}
{"level":"error","timestamp":"2026-09-06T06:19:10.549444144Z","message":"  ts: '2026-09-06T06:19:10.538Z',"}
{"timestamp":"2026-09-06T06:19:10.549447040Z","level":"error","message":"  reason: 'missing_token',"}
{"level":"error","timestamp":"2026-09-06T06:19:10.549450208Z","message":"  mode: 'monitor',"}
{"message":"  route: '/api/v2/events'","timestamp":"2026-09-06T06:19:10.549452980Z","level":"error"}
{"level":"error","timestamp":"2026-09-06T06:19:10.549455732Z","message":"}"}
{"timestamp":"2026-09-06T06:19:10.569885210Z","message":"[ops] {","level":"error"}
{"timestamp":"2026-09-06T06:19:10.569889461Z","level":"error","message":"  event: 'security.app_check_rejected',"}
{"message":"  ts: '2026-09-06T06:19:10.558Z',","timestamp":"2026-09-06T06:19:10.569893680Z","level":"error"}
{"message":"  reason: 'missing_token',","timestamp":"2026-09-06T06:19:10.569897567Z","level":"error"}
{"timestamp":"2026-09-06T06:19:10.569901003Z","level":"error","message":"  mode: 'monitor',"}
{"level":"error","message":"  route: '/api/v2/events'","timestamp":"2026-09-06T06:19:10.569904680Z"}
{"message":"}","level":"error","timestamp":"2026-09-06T06:19:10.569908598Z"}
{"timestamp":"2026-09-06T06:19:10.569912889Z","message":"[ops] {","level":"error"}
{"message":"  event: 'security.app_check_rejected',","level":"error","timestamp":"2026-09-06T06:19:10.569916195Z"}
{"level":"error","message":"  ts: '2026-09-06T06:19:10.562Z',","timestamp":"2026-09-06T06:19:10.569920979Z"}
{"timestamp":"2026-09-06T06:19:10.569925080Z","message":"  reason: 'missing_token',","level":"error"}
{"timestamp":"2026-09-06T06:19:10.569929585Z","level":"error","message":"  mode: 'monitor',"}
{"level":"error","message":"  route: '/api/v2/agents/active'","timestamp":"2026-09-06T06:19:10.569932992Z"}
{"message":"}","timestamp":"2026-09-06T06:19:10.569936176Z","level":"error"}
{"level":"info","message":"[ops] {","timestamp":"2026-09-06T06:19:10.658068426Z"}
{"timestamp":"2026-09-06T06:19:10.658073033Z","level":"info","message":"  event: 'http_request',"}
{"level":"info","message":"  ts: '2026-09-06T06:19:10.655Z',","timestamp":"2026-09-06T06:19:10.658075902Z"}
{"level":"info","timestamp":"2026-09-06T06:19:10.658078619Z","message":"  requestId: 'a9a786c8-a206-4ce2-a49a-020ec3afd383',"}
{"timestamp":"2026-09-06T06:19:10.658082207Z","level":"info","message":"  method: 'GET',"}
{"timestamp":"2026-09-06T06:19:10.658085104Z","message":"  route: '/api/v2/agents/active',","level":"info"}
{"level":"info","message":"  status: 200,","timestamp":"2026-09-06T06:19:10.658087815Z"}
{"level":"info","timestamp":"2026-09-06T06:19:10.658090444Z","message":"  durationMs: 92"}
{"message":"}","level":"info","timestamp":"2026-09-06T06:19:10.658093119Z"}
{"message":"project_resolution {","level":"info","timestamp":"2026-09-06T06:19:10.665343175Z"}
{"message":"  requestId: '7c8aff66-0b4d-4259-8003-84e226fac615',","timestamp":"2026-09-06T06:19:10.665350288Z","level":"info"}
{"level":"info","timestamp":"2026-09-06T06:19:10.665354541Z","message":"  userHash: '61523b905e6d4bfa',"}
{"message":"  projectHash: '345b955d3c8c9e83',","timestamp":"2026-09-06T06:19:10.665359321Z","level":"info"}
{"message":"  resolutionState: 'ready',","timestamp":"2026-09-06T06:19:10.665363088Z","level":"info"}
{"message":"  failureCode: null","level":"info","timestamp":"2026-09-06T06:19:10.665367115Z"}
{"message":"}","timestamp":"2026-09-06T06:19:10.665371065Z","level":"info"}
{"level":"info","timestamp":"2026-09-06T06:19:11.218026045Z","message":"[ops] {"}
{"level":"info","message":"  event: 'http_request',","timestamp":"2026-09-06T06:19:11.218029442Z"}
{"message":"  ts: '2026-09-06T06:19:11.188Z',","timestamp":"2026-09-06T06:19:11.218032748Z","level":"info"}
{"message":"  requestId: 'fa69e07f-2f33-4196-8788-3906ac0dc524',","level":"info","timestamp":"2026-09-06T06:19:11.218037467Z"}
{"timestamp":"2026-09-06T06:19:11.218041361Z","message":"  method: 'GET',","level":"info"}
{"timestamp":"2026-09-06T06:19:11.218044809Z","message":"  route: '/api/v2/events',","level":"info"}
{"message":"  status: 200,","timestamp":"2026-09-06T06:19:11.218047634Z","level":"info"}
{"level":"info","message":"  durationMs: 651","timestamp":"2026-09-06T06:19:11.218050708Z"}
{"timestamp":"2026-09-06T06:19:11.218053636Z","level":"info","message":"}"}
{"timestamp":"2026-09-06T06:19:13.168282751Z","level":"error","message":"[ops] {"}
{"timestamp":"2026-09-06T06:19:13.168308651Z","message":"  event: 'security.app_check_rejected',","level":"error"}
{"level":"error","message":"  ts: '2026-09-06T06:19:13.060Z',","timestamp":"2026-09-06T06:19:13.168315727Z"}
{"level":"error","message":"  reason: 'missing_token',","timestamp":"2026-09-06T06:19:13.168321721Z"}
{"timestamp":"2026-09-06T06:19:13.168327098Z","message":"  mode: 'monitor',","level":"error"}
{"timestamp":"2026-09-06T06:19:13.168332259Z","level":"error","message":"  route: '/api/v2/events'"}
{"message":"}","level":"error","timestamp":"2026-09-06T06:19:13.168337116Z"}
{"timestamp":"2026-09-06T06:19:13.168379703Z","level":"info","message":"[ops] {"}
{"message":"  event: 'http_request',","level":"info","timestamp":"2026-09-06T06:19:13.168383843Z"}
{"message":"  ts: '2026-09-06T06:19:12.862Z',","level":"info","timestamp":"2026-09-06T06:19:13.168387685Z"}
{"message":"  requestId: 'c3c3ff8b-f93e-432c-8fdf-8d70ed5199be',","timestamp":"2026-09-06T06:19:13.168391813Z","level":"info"}
{"level":"info","message":"  method: 'GET',","timestamp":"2026-09-06T06:19:13.168395357Z"}
{"timestamp":"2026-09-06T06:19:13.168399423Z","level":"info","message":"  route: '/api/v2/events',"}
{"timestamp":"2026-09-06T06:19:13.168406551Z","level":"info","message":"  status: 200,"}
{"level":"info","message":"  durationMs: 2304","timestamp":"2026-09-06T06:19:13.168410500Z"}
{"level":"info","timestamp":"2026-09-06T06:19:13.168414934Z","message":"}"}
{"timestamp":"2026-09-06T06:19:13.168418825Z","message":"[ops] {","level":"info"}
{"level":"info","message":"  event: 'http_request',","timestamp":"2026-09-06T06:19:13.168423405Z"}
{"message":"  ts: '2026-09-06T06:19:12.884Z',","level":"info","timestamp":"2026-09-06T06:19:13.168427408Z"}
{"level":"info","timestamp":"2026-09-06T06:19:13.168431206Z","message":"  requestId: '4d575e0a-e986-4244-97b8-674f99a0d823',"}
{"message":"  method: 'OPTIONS',","timestamp":"2026-09-06T06:19:13.168435350Z","level":"info"}
{"timestamp":"2026-09-06T06:19:13.168440155Z","message":"  route: '/api/v2/events',","level":"info"}
{"timestamp":"2026-09-06T06:19:13.168443954Z","message":"  status: 204,","level":"info"}
{"timestamp":"2026-09-06T06:19:13.168447623Z","message":"  durationMs: 0","level":"info"}
{"message":"}","level":"info","timestamp":"2026-09-06T06:19:13.168451444Z"}
{"timestamp":"2026-09-06T06:19:13.691932389Z","message":"[ops] {","level":"info"}
{"timestamp":"2026-09-06T06:19:13.691937193Z","level":"info","message":"  event: 'http_request',"}
{"message":"  ts: '2026-09-06T06:19:13.681Z',","level":"info","timestamp":"2026-09-06T06:19:13.691940770Z"}
{"level":"info","message":"  requestId: '741b003f-f30c-4b7a-997e-44bf4b6b73c5',","timestamp":"2026-09-06T06:19:13.691944364Z"}
{"timestamp":"2026-09-06T06:19:13.691948326Z","level":"info","message":"  method: 'GET',"}
{"timestamp":"2026-09-06T06:19:13.691951946Z","level":"info","message":"  route: '/api/v2/events',"}
{"message":"  status: 200,","timestamp":"2026-09-06T06:19:13.691955411Z","level":"info"}
{"level":"info","message":"  durationMs: 621","timestamp":"2026-09-06T06:19:13.691958644Z"}
{"timestamp":"2026-09-06T06:19:13.691961722Z","level":"info","message":"}"}
{"timestamp":"2026-09-06T06:19:15.390534065Z","message":"  requestId: '1025fd38-a362-41d7-aeb3-9dfdccf34947',","level":"info"}
{"level":"info","timestamp":"2026-09-06T06:19:15.390537407Z","message":"[ops] {"}
{"timestamp":"2026-09-06T06:19:15.390543068Z","message":"  event: 'http_request',","level":"info"}
{"level":"info","message":"  ts: '2026-09-06T06:19:15.374Z',","timestamp":"2026-09-06T06:19:15.390546458Z"}
{"timestamp":"2026-09-06T06:19:15.390549809Z","message":"  requestId: 'c3ca22fa-772f-46a0-a22d-7a2d44d0b605',","level":"info"}
{"level":"info","message":"  method: 'OPTIONS',","timestamp":"2026-09-06T06:19:15.390557927Z"}
{"message":"  method: 'OPTIONS',","timestamp":"2026-09-06T06:19:15.390558419Z","level":"info"}
{"timestamp":"2026-09-06T06:19:15.390562754Z","message":"  route: '/api/v2/agents/active',","level":"info"}
{"message":"  route: '/api/v2/events',","timestamp":"2026-09-06T06:19:15.390564957Z","level":"info"}
{"message":"  status: 204,","timestamp":"2026-09-06T06:19:15.390568695Z","level":"info"}
{"level":"info","message":"  status: 204,","timestamp":"2026-09-06T06:19:15.390570701Z"}
{"timestamp":"2026-09-06T06:19:15.390574249Z","level":"info","message":"  durationMs: 0"}
{"level":"info","timestamp":"2026-09-06T06:19:15.390576487Z","message":"  durationMs: 0"}
{"level":"info","message":"}","timestamp":"2026-09-06T06:19:15.390579037Z"}
{"message":"}","timestamp":"2026-09-06T06:19:15.390581694Z","level":"info"}
{"timestamp":"2026-09-06T06:19:15.390585387Z","message":"[ops] {","level":"info"}
{"message":"  event: 'http_request',","level":"info","timestamp":"2026-09-06T06:19:15.390588507Z"}
{"timestamp":"2026-09-06T06:19:15.390592836Z","message":"  ts: '2026-09-06T06:19:15.378Z',","level":"info"}
{"timestamp":"2026-09-06T06:19:15.584310830Z","message":"[ops] {","level":"error"}
{"message":"  event: 'security.app_check_rejected',","level":"error","timestamp":"2026-09-06T06:19:15.584313530Z"}
{"timestamp":"2026-09-06T06:19:15.584316438Z","level":"error","message":"  ts: '2026-09-06T06:19:15.543Z',"}
{"message":"  reason: 'missing_token',","timestamp":"2026-09-06T06:19:15.584319851Z","level":"error"}
{"message":"  mode: 'monitor',","timestamp":"2026-09-06T06:19:15.584323119Z","level":"error"}
{"level":"error","message":"  route: '/api/v2/events'","timestamp":"2026-09-06T06:19:15.584326128Z"}
{"level":"error","message":"}","timestamp":"2026-09-06T06:19:15.584328996Z"}
{"level":"error","timestamp":"2026-09-06T06:19:15.584331667Z","message":"[ops] {"}
{"level":"error","timestamp":"2026-09-06T06:19:15.584334473Z","message":"  event: 'security.app_check_rejected',"}
{"level":"error","timestamp":"2026-09-06T06:19:15.584337190Z","message":"  ts: '2026-09-06T06:19:15.545Z',"}
{"message":"  reason: 'missing_token',","level":"error","timestamp":"2026-09-06T06:19:15.584351941Z"}
{"message":"  mode: 'monitor',","timestamp":"2026-09-06T06:19:15.584355350Z","level":"error"}
{"timestamp":"2026-09-06T06:19:15.584357999Z","message":"  route: '/api/v2/agents/active'","level":"error"}
{"level":"error","message":"}","timestamp":"2026-09-06T06:19:15.584360646Z"}
{"level":"info","message":"[ops] {","timestamp":"2026-09-06T06:19:15.611874212Z"}
{"message":"  event: 'http_request',","timestamp":"2026-09-06T06:19:15.611887685Z","level":"info"}
{"level":"info","timestamp":"2026-09-06T06:19:15.611894810Z","message":"  ts: '2026-09-06T06:19:15.602Z',"}
{"level":"info","message":"  requestId: 'd76eab70-5a2f-4b21-a002-1a8882b4a6db',","timestamp":"2026-09-06T06:19:15.611902615Z"}
{"message":"  method: 'GET',","timestamp":"2026-09-06T06:19:15.611907898Z","level":"info"}
{"level":"info","message":"  route: '/api/v2/agents/active',","timestamp":"2026-09-06T06:19:15.611914372Z"}
{"level":"info","message":"  status: 200,","timestamp":"2026-09-06T06:19:15.611920777Z"}
{"message":"  durationMs: 57","timestamp":"2026-09-06T06:19:15.611926744Z","level":"info"}
{"message":"}","timestamp":"2026-09-06T06:19:15.611933230Z","level":"info"}
{"message":"[ops] {","timestamp":"2026-09-06T06:19:16.203626782Z","level":"info"}
{"timestamp":"2026-09-06T06:19:16.203630495Z","message":"  event: 'http_request',","level":"info"}
{"message":"  ts: '2026-09-06T06:19:16.195Z',","timestamp":"2026-09-06T06:19:16.203633781Z","level":"info"}
{"level":"info","message":"  requestId: '8c62fc07-c93e-493a-a4cb-05031df1bf3d',","timestamp":"2026-09-06T06:19:16.203640412Z"}
{"level":"info","message":"  method: 'GET',","timestamp":"2026-09-06T06:19:16.203643836Z"}
{"level":"info","message":"  route: '/api/v2/events',","timestamp":"2026-09-06T06:19:16.203646969Z"}
{"level":"info","message":"  status: 200,","timestamp":"2026-09-06T06:19:16.203650435Z"}
{"level":"info","timestamp":"2026-09-06T06:19:16.203653461Z","message":"  durationMs: 652"}
{"level":"info","message":"}","timestamp":"2026-09-06T06:19:16.203656801Z"}
{"level":"info","message":"[ops] {","timestamp":"2026-09-06T06:19:16.490682963Z"}
{"level":"info","message":"  event: 'http_request',","timestamp":"2026-09-06T06:19:16.490686590Z"}
{"timestamp":"2026-09-06T06:19:16.490690172Z","message":"  ts: '2026-09-06T06:19:16.479Z',","level":"info"}
{"level":"info","message":"  requestId: '0d997e41-4566-44e5-8450-701011b81252',","timestamp":"2026-09-06T06:19:16.490693278Z"}
{"level":"info","message":"  method: 'POST',","timestamp":"2026-09-06T06:19:16.490696657Z"}
{"level":"info","timestamp":"2026-09-06T06:19:16.490700218Z","message":"  route: '/api/studio/mcp/session/ping',"}
{"timestamp":"2026-09-06T06:19:16.490704626Z","level":"info","message":"  status: 200,"}
{"message":"  durationMs: 337","timestamp":"2026-09-06T06:19:16.490708129Z","level":"info"}
{"level":"info","message":"}","timestamp":"2026-09-06T06:19:16.490712006Z"}
{"timestamp":"2026-09-06T06:19:17.565672659Z","level":"info","message":"  status: 'compatible',"}
{"message":"  reasonCodes: [],","level":"info","timestamp":"2026-09-06T06:19:17.565679799Z"}
{"timestamp":"2026-09-06T06:19:17.565683822Z","level":"info","message":"[ops] {"}
{"message":"  buildId: 'nexusrbx-studio-0.14.0-r15-animation.12-toolbox',","timestamp":"2026-09-06T06:19:17.565684906Z","level":"info"}
{"timestamp":"2026-09-06T06:19:17.565689145Z","message":"  event: 'studio.plugin_compatibility_handshake',","level":"info"}
{"level":"info","timestamp":"2026-09-06T06:19:17.565689333Z","message":"  attestationWritten: false,"}
{"message":"  ts: '2026-09-06T06:19:17.548Z',","timestamp":"2026-09-06T06:19:17.565694353Z","level":"info"}
{"timestamp":"2026-09-06T06:19:17.565694378Z","level":"info","message":"  repairDurationMs: 570"}
{"level":"info","timestamp":"2026-09-06T06:19:17.565698418Z","message":"  requestId: 'be8e4508-41e9-41a0-bf5a-435b05b6c9d1',"}
{"timestamp":"2026-09-06T06:19:17.565702550Z","message":"  sessionId: 'MLq8J3mhz56J6BRsAeQe',","level":"info"}
{"message":"  userId: '0VSQotqOXxPXBLeQu1gUNkXELWH3',","timestamp":"2026-09-06T06:19:17.565706593Z","level":"info"}
{"message":"}","level":"info","timestamp":"2026-09-06T06:19:17.565709214Z"}
{"level":"info","timestamp":"2026-09-06T06:19:17.565713621Z","message":"[ops] {"}
{"level":"info","message":"  event: 'http_request',","timestamp":"2026-09-06T06:19:17.565717345Z"}
{"timestamp":"2026-09-06T06:19:17.565720819Z","message":"  ts: '2026-09-06T06:19:17.549Z',","level":"info"}
{"timestamp":"2026-09-06T06:19:17.565725021Z","level":"info","message":"  requestId: 'be8e4508-41e9-41a0-bf5a-435b05b6c9d1',"}
{"message":"  method: 'POST',","timestamp":"2026-09-06T06:19:17.565729002Z","level":"info"}
{"timestamp":"2026-09-06T06:19:17.565732018Z","level":"info","message":"  route: '/api/studio/session/ping',"}
{"level":"info","message":"  status: 200,","timestamp":"2026-09-06T06:19:17.565735879Z"}
{"timestamp":"2026-09-06T06:19:17.565740345Z","message":"  durationMs: 628","level":"info"}
{"timestamp":"2026-09-06T06:19:17.565749332Z","message":"}","level":"info"}
{"timestamp":"2026-09-06T06:19:17.813846431Z","level":"error","message":"[ops] {"}
{"message":"  event: 'security.app_check_rejected',","level":"error","timestamp":"2026-09-06T06:19:17.813850783Z"}
{"level":"error","timestamp":"2026-09-06T06:19:17.813854118Z","message":"  ts: '2026-09-06T06:19:17.812Z',"}
{"timestamp":"2026-09-06T06:19:17.813857297Z","level":"error","message":"  reason: 'missing_token',"}
{"timestamp":"2026-09-06T06:19:17.813860133Z","level":"error","message":"  mode: 'monitor',"}
{"message":"  route: '/api/studio/chat/bootstrap'","timestamp":"2026-09-06T06:19:17.813863544Z","level":"error"}
{"level":"error","message":"}","timestamp":"2026-09-06T06:19:17.813866159Z"}
{"timestamp":"2026-09-06T06:19:18.180141536Z","message":"  ts: '2026-09-06T06:19:18.050Z',","level":"error"}
{"level":"error","timestamp":"2026-09-06T06:19:18.180149180Z","message":"  reason: 'missing_token',"}
{"level":"error","timestamp":"2026-09-06T06:19:18.180157560Z","message":"  mode: 'monitor',"}
{"level":"error","message":"  route: '/api/v2/events'","timestamp":"2026-09-06T06:19:18.180161565Z"}
{"message":"}","timestamp":"2026-09-06T06:19:18.180173778Z","level":"error"}
{"level":"info","message":"  method: 'OPTIONS',","timestamp":"2026-09-06T06:19:18.180177366Z"}
{"level":"info","message":"  route: '/api/v2/events',","timestamp":"2026-09-06T06:19:18.180188799Z"}
{"level":"info","message":"  status: 204,","timestamp":"2026-09-06T06:19:18.180195159Z"}
{"timestamp":"2026-09-06T06:19:18.180198740Z","level":"info","message":"[ops] {"}
{"level":"info","message":"  durationMs: 0","timestamp":"2026-09-06T06:19:18.180203795Z"}
{"level":"info","message":"  event: 'http_request',","timestamp":"2026-09-06T06:19:18.180203840Z"}
{"timestamp":"2026-09-06T06:19:18.180208063Z","message":"  ts: '2026-09-06T06:19:17.879Z',","level":"info"}
{"timestamp":"2026-09-06T06:19:18.180212453Z","level":"info","message":"  requestId: '76e5b92b-34b7-4506-8a35-559b25c88b28',"}
{"timestamp":"2026-09-06T06:19:18.180215045Z","level":"info","message":"}"}
{"timestamp":"2026-09-06T06:19:18.180222015Z","level":"error","message":"[ops] {"}
{"level":"error","message":"  event: 'security.app_check_rejected',","timestamp":"2026-09-06T06:19:18.180226667Z"}
{"level":"info","message":"  requestId: 'b817d155-c3ee-4042-8e9f-ffefcf482368',","timestamp":"2026-09-06T06:19:18.425714915Z"}
{"level":"info","timestamp":"2026-09-06T06:19:18.425724564Z","message":"  method: 'GET',"}
{"timestamp":"2026-09-06T06:19:18.425730367Z","level":"info","message":"  route: '/api/studio/chat/bootstrap',"}
{"timestamp":"2026-09-06T06:19:18.425734739Z","message":"  status: 200,","level":"info"}
{"message":"  durationMs: 587","timestamp":"2026-09-06T06:19:18.425739305Z","level":"info"}
{"message":"}","timestamp":"2026-09-06T06:19:18.425743746Z","level":"info"}
{"level":"info","message":"[ops] {","timestamp":"2026-09-06T06:19:18.425760441Z"}
{"message":"  event: 'http_request',","timestamp":"2026-09-06T06:19:18.425763728Z","level":"info"}
{"message":"  ts: '2026-09-06T06:19:18.399Z',","level":"info","timestamp":"2026-09-06T06:19:18.425767164Z"}
{"message":"[ops] {","timestamp":"2026-09-06T06:19:18.689868134Z","level":"info"}
{"message":"  event: 'http_request',","level":"info","timestamp":"2026-09-06T06:19:18.689880131Z"}
{"timestamp":"2026-09-06T06:19:18.689888009Z","message":"  ts: '2026-09-06T06:19:18.664Z',","level":"info"}
{"timestamp":"2026-09-06T06:19:18.689895202Z","level":"info","message":"  requestId: '33ee9911-aba7-4725-be4c-a29306e1c575',"}
{"timestamp":"2026-09-06T06:19:18.689900569Z","message":"  method: 'GET',","level":"info"}
{"timestamp":"2026-09-06T06:19:18.689905348Z","level":"info","message":"  route: '/api/v2/events',"}
{"message":"  status: 200,","level":"info","timestamp":"2026-09-06T06:19:18.689909920Z"}
{"message":"  durationMs: 614","timestamp":"2026-09-06T06:19:18.689914380Z","level":"info"}
{"level":"info","timestamp":"2026-09-06T06:19:18.689918880Z","message":"}"}
{"message":"[ops] {","level":"info","timestamp":"2026-09-06T06:19:19.383115856Z"}
{"level":"info","message":"  event: 'http_request',","timestamp":"2026-09-06T06:19:19.383122033Z"}
{"message":"  ts: '2026-09-06T06:19:19.380Z',","level":"info","timestamp":"2026-09-06T06:19:19.383125691Z"}
{"message":"  requestId: 'd4f4821b-7296-4c59-be2d-d88422deb3fb',","timestamp":"2026-09-06T06:19:19.383128728Z","level":"info"}
{"timestamp":"2026-09-06T06:19:19.383132401Z","message":"  method: 'OPTIONS',","level":"info"}
{"message":"  route: '/api/billing/entitlements',","level":"info","timestamp":"2026-09-06T06:19:19.383136298Z"}
{"level":"info","message":"  status: 204,","timestamp":"2026-09-06T06:19:19.383140590Z"}
{"level":"info","timestamp":"2026-09-06T06:19:19.383146074Z","message":"  durationMs: 0"}
{"message":"}","timestamp":"2026-09-06T06:19:19.383149851Z","level":"info"}
{"timestamp":"2026-09-06T06:19:19.551075790Z","level":"error","message":"[ops] {"}
{"timestamp":"2026-09-06T06:19:19.551080215Z","level":"error","message":"  event: 'security.app_check_rejected',"}
{"message":"  ts: '2026-09-06T06:19:19.545Z',","level":"error","timestamp":"2026-09-06T06:19:19.551084676Z"}
{"timestamp":"2026-09-06T06:19:19.551090016Z","message":"  reason: 'missing_token',","level":"error"}
{"message":"  mode: 'monitor',","level":"error","timestamp":"2026-09-06T06:19:19.551094489Z"}
{"message":"  route: '/api/billing/entitlements'","timestamp":"2026-09-06T06:19:19.551097882Z","level":"error"}
{"message":"}","level":"error","timestamp":"2026-09-06T06:19:19.551103138Z"}
{"timestamp":"2026-09-06T06:19:19.551106793Z","level":"info","message":"[ops] {"}
{"timestamp":"2026-09-06T06:19:19.551110558Z","level":"info","message":"  event: 'http_request',"}
{"timestamp":"2026-09-06T06:19:19.551113805Z","message":"  ts: '2026-09-06T06:19:19.549Z',","level":"info"}
{"message":"  requestId: '40d5a74c-6eea-4195-bc68-ac238cb799fb',","timestamp":"2026-09-06T06:19:19.551117182Z","level":"info"}
{"timestamp":"2026-09-06T06:19:19.551121325Z","message":"  method: 'GET',","level":"info"}
{"message":"  route: '/api/billing/entitlements',","timestamp":"2026-09-06T06:19:19.551124729Z","level":"info"}
{"timestamp":"2026-09-06T06:19:19.551128408Z","level":"info","message":"  status: 200,"}
{"level":"info","timestamp":"2026-09-06T06:19:19.551131705Z","message":"  durationMs: 4"}
{"message":"}","level":"info","timestamp":"2026-09-06T06:19:19.551134950Z"}
{"timestamp":"2026-09-06T06:19:21.225883809Z","message":"  durationMs: 0","level":"info"}
{"timestamp":"2026-09-06T06:19:21.225894864Z","message":"}","level":"info"}
{"timestamp":"2026-09-06T06:19:21.225900173Z","message":"[ops] {","level":"error"}
{"timestamp":"2026-09-06T06:19:21.225903700Z","message":"  event: 'security.app_check_rejected',","level":"error"}
{"message":"  ts: '2026-09-06T06:19:21.102Z',","level":"error","timestamp":"2026-09-06T06:19:21.225907823Z"}
{"message":"  reason: 'missing_token',","timestamp":"2026-09-06T06:19:21.225911975Z","level":"error"}
{"message":"  mode: 'monitor',","level":"error","timestamp":"2026-09-06T06:19:21.225915136Z"}
{"message":"  route: '/api/v2/events'","level":"error","timestamp":"2026-09-06T06:19:21.225918470Z"}
{"timestamp":"2026-09-06T06:19:21.225921615Z","message":"}","level":"error"}
{"message":"","timestamp":"2026-09-06T06:19:21.225925283Z","event":"workflow.model_request","requestId":"7c8aff66-0b4d-4259-8003-84e226fac615","requestType":"workflow_orchestration","level":"info","model":"google/gemini-2.5-flash"}
{"message":"[ops] {","level":"info","timestamp":"2026-09-06T06:19:21.225949187Z"}
{"level":"info","message":"  event: 'http_request',","timestamp":"2026-09-06T06:19:21.225951981Z"}
{"level":"info","message":"  ts: '2026-09-06T06:19:20.936Z',","timestamp":"2026-09-06T06:19:21.225954931Z"}
{"level":"info","timestamp":"2026-09-06T06:19:21.225957881Z","message":"  requestId: '3f098fee-378a-49c4-af74-ec2c41cc7925',"}
{"level":"info","message":"  method: 'OPTIONS',","timestamp":"2026-09-06T06:19:21.225961059Z"}
{"level":"info","message":"  route: '/api/v2/events',","timestamp":"2026-09-06T06:19:21.225964179Z"}
{"timestamp":"2026-09-06T06:19:21.225967448Z","level":"info","message":"  status: 204,"}
{"message":"[ops] {","level":"info","timestamp":"2026-09-06T06:19:21.659337880Z"}
{"timestamp":"2026-09-06T06:19:21.659347212Z","level":"info","message":"  event: 'http_request',"}
{"level":"info","timestamp":"2026-09-06T06:19:21.659353154Z","message":"  ts: '2026-09-06T06:19:21.655Z',"}
{"level":"info","message":"  requestId: '50305ecd-b3ae-45c3-80f0-b8297e99e75b',","timestamp":"2026-09-06T06:19:21.659358362Z"}
{"message":"  method: 'GET',","level":"info","timestamp":"2026-09-06T06:19:21.659364633Z"}
{"timestamp":"2026-09-06T06:19:21.659369658Z","message":"  route: '/api/v2/events',","level":"info"}
{"level":"info","message":"  status: 200,","timestamp":"2026-09-06T06:19:21.659374023Z"}
{"timestamp":"2026-09-06T06:19:21.659378497Z","message":"  durationMs: 553","level":"info"}
{"timestamp":"2026-09-06T06:19:21.659382945Z","level":"info","message":"}"}
{"timestamp":"2026-09-06T06:19:22.799536095Z","message":"[ops] {","level":"info"}
{"message":"  event: 'http_request',","timestamp":"2026-09-06T06:19:22.799542614Z","level":"info"}
{"message":"  ts: '2026-09-06T06:19:22.797Z',","timestamp":"2026-09-06T06:19:22.799549386Z","level":"info"}
{"timestamp":"2026-09-06T06:19:22.799555341Z","level":"info","message":"  requestId: '2b655a1e-67b5-4936-8547-5bb5e4a97fab',"}
{"level":"info","timestamp":"2026-09-06T06:19:22.799559596Z","message":"  method: 'OPTIONS',"}
{"timestamp":"2026-09-06T06:19:22.799563941Z","level":"info","message":"  route: '/api/studio/status',"}
{"message":"  status: 204,","timestamp":"2026-09-06T06:19:22.799568306Z","level":"info"}
{"message":"  durationMs: 0","level":"info","timestamp":"2026-09-06T06:19:22.799572244Z"}
{"level":"info","message":"}","timestamp":"2026-09-06T06:19:22.799576093Z"}
{"timestamp":"2026-09-06T06:19:22.805337827Z","message":"  status: 204,","level":"info"}
{"message":"  durationMs: 0","timestamp":"2026-09-06T06:19:22.805344592Z","level":"info"}
{"level":"info","message":"[ops] {","timestamp":"2026-09-06T06:19:22.805349185Z"}
{"timestamp":"2026-09-06T06:19:22.805351751Z","message":"}","level":"info"}
{"timestamp":"2026-09-06T06:19:22.805356067Z","message":"  event: 'http_request',","level":"info"}
{"level":"info","message":"  ts: '2026-09-06T06:19:22.804Z',","timestamp":"2026-09-06T06:19:22.805359307Z"}
{"timestamp":"2026-09-06T06:19:22.805362298Z","message":"  requestId: '7067fcdd-e877-426f-a11a-2de40cff7866',","level":"info"}
{"message":"  method: 'OPTIONS',","timestamp":"2026-09-06T06:19:22.805365507Z","level":"info"}
{"message":"  route: '/api/studio/mcp/status',","timestamp":"2026-09-06T06:19:22.805368834Z","level":"info"}
{"level":"info","message":"[ops] {","timestamp":"2026-09-06T06:19:22.884094687Z"}
{"message":"  event: 'http_request',","timestamp":"2026-09-06T06:19:22.884102158Z","level":"info"}
{"timestamp":"2026-09-06T06:19:22.884105422Z","level":"info","message":"  ts: '2026-09-06T06:19:22.882Z',"}
{"message":"  requestId: '793eea61-f538-4ba8-adbc-85d058085e31',","level":"info","timestamp":"2026-09-06T06:19:22.884108504Z"}
{"level":"info","timestamp":"2026-09-06T06:19:22.884112049Z","message":"  method: 'OPTIONS',"}
{"message":"  route: '/api/v2/events',","timestamp":"2026-09-06T06:19:22.884115098Z","level":"info"}
{"timestamp":"2026-09-06T06:19:22.884118913Z","level":"info","message":"  status: 204,"}
{"timestamp":"2026-09-06T06:19:22.884122157Z","message":"  durationMs: 0","level":"info"}
{"message":"}","level":"info","timestamp":"2026-09-06T06:19:22.884124809Z"}
{"message":"  ts: '2026-09-06T06:19:23.052Z',","timestamp":"2026-09-06T06:19:23.267646727Z","level":"error"}
{"message":"  reason: 'missing_token',","timestamp":"2026-09-06T06:19:23.267654369Z","level":"error"}
{"message":"  mode: 'monitor',","timestamp":"2026-09-06T06:19:23.267658342Z","level":"error"}
{"level":"error","timestamp":"2026-09-06T06:19:23.267661750Z","message":"  route: '/api/v2/events'"}
{"level":"error","message":"}","timestamp":"2026-09-06T06:19:23.267665109Z"}
{"level":"error","message":"[ops] {","timestamp":"2026-09-06T06:19:23.267689512Z"}
{"timestamp":"2026-09-06T06:19:23.267692829Z","level":"error","message":"  event: 'security.app_check_rejected',"}
{"timestamp":"2026-09-06T06:19:23.267695983Z","level":"error","message":"  ts: '2026-09-06T06:19:22.964Z',"}
{"level":"error","message":"  reason: 'missing_token',","timestamp":"2026-09-06T06:19:23.267699315Z"}
{"timestamp":"2026-09-06T06:19:23.267702758Z","message":"  mode: 'monitor',","level":"error"}
{"timestamp":"2026-09-06T06:19:23.267705788Z","message":"  route: '/api/studio/status'","level":"error"}
{"timestamp":"2026-09-06T06:19:23.267708567Z","message":"}","level":"error"}
{"message":"[ops] {","timestamp":"2026-09-06T06:19:23.267711363Z","level":"error"}
{"level":"error","message":"  event: 'security.app_check_rejected',","timestamp":"2026-09-06T06:19:23.267716168Z"}
{"message":"  ts: '2026-09-06T06:19:22.969Z',","level":"error","timestamp":"2026-09-06T06:19:23.267719041Z"}
{"timestamp":"2026-09-06T06:19:23.267722021Z","message":"  reason: 'missing_token',","level":"error"}
{"level":"error","message":"  mode: 'monitor',","timestamp":"2026-09-06T06:19:23.267724894Z"}
{"timestamp":"2026-09-06T06:19:23.267728146Z","level":"error","message":"  route: '/api/studio/mcp/status'"}
{"message":"}","timestamp":"2026-09-06T06:19:23.267731123Z","level":"error"}
{"level":"error","timestamp":"2026-09-06T06:19:23.267734232Z","message":"[ops] {"}
{"timestamp":"2026-09-06T06:19:23.267737511Z","message":"  event: 'security.app_check_rejected',","level":"error"}
{"message":"[ops] {","level":"info","timestamp":"2026-09-06T06:19:23.280285947Z"}
{"level":"info","message":"  event: 'http_request',","timestamp":"2026-09-06T06:19:23.280290090Z"}
{"message":"  ts: '2026-09-06T06:19:23.279Z',","timestamp":"2026-09-06T06:19:23.280293162Z","level":"info"}
{"timestamp":"2026-09-06T06:19:23.280296238Z","level":"info","message":"  requestId: 'cde578dc-1c62-4099-8300-90c21e385972',"}
{"level":"info","message":"  method: 'GET',","timestamp":"2026-09-06T06:19:23.280298892Z"}
{"timestamp":"2026-09-06T06:19:23.280301621Z","level":"info","message":"  route: '/api/studio/mcp/status',"}
{"level":"info","message":"  status: 200,","timestamp":"2026-09-06T06:19:23.280304232Z"}
{"level":"info","message":"  durationMs: 310","timestamp":"2026-09-06T06:19:23.280307688Z"}
{"timestamp":"2026-09-06T06:19:23.280311707Z","level":"info","message":"}"}
{"level":"info","timestamp":"2026-09-06T06:19:23.458370442Z","message":"[ops] {"}
{"message":"  event: 'http_request',","timestamp":"2026-09-06T06:19:23.458374900Z","level":"info"}
{"message":"  ts: '2026-09-06T06:19:23.452Z',","timestamp":"2026-09-06T06:19:23.458378440Z","level":"info"}
{"message":"  requestId: 'fed1b8fa-a496-4023-ac78-4a317cf4969d',","timestamp":"2026-09-06T06:19:23.458381164Z","level":"info"}
{"level":"info","timestamp":"2026-09-06T06:19:23.458383882Z","message":"  method: 'GET',"}
{"message":"  route: '/api/studio/status',","level":"info","timestamp":"2026-09-06T06:19:23.458386430Z"}
{"timestamp":"2026-09-06T06:19:23.458389296Z","level":"info","message":"  status: 200,"}
{"message":"  durationMs: 488","level":"info","timestamp":"2026-09-06T06:19:23.458391989Z"}
{"timestamp":"2026-09-06T06:19:23.458396679Z","message":"}","level":"info"}
{"message":"[ops] {","timestamp":"2026-09-06T06:19:23.697817097Z","level":"info"}
{"timestamp":"2026-09-06T06:19:23.697822201Z","message":"  event: 'http_request',","level":"info"}
{"level":"info","message":"  ts: '2026-09-06T06:19:23.682Z',","timestamp":"2026-09-06T06:19:23.697825679Z"}
{"timestamp":"2026-09-06T06:19:23.697828448Z","level":"info","message":"  requestId: 'ed0209e1-c950-40da-9ec4-81a7de1c3b57',"}
{"message":"  method: 'GET',","timestamp":"2026-09-06T06:19:23.697831075Z","level":"info"}
{"level":"info","message":"  route: '/api/v2/events',","timestamp":"2026-09-06T06:19:23.697834311Z"}
{"message":"  status: 200,","timestamp":"2026-09-06T06:19:23.697837098Z","level":"info"}
{"timestamp":"2026-09-06T06:19:23.697839790Z","level":"info","message":"  durationMs: 631"}
{"level":"info","timestamp":"2026-09-06T06:19:23.697842409Z","message":"}"}
{"message":"  attestationWritten: false,","level":"info","timestamp":"2026-09-06T06:19:25.288168490Z"}
{"message":"}","timestamp":"2026-09-06T06:19:25.288172763Z","level":"info"}
{"message":"  repairDurationMs: 449","timestamp":"2026-09-06T06:19:25.288176541Z","level":"info"}
{"count":1,"counter":"studio_session","sessionId":"MLq8J3mhz56J6BRsAeQe","timestamp":"2026-09-06T06:19:25.288179329Z","level":"info","type":"firestore_write_metric","message":"","ts":1788675565116,"total":3,"jobId":null,"writesPerStudioSessionHour":3}
{"message":"}","timestamp":"2026-09-06T06:19:25.288182296Z","level":"info"}
{"message":"  route: '/api/studio/session/ping',","timestamp":"2026-09-06T06:19:25.288188977Z","level":"info"}
{"level":"info","message":"[ops] {","timestamp":"2026-09-06T06:19:25.288189674Z"}
{"timestamp":"2026-09-06T06:19:25.288189859Z","level":"info","message":"[ops] {"}
{"message":"  ts: '2026-09-06T06:19:25.220Z',","timestamp":"2026-09-06T06:19:25.288190607Z","level":"info"}
{"level":"info","message":"  event: 'studio.plugin_compatibility_handshake',","timestamp":"2026-09-06T06:19:25.288196842Z"}
{"level":"info","message":"  event: 'http_request',","timestamp":"2026-09-06T06:19:25.288197425Z"}
{"message":"  status: 200,","timestamp":"2026-09-06T06:19:25.288201497Z","level":"info"}
{"timestamp":"2026-09-06T06:19:25.288204102Z","level":"info","message":"  ts: '2026-09-06T06:19:25.219Z',"}
{"level":"info","message":"  durationMs: 506","timestamp":"2026-09-06T06:19:25.288207512Z"}
{"message":"  requestId: '60939602-8bae-4622-b849-2cfa3af1ff0e',","level":"info","timestamp":"2026-09-06T06:19:25.288211542Z"}
{"timestamp":"2026-09-06T06:19:25.288220399Z","level":"info","message":"  requestId: '60939602-8bae-4622-b849-2cfa3af1ff0e',"}
{"level":"info","message":"  sessionId: 'MLq8J3mhz56J6BRsAeQe',","timestamp":"2026-09-06T06:19:25.288220483Z"}
{"message":"  method: 'POST',","timestamp":"2026-09-06T06:19:25.288227119Z","level":"info"}
{"message":"  userId: '0VSQotqOXxPXBLeQu1gUNkXELWH3',","timestamp":"2026-09-06T06:19:25.288227737Z","level":"info"}
{"timestamp":"2026-09-06T06:19:25.288231901Z","message":"  status: 'compatible',","level":"info"}
{"timestamp":"2026-09-06T06:19:25.288235549Z","level":"info","message":"  reasonCodes: [],"}
{"timestamp":"2026-09-06T06:19:25.288239415Z","level":"info","message":"  buildId: 'nexusrbx-studio-0.14.0-r15-animation.12-toolbox',"}
{"level":"info","message":"[ops] {","timestamp":"2026-09-06T06:19:25.385748740Z"}
{"timestamp":"2026-09-06T06:19:25.385757028Z","level":"info","message":"  event: 'http_request',"}
{"timestamp":"2026-09-06T06:19:25.385763319Z","message":"  ts: '2026-09-06T06:19:25.384Z',","level":"info"}
{"message":"  requestId: 'd3dfce14-a341-4dba-a399-84041f66536a',","timestamp":"2026-09-06T06:19:25.385767924Z","level":"info"}
{"level":"info","message":"  method: 'OPTIONS',","timestamp":"2026-09-06T06:19:25.385773338Z"}
{"timestamp":"2026-09-06T06:19:25.385778752Z","message":"  route: '/api/v2/agents/active',","level":"info"}
{"level":"info","timestamp":"2026-09-06T06:19:25.385783505Z","message":"  status: 204,"}
{"message":"  durationMs: 0","timestamp":"2026-09-06T06:19:25.385790105Z","level":"info"}
{"level":"info","message":"}","timestamp":"2026-09-06T06:19:25.385794604Z"}
{"timestamp":"2026-09-06T06:19:25.392406516Z","level":"info","message":"[ops] {"}
{"message":"  event: 'http_request',","timestamp":"2026-09-06T06:19:25.392415467Z","level":"info"}
{"timestamp":"2026-09-06T06:19:25.392420762Z","level":"info","message":"  ts: '2026-09-06T06:19:25.389Z',"}
{"level":"info","timestamp":"2026-09-06T06:19:25.392426382Z","message":"  requestId: 'a1f61917-694f-4e96-8bc5-ed0dcc64a243',"}
{"level":"info","message":"  method: 'OPTIONS',","timestamp":"2026-09-06T06:19:25.392431150Z"}
{"timestamp":"2026-09-06T06:19:25.392436177Z","level":"info","message":"  route: '/api/v2/events',"}
{"message":"  status: 204,","timestamp":"2026-09-06T06:19:25.392441698Z","level":"info"}
{"message":"  durationMs: 0","timestamp":"2026-09-06T06:19:25.392446479Z","level":"info"}
{"message":"}","timestamp":"2026-09-06T06:19:25.392450830Z","level":"info"}
{"message":"[ops] {","level":"error","timestamp":"2026-09-06T06:19:25.483441866Z"}
{"timestamp":"2026-09-06T06:19:25.483446706Z","level":"error","message":"  event: 'security.app_check_rejected',"}
{"timestamp":"2026-09-06T06:19:25.483451310Z","level":"error","message":"  ts: '2026-09-06T06:19:25.472Z',"}
{"timestamp":"2026-09-06T06:19:25.483454805Z","level":"error","message":"  reason: 'missing_token',"}
{"message":"  mode: 'monitor',","timestamp":"2026-09-06T06:19:25.483459128Z","level":"error"}
{"timestamp":"2026-09-06T06:19:25.483463076Z","level":"error","message":"  route: '/api/studio/chat/bootstrap'"}
{"level":"error","message":"}","timestamp":"2026-09-06T06:19:25.483467040Z"}
{"timestamp":"2026-09-06T06:19:25.569878708Z","level":"error","message":"  reason: 'missing_token',"}
{"message":"  mode: 'monitor',","level":"error","timestamp":"2026-09-06T06:19:25.569883929Z"}
{"message":"  route: '/api/v2/agents/active'","timestamp":"2026-09-06T06:19:25.569887586Z","level":"error"}
{"message":"}","level":"error","timestamp":"2026-09-06T06:19:25.569890833Z"}
{"message":"[ops] {","level":"error","timestamp":"2026-09-06T06:19:25.569908850Z"}
{"message":"  event: 'security.app_check_rejected',","level":"error","timestamp":"2026-09-06T06:19:25.569913464Z"}
{"timestamp":"2026-09-06T06:19:25.569916724Z","message":"  ts: '2026-09-06T06:19:25.552Z',","level":"error"}
{"level":"error","message":"  reason: 'missing_token',","timestamp":"2026-09-06T06:19:25.569920113Z"}
{"level":"error","message":"  mode: 'monitor',","timestamp":"2026-09-06T06:19:25.569923379Z"}
{"timestamp":"2026-09-06T06:19:25.569927024Z","level":"error","message":"  route: '/api/v2/events'"}
{"level":"error","message":"}","timestamp":"2026-09-06T06:19:25.569932321Z"}
{"timestamp":"2026-09-06T06:19:25.569935655Z","message":"[ops] {","level":"error"}
{"timestamp":"2026-09-06T06:19:25.569938873Z","level":"error","message":"  event: 'security.app_check_rejected',"}
{"timestamp":"2026-09-06T06:19:25.569954144Z","level":"error","message":"  ts: '2026-09-06T06:19:25.553Z',"}
{"timestamp":"2026-09-06T06:19:25.614198314Z","message":"[ops] {","level":"info"}
{"message":"  event: 'http_request',","level":"info","timestamp":"2026-09-06T06:19:25.614205927Z"}
{"level":"info","message":"  ts: '2026-09-06T06:19:25.611Z',","timestamp":"2026-09-06T06:19:25.614209810Z"}
{"timestamp":"2026-09-06T06:19:25.614213728Z","level":"info","message":"  requestId: '769afd0a-b5e7-45b0-a418-77d0a19d5c12',"}
{"timestamp":"2026-09-06T06:19:25.614217080Z","level":"info","message":"  method: 'GET',"}
{"level":"info","message":"  route: '/api/v2/agents/active',","timestamp":"2026-09-06T06:19:25.614220565Z"}
{"level":"info","timestamp":"2026-09-06T06:19:25.614223715Z","message":"  status: 200,"}
{"level":"info","message":"  durationMs: 57","timestamp":"2026-09-06T06:19:25.614226950Z"}
{"message":"}","timestamp":"2026-09-06T06:19:25.614230063Z","level":"info"}
{"message":"  status: 200,","level":"info","timestamp":"2026-09-06T06:19:26.327618545Z"}
{"level":"info","timestamp":"2026-09-06T06:19:26.327622842Z","message":"  status: 200,"}
{"level":"info","message":"  durationMs: 594","timestamp":"2026-09-06T06:19:26.327625739Z"}
{"timestamp":"2026-09-06T06:19:26.327631496Z","message":"}","level":"info"}
{"message":"  durationMs: 517","timestamp":"2026-09-06T06:19:26.327632187Z","level":"info"}
{"timestamp":"2026-09-06T06:19:26.327635711Z","message":"[ops] {","level":"info"}
{"timestamp":"2026-09-06T06:19:26.327641320Z","level":"info","message":"}"}
{"message":"  event: 'http_request',","timestamp":"2026-09-06T06:19:26.327641458Z","level":"info"}
{"message":"  ts: '2026-09-06T06:19:26.068Z',","level":"info","timestamp":"2026-09-06T06:19:26.327647400Z"}
{"message":"  requestId: '22107aed-b5a2-4b28-a76a-3865a6853f6f',","level":"info","timestamp":"2026-09-06T06:19:26.327654164Z"}
{"timestamp":"2026-09-06T06:19:26.327656987Z","level":"info","message":"[ops] {"}
{"message":"  method: 'GET',","timestamp":"2026-09-06T06:19:26.327659573Z","level":"info"}
{"timestamp":"2026-09-06T06:19:26.327662137Z","level":"info","message":"  event: 'http_request',"}
{"message":"  ts: '2026-09-06T06:19:26.066Z',","timestamp":"2026-09-06T06:19:26.327666656Z","level":"info"}
{"message":"  route: '/api/v2/events',","timestamp":"2026-09-06T06:19:26.327668273Z","level":"info"}
{"message":"  requestId: '86dbbc20-e5b9-417a-b3ca-edb038227695',","timestamp":"2026-09-06T06:19:26.327670685Z","level":"info"}
{"timestamp":"2026-09-06T06:19:26.327673803Z","message":"  method: 'GET',","level":"info"}
{"level":"info","message":"  route: '/api/studio/chat/bootstrap',","timestamp":"2026-09-06T06:19:26.327676985Z"}
{"timestamp":"2026-09-06T06:19:27.909105995Z","message":"  ts: '2026-09-06T06:19:27.871Z',","level":"info"}
{"message":"}","level":"info","timestamp":"2026-09-06T06:19:27.909106960Z"}
{"timestamp":"2026-09-06T06:19:27.909112792Z","level":"info","message":"  requestId: '2e21b8dd-c1b5-4395-b0d0-7a97d0808072',"}
{"timestamp":"2026-09-06T06:19:27.909116520Z","message":"  method: 'OPTIONS',","level":"info"}
{"timestamp":"2026-09-06T06:19:27.909124128Z","level":"info","message":"  route: '/api/v2/events',"}
{"message":"  status: 204,","timestamp":"2026-09-06T06:19:27.909128519Z","level":"info"}
{"level":"info","message":"  durationMs: 0","timestamp":"2026-09-06T06:19:27.909132307Z"}
{"message":"[ops] {","timestamp":"2026-09-06T06:19:27.909159195Z","level":"info"}
{"message":"  event: 'studio.command_polled',","level":"info","timestamp":"2026-09-06T06:19:27.909164859Z"}
{"level":"info","timestamp":"2026-09-06T06:19:27.909170408Z","message":"  ts: '2026-09-06T06:19:27.789Z',"}
{"timestamp":"2026-09-06T06:19:27.909175756Z","level":"info","message":"  requestId: 'f23f8310-7cb4-4802-89d9-12c12dfeec56',"}
{"message":"  sessionId: 'MLq8J3mhz56J6BRsAeQe',","timestamp":"2026-09-06T06:19:27.909180550Z","level":"info"}
{"timestamp":"2026-09-06T06:19:27.909184822Z","message":"  status: 'empty'","level":"info"}
{"timestamp":"2026-09-06T06:19:27.909189055Z","message":"}","level":"info"}
{"timestamp":"2026-09-06T06:19:27.909193427Z","message":"[ops] {","level":"info"}
{"message":"  event: 'http_request',","timestamp":"2026-09-06T06:19:27.909197677Z","level":"info"}
{"level":"info","message":"  ts: '2026-09-06T06:19:27.790Z',","timestamp":"2026-09-06T06:19:27.909201769Z"}
{"message":"  requestId: 'f23f8310-7cb4-4802-89d9-12c12dfeec56',","timestamp":"2026-09-06T06:19:27.909205977Z","level":"info"}
{"timestamp":"2026-09-06T06:19:27.909212940Z","level":"info","message":"  method: 'GET',"}
{"message":"  route: '/api/studio/commands/next',","timestamp":"2026-09-06T06:19:27.909217099Z","level":"info"}
{"message":"  status: 204,","timestamp":"2026-09-06T06:19:27.909221197Z","level":"info"}
{"level":"info","message":"  durationMs: 24059","timestamp":"2026-09-06T06:19:27.909225674Z"}
{"message":"}","timestamp":"2026-09-06T06:19:27.909232259Z","level":"info"}
{"message":"[ops] {","timestamp":"2026-09-06T06:19:27.909237415Z","level":"info"}
{"message":"  event: 'http_request',","timestamp":"2026-09-06T06:19:27.909241777Z","level":"info"}
{"timestamp":"2026-09-06T06:19:28.350921132Z","message":"[ops] {","level":"error"}
{"message":"  event: 'security.app_check_rejected',","level":"error","timestamp":"2026-09-06T06:19:28.350925163Z"}
{"level":"error","message":"  ts: '2026-09-06T06:19:28.041Z',","timestamp":"2026-09-06T06:19:28.350928657Z"}
{"message":"  reason: 'missing_token',","timestamp":"2026-09-06T06:19:28.350932238Z","level":"error"}
{"level":"error","message":"  mode: 'monitor',","timestamp":"2026-09-06T06:19:28.350935846Z"}
{"timestamp":"2026-09-06T06:19:28.350938672Z","level":"error","message":"  route: '/api/v2/events'"}
{"timestamp":"2026-09-06T06:19:28.350941851Z","level":"error","message":"}"}
{"level":"info","message":"[ops] {","timestamp":"2026-09-06T06:19:28.586314961Z"}
{"message":"  event: 'http_request',","timestamp":"2026-09-06T06:19:28.586318839Z","level":"info"}
{"timestamp":"2026-09-06T06:19:28.586322590Z","message":"  ts: '2026-09-06T06:19:28.581Z',","level":"info"}
{"level":"info","message":"  requestId: '455d4f05-038f-409f-b108-2b5a3d1af6d3',","timestamp":"2026-09-06T06:19:28.586326474Z"}
{"level":"info","timestamp":"2026-09-06T06:19:28.586330114Z","message":"  method: 'GET',"}
{"message":"  route: '/api/v2/events',","timestamp":"2026-09-06T06:19:28.586333670Z","level":"info"}
{"level":"info","message":"  status: 200,","timestamp":"2026-09-06T06:19:28.586337439Z"}
{"message":"  durationMs: 540","timestamp":"2026-09-06T06:19:28.586347092Z","level":"info"}
{"message":"}","timestamp":"2026-09-06T06:19:28.586350333Z","level":"info"}
{"level":"info","message":"}","timestamp":"2026-09-06T06:19:29.397649275Z"}
{"message":"[ops] {","timestamp":"2026-09-06T06:19:29.397658739Z","level":"info"}
{"timestamp":"2026-09-06T06:19:29.397660152Z","message":"  method: 'OPTIONS',","level":"info"}
{"level":"info","message":"[ops] {","timestamp":"2026-09-06T06:19:29.397660898Z"}
{"timestamp":"2026-09-06T06:19:29.397664707Z","level":"info","message":"  status: 'empty'"}
{"timestamp":"2026-09-06T06:19:29.397665678Z","message":"  event: 'studio.command_polled',","level":"info"}
{"timestamp":"2026-09-06T06:19:29.397671362Z","message":"  ts: '2026-09-06T06:19:28.978Z',","level":"info"}
{"message":"  requestId: '7e41b6a6-5d7c-4769-bba0-f83ba8959742',","timestamp":"2026-09-06T06:19:29.397675283Z","level":"info"}
{"level":"info","message":"  sessionId: 'MLq8J3mhz56J6BRsAeQe',","timestamp":"2026-09-06T06:19:29.397684282Z"}
{"message":"  event: 'http_request',","timestamp":"2026-09-06T06:19:29.397684511Z","level":"info"}
{"timestamp":"2026-09-06T06:19:29.397685517Z","level":"info","message":"  ts: '2026-09-06T06:19:29.395Z',"}
{"level":"info","timestamp":"2026-09-06T06:19:29.397688042Z","message":"  status: 204,"}
{"timestamp":"2026-09-06T06:19:29.397688105Z","level":"info","message":"  requestId: '505d13a4-8491-47cb-b662-e836ea931a42',"}
{"timestamp":"2026-09-06T06:19:29.397688882Z","message":"  durationMs: 24440","level":"info"}
{"message":"  ts: '2026-09-06T06:19:29.395Z',","timestamp":"2026-09-06T06:19:29.397691854Z","level":"info"}
{"message":"  requestId: '37875a0c-0787-41e7-aa79-3a8f1f7f9ace',","timestamp":"2026-09-06T06:19:29.397695076Z","level":"info"}
{"message":"  durationMs: 0","level":"info","timestamp":"2026-09-06T06:19:29.397697293Z"}
{"timestamp":"2026-09-06T06:19:29.397698111Z","level":"info","message":"}"}
{"level":"info","timestamp":"2026-09-06T06:19:29.397703045Z","message":"  event: 'http_request',"}
{"level":"info","timestamp":"2026-09-06T06:19:29.397703075Z","message":"  method: 'OPTIONS',"}
{"level":"info","timestamp":"2026-09-06T06:19:29.397709639Z","message":"  route: '/api/studio/mcp/status',"}
{"message":"[ops] {","level":"info","timestamp":"2026-09-06T06:19:29.397710303Z"}
{"message":"  ts: '2026-09-06T06:19:28.978Z',","level":"info","timestamp":"2026-09-06T06:19:29.397712970Z"}
{"message":"  requestId: '7e41b6a6-5d7c-4769-bba0-f83ba8959742',","timestamp":"2026-09-06T06:19:29.397718478Z","level":"info"}
{"message":"  method: 'GET',","timestamp":"2026-09-06T06:19:29.397724530Z","level":"info"}
{"message":"}","timestamp":"2026-09-06T06:19:29.397726040Z","level":"info"}
{"message":"  route: '/api/studio/commands/next',","timestamp":"2026-09-06T06:19:29.397729730Z","level":"info"}
{"level":"info","message":"  status: 204,","timestamp":"2026-09-06T06:19:29.397733785Z"}
{"message":"[ops] {","timestamp":"2026-09-06T06:19:29.397736215Z","level":"info"}
{"timestamp":"2026-09-06T06:19:29.397740730Z","level":"info","message":"  event: 'http_request',"}
{"message":"  route: '/api/studio/status',","timestamp":"2026-09-06T06:19:29.398338537Z","level":"info"}
{"message":"  status: 204,","level":"info","timestamp":"2026-09-06T06:19:29.398343875Z"}
{"message":"  durationMs: 0","level":"info","timestamp":"2026-09-06T06:19:29.398348934Z"}
{"message":"}","level":"info","timestamp":"2026-09-06T06:19:29.398354740Z"}
{"level":"error","message":"[ops] {","timestamp":"2026-09-06T06:19:29.564114688Z"}
{"message":"  event: 'security.app_check_rejected',","timestamp":"2026-09-06T06:19:29.564118741Z","level":"error"}
{"timestamp":"2026-09-06T06:19:29.564122439Z","level":"error","message":"  ts: '2026-09-06T06:19:29.562Z',"}
{"timestamp":"2026-09-06T06:19:29.564125600Z","message":"  reason: 'missing_token',","level":"error"}
{"message":"  mode: 'monitor',","timestamp":"2026-09-06T06:19:29.564128823Z","level":"error"}
{"timestamp":"2026-09-06T06:19:29.564131900Z","message":"  route: '/api/studio/mcp/status'","level":"error"}
{"timestamp":"2026-09-06T06:19:29.564134749Z","message":"}","level":"error"}
{"message":"[ops] {","timestamp":"2026-09-06T06:19:29.571827216Z","level":"error"}
{"level":"error","message":"  event: 'security.app_check_rejected',","timestamp":"2026-09-06T06:19:29.571831976Z"}
{"level":"error","message":"  ts: '2026-09-06T06:19:29.570Z',","timestamp":"2026-09-06T06:19:29.571836177Z"}
{"message":"  reason: 'missing_token',","timestamp":"2026-09-06T06:19:29.571840303Z","level":"error"}
{"timestamp":"2026-09-06T06:19:29.571844377Z","level":"error","message":"  mode: 'monitor',"}
{"timestamp":"2026-09-06T06:19:29.571848280Z","message":"  route: '/api/studio/status'","level":"error"}
{"message":"}","level":"error","timestamp":"2026-09-06T06:19:29.571852743Z"}
{"message":"[ops] {","timestamp":"2026-09-06T06:19:29.899560586Z","level":"info"}
{"level":"info","timestamp":"2026-09-06T06:19:29.899573601Z","message":"  event: 'http_request',"}
{"message":"  ts: '2026-09-06T06:19:29.896Z',","timestamp":"2026-09-06T06:19:29.899577561Z","level":"info"}
{"level":"info","message":"  requestId: 'af4d469b-a964-432c-a4e5-72b7ca15f271',","timestamp":"2026-09-06T06:19:29.899582447Z"}
{"message":"  method: 'GET',","timestamp":"2026-09-06T06:19:29.899586826Z","level":"info"}
{"timestamp":"2026-09-06T06:19:29.899590555Z","level":"info","message":"  route: '/api/studio/mcp/status',"}
{"message":"  status: 200,","timestamp":"2026-09-06T06:19:29.899594408Z","level":"info"}
{"message":"  durationMs: 334","timestamp":"2026-09-06T06:19:29.899598004Z","level":"info"}
{"timestamp":"2026-09-06T06:19:29.899601301Z","message":"}","level":"info"}
{"message":"[ops] {","timestamp":"2026-09-06T06:19:30.040867440Z","level":"info"}
{"timestamp":"2026-09-06T06:19:30.040871950Z","level":"info","message":"  event: 'http_request',"}
{"level":"info","message":"  ts: '2026-09-06T06:19:30.039Z',","timestamp":"2026-09-06T06:19:30.040875721Z"}
{"message":"  requestId: 'a79ac12f-8625-463a-bbc0-2d4be5047a72',","level":"info","timestamp":"2026-09-06T06:19:30.040878673Z"}
{"timestamp":"2026-09-06T06:19:30.040881760Z","level":"info","message":"  method: 'GET',"}
{"message":"  route: '/api/studio/status',","level":"info","timestamp":"2026-09-06T06:19:30.040884549Z"}
{"level":"info","timestamp":"2026-09-06T06:19:30.040887387Z","message":"  status: 200,"}
{"level":"info","timestamp":"2026-09-06T06:19:30.040889938Z","message":"  durationMs: 469"}
{"level":"info","message":"}","timestamp":"2026-09-06T06:19:30.040907118Z"}
{"message":"[ops] {","timestamp":"2026-09-06T06:19:30.424389835Z","level":"info"}
{"message":"  event: 'http_request',","timestamp":"2026-09-06T06:19:30.424393698Z","level":"info"}
{"timestamp":"2026-09-06T06:19:30.424396929Z","message":"  ts: '2026-09-06T06:19:30.393Z',","level":"info"}
{"level":"info","timestamp":"2026-09-06T06:19:30.424400775Z","message":"  requestId: '096a4d96-aea6-4366-a211-ba996b46092d',"}
{"message":"  method: 'OPTIONS',","level":"info","timestamp":"2026-09-06T06:19:30.424404835Z"}
{"level":"info","timestamp":"2026-09-06T06:19:30.424408246Z","message":"  route: '/api/v2/events',"}
{"message":"  status: 204,","timestamp":"2026-09-06T06:19:30.424411849Z","level":"info"}
{"level":"info","timestamp":"2026-09-06T06:19:30.424415555Z","message":"  durationMs: 0"}
{"timestamp":"2026-09-06T06:19:30.424419464Z","message":"}","level":"info"}
{"message":"[ops] {","timestamp":"2026-09-06T06:19:30.564570760Z","level":"error"}
{"level":"error","message":"  event: 'security.app_check_rejected',","timestamp":"2026-09-06T06:19:30.564576953Z"}
{"level":"error","message":"  ts: '2026-09-06T06:19:30.563Z',","timestamp":"2026-09-06T06:19:30.564580261Z"}
{"level":"error","message":"  reason: 'missing_token',","timestamp":"2026-09-06T06:19:30.564583364Z"}
{"message":"  mode: 'monitor',","level":"error","timestamp":"2026-09-06T06:19:30.564586177Z"}
{"level":"error","timestamp":"2026-09-06T06:19:30.564589129Z","message":"  route: '/api/v2/events'"}
{"level":"error","timestamp":"2026-09-06T06:19:30.564592108Z","message":"}"}
{"message":"}","level":"info","timestamp":"2026-09-06T06:19:31.405637907Z"}
{"level":"info","message":"[ops] {","timestamp":"2026-09-06T06:19:31.405689937Z"}
{"timestamp":"2026-09-06T06:19:31.405693945Z","level":"info","message":"  event: 'http_request',"}
{"level":"info","timestamp":"2026-09-06T06:19:31.405697435Z","message":"  ts: '2026-09-06T06:19:31.092Z',"}
{"message":"  requestId: '5e1ab568-ac16-4194-afb2-e65fe256b29d',","timestamp":"2026-09-06T06:19:31.405701080Z","level":"info"}
{"message":"  method: 'GET',","timestamp":"2026-09-06T06:19:31.405704821Z","level":"info"}
{"message":"  route: '/api/v2/events',","timestamp":"2026-09-06T06:19:31.405708400Z","level":"info"}
{"timestamp":"2026-09-06T06:19:31.405711969Z","level":"info","message":"  status: 200,"}
{"timestamp":"2026-09-06T06:19:31.405715952Z","level":"info","message":"  durationMs: 529"}
{"level":"info","timestamp":"2026-09-06T06:19:32.441594694Z","message":"}"}
{"timestamp":"2026-09-06T06:19:32.441602832Z","message":"  method: 'POST',","level":"info"}
{"level":"info","message":"  route: '/api/studio/mcp/session/ping',","timestamp":"2026-09-06T06:19:32.441612324Z"}
{"message":"  status: 200,","level":"info","timestamp":"2026-09-06T06:19:32.441617283Z"}
{"timestamp":"2026-09-06T06:19:32.441621405Z","level":"info","message":"  durationMs: 256"}
{"timestamp":"2026-09-06T06:19:32.441624652Z","message":"[ops] {","level":"info"}
{"level":"info","message":"  event: 'http_request',","timestamp":"2026-09-06T06:19:32.441628792Z"}
{"message":"  ts: '2026-09-06T06:19:32.228Z',","level":"info","timestamp":"2026-09-06T06:19:32.441632726Z"}
{"level":"info","message":"  requestId: '7d0bf3f4-32cd-418e-83cc-2df4e6f8a9ff',","timestamp":"2026-09-06T06:19:32.441636451Z"}
{"level":"info","timestamp":"2026-09-06T06:19:32.882952289Z","message":"  status: 204,"}
{"timestamp":"2026-09-06T06:19:32.882962594Z","level":"info","message":"  durationMs: 0"}
{"level":"info","timestamp":"2026-09-06T06:19:32.882965514Z","message":"[ops] {"}
{"message":"  event: 'http_request',","timestamp":"2026-09-06T06:19:32.882970381Z","level":"info"}
{"timestamp":"2026-09-06T06:19:32.882973106Z","level":"info","message":"}"}
{"message":"  ts: '2026-09-06T06:19:32.876Z',","timestamp":"2026-09-06T06:19:32.882975560Z","level":"info"}
{"message":"  requestId: '38b0741c-d18f-4393-bc5b-08768367f384',","timestamp":"2026-09-06T06:19:32.882978619Z","level":"info"}
{"timestamp":"2026-09-06T06:19:32.882981755Z","message":"  method: 'OPTIONS',","level":"info"}
{"level":"info","timestamp":"2026-09-06T06:19:32.882985047Z","message":"  route: '/api/v2/events',"}
{"timestamp":"2026-09-06T06:19:33.463580575Z","level":"info","message":"}"}
{"message":"  mode: 'monitor',","timestamp":"2026-09-06T06:19:33.463581492Z","level":"error"}
{"level":"info","timestamp":"2026-09-06T06:19:33.463591613Z","message":"  ts: '2026-09-06T06:19:33.390Z',"}
{"message":"  route: '/api/v2/events'","timestamp":"2026-09-06T06:19:33.463592178Z","level":"error"}
{"message":"  route: '/api/studio/session/ping',","timestamp":"2026-09-06T06:19:33.463594798Z","level":"info"}
{"message":"}","level":"error","timestamp":"2026-09-06T06:19:33.463598235Z"}
{"message":"  status: 200,","level":"info","timestamp":"2026-09-06T06:19:33.463603677Z"}
{"timestamp":"2026-09-06T06:19:33.463603739Z","level":"info","message":"  requestId: 'a510552d-67b7-49af-bf3f-b1f920f6ed88',"}
{"message":"[ops] {","timestamp":"2026-09-06T06:19:33.463608023Z","level":"info"}
{"level":"info","message":"  durationMs: 540","timestamp":"2026-09-06T06:19:33.463610655Z"}
{"message":"  status: 'compatible',","level":"info","timestamp":"2026-09-06T06:19:33.463613082Z"}
{"level":"info","message":"  method: 'POST',","timestamp":"2026-09-06T06:19:33.463613814Z"}
{"level":"info","timestamp":"2026-09-06T06:19:33.463616908Z","message":"  event: 'studio.plugin_compatibility_handshake',"}
{"message":"  ts: '2026-09-06T06:19:33.389Z',","timestamp":"2026-09-06T06:19:33.463624718Z","level":"info"}
{"level":"info","timestamp":"2026-09-06T06:19:33.463625210Z","message":"  reasonCodes: [],"}
{"timestamp":"2026-09-06T06:19:33.463627272Z","message":"}","level":"info"}
{"level":"info","message":"  requestId: 'a510552d-67b7-49af-bf3f-b1f920f6ed88',","timestamp":"2026-09-06T06:19:33.463633810Z"}
{"timestamp":"2026-09-06T06:19:33.463634881Z","level":"info","message":"  buildId: 'nexusrbx-studio-0.14.0-r15-animation.12-toolbox',"}
{"level":"info","timestamp":"2026-09-06T06:19:33.463637573Z","message":"[ops] {"}
{"message":"  attestationWritten: false,","level":"info","timestamp":"2026-09-06T06:19:33.463641945Z"}
{"message":"  sessionId: 'MLq8J3mhz56J6BRsAeQe',","timestamp":"2026-09-06T06:19:33.463642909Z","level":"info"}
{"message":"  event: 'http_request',","timestamp":"2026-09-06T06:19:33.463646710Z","level":"info"}
{"message":"  userId: '0VSQotqOXxPXBLeQu1gUNkXELWH3',","timestamp":"2026-09-06T06:19:33.463649853Z","level":"info"}
{"message":"  repairDurationMs: 482","level":"info","timestamp":"2026-09-06T06:19:33.463651871Z"}
{"level":"error","timestamp":"2026-09-06T06:19:33.463685298Z","message":"[ops] {"}
{"message":"  event: 'security.app_check_rejected',","level":"error","timestamp":"2026-09-06T06:19:33.463688462Z"}
{"message":"  ts: '2026-09-06T06:19:33.041Z',","level":"error","timestamp":"2026-09-06T06:19:33.463691645Z"}
{"timestamp":"2026-09-06T06:19:33.463694985Z","message":"  reason: 'missing_token',","level":"error"}
{"message":"[ops] {","level":"error","timestamp":"2026-09-06T06:19:33.645755809Z"}
{"timestamp":"2026-09-06T06:19:33.645761401Z","message":"  event: 'security.app_check_rejected',","level":"error"}
{"level":"error","timestamp":"2026-09-06T06:19:33.645764756Z","message":"  ts: '2026-09-06T06:19:33.641Z',"}
{"level":"error","message":"  reason: 'missing_token',","timestamp":"2026-09-06T06:19:33.645768285Z"}
{"timestamp":"2026-09-06T06:19:33.645771734Z","level":"error","message":"  mode: 'monitor',"}
{"message":"  route: '/api/studio/chat/bootstrap'","timestamp":"2026-09-06T06:19:33.645774650Z","level":"error"}
{"level":"error","message":"}","timestamp":"2026-09-06T06:19:33.645777567Z"}
{"timestamp":"2026-09-06T06:19:33.702241067Z","message":"[ops] {","level":"info"}
{"message":"  event: 'http_request',","level":"info","timestamp":"2026-09-06T06:19:33.702279248Z"}
{"timestamp":"2026-09-06T06:19:33.702287197Z","level":"info","message":"  ts: '2026-09-06T06:19:33.673Z',"}
{"level":"info","timestamp":"2026-09-06T06:19:33.702297708Z","message":"  requestId: '941722ed-1592-444f-939d-a690845063c2',"}
{"timestamp":"2026-09-06T06:19:33.702302388Z","level":"info","message":"  method: 'GET',"}
{"timestamp":"2026-09-06T06:19:33.702310313Z","message":"  route: '/api/v2/events',","level":"info"}
{"timestamp":"2026-09-06T06:19:33.702316448Z","level":"info","message":"  status: 200,"}
{"level":"info","timestamp":"2026-09-06T06:19:33.702329886Z","message":"  durationMs: 632"}
{"level":"info","message":"}","timestamp":"2026-09-06T06:19:33.702336289Z"}
{"message":"[ops] {","timestamp":"2026-09-06T06:19:34.456130121Z","level":"info"}
{"level":"info","message":"  event: 'http_request',","timestamp":"2026-09-06T06:19:34.456133872Z"}
{"level":"info","timestamp":"2026-09-06T06:19:34.456137817Z","message":"  ts: '2026-09-06T06:19:34.266Z',"}
{"level":"info","timestamp":"2026-09-06T06:19:34.456141249Z","message":"  requestId: '6e716ae7-95a9-4984-98bb-a622118df46c',"}
{"message":"  method: 'GET',","timestamp":"2026-09-06T06:19:34.456145201Z","level":"info"}
{"timestamp":"2026-09-06T06:19:34.456148704Z","level":"info","message":"  route: '/api/studio/chat/bootstrap',"}
{"timestamp":"2026-09-06T06:19:34.456152299Z","level":"info","message":"  status: 200,"}
{"level":"info","message":"  durationMs: 625","timestamp":"2026-09-06T06:19:34.456155813Z"}
{"message":"}","timestamp":"2026-09-06T06:19:34.456160158Z","level":"info"}
{"level":"info","timestamp":"2026-09-06T06:19:35.457887980Z","message":"[ops] {"}
{"level":"info","message":"  event: 'http_request',","timestamp":"2026-09-06T06:19:35.457892583Z"}
{"timestamp":"2026-09-06T06:19:35.457900998Z","level":"info","message":"  ts: '2026-09-06T06:19:35.376Z',"}
{"level":"info","timestamp":"2026-09-06T06:19:35.457906792Z","message":"  requestId: '82a5d2c8-9764-4d44-8081-32878dc89fe3',"}
{"level":"info","message":"[ops] {","timestamp":"2026-09-06T06:19:35.457908743Z"}
{"message":"  event: 'http_request',","level":"info","timestamp":"2026-09-06T06:19:35.457912938Z"}
{"timestamp":"2026-09-06T06:19:35.457913542Z","message":"  status: 204,","level":"info"}
{"message":"  event: 'http_request',","level":"info","timestamp":"2026-09-06T06:19:35.457917439Z"}
{"message":"  status: 204,","level":"info","timestamp":"2026-09-06T06:19:35.457922525Z"}
{"timestamp":"2026-09-06T06:19:35.457926957Z","message":"  ts: '2026-09-06T06:19:35.223Z',","level":"info"}
{"message":"  requestId: 'a8ce6793-123a-4205-9887-d7e9c424806a',","level":"info","timestamp":"2026-09-06T06:19:35.457930015Z"}
{"level":"info","timestamp":"2026-09-06T06:19:35.457930415Z","message":"  durationMs: 0"}
{"timestamp":"2026-09-06T06:19:35.457930444Z","message":"  durationMs: 0","level":"info"}
{"level":"info","message":"  ts: '2026-09-06T06:19:35.376Z',","timestamp":"2026-09-06T06:19:35.457933205Z"}
{"level":"info","message":"  method: 'OPTIONS',","timestamp":"2026-09-06T06:19:35.457934863Z"}
{"level":"info","timestamp":"2026-09-06T06:19:35.457938057Z","message":"  requestId: 'efd85fac-023d-419e-9bf5-a9321bf176da',"}
{"level":"info","message":"  method: 'OPTIONS',","timestamp":"2026-09-06T06:19:35.457941528Z"}
{"level":"info","message":"}","timestamp":"2026-09-06T06:19:35.457942876Z"}
{"message":"}","level":"info","timestamp":"2026-09-06T06:19:35.457945731Z"}
{"level":"info","message":"  route: '/api/v2/agents/active',","timestamp":"2026-09-06T06:19:35.457950840Z"}
{"level":"info","timestamp":"2026-09-06T06:19:35.457951741Z","message":"  method: 'OPTIONS',"}
{"level":"info","message":"[ops] {","timestamp":"2026-09-06T06:19:35.457955268Z"}
{"message":"  route: '/api/billing/entitlements',","timestamp":"2026-09-06T06:19:35.457959469Z","level":"info"}
{"level":"info","timestamp":"2026-09-06T06:19:35.457960107Z","message":"  route: '/api/v2/events',"}
{"level":"info","timestamp":"2026-09-06T06:19:35.457969945Z","message":"  durationMs: 0"}
{"timestamp":"2026-09-06T06:19:35.457970718Z","level":"info","message":"  status: 204,"}
{"message":"}","timestamp":"2026-09-06T06:19:35.457976602Z","level":"info"}
{"level":"error","timestamp":"2026-09-06T06:19:35.457980636Z","message":"[ops] {"}
{"timestamp":"2026-09-06T06:19:35.457985316Z","level":"error","message":"  event: 'security.app_check_rejected',"}
{"message":"  ts: '2026-09-06T06:19:35.404Z',","level":"error","timestamp":"2026-09-06T06:19:35.457992155Z"}
{"timestamp":"2026-09-06T06:19:35.458068532Z","message":"  reason: 'missing_token',","level":"error"}
{"timestamp":"2026-09-06T06:19:35.458075457Z","level":"error","message":"  mode: 'monitor',"}
{"timestamp":"2026-09-06T06:19:35.458079983Z","level":"error","message":"  route: '/api/billing/entitlements'"}
{"message":"}","timestamp":"2026-09-06T06:19:35.458083253Z","level":"error"}
{"message":"[ops] {","level":"info","timestamp":"2026-09-06T06:19:35.458086716Z"}
{"timestamp":"2026-09-06T06:19:35.458090679Z","message":"  event: 'http_request',","level":"info"}
{"timestamp":"2026-09-06T06:19:35.458094582Z","level":"info","message":"  ts: '2026-09-06T06:19:35.408Z',"}
{"timestamp":"2026-09-06T06:19:35.458098188Z","level":"info","message":"  requestId: '35f9158e-e1af-4c40-a2f6-bfd1d5b3b5c7',"}
{"level":"info","message":"  method: 'GET',","timestamp":"2026-09-06T06:19:35.458102193Z"}
{"level":"info","message":"  route: '/api/billing/entitlements',","timestamp":"2026-09-06T06:19:35.458106095Z"}
{"timestamp":"2026-09-06T06:19:35.458110202Z","level":"info","message":"  status: 200,"}
{"timestamp":"2026-09-06T06:19:35.458114075Z","level":"info","message":"  durationMs: 4"}
{"message":"}","timestamp":"2026-09-06T06:19:35.458117476Z","level":"info"}
{"timestamp":"2026-09-06T06:19:35.551347197Z","level":"error","message":"[ops] {"}
{"timestamp":"2026-09-06T06:19:35.551353714Z","level":"error","message":"  event: 'security.app_check_rejected',"}
{"timestamp":"2026-09-06T06:19:35.551358730Z","level":"error","message":"  ts: '2026-09-06T06:19:35.549Z',"}
{"level":"error","message":"  reason: 'missing_token',","timestamp":"2026-09-06T06:19:35.551362667Z"}
{"level":"error","message":"  mode: 'monitor',","timestamp":"2026-09-06T06:19:35.551367307Z"}
{"level":"error","timestamp":"2026-09-06T06:19:35.551371325Z","message":"  route: '/api/v2/agents/active'"}
{"level":"error","message":"}","timestamp":"2026-09-06T06:19:35.551375453Z"}
{"level":"error","timestamp":"2026-09-06T06:19:35.551381040Z","message":"[ops] {"}
{"message":"  event: 'security.app_check_rejected',","timestamp":"2026-09-06T06:19:35.551385078Z","level":"error"}
{"level":"error","message":"  ts: '2026-09-06T06:19:35.550Z',","timestamp":"2026-09-06T06:19:35.551389477Z"}
{"timestamp":"2026-09-06T06:19:35.551393389Z","message":"  reason: 'missing_token',","level":"error"}
{"timestamp":"2026-09-06T06:19:35.551396961Z","message":"  mode: 'monitor',","level":"error"}
{"level":"error","timestamp":"2026-09-06T06:19:35.551401032Z","message":"  route: '/api/v2/events'"}
{"timestamp":"2026-09-06T06:19:35.551404977Z","level":"error","message":"}"}
{"timestamp":"2026-09-06T06:19:35.628849721Z","level":"info","message":"[ops] {"}
{"timestamp":"2026-09-06T06:19:35.628857721Z","message":"  event: 'http_request',","level":"info"}
{"message":"  ts: '2026-09-06T06:19:35.605Z',","timestamp":"2026-09-06T06:19:35.628862021Z","level":"info"}
{"message":"  requestId: 'ae193895-05f9-4ea8-979d-4746aba67350',","timestamp":"2026-09-06T06:19:35.628865988Z","level":"info"}
{"level":"info","timestamp":"2026-09-06T06:19:35.628870689Z","message":"  method: 'GET',"}
{"timestamp":"2026-09-06T06:19:35.628875440Z","message":"  route: '/api/v2/agents/active',","level":"info"}
{"timestamp":"2026-09-06T06:19:35.628879958Z","message":"  status: 200,","level":"info"}
{"message":"  durationMs: 56","level":"info","timestamp":"2026-09-06T06:19:35.628883759Z"}
{"level":"info","message":"}","timestamp":"2026-09-06T06:19:35.628887911Z"}
{"message":"  status: 200,","timestamp":"2026-09-06T06:19:36.458742862Z","level":"info"}
{"timestamp":"2026-09-06T06:19:36.458752435Z","level":"info","message":"  durationMs: 631"}
{"message":"  ts: '2026-09-06T06:19:36.181Z',","timestamp":"2026-09-06T06:19:36.458752747Z","level":"info"}
{"level":"info","message":"}","timestamp":"2026-09-06T06:19:36.458757094Z"}
{"message":"[ops] {","timestamp":"2026-09-06T06:19:36.458761503Z","level":"info"}
{"level":"info","message":"  event: 'http_request',","timestamp":"2026-09-06T06:19:36.458764969Z"}
{"message":"  requestId: '66da6c57-ed90-4d44-97ba-66cd141fb341',","level":"info","timestamp":"2026-09-06T06:19:36.458770703Z"}
{"level":"info","message":"  method: 'GET',","timestamp":"2026-09-06T06:19:36.458778580Z"}
{"message":"  route: '/api/v2/events',","timestamp":"2026-09-06T06:19:36.458783851Z","level":"info"}
{"timestamp":"2026-09-06T06:19:37.905572782Z","level":"info","message":"[ops] {"}
{"message":"  event: 'http_request',","timestamp":"2026-09-06T06:19:37.905576613Z","level":"info"}
{"message":"  ts: '2026-09-06T06:19:37.878Z',","timestamp":"2026-09-06T06:19:37.905580296Z","level":"info"}
{"message":"  requestId: '12bc0016-eb40-43e4-8b9a-55f8150291f2',","timestamp":"2026-09-06T06:19:37.905583917Z","level":"info"}
{"message":"  method: 'OPTIONS',","timestamp":"2026-09-06T06:19:37.905587474Z","level":"info"}
{"timestamp":"2026-09-06T06:19:37.905591384Z","level":"info","message":"  route: '/api/v2/events',"}
{"message":"  status: 204,","timestamp":"2026-09-06T06:19:37.905595809Z","level":"info"}
{"level":"info","timestamp":"2026-09-06T06:19:37.905599638Z","message":"  durationMs: 0"}
{"level":"info","message":"}","timestamp":"2026-09-06T06:19:37.905603195Z"}
{"timestamp":"2026-09-06T06:19:38.047675591Z","level":"error","message":"  ts: '2026-09-06T06:19:38.045Z',"}
{"message":"  reason: 'missing_token',","level":"error","timestamp":"2026-09-06T06:19:38.047684255Z"}
{"timestamp":"2026-09-06T06:19:38.047689736Z","message":"  mode: 'monitor',","level":"error"}
{"level":"error","message":"  route: '/api/v2/events'","timestamp":"2026-09-06T06:19:38.047694706Z"}
{"timestamp":"2026-09-06T06:19:38.047699601Z","message":"}","level":"error"}
{"level":"error","message":"[ops] {","timestamp":"2026-09-06T06:19:38.047749771Z"}
{"level":"error","timestamp":"2026-09-06T06:19:38.047755670Z","message":"  event: 'security.app_check_rejected',"}
{"message":"[ops] {","timestamp":"2026-09-06T06:19:38.674645011Z","level":"info"}
{"message":"  event: 'http_request',","level":"info","timestamp":"2026-09-06T06:19:38.674648340Z"}
{"timestamp":"2026-09-06T06:19:38.674651362Z","level":"info","message":"  ts: '2026-09-06T06:19:38.651Z',"}
{"message":"  requestId: '6f1704f1-453f-4315-bba1-3f73a97995ff',","timestamp":"2026-09-06T06:19:38.674654509Z","level":"info"}
{"message":"  method: 'OPTIONS',","level":"info","timestamp":"2026-09-06T06:19:38.674657698Z"}
{"message":"  route: '/api/studio/status',","timestamp":"2026-09-06T06:19:38.674660761Z","level":"info"}
{"timestamp":"2026-09-06T06:19:38.674663553Z","message":"  status: 204,","level":"info"}
{"message":"  durationMs: 0","timestamp":"2026-09-06T06:19:38.674666417Z","level":"info"}
{"message":"}","level":"info","timestamp":"2026-09-06T06:19:38.674669163Z"}
{"level":"info","message":"[ops] {","timestamp":"2026-09-06T06:19:38.674673220Z"}
{"message":"  event: 'http_request',","timestamp":"2026-09-06T06:19:38.674676306Z","level":"info"}
{"message":"  ts: '2026-09-06T06:19:38.657Z',","timestamp":"2026-09-06T06:19:38.674679503Z","level":"info"}
{"timestamp":"2026-09-06T06:19:38.674682531Z","message":"  requestId: 'a36ff3a2-b07b-49a1-86e6-4455e78aa35f',","level":"info"}
{"timestamp":"2026-09-06T06:19:38.674685281Z","level":"info","message":"  method: 'OPTIONS',"}
{"level":"info","message":"  route: '/api/studio/mcp/status',","timestamp":"2026-09-06T06:19:38.674687987Z"}
{"level":"info","timestamp":"2026-09-06T06:19:38.674690817Z","message":"  status: 204,"}
{"message":"  durationMs: 0","timestamp":"2026-09-06T06:19:38.674693655Z","level":"info"}
{"message":"}","timestamp":"2026-09-06T06:19:38.674696524Z","level":"info"}
{"timestamp":"2026-09-06T06:19:38.728578213Z","level":"info","message":"[ops] {"}
{"level":"info","message":"  event: 'http_request',","timestamp":"2026-09-06T06:19:38.728589362Z"}
{"level":"info","timestamp":"2026-09-06T06:19:38.728594589Z","message":"  ts: '2026-09-06T06:19:38.724Z',"}
{"level":"info","message":"  requestId: '1a6da617-edfb-48cf-91a1-7ee9fa75d698',","timestamp":"2026-09-06T06:19:38.728598712Z"}
{"message":"  method: 'GET',","timestamp":"2026-09-06T06:19:38.728603212Z","level":"info"}
{"timestamp":"2026-09-06T06:19:38.728608150Z","message":"  route: '/api/v2/events',","level":"info"}
{"message":"  status: 200,","timestamp":"2026-09-06T06:19:38.728612367Z","level":"info"}
{"message":"  durationMs: 679","timestamp":"2026-09-06T06:19:38.728616378Z","level":"info"}
{"message":"}","timestamp":"2026-09-06T06:19:38.728620342Z","level":"info"}
{"message":"  mode: 'monitor',","timestamp":"2026-09-06T06:19:38.851658493Z","level":"error"}
{"message":"  route: '/api/studio/mcp/status'","level":"error","timestamp":"2026-09-06T06:19:38.851667890Z"}
{"timestamp":"2026-09-06T06:19:38.851672591Z","level":"error","message":"}"}
{"timestamp":"2026-09-06T06:19:38.851693668Z","message":"[ops] {","level":"error"}
{"timestamp":"2026-09-06T06:19:38.851696619Z","level":"error","message":"  event: 'security.app_check_rejected',"}
{"timestamp":"2026-09-06T06:19:38.851700965Z","message":"  ts: '2026-09-06T06:19:38.816Z',","level":"error"}
{"timestamp":"2026-09-06T06:19:38.851703852Z","message":"  reason: 'missing_token',","level":"error"}
{"message":"  mode: 'monitor',","timestamp":"2026-09-06T06:19:38.851706849Z","level":"error"}
{"message":"  route: '/api/studio/status'","timestamp":"2026-09-06T06:19:38.851710493Z","level":"error"}
{"timestamp":"2026-09-06T06:19:38.851713217Z","level":"error","message":"}"}
{"level":"error","message":"[ops] {","timestamp":"2026-09-06T06:19:38.851720622Z"}
{"timestamp":"2026-09-06T06:19:38.851724255Z","message":"  event: 'security.app_check_rejected',","level":"error"}
{"message":"  ts: '2026-09-06T06:19:38.820Z',","level":"error","timestamp":"2026-09-06T06:19:38.851727107Z"}
{"level":"error","message":"  reason: 'missing_token',","timestamp":"2026-09-06T06:19:38.851729958Z"}
{"message":"[ops] {","timestamp":"2026-09-06T06:19:39.086973337Z","level":"error"}
{"timestamp":"2026-09-06T06:19:39.086977640Z","level":"error","message":"  event: 'security.app_check_rejected',"}
{"timestamp":"2026-09-06T06:19:39.086984031Z","level":"error","message":"  ts: '2026-09-06T06:19:39.075Z',"}
{"timestamp":"2026-09-06T06:19:39.086989282Z","level":"error","message":"  reason: 'missing_token',"}
{"message":"  mode: 'monitor',","timestamp":"2026-09-06T06:19:39.086994186Z","level":"error"}
{"message":"  route: '/api/icons/3XavZ5pm9GQOEPOkBtwf'","level":"error","timestamp":"2026-09-06T06:19:39.086998111Z"}
{"message":"}","timestamp":"2026-09-06T06:19:39.087001878Z","level":"error"}
{"timestamp":"2026-09-06T06:19:39.439883592Z","level":"info","message":"}"}
{"message":"[ops] {","level":"info","timestamp":"2026-09-06T06:19:39.439893700Z"}
{"message":"  event: 'http_request',","timestamp":"2026-09-06T06:19:39.439898794Z","level":"info"}
{"level":"info","message":"  ts: '2026-09-06T06:19:39.226Z',","timestamp":"2026-09-06T06:19:39.439902603Z"}
{"level":"info","timestamp":"2026-09-06T06:19:39.439906436Z","message":"  requestId: '927e5da7-3c32-4e30-8061-b7ee1168883d',"}
{"message":"  method: 'GET',","timestamp":"2026-09-06T06:19:39.439912390Z","level":"info"}
{"message":"  route: '/api/studio/mcp/status',","timestamp":"2026-09-06T06:19:39.439917581Z","level":"info"}
{"level":"info","message":"  status: 200,","timestamp":"2026-09-06T06:19:39.439921957Z"}
{"message":"  durationMs: 407","level":"info","timestamp":"2026-09-06T06:19:39.439925161Z"}
{"timestamp":"2026-09-06T06:19:39.439928794Z","level":"info","message":"}"}
{"level":"info","timestamp":"2026-09-06T06:19:39.439987666Z","message":"[ops] {"}
{"level":"info","timestamp":"2026-09-06T06:19:39.439991443Z","message":"  event: 'http_request',"}
{"level":"info","message":"  ts: '2026-09-06T06:19:39.128Z',","timestamp":"2026-09-06T06:19:39.439995209Z"}
{"message":"  requestId: 'e7fa23e1-e11c-443f-a490-023cca277c9f',","timestamp":"2026-09-06T06:19:39.439999303Z","level":"info"}
{"timestamp":"2026-09-06T06:19:39.440002992Z","level":"info","message":"  method: 'GET',"}
{"message":"  route: '/api/icons/:id',","timestamp":"2026-09-06T06:19:39.440007304Z","level":"info"}
{"level":"info","timestamp":"2026-09-06T06:19:39.440011249Z","message":"  status: 200,"}
{"timestamp":"2026-09-06T06:19:39.440015435Z","level":"info","message":"  durationMs: 53"}
{"message":"[ops] {","timestamp":"2026-09-06T06:19:39.452812833Z","level":"info"}
{"timestamp":"2026-09-06T06:19:39.452815978Z","message":"  event: 'http_request',","level":"info"}
{"level":"info","timestamp":"2026-09-06T06:19:39.452819439Z","message":"  ts: '2026-09-06T06:19:39.449Z',"}
{"timestamp":"2026-09-06T06:19:39.452823285Z","message":"  requestId: '12714981-fb4e-4f8f-848d-896b3c722723',","level":"info"}
{"level":"info","timestamp":"2026-09-06T06:19:39.452827608Z","message":"  method: 'GET',"}
{"message":"  route: '/api/studio/status',","timestamp":"2026-09-06T06:19:39.452832606Z","level":"info"}
{"message":"  status: 200,","timestamp":"2026-09-06T06:19:39.452837074Z","level":"info"}
{"message":"  durationMs: 633","level":"info","timestamp":"2026-09-06T06:19:39.452843173Z"}
{"timestamp":"2026-09-06T06:19:39.452846613Z","level":"info","message":"}"}
{"level":"info","timestamp":"2026-09-06T06:19:40.496029103Z","message":"  durationMs: 0"}
{"timestamp":"2026-09-06T06:19:40.496034536Z","message":"}","level":"info"}
{"level":"info","timestamp":"2026-09-06T06:19:40.496069376Z","message":"  ts: '2026-09-06T06:19:40.382Z',"}
{"level":"info","message":"  route: '/api/v2/events',","timestamp":"2026-09-06T06:19:40.496074624Z"}
{"message":"  requestId: '980129fc-741c-4a5c-a8a7-afa85c2b6fbd',","timestamp":"2026-09-06T06:19:40.496075127Z","level":"info"}
{"level":"info","timestamp":"2026-09-06T06:19:40.496080318Z","message":"[ops] {"}
{"message":"  method: 'OPTIONS',","level":"info","timestamp":"2026-09-06T06:19:40.496081800Z"}
{"message":"  status: 204,","level":"info","timestamp":"2026-09-06T06:19:40.496084300Z"}
{"timestamp":"2026-09-06T06:19:40.496089583Z","level":"info","message":"  event: 'http_request',"}
{"timestamp":"2026-09-06T06:19:40.552957790Z","level":"error","message":"[ops] {"}
{"timestamp":"2026-09-06T06:19:40.552963734Z","message":"  event: 'security.app_check_rejected',","level":"error"}
{"message":"  ts: '2026-09-06T06:19:40.549Z',","timestamp":"2026-09-06T06:19:40.552968064Z","level":"error"}
{"message":"  reason: 'missing_token',","timestamp":"2026-09-06T06:19:40.552971181Z","level":"error"}
{"message":"  mode: 'monitor',","level":"error","timestamp":"2026-09-06T06:19:40.552974177Z"}
{"timestamp":"2026-09-06T06:19:40.552978696Z","level":"error","message":"  route: '/api/v2/events'"}
{"message":"}","timestamp":"2026-09-06T06:19:40.552982128Z","level":"error"}
{"message":"  repairDurationMs: 474","timestamp":"2026-09-06T06:19:41.057890401Z","level":"info"}
{"timestamp":"2026-09-06T06:19:41.057896967Z","message":"}","level":"info"}
{"message":"[ops] {","level":"info","timestamp":"2026-09-06T06:19:41.057901807Z"}
{"level":"info","timestamp":"2026-09-06T06:19:41.057905921Z","message":"  event: 'http_request',"}
{"message":"  ts: '2026-09-06T06:19:41.053Z',","timestamp":"2026-09-06T06:19:41.057913367Z","level":"info"}
{"timestamp":"2026-09-06T06:19:41.057916795Z","level":"info","message":"[ops] {"}
{"level":"info","message":"  requestId: '8c43b294-9511-4acf-8fee-034b2e1c7987',","timestamp":"2026-09-06T06:19:41.057917889Z"}
{"message":"  method: 'POST',","level":"info","timestamp":"2026-09-06T06:19:41.057925108Z"}
{"timestamp":"2026-09-06T06:19:41.057929493Z","level":"info","message":"  event: 'studio.plugin_compatibility_handshake',"}
{"level":"info","message":"  status: 200,","timestamp":"2026-09-06T06:19:41.057932573Z"}
{"timestamp":"2026-09-06T06:19:41.057932850Z","level":"info","message":"  route: '/api/studio/session/ping',"}
{"timestamp":"2026-09-06T06:19:41.057936315Z","message":"  ts: '2026-09-06T06:19:41.053Z',","level":"info"}
{"message":"  requestId: '8c43b294-9511-4acf-8fee-034b2e1c7987',","timestamp":"2026-09-06T06:19:41.057942493Z","level":"info"}
{"message":"  durationMs: 530","timestamp":"2026-09-06T06:19:41.057945298Z","level":"info"}
{"message":"  sessionId: 'MLq8J3mhz56J6BRsAeQe',","level":"info","timestamp":"2026-09-06T06:19:41.057947669Z"}
{"level":"info","message":"}","timestamp":"2026-09-06T06:19:41.057953060Z"}
{"message":"  userId: '0VSQotqOXxPXBLeQu1gUNkXELWH3',","level":"info","timestamp":"2026-09-06T06:19:41.057953510Z"}
{"timestamp":"2026-09-06T06:19:41.057957419Z","message":"  status: 'compatible',","level":"info"}
{"message":"  reasonCodes: [],","level":"info","timestamp":"2026-09-06T06:19:41.057962892Z"}
{"timestamp":"2026-09-06T06:19:41.057966082Z","level":"info","message":"  buildId: 'nexusrbx-studio-0.14.0-r15-animation.12-toolbox',"}
{"timestamp":"2026-09-06T06:19:41.057970133Z","level":"info","message":"  attestationWritten: false,"}
{"level":"info","timestamp":"2026-09-06T06:19:41.459761701Z","message":"  method: 'GET',"}
{"timestamp":"2026-09-06T06:19:41.459770379Z","message":"  route: '/api/v2/events',","level":"info"}
{"level":"info","timestamp":"2026-09-06T06:19:41.459774267Z","message":"  status: 200,"}
{"message":"  durationMs: 565","timestamp":"2026-09-06T06:19:41.459777976Z","level":"info"}
{"level":"info","message":"}","timestamp":"2026-09-06T06:19:41.459786515Z"}
{"timestamp":"2026-09-06T06:19:41.459860548Z","level":"info","message":"[ops] {"}
{"timestamp":"2026-09-06T06:19:41.459863289Z","message":"  event: 'http_request',","level":"info"}
{"message":"  ts: '2026-09-06T06:19:41.114Z',","timestamp":"2026-09-06T06:19:41.459866054Z","level":"info"}
{"timestamp":"2026-09-06T06:19:41.459869087Z","level":"info","message":"  requestId: '7671322a-f97b-489c-86c5-e13ee799ac32',"}
{"level":"info","message":"[ops] {","timestamp":"2026-09-06T06:19:42.876051151Z"}
{"level":"info","message":"  event: 'http_request',","timestamp":"2026-09-06T06:19:42.876056747Z"}
{"message":"  ts: '2026-09-06T06:19:42.869Z',","timestamp":"2026-09-06T06:19:42.876060661Z","level":"info"}
{"message":"  requestId: '51335468-86e6-4bdb-be04-b8fe794a91ad',","timestamp":"2026-09-06T06:19:42.876063648Z","level":"info"}
{"level":"info","timestamp":"2026-09-06T06:19:42.876066877Z","message":"  method: 'OPTIONS',"}
{"message":"  route: '/api/v2/events',","timestamp":"2026-09-06T06:19:42.876070473Z","level":"info"}
{"level":"info","timestamp":"2026-09-06T06:19:42.876073527Z","message":"  status: 204,"}
{"level":"info","message":"  durationMs: 1","timestamp":"2026-09-06T06:19:42.876076568Z"}
{"level":"info","message":"}","timestamp":"2026-09-06T06:19:42.876080693Z"}
{"level":"error","message":"[ops] {","timestamp":"2026-09-06T06:19:43.054266611Z"}
{"level":"error","message":"  event: 'security.app_check_rejected',","timestamp":"2026-09-06T06:19:43.054271591Z"}
{"level":"error","message":"  ts: '2026-09-06T06:19:43.039Z',","timestamp":"2026-09-06T06:19:43.054275085Z"}
{"message":"  reason: 'missing_token',","level":"error","timestamp":"2026-09-06T06:19:43.054278580Z"}
{"message":"  mode: 'monitor',","level":"error","timestamp":"2026-09-06T06:19:43.054281377Z"}
{"message":"  route: '/api/v2/events'","timestamp":"2026-09-06T06:19:43.054284217Z","level":"error"}
{"timestamp":"2026-09-06T06:19:43.054287025Z","level":"error","message":"}"}
{"message":"[ops] {","timestamp":"2026-09-06T06:19:43.604679543Z","level":"info"}
{"message":"  event: 'http_request',","timestamp":"2026-09-06T06:19:43.604683069Z","level":"info"}
{"message":"  ts: '2026-09-06T06:19:43.599Z',","level":"info","timestamp":"2026-09-06T06:19:43.604687368Z"}
{"message":"  requestId: 'accbd378-51ca-48cd-a120-f9769b10b444',","level":"info","timestamp":"2026-09-06T06:19:43.604690972Z"}
{"timestamp":"2026-09-06T06:19:43.604702299Z","message":"  method: 'GET',","level":"info"}
{"timestamp":"2026-09-06T06:19:43.604706965Z","level":"info","message":"  route: '/api/v2/events',"}
{"message":"  status: 200,","timestamp":"2026-09-06T06:19:43.604710241Z","level":"info"}
{"timestamp":"2026-09-06T06:19:43.604714290Z","level":"info","message":"  durationMs: 560"}
{"message":"}","timestamp":"2026-09-06T06:19:43.604718136Z","level":"info"}
{"message":"[ops] {","level":"error","timestamp":"2026-09-06T06:19:44.505243024Z"}
{"message":"  event: 'security.app_check_rejected',","level":"error","timestamp":"2026-09-06T06:19:44.505246896Z"}
{"level":"error","timestamp":"2026-09-06T06:19:44.505250947Z","message":"  ts: '2026-09-06T06:19:44.381Z',"}
{"level":"error","timestamp":"2026-09-06T06:19:44.505254521Z","message":"  reason: 'missing_token',"}
{"message":"  mode: 'monitor',","timestamp":"2026-09-06T06:19:44.505257817Z","level":"error"}
{"timestamp":"2026-09-06T06:19:44.505260893Z","message":"  route: '/api/icons/1NvH1SKq3zNsyuVX9HMX'","level":"error"}
{"level":"error","timestamp":"2026-09-06T06:19:44.505265401Z","message":"}"}
{"timestamp":"2026-09-06T06:19:44.505268778Z","message":"[ops] {","level":"info"}
{"timestamp":"2026-09-06T06:19:44.505272340Z","level":"info","message":"  event: 'http_request',"}
{"timestamp":"2026-09-06T06:19:44.505275437Z","message":"  ts: '2026-09-06T06:19:44.436Z',","level":"info"}
{"timestamp":"2026-09-06T06:19:44.505278753Z","message":"  requestId: '4822b217-3e46-4a9b-bb9c-496456448558',","level":"info"}
{"level":"info","message":"  method: 'GET',","timestamp":"2026-09-06T06:19:44.505282223Z"}
{"timestamp":"2026-09-06T06:19:44.505285567Z","level":"info","message":"  route: '/api/icons/:id',"}
{"level":"info","timestamp":"2026-09-06T06:19:44.505291021Z","message":"  status: 200,"}
{"timestamp":"2026-09-06T06:19:44.505294218Z","level":"info","message":"  durationMs: 55"}
{"timestamp":"2026-09-06T06:19:44.505297278Z","message":"}","level":"info"}
{"message":"[ops] {","timestamp":"2026-09-06T06:19:45.501328742Z","level":"info"}
{"message":"  event: 'http_request',","level":"info","timestamp":"2026-09-06T06:19:45.501332745Z"}
{"timestamp":"2026-09-06T06:19:45.501337228Z","level":"info","message":"  ts: '2026-09-06T06:19:45.375Z',"}
{"message":"  requestId: 'cde0d487-ae21-472a-8633-6b3e7a72231b',","level":"info","timestamp":"2026-09-06T06:19:45.501342405Z"}
{"message":"  method: 'OPTIONS',","timestamp":"2026-09-06T06:19:45.501346551Z","level":"info"}
{"message":"  route: '/api/v2/agents/active',","timestamp":"2026-09-06T06:19:45.501350636Z","level":"info"}
{"timestamp":"2026-09-06T06:19:45.501354728Z","message":"  status: 204,","level":"info"}
{"timestamp":"2026-09-06T06:19:45.501358621Z","level":"info","message":"  durationMs: 0"}
{"timestamp":"2026-09-06T06:19:45.501362914Z","level":"info","message":"}"}
{"timestamp":"2026-09-06T06:19:45.501367148Z","level":"info","message":"[ops] {"}
{"message":"  event: 'http_request',","level":"info","timestamp":"2026-09-06T06:19:45.501370943Z"}
{"message":"  ts: '2026-09-06T06:19:45.385Z',","timestamp":"2026-09-06T06:19:45.501375117Z","level":"info"}
{"level":"info","timestamp":"2026-09-06T06:19:45.501379366Z","message":"  requestId: 'df3ffa67-6bd1-4eb5-8d59-53b10c8d0231',"}
{"message":"  method: 'OPTIONS',","level":"info","timestamp":"2026-09-06T06:19:45.501383460Z"}
{"message":"  route: '/api/v2/events',","timestamp":"2026-09-06T06:19:45.501387691Z","level":"info"}
{"message":"  status: 204,","timestamp":"2026-09-06T06:19:45.501391713Z","level":"info"}
{"timestamp":"2026-09-06T06:19:45.501395384Z","level":"info","message":"  durationMs: 0"}
{"level":"info","message":"}","timestamp":"2026-09-06T06:19:45.501399459Z"}
{"level":"error","message":"  ts: '2026-09-06T06:19:45.558Z',","timestamp":"2026-09-06T06:19:45.563211644Z"}
{"timestamp":"2026-09-06T06:19:45.563219536Z","level":"error","message":"  reason: 'missing_token',"}
{"message":"  mode: 'monitor',","timestamp":"2026-09-06T06:19:45.563224100Z","level":"error"}
{"message":"[ops] {","timestamp":"2026-09-06T06:19:45.563227704Z","level":"error"}
{"level":"error","message":"  route: '/api/v2/events'","timestamp":"2026-09-06T06:19:45.563228961Z"}
{"level":"error","message":"  event: 'security.app_check_rejected',","timestamp":"2026-09-06T06:19:45.563236358Z"}
{"level":"error","timestamp":"2026-09-06T06:19:45.563239258Z","message":"}"}
{"timestamp":"2026-09-06T06:19:45.563241078Z","level":"error","message":"  ts: '2026-09-06T06:19:45.545Z',"}
{"level":"error","message":"  reason: 'missing_token',","timestamp":"2026-09-06T06:19:45.563245345Z"}
{"level":"error","message":"  mode: 'monitor',","timestamp":"2026-09-06T06:19:45.563248130Z"}
{"level":"error","message":"  route: '/api/v2/agents/active'","timestamp":"2026-09-06T06:19:45.563251114Z"}
{"level":"error","timestamp":"2026-09-06T06:19:45.563254259Z","message":"}"}
{"message":"[ops] {","timestamp":"2026-09-06T06:19:45.563256890Z","level":"error"}
{"message":"  event: 'security.app_check_rejected',","timestamp":"2026-09-06T06:19:45.563259657Z","level":"error"}
{"level":"info","message":"[ops] {","timestamp":"2026-09-06T06:19:45.613434194Z"}
{"message":"  event: 'http_request',","timestamp":"2026-09-06T06:19:45.613439233Z","level":"info"}
{"message":"  ts: '2026-09-06T06:19:45.609Z',","level":"info","timestamp":"2026-09-06T06:19:45.613442255Z"}
{"message":"  requestId: '9323e4f6-7d52-44ea-8a2c-d2837ef4568a',","timestamp":"2026-09-06T06:19:45.613445422Z","level":"info"}
{"level":"info","timestamp":"2026-09-06T06:19:45.613448275Z","message":"  method: 'GET',"}
{"timestamp":"2026-09-06T06:19:45.613451101Z","message":"  route: '/api/v2/agents/active',","level":"info"}
{"message":"  status: 200,","timestamp":"2026-09-06T06:19:45.613454550Z","level":"info"}
{"message":"  durationMs: 64","timestamp":"2026-09-06T06:19:45.613457429Z","level":"info"}
{"timestamp":"2026-09-06T06:19:45.613460162Z","message":"}","level":"info"}
{"level":"info","timestamp":"2026-09-06T06:19:46.089679697Z","message":"}"}
{"timestamp":"2026-09-06T06:19:46.089687547Z","level":"info","message":"[ops] {"}
{"message":"  event: 'http_request',","timestamp":"2026-09-06T06:19:46.089693414Z","level":"info"}
{"level":"info","message":"  ts: '2026-09-06T06:19:46.083Z',","timestamp":"2026-09-06T06:19:46.089697172Z"}
{"message":"  requestId: 'aa5b8c78-08aa-4c7c-a2d1-9aabe057fbcb',","timestamp":"2026-09-06T06:19:46.089700579Z","level":"info"}
{"message":"  method: 'GET',","timestamp":"2026-09-06T06:19:46.089704161Z","level":"info"}
{"timestamp":"2026-09-06T06:19:46.089707515Z","level":"info","message":"  route: '/api/v2/events',"}
{"message":"  status: 200,","timestamp":"2026-09-06T06:19:46.089713474Z","level":"info"}
{"timestamp":"2026-09-06T06:19:46.089717898Z","message":"  durationMs: 526","level":"info"}
{"message":"[ops] {","timestamp":"2026-09-06T06:19:47.880474714Z","level":"info"}
{"message":"  event: 'http_request',","level":"info","timestamp":"2026-09-06T06:19:47.880480669Z"}
{"message":"  ts: '2026-09-06T06:19:47.874Z',","timestamp":"2026-09-06T06:19:47.880484484Z","level":"info"}
{"level":"info","message":"  requestId: '9456c263-c79a-479e-b55c-cdb534079b5d',","timestamp":"2026-09-06T06:19:47.880488428Z"}
{"message":"  method: 'OPTIONS',","timestamp":"2026-09-06T06:19:47.880492736Z","level":"info"}
{"timestamp":"2026-09-06T06:19:47.880495950Z","message":"  route: '/api/v2/events',","level":"info"}
{"message":"  status: 204,","level":"info","timestamp":"2026-09-06T06:19:47.880498914Z"}
{"level":"info","timestamp":"2026-09-06T06:19:47.880502283Z","message":"  durationMs: 0"}
{"message":"}","level":"info","timestamp":"2026-09-06T06:19:47.880505473Z"}
{"level":"info","timestamp":"2026-09-06T06:19:48.031422507Z","message":"[ops] {"}
{"level":"info","message":"  event: 'http_request',","timestamp":"2026-09-06T06:19:48.031429274Z"}
{"message":"  ts: '2026-09-06T06:19:47.978Z',","level":"info","timestamp":"2026-09-06T06:19:48.031437076Z"}
{"level":"info","timestamp":"2026-09-06T06:19:48.031443127Z","message":"  requestId: '5257d453-add8-463f-ba36-4c785ab6136c',"}
{"timestamp":"2026-09-06T06:19:48.031452402Z","message":"  method: 'POST',","level":"info"}
{"message":"  route: '/api/studio/mcp/session/ping',","timestamp":"2026-09-06T06:19:48.031457575Z","level":"info"}
{"timestamp":"2026-09-06T06:19:48.031470596Z","level":"info","message":"  status: 200,"}
{"level":"info","timestamp":"2026-09-06T06:19:48.031482999Z","message":"  durationMs: 254"}
{"level":"info","timestamp":"2026-09-06T06:19:48.031495890Z","message":"}"}
{"level":"error","timestamp":"2026-09-06T06:19:48.044263067Z","message":"[ops] {"}
{"level":"error","message":"  event: 'security.app_check_rejected',","timestamp":"2026-09-06T06:19:48.044269403Z"}
{"message":"  ts: '2026-09-06T06:19:48.041Z',","level":"error","timestamp":"2026-09-06T06:19:48.044273784Z"}
{"level":"error","message":"  reason: 'missing_token',","timestamp":"2026-09-06T06:19:48.044277758Z"}
{"level":"error","message":"  mode: 'monitor',","timestamp":"2026-09-06T06:19:48.044282829Z"}
{"timestamp":"2026-09-06T06:19:48.044287186Z","message":"  route: '/api/v2/events'","level":"error"}
{"timestamp":"2026-09-06T06:19:48.044291387Z","level":"error","message":"}"}
{"message":"[ops] {","timestamp":"2026-09-06T06:19:48.558137883Z","level":"info"}
{"level":"info","timestamp":"2026-09-06T06:19:48.558140867Z","message":"  event: 'http_request',"}
{"level":"info","message":"  ts: '2026-09-06T06:19:48.554Z',","timestamp":"2026-09-06T06:19:48.558143866Z"}
{"timestamp":"2026-09-06T06:19:48.558146692Z","level":"info","message":"  requestId: 'c094fb7c-0154-430f-aaa7-6e187d302db8',"}
{"level":"info","message":"  method: 'GET',","timestamp":"2026-09-06T06:19:48.558149387Z"}
{"message":"  route: '/api/v2/events',","timestamp":"2026-09-06T06:19:48.558152206Z","level":"info"}
{"timestamp":"2026-09-06T06:19:48.558155866Z","level":"info","message":"  status: 200,"}
{"message":"  durationMs: 513","level":"info","timestamp":"2026-09-06T06:19:48.558158747Z"}
{"message":"}","timestamp":"2026-09-06T06:19:48.558161389Z","level":"info"}
{"message":"  reasonCodes: [],","timestamp":"2026-09-06T06:19:49.543989851Z","level":"info"}
{"message":"  buildId: 'nexusrbx-studio-0.14.0-r15-animation.12-toolbox',","level":"info","timestamp":"2026-09-06T06:19:49.544000579Z"}
{"timestamp":"2026-09-06T06:19:49.544005135Z","level":"info","message":"  attestationWritten: false,"}
{"level":"info","message":"  repairDurationMs: 510","timestamp":"2026-09-06T06:19:49.544010429Z"}
{"level":"info","message":"}","timestamp":"2026-09-06T06:19:49.544016005Z"}
{"timestamp":"2026-09-06T06:19:49.544020930Z","level":"info","message":"[ops] {"}
{"message":"  event: 'http_request',","timestamp":"2026-09-06T06:19:49.544024981Z","level":"info"}
{"message":"  ts: '2026-09-06T06:19:49.237Z',","timestamp":"2026-09-06T06:19:49.544029734Z","level":"info"}
{"message":"  requestId: '2ffca15f-afd5-4e76-90f5-f6f239eccc90',","level":"info","timestamp":"2026-09-06T06:19:49.544033052Z"}
{"timestamp":"2026-09-06T06:19:49.544036695Z","level":"info","message":"  method: 'POST',"}
{"level":"info","timestamp":"2026-09-06T06:19:49.544040842Z","message":"  route: '/api/studio/session/ping',"}
{"level":"info","message":"  status: 200,","timestamp":"2026-09-06T06:19:49.544044870Z"}
{"message":"  durationMs: 565","timestamp":"2026-09-06T06:19:49.544048314Z","level":"info"}
{"level":"info","timestamp":"2026-09-06T06:19:49.544052052Z","message":"}"}
{"message":"[ops] {","timestamp":"2026-09-06T06:19:49.544126541Z","level":"info"}
{"timestamp":"2026-09-06T06:19:49.544130249Z","message":"  event: 'studio.plugin_compatibility_handshake',","level":"info"}
{"message":"  ts: '2026-09-06T06:19:49.236Z',","timestamp":"2026-09-06T06:19:49.544133803Z","level":"info"}
{"message":"  requestId: '2ffca15f-afd5-4e76-90f5-f6f239eccc90',","timestamp":"2026-09-06T06:19:49.544137552Z","level":"info"}
{"timestamp":"2026-09-06T06:19:49.544141425Z","level":"info","message":"  sessionId: 'MLq8J3mhz56J6BRsAeQe',"}
{"level":"info","message":"  userId: '0VSQotqOXxPXBLeQu1gUNkXELWH3',","timestamp":"2026-09-06T06:19:49.544144852Z"}
{"message":"  status: 'compatible',","timestamp":"2026-09-06T06:19:49.544148452Z","level":"info"}
{"level":"info","message":"  ts: '2026-09-06T06:19:50.378Z',","timestamp":"2026-09-06T06:19:50.571299769Z"}
{"level":"info","message":"  requestId: '6f3bf0fd-1614-4057-842f-33e064f6971d',","timestamp":"2026-09-06T06:19:50.571308507Z"}
{"message":"  method: 'OPTIONS',","timestamp":"2026-09-06T06:19:50.571312440Z","level":"info"}
{"message":"  route: '/api/v2/events',","timestamp":"2026-09-06T06:19:50.571315841Z","level":"info"}
{"message":"  status: 204,","timestamp":"2026-09-06T06:19:50.571319386Z","level":"info"}
{"message":"  durationMs: 0","timestamp":"2026-09-06T06:19:50.571323144Z","level":"info"}
{"message":"}","timestamp":"2026-09-06T06:19:50.571326479Z","level":"info"}
{"level":"error","message":"[ops] {","timestamp":"2026-09-06T06:19:50.571329849Z"}
{"timestamp":"2026-09-06T06:19:50.571333009Z","message":"  event: 'security.app_check_rejected',","level":"error"}
{"level":"error","timestamp":"2026-09-06T06:19:50.571336663Z","message":"  ts: '2026-09-06T06:19:50.551Z',"}
{"message":"  reason: 'missing_token',","timestamp":"2026-09-06T06:19:50.571340853Z","level":"error"}
{"level":"error","message":"  mode: 'monitor',","timestamp":"2026-09-06T06:19:50.571343907Z"}
{"timestamp":"2026-09-06T06:19:50.571347501Z","level":"error","message":"  route: '/api/v2/events'"}
{"timestamp":"2026-09-06T06:19:50.571350737Z","message":"}","level":"error"}
{"message":"[ops] {","timestamp":"2026-09-06T06:19:50.571409386Z","level":"info"}
{"timestamp":"2026-09-06T06:19:50.571412381Z","message":"  event: 'http_request',","level":"info"}
{"level":"info","timestamp":"2026-09-06T06:19:51.095784360Z","message":"[ops] {"}
{"level":"info","message":"  event: 'http_request',","timestamp":"2026-09-06T06:19:51.095788337Z"}
{"timestamp":"2026-09-06T06:19:51.095791653Z","message":"  ts: '2026-09-06T06:19:51.090Z',","level":"info"}
{"message":"  requestId: '063ab04a-945a-4fe9-9c3e-68385fda5c19',","timestamp":"2026-09-06T06:19:51.095795401Z","level":"info"}
{"level":"info","message":"  method: 'GET',","timestamp":"2026-09-06T06:19:51.095798817Z"}
{"timestamp":"2026-09-06T06:19:51.095802170Z","level":"info","message":"  route: '/api/v2/events',"}
{"timestamp":"2026-09-06T06:19:51.095805341Z","message":"  status: 200,","level":"info"}
{"level":"info","message":"  durationMs: 540","timestamp":"2026-09-06T06:19:51.095809085Z"}
{"message":"}","timestamp":"2026-09-06T06:19:51.095812132Z","level":"info"}
{"level":"info","timestamp":"2026-09-06T06:19:52.681681045Z","message":"[ops] {"}
{"message":"  event: 'studio.command_polled',","timestamp":"2026-09-06T06:19:52.681684358Z","level":"info"}
{"level":"info","message":"  ts: '2026-09-06T06:19:52.674Z',","timestamp":"2026-09-06T06:19:52.681688012Z"}
{"message":"  requestId: '91369251-be02-4070-a447-8cedbb50eb12',","level":"info","timestamp":"2026-09-06T06:19:52.681691747Z"}
{"level":"info","message":"  sessionId: 'MLq8J3mhz56J6BRsAeQe',","timestamp":"2026-09-06T06:19:52.681695845Z"}
{"message":"  status: 'empty'","level":"info","timestamp":"2026-09-06T06:19:52.681699061Z"}
{"message":"}","timestamp":"2026-09-06T06:19:52.681702593Z","level":"info"}
{"message":"[ops] {","level":"info","timestamp":"2026-09-06T06:19:52.681705912Z"}
{"message":"  event: 'http_request',","timestamp":"2026-09-06T06:19:52.681709273Z","level":"info"}
{"level":"info","message":"  ts: '2026-09-06T06:19:52.675Z',","timestamp":"2026-09-06T06:19:52.681712687Z"}
{"level":"info","timestamp":"2026-09-06T06:19:52.681716617Z","message":"  requestId: '91369251-be02-4070-a447-8cedbb50eb12',"}
{"timestamp":"2026-09-06T06:19:52.681720630Z","level":"info","message":"  method: 'GET',"}
{"message":"  route: '/api/studio/commands/next',","timestamp":"2026-09-06T06:19:52.681723834Z","level":"info"}
{"message":"  status: 204,","timestamp":"2026-09-06T06:19:52.681727219Z","level":"info"}
{"timestamp":"2026-09-06T06:19:52.681730221Z","level":"info","message":"  durationMs: 24379"}
{"message":"}","timestamp":"2026-09-06T06:19:52.681733303Z","level":"info"}
{"timestamp":"2026-09-06T06:19:52.885305496Z","level":"info","message":"[ops] {"}
{"message":"  event: 'http_request',","timestamp":"2026-09-06T06:19:52.885310205Z","level":"info"}
{"message":"  ts: '2026-09-06T06:19:52.878Z',","timestamp":"2026-09-06T06:19:52.885313858Z","level":"info"}
{"message":"  requestId: 'b3ab1c26-54c0-4889-9fef-81c254c001e7',","level":"info","timestamp":"2026-09-06T06:19:52.885316702Z"}
{"timestamp":"2026-09-06T06:19:52.885322040Z","level":"info","message":"  method: 'OPTIONS',"}
{"message":"  route: '/api/v2/events',","timestamp":"2026-09-06T06:19:52.885324828Z","level":"info"}
{"message":"  status: 204,","timestamp":"2026-09-06T06:19:52.885327452Z","level":"info"}
{"level":"info","message":"  durationMs: 0","timestamp":"2026-09-06T06:19:52.885330479Z"}
{"message":"}","timestamp":"2026-09-06T06:19:52.885333430Z","level":"info"}
{"timestamp":"2026-09-06T06:19:53.049222286Z","level":"error","message":"[ops] {"}
{"level":"error","message":"  event: 'security.app_check_rejected',","timestamp":"2026-09-06T06:19:53.049227336Z"}
{"message":"  ts: '2026-09-06T06:19:53.042Z',","timestamp":"2026-09-06T06:19:53.049230327Z","level":"error"}
{"message":"  reason: 'missing_token',","level":"error","timestamp":"2026-09-06T06:19:53.049233211Z"}
{"level":"error","message":"  mode: 'monitor',","timestamp":"2026-09-06T06:19:53.049236083Z"}
{"message":"  route: '/api/v2/events'","timestamp":"2026-09-06T06:19:53.049239883Z","level":"error"}
{"message":"}","level":"error","timestamp":"2026-09-06T06:19:53.049244253Z"}
{"level":"info","message":"[ops] {","timestamp":"2026-09-06T06:19:53.599199065Z"}
{"timestamp":"2026-09-06T06:19:53.599205508Z","message":"  event: 'http_request',","level":"info"}
{"level":"info","message":"  ts: '2026-09-06T06:19:53.595Z',","timestamp":"2026-09-06T06:19:53.599210114Z"}
{"timestamp":"2026-09-06T06:19:53.599214846Z","level":"info","message":"  requestId: 'c75724d6-1850-4297-b09c-087eda73f001',"}
{"message":"  method: 'GET',","timestamp":"2026-09-06T06:19:53.599219164Z","level":"info"}
{"message":"  route: '/api/v2/events',","timestamp":"2026-09-06T06:19:53.599223124Z","level":"info"}
{"timestamp":"2026-09-06T06:19:53.599228165Z","message":"  status: 200,","level":"info"}
{"message":"  durationMs: 553","level":"info","timestamp":"2026-09-06T06:19:53.599232271Z"}
{"message":"}","level":"info","timestamp":"2026-09-06T06:19:53.599236341Z"}
{"level":"info","message":"[ops] {","timestamp":"2026-09-06T06:19:53.877266495Z"}
{"message":"  event: 'studio.command_polled',","timestamp":"2026-09-06T06:19:53.877270905Z","level":"info"}
{"timestamp":"2026-09-06T06:19:53.877275921Z","level":"info","message":"  ts: '2026-09-06T06:19:53.872Z',"}
{"timestamp":"2026-09-06T06:19:53.877280255Z","level":"info","message":"  requestId: '7b550274-92f7-4a0a-abc2-72b5d7a554fd',"}
{"message":"  sessionId: 'MLq8J3mhz56J6BRsAeQe',","timestamp":"2026-09-06T06:19:53.877284215Z","level":"info"}
{"level":"info","timestamp":"2026-09-06T06:19:53.877291835Z","message":"  status: 'empty'"}
{"timestamp":"2026-09-06T06:19:53.877296029Z","message":"}","level":"info"}
{"timestamp":"2026-09-06T06:19:53.877299878Z","level":"info","message":"[ops] {"}
{"message":"  event: 'http_request',","level":"info","timestamp":"2026-09-06T06:19:53.877303572Z"}
{"timestamp":"2026-09-06T06:19:53.877307402Z","level":"info","message":"  ts: '2026-09-06T06:19:53.873Z',"}
{"message":"  requestId: '7b550274-92f7-4a0a-abc2-72b5d7a554fd',","timestamp":"2026-09-06T06:19:53.877311512Z","level":"info"}
{"level":"info","message":"  method: 'GET',","timestamp":"2026-09-06T06:19:53.877315661Z"}
{"message":"  route: '/api/studio/commands/next',","timestamp":"2026-09-06T06:19:53.877319624Z","level":"info"}
{"message":"  status: 204,","timestamp":"2026-09-06T06:19:53.877323513Z","level":"info"}
{"message":"  durationMs: 24384","timestamp":"2026-09-06T06:19:53.877327687Z","level":"info"}
{"timestamp":"2026-09-06T06:19:53.877390384Z","level":"info","message":"}"}
{"message":"[ops] {","timestamp":"2026-09-06T06:19:54.651601870Z","level":"info"}
{"message":"  event: 'http_request',","level":"info","timestamp":"2026-09-06T06:19:54.651617255Z"}
{"message":"  ts: '2026-09-06T06:19:54.648Z',","timestamp":"2026-09-06T06:19:54.651622107Z","level":"info"}
{"level":"info","timestamp":"2026-09-06T06:19:54.651626536Z","message":"  requestId: '17ddbdfd-196c-43b0-baa4-c8ecb5adc726',"}
{"message":"  method: 'OPTIONS',","level":"info","timestamp":"2026-09-06T06:19:54.651630779Z"}
{"level":"info","message":"  route: '/api/studio/mcp/status',","timestamp":"2026-09-06T06:19:54.651635173Z"}
{"timestamp":"2026-09-06T06:19:54.651639491Z","level":"info","message":"  status: 204,"}
{"message":"  durationMs: 0","timestamp":"2026-09-06T06:19:54.651649406Z","level":"info"}
{"timestamp":"2026-09-06T06:19:54.651654453Z","level":"info","message":"}"}
{"message":"[ops] {","timestamp":"2026-09-06T06:19:54.651659851Z","level":"info"}
{"message":"  event: 'http_request',","timestamp":"2026-09-06T06:19:54.651664226Z","level":"info"}
{"message":"  ts: '2026-09-06T06:19:54.650Z',","timestamp":"2026-09-06T06:19:54.651667473Z","level":"info"}
{"timestamp":"2026-09-06T06:19:54.651672138Z","level":"info","message":"  requestId: '2facfe3b-9123-424b-a4b7-f8ff402bae2d',"}
{"level":"info","message":"  method: 'OPTIONS',","timestamp":"2026-09-06T06:19:54.651675533Z"}
{"message":"  route: '/api/studio/status',","timestamp":"2026-09-06T06:19:54.651679211Z","level":"info"}
{"timestamp":"2026-09-06T06:19:54.651683668Z","level":"info","message":"  status: 204,"}
{"level":"info","timestamp":"2026-09-06T06:19:54.651687625Z","message":"  durationMs: 0"}
{"level":"info","timestamp":"2026-09-06T06:19:54.651691319Z","message":"}"}
{"timestamp":"2026-09-06T06:19:54.825924438Z","message":"[ops] {","level":"error"}
{"timestamp":"2026-09-06T06:19:54.825932572Z","level":"error","message":"  event: 'security.app_check_rejected',"}
{"level":"error","timestamp":"2026-09-06T06:19:54.825937444Z","message":"  ts: '2026-09-06T06:19:54.818Z',"}
{"message":"  reason: 'missing_token',","timestamp":"2026-09-06T06:19:54.825941876Z","level":"error"}
{"timestamp":"2026-09-06T06:19:54.825945844Z","message":"  mode: 'monitor',","level":"error"}
{"message":"  route: '/api/studio/status'","timestamp":"2026-09-06T06:19:54.825949237Z","level":"error"}
{"timestamp":"2026-09-06T06:19:54.825954314Z","level":"error","message":"}"}
{"timestamp":"2026-09-06T06:19:54.825958195Z","level":"error","message":"[ops] {"}
{"level":"error","message":"  event: 'security.app_check_rejected',","timestamp":"2026-09-06T06:19:54.825961763Z"}
{"level":"error","message":"  ts: '2026-09-06T06:19:54.820Z',","timestamp":"2026-09-06T06:19:54.825965218Z"}
{"message":"  reason: 'missing_token',","timestamp":"2026-09-06T06:19:54.825969109Z","level":"error"}
{"level":"error","timestamp":"2026-09-06T06:19:54.825973032Z","message":"  mode: 'monitor',"}
{"level":"error","message":"  route: '/api/studio/mcp/status'","timestamp":"2026-09-06T06:19:54.825976982Z"}
{"timestamp":"2026-09-06T06:19:54.825980496Z","message":"}","level":"error"}
{"level":"info","message":"  route: '/api/studio/mcp/status',","timestamp":"2026-09-06T06:19:55.606371918Z"}
{"timestamp":"2026-09-06T06:19:55.606381317Z","message":"  status: 200,","level":"info"}
{"timestamp":"2026-09-06T06:19:55.606390060Z","level":"info","message":"  durationMs: 384"}
{"level":"info","timestamp":"2026-09-06T06:19:55.606390400Z","message":"  event: 'http_request',"}
{"level":"info","timestamp":"2026-09-06T06:19:55.606398531Z","message":"}"}
{"message":"  ts: '2026-09-06T06:19:55.382Z',","timestamp":"2026-09-06T06:19:55.606405601Z","level":"info"}
{"message":"[ops] {","timestamp":"2026-09-06T06:19:55.606407123Z","level":"info"}
{"message":"[ops] {","level":"info","timestamp":"2026-09-06T06:19:55.606410202Z"}
{"level":"info","timestamp":"2026-09-06T06:19:55.606414260Z","message":"  event: 'http_request',"}
{"message":"  ts: '2026-09-06T06:19:55.268Z',","level":"info","timestamp":"2026-09-06T06:19:55.606419291Z"}
{"timestamp":"2026-09-06T06:19:55.606421247Z","message":"  requestId: 'aeb3b31a-174a-41c6-8b69-4bb90cec6ce2',","level":"info"}
{"level":"info","timestamp":"2026-09-06T06:19:55.606422961Z","message":"  durationMs: 0"}
{"level":"info","message":"  event: 'http_request',","timestamp":"2026-09-06T06:19:55.606423191Z"}
{"level":"info","message":"  requestId: 'e452a39a-0261-4f50-b937-6148238bd10a',","timestamp":"2026-09-06T06:19:55.606427872Z"}
{"message":"  ts: '2026-09-06T06:19:55.378Z',","timestamp":"2026-09-06T06:19:55.606432839Z","level":"info"}
{"level":"info","message":"  method: 'GET',","timestamp":"2026-09-06T06:19:55.606434793Z"}
{"message":"  requestId: '4dd6c394-bfa3-4e08-83f3-bd5038aed17f',","level":"info","timestamp":"2026-09-06T06:19:55.606440818Z"}
{"level":"info","message":"  route: '/api/studio/status',","timestamp":"2026-09-06T06:19:55.606441546Z"}
{"timestamp":"2026-09-06T06:19:55.606447359Z","level":"info","message":"  method: 'OPTIONS',"}
{"timestamp":"2026-09-06T06:19:55.606448061Z","level":"info","message":"  status: 200,"}
{"timestamp":"2026-09-06T06:19:55.606452203Z","message":"}","level":"info"}
{"level":"info","message":"  durationMs: 449","timestamp":"2026-09-06T06:19:55.606453889Z"}
{"timestamp":"2026-09-06T06:19:55.606454895Z","level":"info","message":"  route: '/api/v2/events',"}
{"level":"info","message":"}","timestamp":"2026-09-06T06:19:55.606460462Z"}
{"message":"  status: 204,","timestamp":"2026-09-06T06:19:55.606463029Z","level":"info"}
{"timestamp":"2026-09-06T06:19:55.606466538Z","message":"[ops] {","level":"info"}
{"message":"[ops] {","level":"info","timestamp":"2026-09-06T06:19:55.606529363Z"}
{"message":"  event: 'http_request',","level":"info","timestamp":"2026-09-06T06:19:55.606537598Z"}
{"message":"  ts: '2026-09-06T06:19:55.203Z',","timestamp":"2026-09-06T06:19:55.606545809Z","level":"info"}
{"message":"  requestId: '18296050-08fe-4e08-b7d0-dddb715db943',","timestamp":"2026-09-06T06:19:55.606552230Z","level":"info"}
{"timestamp":"2026-09-06T06:19:55.606556495Z","message":"  method: 'GET',","level":"info"}
{"message":"  method: 'OPTIONS',","level":"info","timestamp":"2026-09-06T06:19:55.610607199Z"}
{"timestamp":"2026-09-06T06:19:55.610612541Z","level":"info","message":"  route: '/api/v2/agents/active',"}
{"level":"info","timestamp":"2026-09-06T06:19:55.610616985Z","message":"  status: 204,"}
{"level":"info","message":"  durationMs: 0","timestamp":"2026-09-06T06:19:55.610620083Z"}
{"level":"info","timestamp":"2026-09-06T06:19:55.610624929Z","message":"}"}
{"timestamp":"2026-09-06T06:19:55.610628971Z","level":"error","message":"[ops] {"}
{"message":"  event: 'security.app_check_rejected',","timestamp":"2026-09-06T06:19:55.610634987Z","level":"error"}
{"timestamp":"2026-09-06T06:19:55.610638404Z","level":"error","message":"  ts: '2026-09-06T06:19:55.549Z',"}
{"timestamp":"2026-09-06T06:19:55.610641637Z","message":"  reason: 'missing_token',","level":"error"}
{"level":"error","timestamp":"2026-09-06T06:19:55.610645389Z","message":"  mode: 'monitor',"}
{"message":"  route: '/api/v2/events'","timestamp":"2026-09-06T06:19:55.610649149Z","level":"error"}
{"level":"error","timestamp":"2026-09-06T06:19:55.610652634Z","message":"}"}
{"timestamp":"2026-09-06T06:19:55.610656580Z","message":"[ops] {","level":"error"}
{"timestamp":"2026-09-06T06:19:55.610661432Z","message":"  event: 'security.app_check_rejected',","level":"error"}
{"timestamp":"2026-09-06T06:19:55.610666659Z","message":"  ts: '2026-09-06T06:19:55.558Z',","level":"error"}
{"timestamp":"2026-09-06T06:19:55.610705446Z","level":"error","message":"  reason: 'missing_token',"}
{"timestamp":"2026-09-06T06:19:55.610709528Z","message":"  mode: 'monitor',","level":"error"}
{"timestamp":"2026-09-06T06:19:55.610713657Z","level":"error","message":"  route: '/api/v2/agents/active'"}
{"level":"error","message":"}","timestamp":"2026-09-06T06:19:55.610717077Z"}
{"level":"info","message":"[ops] {","timestamp":"2026-09-06T06:19:55.657979350Z"}
{"timestamp":"2026-09-06T06:19:55.657984483Z","message":"  event: 'http_request',","level":"info"}
{"message":"  ts: '2026-09-06T06:19:55.645Z',","level":"info","timestamp":"2026-09-06T06:19:55.657988116Z"}
{"timestamp":"2026-09-06T06:19:55.657991012Z","message":"  requestId: 'f30a07e4-90da-4a46-88fc-44091c7ff949',","level":"info"}
{"level":"info","message":"  method: 'GET',","timestamp":"2026-09-06T06:19:55.657994059Z"}
{"level":"info","timestamp":"2026-09-06T06:19:55.657996794Z","message":"  route: '/api/v2/agents/active',"}
{"message":"  status: 200,","timestamp":"2026-09-06T06:19:55.657999682Z","level":"info"}
{"message":"  durationMs: 87","timestamp":"2026-09-06T06:19:55.658002326Z","level":"info"}
{"level":"info","timestamp":"2026-09-06T06:19:55.658005197Z","message":"}"}
{"level":"info","message":"[ops] {","timestamp":"2026-09-06T06:19:56.075371905Z"}
{"message":"  event: 'http_request',","level":"info","timestamp":"2026-09-06T06:19:56.075380847Z"}
{"level":"info","timestamp":"2026-09-06T06:19:56.075385771Z","message":"  ts: '2026-09-06T06:19:56.064Z',"}
{"message":"  requestId: 'b18298c5-0f61-4d71-896e-cffcb2b8d634',","timestamp":"2026-09-06T06:19:56.075390177Z","level":"info"}
{"message":"  method: 'GET',","timestamp":"2026-09-06T06:19:56.075394071Z","level":"info"}
{"timestamp":"2026-09-06T06:19:56.075397979Z","level":"info","message":"  route: '/api/v2/events',"}
{"message":"  status: 200,","level":"info","timestamp":"2026-09-06T06:19:56.075402648Z"}
{"level":"info","message":"  durationMs: 515","timestamp":"2026-09-06T06:19:56.075406538Z"}
{"timestamp":"2026-09-06T06:19:56.075410476Z","level":"info","message":"}"}
{"timestamp":"2026-09-06T06:19:56.994853168Z","message":"[ops] {","level":"info"}
{"level":"info","message":"  event: 'studio.plugin_compatibility_handshake',","timestamp":"2026-09-06T06:19:56.994863673Z"}
{"message":"  ts: '2026-09-06T06:19:56.980Z',","level":"info","timestamp":"2026-09-06T06:19:56.994869856Z"}
{"message":"  requestId: '3313fc9a-7e06-465e-888c-b6dfb5162f54',","timestamp":"2026-09-06T06:19:56.994873940Z","level":"info"}
{"message":"  sessionId: 'MLq8J3mhz56J6BRsAeQe',","level":"info","timestamp":"2026-09-06T06:19:56.994877351Z"}
{"timestamp":"2026-09-06T06:19:56.994881140Z","message":"  userId: '0VSQotqOXxPXBLeQu1gUNkXELWH3',","level":"info"}
{"timestamp":"2026-09-06T06:19:56.994885148Z","level":"info","message":"  status: 'compatible',"}
{"message":"  reasonCodes: [],","timestamp":"2026-09-06T06:19:56.994889815Z","level":"info"}
{"message":"  buildId: 'nexusrbx-studio-0.14.0-r15-animation.12-toolbox',","level":"info","timestamp":"2026-09-06T06:19:56.994894265Z"}
{"message":"  attestationWritten: false,","timestamp":"2026-09-06T06:19:56.994898304Z","level":"info"}
{"level":"info","timestamp":"2026-09-06T06:19:56.994901747Z","message":"  repairDurationMs: 580"}
{"message":"}","level":"info","timestamp":"2026-09-06T06:19:56.994905650Z"}
{"timestamp":"2026-09-06T06:19:56.994909716Z","message":"[ops] {","level":"info"}
{"timestamp":"2026-09-06T06:19:56.994914648Z","message":"  event: 'http_request',","level":"info"}
{"timestamp":"2026-09-06T06:19:56.994917833Z","level":"info","message":"  ts: '2026-09-06T06:19:56.980Z',"}
{"timestamp":"2026-09-06T06:19:56.994921288Z","message":"  requestId: '3313fc9a-7e06-465e-888c-b6dfb5162f54',","level":"info"}
{"timestamp":"2026-09-06T06:19:56.994924749Z","level":"info","message":"  method: 'POST',"}
{"timestamp":"2026-09-06T06:19:56.994928170Z","message":"  route: '/api/studio/session/ping',","level":"info"}
{"timestamp":"2026-09-06T06:19:56.994931546Z","level":"info","message":"  status: 200,"}
{"message":"  durationMs: 637","level":"info","timestamp":"2026-09-06T06:19:56.994934764Z"}
{"level":"info","message":"}","timestamp":"2026-09-06T06:19:56.994938236Z"}
{"timestamp":"2026-09-06T06:19:58.008761562Z","level":"info","message":"[ops] {"}
{"message":"  event: 'http_request',","level":"info","timestamp":"2026-09-06T06:19:58.008766184Z"}
{"message":"  ts: '2026-09-06T06:19:57.885Z',","level":"info","timestamp":"2026-09-06T06:19:58.008769318Z"}
{"message":"  requestId: '94df2d3b-8c42-4ecf-8509-7e42c58a1544',","timestamp":"2026-09-06T06:19:58.008772835Z","level":"info"}
{"message":"  method: 'OPTIONS',","timestamp":"2026-09-06T06:19:58.008775927Z","level":"info"}
{"message":"  route: '/api/v2/events',","timestamp":"2026-09-06T06:19:58.008779087Z","level":"info"}
{"message":"  status: 204,","timestamp":"2026-09-06T06:19:58.008782295Z","level":"info"}
{"message":"  durationMs: 0","timestamp":"2026-09-06T06:19:58.008785024Z","level":"info"}
{"timestamp":"2026-09-06T06:19:58.008788125Z","message":"}","level":"info"}
{"level":"error","timestamp":"2026-09-06T06:19:58.052160636Z","message":"[ops] {"}
{"message":"  event: 'security.app_check_rejected',","level":"error","timestamp":"2026-09-06T06:19:58.052165166Z"}
{"timestamp":"2026-09-06T06:19:58.052168330Z","level":"error","message":"  ts: '2026-09-06T06:19:58.049Z',"}
{"timestamp":"2026-09-06T06:19:58.052171263Z","level":"error","message":"  reason: 'missing_token',"}
{"level":"error","message":"  mode: 'monitor',","timestamp":"2026-09-06T06:19:58.052174065Z"}
{"message":"  route: '/api/v2/events'","timestamp":"2026-09-06T06:19:58.052177021Z","level":"error"}
{"timestamp":"2026-09-06T06:19:58.052179916Z","level":"error","message":"}"}
{"level":"info","message":"[ops] {","timestamp":"2026-09-06T06:19:58.610040679Z"}
{"level":"info","timestamp":"2026-09-06T06:19:58.610044050Z","message":"  event: 'http_request',"}
{"level":"info","timestamp":"2026-09-06T06:19:58.610047456Z","message":"  ts: '2026-09-06T06:19:58.550Z',"}
{"level":"info","message":"  requestId: '1300d369-56c1-498b-bca4-d43b24a31fc7',","timestamp":"2026-09-06T06:19:58.610051399Z"}
{"message":"  method: 'GET',","timestamp":"2026-09-06T06:19:58.610054918Z","level":"info"}
{"level":"info","message":"  route: '/api/v2/events',","timestamp":"2026-09-06T06:19:58.610058667Z"}
{"message":"  status: 200,","timestamp":"2026-09-06T06:19:58.610061664Z","level":"info"}
{"timestamp":"2026-09-06T06:19:58.610065059Z","message":"  durationMs: 502","level":"info"}
{"message":"}","timestamp":"2026-09-06T06:19:58.610068766Z","level":"info"}
{"message":"  route: '/api/v2/events',","timestamp":"2026-09-06T06:20:00.647231431Z","level":"info"}
{"level":"info","timestamp":"2026-09-06T06:20:00.647236220Z","message":"  status: 204,"}
{"message":"  durationMs: 0","timestamp":"2026-09-06T06:20:00.647239948Z","level":"info"}
{"message":"}","level":"info","timestamp":"2026-09-06T06:20:00.647243709Z"}
{"message":"[ops] {","level":"error","timestamp":"2026-09-06T06:20:00.647247160Z"}
{"timestamp":"2026-09-06T06:20:00.647251213Z","message":"  event: 'security.app_check_rejected',","level":"error"}
{"message":"  ts: '2026-09-06T06:20:00.551Z',","timestamp":"2026-09-06T06:20:00.647254750Z","level":"error"}
{"level":"error","message":"  reason: 'missing_token',","timestamp":"2026-09-06T06:20:00.647258138Z"}
{"message":"  mode: 'monitor',","timestamp":"2026-09-06T06:20:00.647261772Z","level":"error"}
{"timestamp":"2026-09-06T06:20:00.647266693Z","level":"error","message":"  route: '/api/v2/events'"}
{"level":"error","timestamp":"2026-09-06T06:20:00.647269912Z","message":"}"}
{"message":"[ops] {","timestamp":"2026-09-06T06:20:00.647316772Z","level":"info"}
{"level":"info","timestamp":"2026-09-06T06:20:00.647319958Z","message":"  event: 'http_request',"}
{"timestamp":"2026-09-06T06:20:00.647323569Z","level":"info","message":"  ts: '2026-09-06T06:20:00.384Z',"}
{"timestamp":"2026-09-06T06:20:00.647328881Z","level":"info","message":"  requestId: '7dbab42a-8cdd-483b-bf7c-dc717c481d30',"}
{"timestamp":"2026-09-06T06:20:00.647332114Z","message":"  method: 'OPTIONS',","level":"info"}
{"message":"[ops] {","level":"info","timestamp":"2026-09-06T06:20:01.085538217Z"}
{"timestamp":"2026-09-06T06:20:01.085543195Z","level":"info","message":"  event: 'http_request',"}
{"timestamp":"2026-09-06T06:20:01.085547189Z","level":"info","message":"  ts: '2026-09-06T06:20:01.080Z',"}
{"message":"  requestId: '2b9d55a0-cecd-49fd-85da-7fa752b191a3',","timestamp":"2026-09-06T06:20:01.085550344Z","level":"info"}
{"message":"  method: 'GET',","timestamp":"2026-09-06T06:20:01.085553044Z","level":"info"}
{"level":"info","timestamp":"2026-09-06T06:20:01.085556244Z","message":"  route: '/api/v2/events',"}
{"message":"  status: 200,","level":"info","timestamp":"2026-09-06T06:20:01.085559253Z"}
{"message":"  durationMs: 529","level":"info","timestamp":"2026-09-06T06:20:01.085562206Z"}
{"message":"}","timestamp":"2026-09-06T06:20:01.085565209Z","level":"info"}
{"timestamp":"2026-09-06T06:20:02.877737788Z","level":"info","message":"[ops] {"}
{"message":"  event: 'http_request',","timestamp":"2026-09-06T06:20:02.877751539Z","level":"info"}
{"message":"  ts: '2026-09-06T06:20:02.874Z',","level":"info","timestamp":"2026-09-06T06:20:02.877758440Z"}
{"message":"  requestId: '66056330-f8c0-43b6-a759-f40a7d65da0e',","timestamp":"2026-09-06T06:20:02.877765457Z","level":"info"}
{"level":"info","message":"  method: 'OPTIONS',","timestamp":"2026-09-06T06:20:02.877770541Z"}
{"level":"info","message":"  route: '/api/v2/events',","timestamp":"2026-09-06T06:20:02.877776086Z"}
{"message":"  status: 204,","timestamp":"2026-09-06T06:20:02.877781392Z","level":"info"}
{"message":"  durationMs: 0","timestamp":"2026-09-06T06:20:02.877785834Z","level":"info"}
{"timestamp":"2026-09-06T06:20:02.877790943Z","level":"info","message":"}"}
{"level":"error","timestamp":"2026-09-06T06:20:03.062918320Z","message":"[ops] {"}
{"message":"  event: 'security.app_check_rejected',","level":"error","timestamp":"2026-09-06T06:20:03.062921868Z"}
{"timestamp":"2026-09-06T06:20:03.062925020Z","message":"  ts: '2026-09-06T06:20:03.056Z',","level":"error"}
{"level":"error","timestamp":"2026-09-06T06:20:03.062928372Z","message":"  reason: 'missing_token',"}
{"timestamp":"2026-09-06T06:20:03.062931654Z","message":"  mode: 'monitor',","level":"error"}
{"message":"  route: '/api/v2/events'","timestamp":"2026-09-06T06:20:03.062935113Z","level":"error"}
{"message":"}","timestamp":"2026-09-06T06:20:03.062938125Z","level":"error"}
{"message":"[ops] {","timestamp":"2026-09-06T06:20:03.666868204Z","level":"info"}
{"level":"info","message":"  event: 'http_request',","timestamp":"2026-09-06T06:20:03.666876660Z"}
{"timestamp":"2026-09-06T06:20:03.666881411Z","level":"info","message":"  ts: '2026-09-06T06:20:03.617Z',"}
{"timestamp":"2026-09-06T06:20:03.666885485Z","level":"info","message":"  requestId: '9583d439-22b1-4033-9e4b-f5c6610a3d52',"}
{"level":"info","timestamp":"2026-09-06T06:20:03.666889501Z","message":"  method: 'GET',"}
{"message":"  route: '/api/v2/events',","timestamp":"2026-09-06T06:20:03.666894331Z","level":"info"}
{"message":"  status: 200,","timestamp":"2026-09-06T06:20:03.666899232Z","level":"info"}
{"timestamp":"2026-09-06T06:20:03.666902746Z","level":"info","message":"  durationMs: 561"}
{"level":"info","message":"}","timestamp":"2026-09-06T06:20:03.666907185Z"}
{"message":"[ops] {","timestamp":"2026-09-06T06:20:04.008924265Z","level":"info"}
{"level":"info","message":"  event: 'http_request',","timestamp":"2026-09-06T06:20:04.008927558Z"}
{"timestamp":"2026-09-06T06:20:04.008930806Z","message":"  ts: '2026-09-06T06:20:03.998Z',","level":"info"}
{"level":"info","message":"  requestId: '64ce5d20-2506-4f5b-ad9f-573154707da3',","timestamp":"2026-09-06T06:20:04.008934089Z"}
{"level":"info","message":"  method: 'POST',","timestamp":"2026-09-06T06:20:04.008937114Z"}
{"timestamp":"2026-09-06T06:20:04.008940284Z","level":"info","message":"  route: '/api/studio/mcp/session/ping',"}
{"timestamp":"2026-09-06T06:20:04.008943256Z","level":"info","message":"  status: 200,"}
{"message":"  durationMs: 293","level":"info","timestamp":"2026-09-06T06:20:04.008946209Z"}
{"timestamp":"2026-09-06T06:20:04.008949360Z","level":"info","message":"}"}
{"message":"[ops] {","level":"info","timestamp":"2026-09-06T06:20:05.084179604Z"}
{"level":"info","message":"}","timestamp":"2026-09-06T06:20:05.084179616Z"}
{"message":"  event: 'studio.plugin_compatibility_handshake',","timestamp":"2026-09-06T06:20:05.084185409Z","level":"info"}
{"message":"  ts: '2026-09-06T06:20:05.080Z',","level":"info","timestamp":"2026-09-06T06:20:05.084189706Z"}
{"timestamp":"2026-09-06T06:20:05.084192940Z","message":"  requestId: 'b357880e-2d9b-446c-a39b-3f2fbed71d58',","level":"info"}
{"message":"  sessionId: 'MLq8J3mhz56J6BRsAeQe',","timestamp":"2026-09-06T06:20:05.084195668Z","level":"info"}
{"message":"  userId: '0VSQotqOXxPXBLeQu1gUNkXELWH3',","timestamp":"2026-09-06T06:20:05.084198555Z","level":"info"}
{"message":"  status: 'compatible',","level":"info","timestamp":"2026-09-06T06:20:05.084201340Z"}
{"message":"  reasonCodes: [],","timestamp":"2026-09-06T06:20:05.084204160Z","level":"info"}
{"message":"  buildId: 'nexusrbx-studio-0.14.0-r15-animation.12-toolbox',","timestamp":"2026-09-06T06:20:05.084207054Z","level":"info"}
{"message":"  attestationWritten: false,","timestamp":"2026-09-06T06:20:05.084211352Z","level":"info"}
{"timestamp":"2026-09-06T06:20:05.084214705Z","message":"  repairDurationMs: 450","level":"info"}
{"level":"info","timestamp":"2026-09-06T06:20:05.084217531Z","message":"}"}
{"level":"info","message":"[ops] {","timestamp":"2026-09-06T06:20:05.084220286Z"}
{"timestamp":"2026-09-06T06:20:05.084226973Z","message":"  event: 'http_request',","level":"info"}
{"level":"info","timestamp":"2026-09-06T06:20:05.084232335Z","message":"  ts: '2026-09-06T06:20:05.080Z',"}
{"timestamp":"2026-09-06T06:20:05.084235433Z","message":"  requestId: 'b357880e-2d9b-446c-a39b-3f2fbed71d58',","level":"info"}
{"timestamp":"2026-09-06T06:20:05.084238288Z","message":"  method: 'POST',","level":"info"}
{"timestamp":"2026-09-06T06:20:05.084242813Z","level":"info","message":"  route: '/api/studio/session/ping',"}
{"timestamp":"2026-09-06T06:20:05.084245406Z","message":"  status: 200,","level":"info"}
{"timestamp":"2026-09-06T06:20:05.084248246Z","message":"  durationMs: 544","level":"info"}
{"message":"  event: 'http_request',","timestamp":"2026-09-06T06:20:05.695369381Z","level":"info"}
{"message":"  ts: '2026-09-06T06:20:05.374Z',","timestamp":"2026-09-06T06:20:05.695376959Z","level":"info"}
{"message":"  requestId: '133659d1-7f18-4d4f-8f9b-cb7d194cdce4',","timestamp":"2026-09-06T06:20:05.695380744Z","level":"info"}
{"timestamp":"2026-09-06T06:20:05.695384818Z","level":"info","message":"  method: 'OPTIONS',"}
{"message":"  route: '/api/v2/agents/active',","level":"info","timestamp":"2026-09-06T06:20:05.695389070Z"}
{"timestamp":"2026-09-06T06:20:05.695392983Z","level":"info","message":"  status: 204,"}
{"message":"  durationMs: 0","level":"info","timestamp":"2026-09-06T06:20:05.695396395Z"}
{"level":"info","message":"}","timestamp":"2026-09-06T06:20:05.695400261Z"}
{"timestamp":"2026-09-06T06:20:05.695403781Z","level":"info","message":"[ops] {"}
{"level":"info","timestamp":"2026-09-06T06:20:05.695406983Z","message":"  event: 'http_request',"}
{"level":"info","timestamp":"2026-09-06T06:20:05.695410324Z","message":"  ts: '2026-09-06T06:20:05.377Z',"}
{"message":"  requestId: '8a7cc2f9-c1e2-4c8f-89a3-0109799d7c5c',","level":"info","timestamp":"2026-09-06T06:20:05.695413455Z"}
{"timestamp":"2026-09-06T06:20:05.695416758Z","level":"info","message":"  method: 'OPTIONS',"}
{"level":"info","timestamp":"2026-09-06T06:20:05.695420694Z","message":"  route: '/api/v2/events',"}
{"level":"info","timestamp":"2026-09-06T06:20:05.695424458Z","message":"  status: 204,"}
{"level":"info","message":"  durationMs: 0","timestamp":"2026-09-06T06:20:05.695427785Z"}
{"timestamp":"2026-09-06T06:20:05.695431293Z","level":"info","message":"}"}
{"timestamp":"2026-09-06T06:20:05.695434798Z","message":"[ops] {","level":"error"}
{"level":"error","message":"  event: 'security.app_check_rejected',","timestamp":"2026-09-06T06:20:05.695438467Z"}
{"message":"  ts: '2026-09-06T06:20:05.541Z',","timestamp":"2026-09-06T06:20:05.695442434Z","level":"error"}
{"timestamp":"2026-09-06T06:20:05.695446013Z","message":"  reason: 'missing_token',","level":"error"}
{"message":"[ops] {","level":"info","timestamp":"2026-09-06T06:20:05.695448606Z"}
{"level":"error","timestamp":"2026-09-06T06:20:05.695451081Z","message":"  mode: 'monitor',"}
{"level":"error","timestamp":"2026-09-06T06:20:05.695454504Z","message":"  route: '/api/v2/agents/active'"}
{"message":"}","timestamp":"2026-09-06T06:20:05.695457642Z","level":"error"}
{"timestamp":"2026-09-06T06:20:05.695460799Z","message":"[ops] {","level":"error"}
{"message":"  event: 'security.app_check_rejected',","timestamp":"2026-09-06T06:20:05.695463987Z","level":"error"}
{"timestamp":"2026-09-06T06:20:05.695466780Z","message":"  ts: '2026-09-06T06:20:05.544Z',","level":"error"}
{"level":"error","message":"  reason: 'missing_token',","timestamp":"2026-09-06T06:20:05.695469864Z"}
{"message":"  mode: 'monitor',","timestamp":"2026-09-06T06:20:05.695472964Z","level":"error"}
{"message":"  route: '/api/v2/events'","timestamp":"2026-09-06T06:20:05.695475833Z","level":"error"}
{"level":"error","message":"}","timestamp":"2026-09-06T06:20:05.696298796Z"}
{"message":"[ops] {","level":"info","timestamp":"2026-09-06T06:20:05.696302997Z"}
{"timestamp":"2026-09-06T06:20:05.696306271Z","level":"info","message":"  event: 'http_request',"}
{"level":"info","message":"  ts: '2026-09-06T06:20:05.601Z',","timestamp":"2026-09-06T06:20:05.696309021Z"}
{"level":"info","message":"  requestId: 'fcf4d283-63c9-4d24-8f29-d8770d22854b',","timestamp":"2026-09-06T06:20:05.696312099Z"}
{"message":"  method: 'GET',","timestamp":"2026-09-06T06:20:05.696315086Z","level":"info"}
{"message":"  route: '/api/v2/agents/active',","level":"info","timestamp":"2026-09-06T06:20:05.696318238Z"}
{"level":"info","message":"  status: 200,","timestamp":"2026-09-06T06:20:05.696320973Z"}
{"level":"info","message":"  durationMs: 60","timestamp":"2026-09-06T06:20:05.696324111Z"}
{"timestamp":"2026-09-06T06:20:05.696326929Z","message":"}","level":"info"}
{"timestamp":"2026-09-06T06:20:06.123267997Z","message":"[ops] {","level":"info"}
{"timestamp":"2026-09-06T06:20:06.123274648Z","level":"info","message":"  event: 'http_request',"}
{"level":"info","message":"  ts: '2026-09-06T06:20:06.121Z',","timestamp":"2026-09-06T06:20:06.123278487Z"}
{"level":"info","message":"  requestId: '3a08a482-30e8-4e4c-ad46-c8a332f98f9a',","timestamp":"2026-09-06T06:20:06.123281478Z"}
{"message":"  method: 'GET',","timestamp":"2026-09-06T06:20:06.123284331Z","level":"info"}
{"message":"  route: '/api/v2/events',","timestamp":"2026-09-06T06:20:06.123287289Z","level":"info"}
{"message":"  status: 200,","timestamp":"2026-09-06T06:20:06.123290295Z","level":"info"}
{"message":"  durationMs: 577","timestamp":"2026-09-06T06:20:06.123293979Z","level":"info"}
{"level":"info","message":"}","timestamp":"2026-09-06T06:20:06.123297663Z"}
{"timestamp":"2026-09-06T06:20:07.888769706Z","message":"[ops] {","level":"info"}
{"timestamp":"2026-09-06T06:20:07.888775231Z","level":"info","message":"  event: 'http_request',"}
{"timestamp":"2026-09-06T06:20:07.888779363Z","level":"info","message":"  ts: '2026-09-06T06:20:07.876Z',"}
{"level":"info","timestamp":"2026-09-06T06:20:07.888782631Z","message":"  requestId: 'c79a494a-749f-43ac-b1ad-7154060c03a4',"}
{"timestamp":"2026-09-06T06:20:07.888785810Z","message":"  method: 'OPTIONS',","level":"info"}
{"level":"info","message":"  route: '/api/v2/events',","timestamp":"2026-09-06T06:20:07.888789058Z"}
{"message":"  status: 204,","timestamp":"2026-09-06T06:20:07.888793055Z","level":"info"}
{"level":"info","message":"  durationMs: 0","timestamp":"2026-09-06T06:20:07.888797511Z"}
{"message":"}","level":"info","timestamp":"2026-09-06T06:20:07.888800791Z"}
{"timestamp":"2026-09-06T06:20:08.046630026Z","level":"error","message":"[ops] {"}
{"level":"error","message":"  event: 'security.app_check_rejected',","timestamp":"2026-09-06T06:20:08.046635963Z"}
{"level":"error","message":"  ts: '2026-09-06T06:20:08.041Z',","timestamp":"2026-09-06T06:20:08.046640900Z"}
{"level":"error","timestamp":"2026-09-06T06:20:08.046646518Z","message":"  reason: 'missing_token',"}
{"timestamp":"2026-09-06T06:20:08.046649524Z","level":"error","message":"  mode: 'monitor',"}
{"timestamp":"2026-09-06T06:20:08.046652710Z","level":"error","message":"  route: '/api/v2/events'"}
{"message":"}","level":"error","timestamp":"2026-09-06T06:20:08.046656014Z"}
{"timestamp":"2026-09-06T06:20:08.753419962Z","level":"info","message":"[ops] {"}
{"timestamp":"2026-09-06T06:20:08.753425402Z","message":"  event: 'http_request',","level":"info"}
{"timestamp":"2026-09-06T06:20:08.753430685Z","level":"info","message":"  ts: '2026-09-06T06:20:08.565Z',"}
{"timestamp":"2026-09-06T06:20:08.753436404Z","level":"info","message":"  requestId: '36d0c250-2dda-421b-8c37-c3cd9b4852e2',"}
{"message":"  method: 'GET',","timestamp":"2026-09-06T06:20:08.753441346Z","level":"info"}
{"message":"  route: '/api/v2/events',","timestamp":"2026-09-06T06:20:08.753446279Z","level":"info"}
{"message":"  status: 200,","timestamp":"2026-09-06T06:20:08.753450979Z","level":"info"}
{"timestamp":"2026-09-06T06:20:08.753455719Z","level":"info","message":"  durationMs: 524"}
{"level":"info","message":"}","timestamp":"2026-09-06T06:20:08.753460118Z"}
{"level":"info","message":"  status: 204,","timestamp":"2026-09-06T06:20:10.805957849Z"}
{"level":"info","timestamp":"2026-09-06T06:20:10.805965746Z","message":"  durationMs: 0"}
{"level":"info","message":"}","timestamp":"2026-09-06T06:20:10.805969745Z"}
{"level":"info","message":"[ops] {","timestamp":"2026-09-06T06:20:10.805973273Z"}
{"timestamp":"2026-09-06T06:20:10.805976852Z","message":"  event: 'http_request',","level":"info"}
{"timestamp":"2026-09-06T06:20:10.805983173Z","message":"[ops] {","level":"info"}
{"message":"  ts: '2026-09-06T06:20:10.465Z',","level":"info","timestamp":"2026-09-06T06:20:10.805983247Z"}
{"level":"info","message":"  event: 'http_request',","timestamp":"2026-09-06T06:20:10.805989546Z"}
{"message":"  requestId: '0504219d-2c7b-4f6e-95d5-345ce140814b',","timestamp":"2026-09-06T06:20:10.805990234Z","level":"info"}
{"level":"info","timestamp":"2026-09-06T06:20:10.805994203Z","message":"  ts: '2026-09-06T06:20:10.380Z',"}
{"timestamp":"2026-09-06T06:20:10.805997829Z","level":"info","message":"  requestId: '642fa136-9700-4a24-914a-03b00ec3b7c7',"}
{"message":"  method: 'OPTIONS',","timestamp":"2026-09-06T06:20:10.806001119Z","level":"info"}
{"timestamp":"2026-09-06T06:20:10.806004618Z","level":"info","message":"  route: '/api/v2/events',"}
{"level":"info","message":"  status: 204,","timestamp":"2026-09-06T06:20:10.806008391Z"}
{"message":"  durationMs: 0","timestamp":"2026-09-06T06:20:10.806012076Z","level":"info"}
{"message":"}","timestamp":"2026-09-06T06:20:10.806015571Z","level":"info"}
{"message":"[ops] {","level":"info","timestamp":"2026-09-06T06:20:10.806019236Z"}
{"message":"  event: 'http_request',","timestamp":"2026-09-06T06:20:10.806022898Z","level":"info"}
{"level":"info","message":"  ts: '2026-09-06T06:20:10.395Z',","timestamp":"2026-09-06T06:20:10.806026271Z"}
{"message":"  requestId: '4810d9bb-5d43-4933-9ee4-da7efddc7756',","level":"info","timestamp":"2026-09-06T06:20:10.806030100Z"}
{"level":"info","timestamp":"2026-09-06T06:20:10.806033792Z","message":"  method: 'OPTIONS',"}
{"level":"info","message":"  route: '/api/v2/events',","timestamp":"2026-09-06T06:20:10.806037683Z"}
{"level":"info","message":"  status: 204,","timestamp":"2026-09-06T06:20:10.806041420Z"}
{"level":"info","timestamp":"2026-09-06T06:20:10.806044862Z","message":"  durationMs: 0"}
{"message":"}","timestamp":"2026-09-06T06:20:10.806048095Z","level":"info"}
{"timestamp":"2026-09-06T06:20:10.806051659Z","level":"info","message":"[ops] {"}
{"level":"info","timestamp":"2026-09-06T06:20:10.806054563Z","message":"  event: 'http_request',"}
{"timestamp":"2026-09-06T06:20:10.806057694Z","level":"info","message":"  ts: '2026-09-06T06:20:10.401Z',"}
{"level":"info","timestamp":"2026-09-06T06:20:10.806061468Z","message":"  requestId: 'b3fe7391-4320-4121-abad-6f28338790d1',"}
{"level":"info","message":"  method: 'OPTIONS',","timestamp":"2026-09-06T06:20:10.806064432Z"}
{"timestamp":"2026-09-06T06:20:10.806067887Z","message":"  route: '/api/v2/agents/active',","level":"info"}
{"timestamp":"2026-09-06T06:20:10.807719719Z","level":"error","message":"  ts: '2026-09-06T06:20:10.562Z',"}
{"level":"error","message":"  reason: 'missing_token',","timestamp":"2026-09-06T06:20:10.807726469Z"}
{"message":"  method: 'OPTIONS',","level":"info","timestamp":"2026-09-06T06:20:10.807727580Z"}
{"timestamp":"2026-09-06T06:20:10.807727885Z","level":"info","message":"  route: '/api/studio/mcp/status',"}
{"message":"  mode: 'monitor',","timestamp":"2026-09-06T06:20:10.807732897Z","level":"error"}
{"level":"info","message":"  route: '/api/studio/status',","timestamp":"2026-09-06T06:20:10.807734754Z"}
{"timestamp":"2026-09-06T06:20:10.807735107Z","level":"info","message":"  status: 204,"}
{"timestamp":"2026-09-06T06:20:10.807739546Z","message":"  route: '/api/v2/events'","level":"error"}
{"timestamp":"2026-09-06T06:20:10.807741664Z","level":"info","message":"  status: 204,"}
{"timestamp":"2026-09-06T06:20:10.807742661Z","level":"info","message":"  durationMs: 0"}
{"level":"error","message":"}","timestamp":"2026-09-06T06:20:10.807747495Z"}
{"message":"  durationMs: 0","timestamp":"2026-09-06T06:20:10.807749814Z","level":"info"}
{"timestamp":"2026-09-06T06:20:10.807749968Z","message":"}","level":"info"}
{"message":"[ops] {","timestamp":"2026-09-06T06:20:10.807755601Z","level":"error"}
{"level":"error","message":"[ops] {","timestamp":"2026-09-06T06:20:10.807756343Z"}
{"timestamp":"2026-09-06T06:20:10.807756477Z","level":"info","message":"}"}
{"timestamp":"2026-09-06T06:20:10.807763420Z","level":"error","message":"  event: 'security.app_check_rejected',"}
{"timestamp":"2026-09-06T06:20:10.807763544Z","message":"[ops] {","level":"info"}
{"message":"  event: 'security.app_check_rejected',","level":"error","timestamp":"2026-09-06T06:20:10.807763742Z"}
{"message":"  event: 'http_request',","timestamp":"2026-09-06T06:20:10.807770035Z","level":"info"}
{"level":"error","message":"  ts: '2026-09-06T06:20:10.575Z',","timestamp":"2026-09-06T06:20:10.807770377Z"}
{"message":"  ts: '2026-09-06T06:20:10.544Z',","level":"error","timestamp":"2026-09-06T06:20:10.807771820Z"}
{"message":"  ts: '2026-09-06T06:20:10.467Z',","timestamp":"2026-09-06T06:20:10.807774510Z","level":"info"}
{"timestamp":"2026-09-06T06:20:10.807776402Z","level":"error","message":"  reason: 'missing_token',"}
{"message":"  requestId: 'a84a192d-c82c-44b7-9fa9-7057c9d075c8',","level":"info","timestamp":"2026-09-06T06:20:10.807779089Z"}
{"level":"error","message":"  mode: 'monitor',","timestamp":"2026-09-06T06:20:10.807780858Z"}
{"timestamp":"2026-09-06T06:20:10.807784093Z","message":"  method: 'OPTIONS',","level":"info"}
{"level":"error","timestamp":"2026-09-06T06:20:10.807785412Z","message":"  route: '/api/v2/events'"}
{"message":"}","timestamp":"2026-09-06T06:20:10.807788300Z","level":"error"}
{"timestamp":"2026-09-06T06:20:10.807791155Z","message":"[ops] {","level":"error"}
{"timestamp":"2026-09-06T06:20:10.807794359Z","message":"  event: 'security.app_check_rejected',","level":"error"}
{"message":"  requestId: 'e7625895-cea1-46bd-a5de-7afad8c00317',","timestamp":"2026-09-06T06:20:10.809721247Z","level":"info"}
{"timestamp":"2026-09-06T06:20:10.809725875Z","level":"error","message":"  reason: 'missing_token',"}
{"level":"info","message":"  method: 'GET',","timestamp":"2026-09-06T06:20:10.809729322Z"}
{"level":"error","message":"  mode: 'monitor',","timestamp":"2026-09-06T06:20:10.809731229Z"}
{"timestamp":"2026-09-06T06:20:10.809735546Z","message":"  route: '/api/v2/agents/active',","level":"info"}
{"message":"  route: '/api/v2/agents/active'","timestamp":"2026-09-06T06:20:10.809735717Z","level":"error"}
{"message":"}","level":"error","timestamp":"2026-09-06T06:20:10.809741026Z"}
{"timestamp":"2026-09-06T06:20:10.809741939Z","message":"  status: 200,","level":"info"}
{"message":"[ops] {","timestamp":"2026-09-06T06:20:10.809746570Z","level":"error"}
{"level":"info","timestamp":"2026-09-06T06:20:10.809748601Z","message":"  durationMs: 159"}
{"message":"  event: 'security.app_check_rejected',","level":"error","timestamp":"2026-09-06T06:20:10.809752605Z"}
{"timestamp":"2026-09-06T06:20:10.809753571Z","message":"}","level":"info"}
{"level":"error","message":"  ts: '2026-09-06T06:20:10.636Z',","timestamp":"2026-09-06T06:20:10.809756599Z"}
{"level":"error","timestamp":"2026-09-06T06:20:10.809760250Z","message":"  reason: 'missing_token',"}
{"message":"  mode: 'monitor',","timestamp":"2026-09-06T06:20:10.809763144Z","level":"error"}
{"timestamp":"2026-09-06T06:20:10.809766880Z","level":"error","message":"  route: '/api/studio/status'"}
{"timestamp":"2026-09-06T06:20:10.809769825Z","message":"}","level":"error"}
{"message":"[ops] {","level":"error","timestamp":"2026-09-06T06:20:10.809772448Z"}
{"level":"error","message":"  event: 'security.app_check_rejected',","timestamp":"2026-09-06T06:20:10.809775061Z"}
{"level":"error","message":"  ts: '2026-09-06T06:20:10.637Z',","timestamp":"2026-09-06T06:20:10.809777625Z"}
{"message":"  reason: 'missing_token',","timestamp":"2026-09-06T06:20:10.809780802Z","level":"error"}
{"level":"error","timestamp":"2026-09-06T06:20:10.809783521Z","message":"  mode: 'monitor',"}
{"level":"error","message":"  route: '/api/studio/mcp/status'","timestamp":"2026-09-06T06:20:10.809786265Z"}
{"level":"error","message":"}","timestamp":"2026-09-06T06:20:10.809788964Z"}
{"timestamp":"2026-09-06T06:20:10.809791689Z","level":"info","message":"[ops] {"}
{"timestamp":"2026-09-06T06:20:10.809794250Z","level":"info","message":"  event: 'http_request',"}
{"message":"  ts: '2026-09-06T06:20:10.734Z',","level":"info","timestamp":"2026-09-06T06:20:10.809797156Z"}
{"level":"info","message":"[ops] {","timestamp":"2026-09-06T06:20:11.088161226Z"}
{"level":"info","message":"  event: 'http_request',","timestamp":"2026-09-06T06:20:11.088167194Z"}
{"message":"  ts: '2026-09-06T06:20:10.988Z',","timestamp":"2026-09-06T06:20:11.088171710Z","level":"info"}
{"timestamp":"2026-09-06T06:20:11.088176534Z","level":"info","message":"  requestId: 'a4588a4d-d481-42dc-ae14-d5bb6ab05f66',"}
{"timestamp":"2026-09-06T06:20:11.088182715Z","message":"  method: 'GET',","level":"info"}
{"message":"  route: '/api/studio/mcp/status',","timestamp":"2026-09-06T06:20:11.088187573Z","level":"info"}
{"level":"info","message":"  status: 200,","timestamp":"2026-09-06T06:20:11.088192564Z"}
{"level":"info","message":"  durationMs: 351","timestamp":"2026-09-06T06:20:11.088197840Z"}
{"message":"}","level":"info","timestamp":"2026-09-06T06:20:11.088202979Z"}
{"level":"info","message":"[ops] {","timestamp":"2026-09-06T06:20:11.088208372Z"}
{"timestamp":"2026-09-06T06:20:11.088213597Z","level":"info","message":"  event: 'http_request',"}
{"message":"  ts: '2026-09-06T06:20:11.050Z',","level":"info","timestamp":"2026-09-06T06:20:11.088219426Z"}
{"message":"  requestId: 'e6d95b5a-8d31-4eff-a6f7-8e5f7d2de0d1',","timestamp":"2026-09-06T06:20:11.088224257Z","level":"info"}
{"level":"info","message":"  method: 'GET',","timestamp":"2026-09-06T06:20:11.088228629Z"}
{"message":"  route: '/api/studio/status',","timestamp":"2026-09-06T06:20:11.088232832Z","level":"info"}
{"level":"info","message":"  status: 200,","timestamp":"2026-09-06T06:20:11.088236773Z"}
{"timestamp":"2026-09-06T06:20:11.088240939Z","level":"info","message":"  durationMs: 414"}
{"message":"}","timestamp":"2026-09-06T06:20:11.088245156Z","level":"info"}
{"level":"info","message":"[ops] {","timestamp":"2026-09-06T06:20:11.382580258Z"}
{"message":"  event: 'http_request',","timestamp":"2026-09-06T06:20:11.382584738Z","level":"info"}
{"timestamp":"2026-09-06T06:20:11.382589335Z","message":"  ts: '2026-09-06T06:20:11.377Z',","level":"info"}
{"timestamp":"2026-09-06T06:20:11.382593340Z","level":"info","message":"  requestId: 'cf85c4fb-f7b6-4f30-a3b4-d6ef5cfe3c2c',"}
{"timestamp":"2026-09-06T06:20:11.382598865Z","level":"info","message":"  method: 'GET',"}
{"timestamp":"2026-09-06T06:20:11.382602266Z","message":"  route: '/api/v2/events',","level":"info"}
{"message":"  status: 200,","level":"info","timestamp":"2026-09-06T06:20:11.382605748Z"}
{"message":"  durationMs: 815","timestamp":"2026-09-06T06:20:11.382610484Z","level":"info"}
{"message":"}","timestamp":"2026-09-06T06:20:11.382615395Z","level":"info"}
{"level":"info","message":"[ops] {","timestamp":"2026-09-06T06:20:12.776946331Z"}
{"timestamp":"2026-09-06T06:20:12.776956414Z","message":"  event: 'http_request',","level":"info"}
{"level":"info","timestamp":"2026-09-06T06:20:12.776961088Z","message":"  ts: '2026-09-06T06:20:12.555Z',"}
{"message":"  requestId: '4b778469-da54-40f5-9993-4c922b0a55ca',","timestamp":"2026-09-06T06:20:12.776964308Z","level":"info"}
{"level":"info","message":"  method: 'GET',","timestamp":"2026-09-06T06:20:12.776967679Z"}
{"timestamp":"2026-09-06T06:20:12.776970791Z","level":"info","message":"  route: '/api/v2/events',"}
{"timestamp":"2026-09-06T06:20:12.776974119Z","level":"info","message":"  status: 200,"}
{"timestamp":"2026-09-06T06:20:12.776977925Z","message":"  durationMs: 2011","level":"info"}
{"timestamp":"2026-09-06T06:20:12.776981300Z","message":"}","level":"info"}
{"message":"[ops] {","timestamp":"2026-09-06T06:20:12.887579065Z","level":"info"}
{"message":"  event: 'http_request',","level":"info","timestamp":"2026-09-06T06:20:12.887584099Z"}
{"message":"  ts: '2026-09-06T06:20:12.882Z',","level":"info","timestamp":"2026-09-06T06:20:12.887587216Z"}
{"level":"info","timestamp":"2026-09-06T06:20:12.887590173Z","message":"  requestId: 'aae748e2-42e9-4d2d-8017-43c842d1ed03',"}
{"timestamp":"2026-09-06T06:20:12.887593463Z","level":"info","message":"  method: 'OPTIONS',"}
{"timestamp":"2026-09-06T06:20:12.887596473Z","message":"  route: '/api/v2/events',","level":"info"}
{"timestamp":"2026-09-06T06:20:12.887599253Z","message":"  status: 204,","level":"info"}
{"level":"info","message":"  durationMs: 0","timestamp":"2026-09-06T06:20:12.887601963Z"}
{"message":"}","level":"info","timestamp":"2026-09-06T06:20:12.887605006Z"}
{"level":"info","message":"[ops] {","timestamp":"2026-09-06T06:20:12.951866989Z"}
{"message":"  status: 200,","timestamp":"2026-09-06T06:20:12.951871102Z","level":"info"}
{"message":"  event: 'studio.plugin_compatibility_handshake',","timestamp":"2026-09-06T06:20:12.951873597Z","level":"info"}
{"level":"info","message":"  ts: '2026-09-06T06:20:12.940Z',","timestamp":"2026-09-06T06:20:12.951877659Z"}
{"message":"  durationMs: 669","timestamp":"2026-09-06T06:20:12.951882218Z","level":"info"}
{"message":"  requestId: '64c2d5a8-bcc7-4f05-a5dd-7bf44727a250',","level":"info","timestamp":"2026-09-06T06:20:12.951883547Z"}
{"message":"  sessionId: 'MLq8J3mhz56J6BRsAeQe',","timestamp":"2026-09-06T06:20:12.951887465Z","level":"info"}
{"timestamp":"2026-09-06T06:20:12.951890323Z","message":"  userId: '0VSQotqOXxPXBLeQu1gUNkXELWH3',","level":"info"}
{"message":"  status: 'compatible',","level":"info","timestamp":"2026-09-06T06:20:12.951895068Z"}
{"message":"}","timestamp":"2026-09-06T06:20:12.951895635Z","level":"info"}
{"message":"  reasonCodes: [],","timestamp":"2026-09-06T06:20:12.951899131Z","level":"info"}
{"timestamp":"2026-09-06T06:20:12.951903168Z","level":"info","message":"  buildId: 'nexusrbx-studio-0.14.0-r15-animation.12-toolbox',"}
{"level":"info","message":"  attestationWritten: false,","timestamp":"2026-09-06T06:20:12.951906883Z"}
{"timestamp":"2026-09-06T06:20:12.951909848Z","message":"  repairDurationMs: 610","level":"info"}
{"message":"}","level":"info","timestamp":"2026-09-06T06:20:12.951912672Z"}
{"timestamp":"2026-09-06T06:20:12.951915320Z","level":"info","message":"[ops] {"}
{"message":"  event: 'http_request',","timestamp":"2026-09-06T06:20:12.951918948Z","level":"info"}
{"level":"info","message":"  ts: '2026-09-06T06:20:12.940Z',","timestamp":"2026-09-06T06:20:12.951922885Z"}
{"message":"  requestId: '64c2d5a8-bcc7-4f05-a5dd-7bf44727a250',","timestamp":"2026-09-06T06:20:12.951927022Z","level":"info"}
{"level":"info","message":"  method: 'POST',","timestamp":"2026-09-06T06:20:12.951930805Z"}
{"message":"  route: '/api/studio/session/ping',","timestamp":"2026-09-06T06:20:12.951934639Z","level":"info"}
{"timestamp":"2026-09-06T06:20:13.083458731Z","level":"error","message":"[ops] {"}
{"timestamp":"2026-09-06T06:20:13.083462025Z","message":"  event: 'security.app_check_rejected',","level":"error"}
{"timestamp":"2026-09-06T06:20:13.083465534Z","level":"error","message":"  ts: '2026-09-06T06:20:13.055Z',"}
{"message":"  reason: 'missing_token',","timestamp":"2026-09-06T06:20:13.083469342Z","level":"error"}
{"timestamp":"2026-09-06T06:20:13.083472924Z","message":"  mode: 'monitor',","level":"error"}
{"message":"  route: '/api/v2/events'","level":"error","timestamp":"2026-09-06T06:20:13.083476445Z"}
{"timestamp":"2026-09-06T06:20:13.083479719Z","message":"}","level":"error"}
{"message":"[ops] {","timestamp":"2026-09-06T06:20:13.806348520Z","level":"info"}
{"message":"  event: 'http_request',","level":"info","timestamp":"2026-09-06T06:20:13.806352688Z"}
{"timestamp":"2026-09-06T06:20:13.806355998Z","level":"info","message":"  ts: '2026-09-06T06:20:13.629Z',"}
{"level":"info","timestamp":"2026-09-06T06:20:13.806359038Z","message":"  requestId: '0b687cfc-5781-40fc-a446-766b19735f63',"}
{"level":"info","timestamp":"2026-09-06T06:20:13.806363031Z","message":"  method: 'GET',"}
{"level":"info","message":"  route: '/api/v2/events',","timestamp":"2026-09-06T06:20:13.806365908Z"}
{"level":"info","timestamp":"2026-09-06T06:20:13.806369201Z","message":"  status: 200,"}
{"timestamp":"2026-09-06T06:20:13.806372129Z","level":"info","message":"  durationMs: 574"}
{"level":"info","message":"}","timestamp":"2026-09-06T06:20:13.806375148Z"}
{"timestamp":"2026-09-06T06:20:15.401677414Z","message":"  event: 'http_request',","level":"info"}
{"timestamp":"2026-09-06T06:20:15.401683047Z","level":"info","message":"[ops] {"}
{"level":"info","message":"  ts: '2026-09-06T06:20:15.388Z',","timestamp":"2026-09-06T06:20:15.401686225Z"}
{"message":"  event: 'http_request',","timestamp":"2026-09-06T06:20:15.401688049Z","level":"info"}
{"message":"  ts: '2026-09-06T06:20:15.386Z',","timestamp":"2026-09-06T06:20:15.401692665Z","level":"info"}
{"timestamp":"2026-09-06T06:20:15.401695047Z","message":"  requestId: '2fbb916f-54c4-46c5-98fb-e340a918e593',","level":"info"}
{"timestamp":"2026-09-06T06:20:15.401697790Z","level":"info","message":"  requestId: 'df609dae-2a6a-4237-8703-b292de82c37c',"}
{"message":"  method: 'OPTIONS',","level":"info","timestamp":"2026-09-06T06:20:15.401702768Z"}
{"timestamp":"2026-09-06T06:20:15.401703657Z","message":"  method: 'OPTIONS',","level":"info"}
{"message":"  route: '/api/v2/events',","timestamp":"2026-09-06T06:20:15.401709045Z","level":"info"}
{"level":"info","message":"  route: '/api/v2/agents/active',","timestamp":"2026-09-06T06:20:15.401710312Z"}
{"timestamp":"2026-09-06T06:20:15.401714511Z","level":"info","message":"  status: 204,"}
{"timestamp":"2026-09-06T06:20:15.401716415Z","message":"  status: 204,","level":"info"}
{"message":"  durationMs: 0","level":"info","timestamp":"2026-09-06T06:20:15.401719583Z"}
{"timestamp":"2026-09-06T06:20:15.401720885Z","message":"  durationMs: 0","level":"info"}
{"level":"info","message":"}","timestamp":"2026-09-06T06:20:15.401725882Z"}
{"message":"}","timestamp":"2026-09-06T06:20:15.401726845Z","level":"info"}
{"level":"info","message":"[ops] {","timestamp":"2026-09-06T06:20:15.401729872Z"}
{"message":"}","timestamp":"2026-09-06T06:20:15.839204265Z","level":"error"}
{"level":"error","message":"[ops] {","timestamp":"2026-09-06T06:20:15.839212227Z"}
{"level":"error","timestamp":"2026-09-06T06:20:15.839217899Z","message":"[ops] {"}
{"timestamp":"2026-09-06T06:20:15.839226786Z","message":"  event: 'security.app_check_rejected',","level":"error"}
{"timestamp":"2026-09-06T06:20:15.839229194Z","level":"error","message":"  mode: 'monitor',"}
{"level":"error","timestamp":"2026-09-06T06:20:15.839232028Z","message":"  event: 'security.app_check_rejected',"}
{"timestamp":"2026-09-06T06:20:15.839238028Z","level":"error","message":"  ts: '2026-09-06T06:20:15.558Z',"}
{"timestamp":"2026-09-06T06:20:15.839238293Z","message":"  route: '/api/v2/events'","level":"error"}
{"level":"error","message":"  ts: '2026-09-06T06:20:15.552Z',","timestamp":"2026-09-06T06:20:15.839240820Z"}
{"message":"  reason: 'missing_token',","timestamp":"2026-09-06T06:20:15.839242306Z","level":"error"}
{"message":"  mode: 'monitor',","level":"error","timestamp":"2026-09-06T06:20:15.839246571Z"}
{"message":"  reason: 'missing_token',","level":"error","timestamp":"2026-09-06T06:20:15.839251634Z"}
{"timestamp":"2026-09-06T06:20:15.839251812Z","level":"error","message":"  route: '/api/v2/agents/active'"}
{"timestamp":"2026-09-06T06:20:15.839255974Z","message":"}","level":"error"}
{"level":"info","timestamp":"2026-09-06T06:20:15.839259537Z","message":"[ops] {"}
{"level":"info","timestamp":"2026-09-06T06:20:15.839264299Z","message":"  event: 'http_request',"}
{"level":"info","timestamp":"2026-09-06T06:20:15.839267848Z","message":"  ts: '2026-09-06T06:20:15.629Z',"}
{"level":"info","message":"  requestId: '23c8213a-7a35-4a39-8777-21fd7f7bcfd9',","timestamp":"2026-09-06T06:20:15.839271300Z"}
{"level":"info","timestamp":"2026-09-06T06:20:15.839274336Z","message":"  method: 'GET',"}
{"message":"  route: '/api/v2/agents/active',","level":"info","timestamp":"2026-09-06T06:20:15.839284651Z"}
{"message":"  status: 200,","timestamp":"2026-09-06T06:20:15.839288874Z","level":"info"}
{"level":"info","timestamp":"2026-09-06T06:20:15.839291740Z","message":"  durationMs: 71"}
{"message":"}","timestamp":"2026-09-06T06:20:15.839294812Z","level":"info"}
{"level":"info","timestamp":"2026-09-06T06:20:16.136802067Z","message":"[ops] {"}
{"level":"info","message":"  event: 'http_request',","timestamp":"2026-09-06T06:20:16.136810120Z"}
{"message":"  ts: '2026-09-06T06:20:16.135Z',","timestamp":"2026-09-06T06:20:16.136814892Z","level":"info"}
{"timestamp":"2026-09-06T06:20:16.136819040Z","message":"  requestId: '36ca6ec3-3005-4f8f-8ebc-9ef86c6c8a24',","level":"info"}
{"level":"info","message":"  method: 'GET',","timestamp":"2026-09-06T06:20:16.136823539Z"}
{"level":"info","timestamp":"2026-09-06T06:20:16.136827111Z","message":"  route: '/api/v2/events',"}
{"level":"info","message":"  status: 200,","timestamp":"2026-09-06T06:20:16.136830626Z"}
{"timestamp":"2026-09-06T06:20:16.136834343Z","level":"info","message":"  durationMs: 583"}
{"timestamp":"2026-09-06T06:20:16.136837491Z","level":"info","message":"}"}
{"level":"info","timestamp":"2026-09-06T06:20:17.859946975Z","message":"}"}
{"timestamp":"2026-09-06T06:20:17.859959039Z","message":"[ops] {","level":"info"}
{"message":"  event: 'http_request',","timestamp":"2026-09-06T06:20:17.859963677Z","level":"info"}
{"message":"  ts: '2026-09-06T06:20:17.532Z',","timestamp":"2026-09-06T06:20:17.859967357Z","level":"info"}
{"message":"  requestId: '7994259a-3011-4736-8aa0-c05b4e28ab26',","timestamp":"2026-09-06T06:20:17.859971039Z","level":"info"}
{"level":"info","message":"  method: 'GET',","timestamp":"2026-09-06T06:20:17.859975900Z"}
{"timestamp":"2026-09-06T06:20:17.860033370Z","level":"info","message":"[ops] {"}
{"level":"info","timestamp":"2026-09-06T06:20:17.860037907Z","message":"  route: '/api/studio/commands/next',"}
{"level":"info","message":"  event: 'studio.command_polled',","timestamp":"2026-09-06T06:20:17.860039493Z"}
{"message":"  status: 204,","timestamp":"2026-09-06T06:20:17.860041856Z","level":"info"}
{"level":"info","timestamp":"2026-09-06T06:20:17.860047769Z","message":"  durationMs: 24375"}
{"message":"  ts: '2026-09-06T06:20:17.532Z',","level":"info","timestamp":"2026-09-06T06:20:17.860047939Z"}
{"message":"  requestId: '7994259a-3011-4736-8aa0-c05b4e28ab26',","level":"info","timestamp":"2026-09-06T06:20:17.860053138Z"}
{"timestamp":"2026-09-06T06:20:17.860053288Z","message":"}","level":"info"}
{"level":"info","message":"  sessionId: 'MLq8J3mhz56J6BRsAeQe',","timestamp":"2026-09-06T06:20:17.860057491Z"}
{"timestamp":"2026-09-06T06:20:17.860061292Z","level":"info","message":"  status: 'empty'"}
{"timestamp":"2026-09-06T06:20:17.884778461Z","level":"info","message":"[ops] {"}
{"message":"  event: 'http_request',","level":"info","timestamp":"2026-09-06T06:20:17.884783966Z"}
{"timestamp":"2026-09-06T06:20:17.884787626Z","message":"  ts: '2026-09-06T06:20:17.876Z',","level":"info"}
{"level":"info","message":"  requestId: 'd66ce9c0-6e7d-45c3-b7f7-6e9041351472',","timestamp":"2026-09-06T06:20:17.884790677Z"}
{"message":"  method: 'OPTIONS',","timestamp":"2026-09-06T06:20:17.884793853Z","level":"info"}
{"level":"info","message":"  route: '/api/v2/events',","timestamp":"2026-09-06T06:20:17.884797150Z"}
{"message":"  status: 204,","timestamp":"2026-09-06T06:20:17.884800243Z","level":"info"}
{"level":"info","message":"  durationMs: 0","timestamp":"2026-09-06T06:20:17.884803569Z"}
{"message":"}","timestamp":"2026-09-06T06:20:17.884806809Z","level":"info"}
{"timestamp":"2026-09-06T06:20:18.042727545Z","level":"error","message":"[ops] {"}
{"message":"  event: 'security.app_check_rejected',","timestamp":"2026-09-06T06:20:18.042732906Z","level":"error"}
{"message":"  ts: '2026-09-06T06:20:18.039Z',","timestamp":"2026-09-06T06:20:18.042736576Z","level":"error"}
{"level":"error","message":"  reason: 'missing_token',","timestamp":"2026-09-06T06:20:18.042740107Z"}
{"timestamp":"2026-09-06T06:20:18.042743192Z","level":"error","message":"  mode: 'monitor',"}
{"timestamp":"2026-09-06T06:20:18.042749316Z","level":"error","message":"  route: '/api/v2/events'"}
{"timestamp":"2026-09-06T06:20:18.042752142Z","level":"error","message":"}"}
{"message":"  status: 'empty'","level":"info","timestamp":"2026-09-06T06:20:18.854578306Z"}
{"message":"}","timestamp":"2026-09-06T06:20:18.854586329Z","level":"info"}
{"message":"[ops] {","level":"info","timestamp":"2026-09-06T06:20:18.854590826Z"}
{"level":"info","message":"  event: 'http_request',","timestamp":"2026-09-06T06:20:18.854594623Z"}
{"timestamp":"2026-09-06T06:20:18.854598254Z","message":"  ts: '2026-09-06T06:20:18.809Z',","level":"info"}
{"level":"info","timestamp":"2026-09-06T06:20:18.854601743Z","message":"  requestId: 'e2cef364-f631-481e-a174-62effef21231',"}
{"level":"info","message":"  method: 'GET',","timestamp":"2026-09-06T06:20:18.854605180Z"}
{"level":"info","message":"  route: '/api/studio/commands/next',","timestamp":"2026-09-06T06:20:18.854608471Z"}
{"level":"info","timestamp":"2026-09-06T06:20:18.854611692Z","message":"  status: 204,"}
{"message":"  durationMs: 24456","level":"info","timestamp":"2026-09-06T06:20:18.854614897Z"}
{"timestamp":"2026-09-06T06:20:18.854617960Z","level":"info","message":"}"}
{"level":"info","timestamp":"2026-09-06T06:20:18.854649015Z","message":"[ops] {"}
{"timestamp":"2026-09-06T06:20:18.854651966Z","level":"info","message":"  event: 'http_request',"}
{"level":"info","message":"  ts: '2026-09-06T06:20:18.679Z',","timestamp":"2026-09-06T06:20:18.854655140Z"}
{"timestamp":"2026-09-06T06:20:18.854658989Z","level":"info","message":"  requestId: '51538e8b-022f-4b53-9390-5751a55473c0',"}
{"level":"info","message":"  method: 'GET',","timestamp":"2026-09-06T06:20:18.854662423Z"}
{"level":"info","message":"  route: '/api/v2/events',","timestamp":"2026-09-06T06:20:18.854665179Z"}
{"timestamp":"2026-09-06T06:20:18.854668067Z","level":"info","message":"  status: 200,"}
{"timestamp":"2026-09-06T06:20:18.854670706Z","level":"info","message":"  durationMs: 640"}
{"level":"info","message":"}","timestamp":"2026-09-06T06:20:18.854673692Z"}
{"message":"[ops] {","timestamp":"2026-09-06T06:20:18.854676321Z","level":"info"}
{"message":"  event: 'studio.command_polled',","level":"info","timestamp":"2026-09-06T06:20:18.854679141Z"}
{"message":"  ts: '2026-09-06T06:20:18.808Z',","timestamp":"2026-09-06T06:20:18.854682429Z","level":"info"}
{"message":"  requestId: 'e2cef364-f631-481e-a174-62effef21231',","timestamp":"2026-09-06T06:20:18.854685556Z","level":"info"}
{"message":"  sessionId: 'MLq8J3mhz56J6BRsAeQe',","timestamp":"2026-09-06T06:20:18.854688396Z","level":"info"}
{"message":"[ops] {","level":"info","timestamp":"2026-09-06T06:20:19.854217252Z"}
{"message":"  status: 200,","timestamp":"2026-09-06T06:20:19.854217702Z","level":"info"}
{"timestamp":"2026-09-06T06:20:19.854226799Z","level":"info","message":"  event: 'http_request',"}
{"message":"  durationMs: 96","level":"info","timestamp":"2026-09-06T06:20:19.854228483Z"}
{"message":"}","timestamp":"2026-09-06T06:20:19.854234455Z","level":"info"}
{"level":"info","message":"  ts: '2026-09-06T06:20:19.830Z',","timestamp":"2026-09-06T06:20:19.854235066Z"}
{"message":"  requestId: 'c0df8725-2d66-43ca-ab14-87b827e0b78a',","timestamp":"2026-09-06T06:20:19.854240887Z","level":"info"}
{"level":"info","message":"  method: 'GET',","timestamp":"2026-09-06T06:20:19.854246617Z"}
{"timestamp":"2026-09-06T06:20:19.854248797Z","level":"error","message":"[ops] {"}
{"level":"info","timestamp":"2026-09-06T06:20:19.854253954Z","message":"  route: '/api/icons/:id',"}
{"timestamp":"2026-09-06T06:20:19.854254234Z","level":"error","message":"  event: 'security.app_check_rejected',"}
{"level":"error","message":"  ts: '2026-09-06T06:20:19.734Z',","timestamp":"2026-09-06T06:20:19.854259314Z"}
{"message":"  reason: 'missing_token',","timestamp":"2026-09-06T06:20:19.854266342Z","level":"error"}
{"level":"error","message":"  mode: 'monitor',","timestamp":"2026-09-06T06:20:19.854270783Z"}
{"level":"error","timestamp":"2026-09-06T06:20:19.854275794Z","message":"  route: '/api/icons/OhuXFKguZtM3g8MnlcnE'"}
{"level":"error","message":"}","timestamp":"2026-09-06T06:20:19.854279054Z"}
{"message":"[ops] {","level":"info","timestamp":"2026-09-06T06:20:19.854282627Z"}
{"level":"info","timestamp":"2026-09-06T06:20:19.854286014Z","message":"  event: 'http_request',"}
{"timestamp":"2026-09-06T06:20:19.854289268Z","message":"  ts: '2026-09-06T06:20:19.829Z',","level":"info"}
{"message":"  requestId: 'fcbe3196-85a3-4d83-9056-cef6343536de',","level":"info","timestamp":"2026-09-06T06:20:19.854292572Z"}
{"level":"info","timestamp":"2026-09-06T06:20:19.854297094Z","message":"  method: 'POST',"}
{"message":"  route: '/api/studio/mcp/session/ping',","timestamp":"2026-09-06T06:20:19.854300586Z","level":"info"}
{"level":"info","timestamp":"2026-09-06T06:20:19.854303896Z","message":"  status: 200,"}
{"level":"info","message":"  durationMs: 348","timestamp":"2026-09-06T06:20:19.854307319Z"}
{"level":"info","message":"}","timestamp":"2026-09-06T06:20:19.854311009Z"}
{"message":"[ops] {","timestamp":"2026-09-06T06:20:20.377003917Z","level":"info"}
{"level":"info","timestamp":"2026-09-06T06:20:20.377009406Z","message":"  event: 'http_request',"}
{"level":"info","timestamp":"2026-09-06T06:20:20.377014147Z","message":"  ts: '2026-09-06T06:20:20.374Z',"}
{"level":"info","message":"  requestId: '483c1842-d615-4bea-a3ae-7c2214694c56',","timestamp":"2026-09-06T06:20:20.377018347Z"}
{"timestamp":"2026-09-06T06:20:20.377021671Z","message":"  method: 'OPTIONS',","level":"info"}
{"timestamp":"2026-09-06T06:20:20.377025259Z","message":"  route: '/api/v2/events',","level":"info"}
{"message":"  status: 204,","timestamp":"2026-09-06T06:20:20.377028740Z","level":"info"}
{"timestamp":"2026-09-06T06:20:20.377032691Z","level":"info","message":"  durationMs: 0"}
{"message":"}","timestamp":"2026-09-06T06:20:20.377035762Z","level":"info"}
{"timestamp":"2026-09-06T06:20:20.888849789Z","message":"}","level":"error"}
{"message":"[ops] {","level":"error","timestamp":"2026-09-06T06:20:20.888932315Z"}
{"message":"  event: 'security.app_check_rejected',","timestamp":"2026-09-06T06:20:20.888936116Z","level":"error"}
{"level":"error","message":"  ts: '2026-09-06T06:20:20.539Z',","timestamp":"2026-09-06T06:20:20.888940106Z"}
{"timestamp":"2026-09-06T06:20:20.888944112Z","message":"  reason: 'missing_token',","level":"error"}
{"level":"error","message":"  mode: 'monitor',","timestamp":"2026-09-06T06:20:20.888948624Z"}
{"message":"  route: '/api/v2/events'","timestamp":"2026-09-06T06:20:20.888959596Z","level":"error"}
{"message":"  requestId: 'dcdfc839-3394-4b26-8465-4367aa8c2dbc',","timestamp":"2026-09-06T06:20:20.982757304Z","level":"info"}
{"timestamp":"2026-09-06T06:20:20.982766517Z","level":"info","message":"  method: 'POST',"}
{"message":"  route: '/api/studio/session/ping',","level":"info","timestamp":"2026-09-06T06:20:20.982770706Z"}
{"message":"  status: 200,","level":"info","timestamp":"2026-09-06T06:20:20.982775277Z"}
{"message":"  durationMs: 594","timestamp":"2026-09-06T06:20:20.982779226Z","level":"info"}
{"message":"}","timestamp":"2026-09-06T06:20:20.982783766Z","level":"info"}
{"timestamp":"2026-09-06T06:20:20.982806012Z","level":"info","message":"[ops] {"}
{"message":"  event: 'studio.plugin_compatibility_handshake',","timestamp":"2026-09-06T06:20:20.982810350Z","level":"info"}
{"level":"info","timestamp":"2026-09-06T06:20:20.982813727Z","message":"  ts: '2026-09-06T06:20:20.960Z',"}
{"message":"  requestId: 'dcdfc839-3394-4b26-8465-4367aa8c2dbc',","level":"info","timestamp":"2026-09-06T06:20:20.982818823Z"}
{"timestamp":"2026-09-06T06:20:20.982822562Z","level":"info","message":"  sessionId: 'MLq8J3mhz56J6BRsAeQe',"}
{"level":"info","message":"  userId: '0VSQotqOXxPXBLeQu1gUNkXELWH3',","timestamp":"2026-09-06T06:20:20.982827426Z"}
{"message":"  status: 'compatible',","level":"info","timestamp":"2026-09-06T06:20:20.982831230Z"}
{"level":"info","message":"  reasonCodes: [],","timestamp":"2026-09-06T06:20:20.982834621Z"}
{"message":"  buildId: 'nexusrbx-studio-0.14.0-r15-animation.12-toolbox',","timestamp":"2026-09-06T06:20:20.982837768Z","level":"info"}
{"message":"  attestationWritten: false,","timestamp":"2026-09-06T06:20:20.982842136Z","level":"info"}
{"timestamp":"2026-09-06T06:20:20.982845672Z","level":"info","message":"  repairDurationMs: 528"}
{"message":"}","timestamp":"2026-09-06T06:20:20.982848861Z","level":"info"}
{"message":"[ops] {","timestamp":"2026-09-06T06:20:20.982851984Z","level":"info"}
{"timestamp":"2026-09-06T06:20:20.982854995Z","message":"  event: 'http_request',","level":"info"}
{"message":"  ts: '2026-09-06T06:20:20.961Z',","timestamp":"2026-09-06T06:20:20.982858218Z","level":"info"}
{"timestamp":"2026-09-06T06:20:21.121447548Z","level":"info","message":"[ops] {"}
{"message":"  event: 'http_request',","timestamp":"2026-09-06T06:20:21.121451802Z","level":"info"}
{"timestamp":"2026-09-06T06:20:21.121456386Z","level":"info","message":"  ts: '2026-09-06T06:20:21.118Z',"}
{"level":"info","message":"  requestId: 'a1a51b0e-ae63-48d3-b65c-8919430f79df',","timestamp":"2026-09-06T06:20:21.121459531Z"}
{"message":"  method: 'GET',","timestamp":"2026-09-06T06:20:21.121462372Z","level":"info"}
{"timestamp":"2026-09-06T06:20:21.121465227Z","message":"  route: '/api/v2/events',","level":"info"}
{"level":"info","timestamp":"2026-09-06T06:20:21.121467851Z","message":"  status: 200,"}
{"timestamp":"2026-09-06T06:20:21.121470560Z","message":"  durationMs: 579","level":"info"}
{"level":"info","message":"}","timestamp":"2026-09-06T06:20:21.121473159Z"}
{"level":"info","message":"[ops] {","timestamp":"2026-09-06T06:20:22.911900414Z"}
{"message":"  event: 'http_request',","level":"info","timestamp":"2026-09-06T06:20:22.911908186Z"}
{"message":"  ts: '2026-09-06T06:20:22.879Z',","timestamp":"2026-09-06T06:20:22.911912183Z","level":"info"}
{"level":"info","message":"  requestId: 'b11b422e-c4d7-4bcb-9b66-1e3c47bed46d',","timestamp":"2026-09-06T06:20:22.911916086Z"}
{"message":"  method: 'OPTIONS',","level":"info","timestamp":"2026-09-06T06:20:22.911919814Z"}
{"message":"  route: '/api/v2/events',","timestamp":"2026-09-06T06:20:22.911923231Z","level":"info"}
{"level":"info","message":"  status: 204,","timestamp":"2026-09-06T06:20:22.911926366Z"}
{"level":"info","timestamp":"2026-09-06T06:20:22.911930193Z","message":"  durationMs: 0"}
{"message":"}","timestamp":"2026-09-06T06:20:22.911933658Z","level":"info"}
{"message":"[ops] {","level":"error","timestamp":"2026-09-06T06:20:23.052022089Z"}
{"message":"  event: 'security.app_check_rejected',","timestamp":"2026-09-06T06:20:23.052029035Z","level":"error"}
{"level":"error","timestamp":"2026-09-06T06:20:23.052033703Z","message":"  ts: '2026-09-06T06:20:23.043Z',"}
{"message":"  reason: 'missing_token',","level":"error","timestamp":"2026-09-06T06:20:23.052039135Z"}
{"message":"  mode: 'monitor',","timestamp":"2026-09-06T06:20:23.052043406Z","level":"error"}
{"level":"error","message":"  route: '/api/v2/events'","timestamp":"2026-09-06T06:20:23.052047379Z"}
{"message":"}","timestamp":"2026-09-06T06:20:23.052051800Z","level":"error"}
{"timestamp":"2026-09-06T06:20:23.919955938Z","level":"info","message":"[ops] {"}
{"message":"  event: 'http_request',","level":"info","timestamp":"2026-09-06T06:20:23.919958584Z"}
{"timestamp":"2026-09-06T06:20:23.919961301Z","level":"info","message":"  ts: '2026-09-06T06:20:23.611Z',"}
{"level":"info","message":"  requestId: '515a8608-14de-482d-98b5-225eba17db4f',","timestamp":"2026-09-06T06:20:23.919964110Z"}
{"message":"  method: 'GET',","timestamp":"2026-09-06T06:20:23.919967379Z","level":"info"}
{"message":"  route: '/api/v2/events',","timestamp":"2026-09-06T06:20:23.919970917Z","level":"info"}
{"message":"  status: 200,","timestamp":"2026-09-06T06:20:23.919973731Z","level":"info"}
{"message":"  durationMs: 568","level":"info","timestamp":"2026-09-06T06:20:23.919976322Z"}
{"message":"}","level":"info","timestamp":"2026-09-06T06:20:23.919979100Z"}
{"level":"info","message":"[ops] {","timestamp":"2026-09-06T06:20:25.391865541Z"}
{"timestamp":"2026-09-06T06:20:25.391870758Z","message":"  event: 'http_request',","level":"info"}
{"level":"info","message":"  ts: '2026-09-06T06:20:25.378Z',","timestamp":"2026-09-06T06:20:25.391874692Z"}
{"timestamp":"2026-09-06T06:20:25.391877794Z","message":"  requestId: '15464db2-523b-456a-8863-c503e599a666',","level":"info"}
{"level":"info","message":"  method: 'OPTIONS',","timestamp":"2026-09-06T06:20:25.391881061Z"}
{"timestamp":"2026-09-06T06:20:25.391884024Z","message":"  route: '/api/v2/events',","level":"info"}
{"message":"  status: 204,","timestamp":"2026-09-06T06:20:25.391887052Z","level":"info"}
{"message":"  durationMs: 0","level":"info","timestamp":"2026-09-06T06:20:25.391890053Z"}
{"level":"info","message":"}","timestamp":"2026-09-06T06:20:25.391892991Z"}
{"timestamp":"2026-09-06T06:20:25.391895786Z","level":"info","message":"[ops] {"}
{"level":"info","message":"  event: 'http_request',","timestamp":"2026-09-06T06:20:25.391899145Z"}
{"timestamp":"2026-09-06T06:20:25.391902344Z","level":"info","message":"  ts: '2026-09-06T06:20:25.380Z',"}
{"timestamp":"2026-09-06T06:20:25.391905124Z","message":"  requestId: '37655dc0-d44e-479b-9cf0-b00591a73b44',","level":"info"}
{"timestamp":"2026-09-06T06:20:25.391908472Z","message":"  method: 'OPTIONS',","level":"info"}
{"timestamp":"2026-09-06T06:20:25.391911800Z","level":"info","message":"  route: '/api/v2/agents/active',"}
{"level":"info","timestamp":"2026-09-06T06:20:25.391920441Z","message":"  status: 204,"}
{"timestamp":"2026-09-06T06:20:25.391923372Z","message":"  durationMs: 0","level":"info"}
{"level":"info","message":"}","timestamp":"2026-09-06T06:20:25.391926167Z"}
{"message":"[ops] {","level":"error","timestamp":"2026-09-06T06:20:25.550630497Z"}
{"message":"  event: 'security.app_check_rejected',","level":"error","timestamp":"2026-09-06T06:20:25.550633906Z"}
{"timestamp":"2026-09-06T06:20:25.550637962Z","level":"error","message":"  ts: '2026-09-06T06:20:25.544Z',"}
{"message":"  reason: 'missing_token',","level":"error","timestamp":"2026-09-06T06:20:25.550641130Z"}
{"message":"  mode: 'monitor',","timestamp":"2026-09-06T06:20:25.550644113Z","level":"error"}
{"message":"  route: '/api/v2/agents/active'","level":"error","timestamp":"2026-09-06T06:20:25.550646997Z"}
{"message":"}","level":"error","timestamp":"2026-09-06T06:20:25.550649917Z"}
{"level":"error","message":"[ops] {","timestamp":"2026-09-06T06:20:25.551823821Z"}
{"message":"  event: 'security.app_check_rejected',","level":"error","timestamp":"2026-09-06T06:20:25.551831728Z"}
{"timestamp":"2026-09-06T06:20:25.551837171Z","level":"error","message":"  ts: '2026-09-06T06:20:25.550Z',"}
{"message":"  reason: 'missing_token',","timestamp":"2026-09-06T06:20:25.551841532Z","level":"error"}
{"message":"  mode: 'monitor',","timestamp":"2026-09-06T06:20:25.551845856Z","level":"error"}
{"timestamp":"2026-09-06T06:20:25.551850188Z","level":"error","message":"  route: '/api/v2/events'"}
{"level":"error","timestamp":"2026-09-06T06:20:25.551855670Z","message":"}"}
{"message":"  method: 'GET',","timestamp":"2026-09-06T06:20:25.925997710Z","level":"info"}
{"timestamp":"2026-09-06T06:20:25.926006438Z","message":"  route: '/api/v2/agents/active',","level":"info"}
{"timestamp":"2026-09-06T06:20:25.926010910Z","level":"info","message":"  status: 200,"}
{"timestamp":"2026-09-06T06:20:25.926014940Z","message":"  durationMs: 53","level":"info"}
{"message":"}","timestamp":"2026-09-06T06:20:25.926018553Z","level":"info"}
{"level":"info","timestamp":"2026-09-06T06:20:25.926073018Z","message":"[ops] {"}
{"level":"info","message":"  event: 'http_request',","timestamp":"2026-09-06T06:20:25.926075779Z"}
{"timestamp":"2026-09-06T06:20:25.926078730Z","message":"  ts: '2026-09-06T06:20:25.597Z',","level":"info"}
{"level":"info","message":"  requestId: '71e825cc-04b5-4393-adc1-c91ce02291f9',","timestamp":"2026-09-06T06:20:25.926082576Z"}
{"message":"[ops] {","level":"info","timestamp":"2026-09-06T06:20:26.142328997Z"}
{"message":"  event: 'http_request',","timestamp":"2026-09-06T06:20:26.142335152Z","level":"info"}
{"message":"  ts: '2026-09-06T06:20:26.139Z',","timestamp":"2026-09-06T06:20:26.142338881Z","level":"info"}
{"timestamp":"2026-09-06T06:20:26.142343466Z","message":"  requestId: 'afd1b70e-c52a-421a-9279-a54be8269ea2',","level":"info"}
{"message":"  method: 'GET',","timestamp":"2026-09-06T06:20:26.142347560Z","level":"info"}
{"timestamp":"2026-09-06T06:20:26.142351631Z","message":"  route: '/api/v2/events',","level":"info"}
{"level":"info","timestamp":"2026-09-06T06:20:26.142355066Z","message":"  status: 200,"}
{"level":"info","timestamp":"2026-09-06T06:20:26.142358870Z","message":"  durationMs: 589"}
{"level":"info","timestamp":"2026-09-06T06:20:26.142362054Z","message":"}"}
{"timestamp":"2026-09-06T06:20:26.290657965Z","message":"  event: 'http_request',","level":"info"}
{"level":"info","timestamp":"2026-09-06T06:20:26.290664699Z","message":"  ts: '2026-09-06T06:20:26.246Z',"}
{"message":"  requestId: '8ded96f4-fd89-4788-8007-cf415785a081',","level":"info","timestamp":"2026-09-06T06:20:26.290668727Z"}
{"timestamp":"2026-09-06T06:20:26.290673871Z","message":"  method: 'OPTIONS',","level":"info"}
{"message":"  route: '/api/studio/status',","timestamp":"2026-09-06T06:20:26.290678821Z","level":"info"}
{"message":"  status: 204,","timestamp":"2026-09-06T06:20:26.290683093Z","level":"info"}
{"timestamp":"2026-09-06T06:20:26.290686936Z","message":"  durationMs: 0","level":"info"}
{"level":"info","timestamp":"2026-09-06T06:20:26.290691100Z","message":"[ops] {"}
{"message":"}","timestamp":"2026-09-06T06:20:26.290692763Z","level":"info"}
{"message":"  event: 'http_request',","level":"info","timestamp":"2026-09-06T06:20:26.290695540Z"}
{"timestamp":"2026-09-06T06:20:26.290699048Z","level":"info","message":"  ts: '2026-09-06T06:20:26.244Z',"}
{"level":"info","message":"  requestId: 'f98f7f53-55d4-41e6-b136-fa97733f54f5',","timestamp":"2026-09-06T06:20:26.290701974Z"}
{"level":"info","message":"  method: 'OPTIONS',","timestamp":"2026-09-06T06:20:26.290705632Z"}
{"level":"info","message":"  route: '/api/studio/mcp/status',","timestamp":"2026-09-06T06:20:26.290708900Z"}
{"level":"info","timestamp":"2026-09-06T06:20:26.290711867Z","message":"  status: 204,"}
{"message":"  durationMs: 0","timestamp":"2026-09-06T06:20:26.290715933Z","level":"info"}
{"message":"}","timestamp":"2026-09-06T06:20:26.290719780Z","level":"info"}
{"timestamp":"2026-09-06T06:20:26.290722758Z","message":"[ops] {","level":"info"}
{"timestamp":"2026-09-06T06:20:26.414381101Z","level":"error","message":"[ops] {"}
{"message":"  event: 'security.app_check_rejected',","timestamp":"2026-09-06T06:20:26.414388042Z","level":"error"}
{"message":"  ts: '2026-09-06T06:20:26.411Z',","timestamp":"2026-09-06T06:20:26.414392249Z","level":"error"}
{"level":"error","timestamp":"2026-09-06T06:20:26.414395612Z","message":"  reason: 'missing_token',"}
{"message":"  mode: 'monitor',","timestamp":"2026-09-06T06:20:26.414398718Z","level":"error"}
{"message":"  route: '/api/studio/mcp/status'","level":"error","timestamp":"2026-09-06T06:20:26.414401664Z"}
{"message":"}","timestamp":"2026-09-06T06:20:26.414404490Z","level":"error"}
{"message":"[ops] {","timestamp":"2026-09-06T06:20:26.414408749Z","level":"error"}
{"level":"error","timestamp":"2026-09-06T06:20:26.414412139Z","message":"  event: 'security.app_check_rejected',"}
{"level":"error","message":"  ts: '2026-09-06T06:20:26.413Z',","timestamp":"2026-09-06T06:20:26.414414675Z"}
{"timestamp":"2026-09-06T06:20:26.414418874Z","level":"error","message":"  reason: 'missing_token',"}
{"timestamp":"2026-09-06T06:20:26.414422241Z","level":"error","message":"  mode: 'monitor',"}
{"message":"  route: '/api/studio/status'","level":"error","timestamp":"2026-09-06T06:20:26.414424824Z"}
{"message":"}","timestamp":"2026-09-06T06:20:26.414427687Z","level":"error"}
{"timestamp":"2026-09-06T06:20:26.931416524Z","level":"info","message":"  method: 'GET',"}
{"message":"  route: '/api/studio/status',","level":"info","timestamp":"2026-09-06T06:20:26.931417283Z"}
{"message":"  route: '/api/studio/mcp/status',","level":"info","timestamp":"2026-09-06T06:20:26.931423215Z"}
{"message":"  status: 200,","level":"info","timestamp":"2026-09-06T06:20:26.931425902Z"}
{"timestamp":"2026-09-06T06:20:26.931429139Z","message":"  status: 200,","level":"info"}
{"message":"  durationMs: 433","timestamp":"2026-09-06T06:20:26.931430895Z","level":"info"}
{"level":"info","timestamp":"2026-09-06T06:20:26.931434449Z","message":"  durationMs: 329"}
{"message":"}","timestamp":"2026-09-06T06:20:26.931437302Z","level":"info"}
{"timestamp":"2026-09-06T06:20:26.931439681Z","message":"}","level":"info"}
{"level":"info","timestamp":"2026-09-06T06:20:26.931442983Z","message":"[ops] {"}
{"message":"  event: 'http_request',","level":"info","timestamp":"2026-09-06T06:20:26.931446152Z"}
{"timestamp":"2026-09-06T06:20:26.931449008Z","level":"info","message":"  ts: '2026-09-06T06:20:26.845Z',"}
{"message":"  requestId: '922b83fb-f5f2-4066-8991-50718275d252',","timestamp":"2026-09-06T06:20:26.931451924Z","level":"info"}
{"message":"  method: 'GET',","level":"info","timestamp":"2026-09-06T06:20:26.931454972Z"}
{"timestamp":"2026-09-06T06:20:26.931530567Z","level":"info","message":"[ops] {"}
{"level":"info","timestamp":"2026-09-06T06:20:26.931535061Z","message":"  event: 'http_request',"}
{"timestamp":"2026-09-06T06:20:26.931540098Z","message":"  ts: '2026-09-06T06:20:26.740Z',","level":"info"}
{"level":"info","message":"  requestId: 'f35e27a6-b917-4066-9776-19012f0fce08',","timestamp":"2026-09-06T06:20:26.931543986Z"}
{"message":"}","timestamp":"2026-09-06T06:20:27.937645682Z","level":"info"}
{"message":"  requestId: 'f9c7bf55-6b2e-488b-a335-ebc3af1202c1',","timestamp":"2026-09-06T06:20:27.937652217Z","level":"info"}
{"level":"info","message":"  method: 'OPTIONS',","timestamp":"2026-09-06T06:20:27.937661948Z"}
{"timestamp":"2026-09-06T06:20:27.937666565Z","level":"info","message":"  route: '/api/v2/events',"}
{"message":"  status: 204,","timestamp":"2026-09-06T06:20:27.937672459Z","level":"info"}
{"timestamp":"2026-09-06T06:20:27.937686063Z","message":"  durationMs: 0","level":"info"}
{"message":"[ops] {","timestamp":"2026-09-06T06:20:27.937702170Z","level":"info"}
{"message":"  event: 'http_request',","timestamp":"2026-09-06T06:20:27.937706691Z","level":"info"}
{"timestamp":"2026-09-06T06:20:27.937711193Z","level":"info","message":"  ts: '2026-09-06T06:20:27.898Z',"}
{"timestamp":"2026-09-06T06:20:28.109476165Z","message":"  reason: 'missing_token',","level":"error"}
{"timestamp":"2026-09-06T06:20:28.109484491Z","level":"error","message":"  mode: 'monitor',"}
{"timestamp":"2026-09-06T06:20:28.109487200Z","level":"error","message":"[ops] {"}
{"message":"  route: '/api/v2/events'","level":"error","timestamp":"2026-09-06T06:20:28.109491243Z"}
{"message":"  event: 'security.app_check_rejected',","timestamp":"2026-09-06T06:20:28.109493683Z","level":"error"}
{"message":"}","level":"error","timestamp":"2026-09-06T06:20:28.109497199Z"}
{"message":"  ts: '2026-09-06T06:20:28.075Z',","timestamp":"2026-09-06T06:20:28.109498964Z","level":"error"}
{"timestamp":"2026-09-06T06:20:28.938095113Z","message":"  durationMs: 551","level":"info"}
{"timestamp":"2026-09-06T06:20:28.938102840Z","level":"info","message":"  ts: '2026-09-06T06:20:28.653Z',"}
{"level":"info","message":"  requestId: '7b176e4a-42d7-4226-b6bc-a306a610d7f7',","timestamp":"2026-09-06T06:20:28.938108803Z"}
{"level":"info","timestamp":"2026-09-06T06:20:28.938112410Z","message":"  method: 'GET',"}
{"timestamp":"2026-09-06T06:20:28.938115398Z","level":"info","message":"  route: '/api/v2/events',"}
{"timestamp":"2026-09-06T06:20:28.938118491Z","message":"  status: 200,","level":"info"}
{"level":"info","timestamp":"2026-09-06T06:20:28.938122812Z","message":"  durationMs: 579"}
{"timestamp":"2026-09-06T06:20:28.938125818Z","message":"}","level":"info"}
{"timestamp":"2026-09-06T06:20:28.938132809Z","message":"[ops] {","level":"info"}
{"message":"  event: 'studio.plugin_compatibility_handshake',","level":"info","timestamp":"2026-09-06T06:20:28.938136251Z"}
{"timestamp":"2026-09-06T06:20:28.938139310Z","level":"info","message":"  ts: '2026-09-06T06:20:28.777Z',"}
{"level":"info","message":"  requestId: '3d08e48d-471d-4db3-902d-6bba63166fe0',","timestamp":"2026-09-06T06:20:28.938142210Z"}
{"level":"info","message":"  sessionId: 'MLq8J3mhz56J6BRsAeQe',","timestamp":"2026-09-06T06:20:28.938145570Z"}
{"level":"info","message":"  userId: '0VSQotqOXxPXBLeQu1gUNkXELWH3',","timestamp":"2026-09-06T06:20:28.938148717Z"}
{"level":"info","message":"  status: 'compatible',","timestamp":"2026-09-06T06:20:28.938152064Z"}
{"timestamp":"2026-09-06T06:20:28.938155696Z","level":"info","message":"  reasonCodes: [],"}
{"level":"info","message":"  buildId: 'nexusrbx-studio-0.14.0-r15-animation.12-toolbox',","timestamp":"2026-09-06T06:20:28.938159059Z"}
{"message":"  attestationWritten: false,","timestamp":"2026-09-06T06:20:28.938162164Z","level":"info"}
{"message":"[ops] {","timestamp":"2026-09-06T06:20:28.938166464Z","level":"info"}
{"message":"  repairDurationMs: 494","level":"info","timestamp":"2026-09-06T06:20:28.938166837Z"}
{"message":"}","timestamp":"2026-09-06T06:20:28.938172635Z","level":"info"}
{"level":"info","message":"  event: 'http_request',","timestamp":"2026-09-06T06:20:28.938172859Z"}
{"timestamp":"2026-09-06T06:20:28.938176390Z","message":"[ops] {","level":"info"}
{"timestamp":"2026-09-06T06:20:28.938179196Z","level":"info","message":"  event: 'http_request',"}
{"timestamp":"2026-09-06T06:20:28.938181934Z","message":"  ts: '2026-09-06T06:20:28.778Z',","level":"info"}
{"level":"info","message":"  requestId: '3d08e48d-471d-4db3-902d-6bba63166fe0',","timestamp":"2026-09-06T06:20:28.938184769Z"}
{"message":"  method: 'POST',","timestamp":"2026-09-06T06:20:28.938187799Z","level":"info"}
{"level":"info","message":"  route: '/api/studio/session/ping',","timestamp":"2026-09-06T06:20:28.938190746Z"}
{"message":"  status: 200,","level":"info","timestamp":"2026-09-06T06:20:28.938193509Z"}
{"level":"info","timestamp":"2026-09-06T06:20:28.939176840Z","message":"}"}
{"level":"info","message":"[ops] {","timestamp":"2026-09-06T06:20:30.377615282Z"}
{"timestamp":"2026-09-06T06:20:30.377619671Z","message":"  event: 'http_request',","level":"info"}
{"level":"info","message":"  ts: '2026-09-06T06:20:30.373Z',","timestamp":"2026-09-06T06:20:30.377623161Z"}
{"timestamp":"2026-09-06T06:20:30.377626805Z","message":"  requestId: '505db1ef-daa5-436b-a9d8-1c23b4b3d63c',","level":"info"}
{"level":"info","timestamp":"2026-09-06T06:20:30.377629745Z","message":"  method: 'OPTIONS',"}
{"message":"  route: '/api/v2/events',","timestamp":"2026-09-06T06:20:30.377633005Z","level":"info"}
{"level":"info","timestamp":"2026-09-06T06:20:30.377636173Z","message":"  status: 204,"}
{"timestamp":"2026-09-06T06:20:30.377639056Z","message":"  durationMs: 0","level":"info"}
{"level":"info","message":"}","timestamp":"2026-09-06T06:20:30.377641903Z"}
{"level":"info","timestamp":"2026-09-06T06:20:30.386166911Z","message":"[ops] {"}
{"message":"  event: 'http_request',","timestamp":"2026-09-06T06:20:30.386171674Z","level":"info"}
{"message":"  ts: '2026-09-06T06:20:30.384Z',","level":"info","timestamp":"2026-09-06T06:20:30.386174725Z"}
{"message":"  requestId: '170f1701-2e37-471c-894d-dbbfce246df0',","timestamp":"2026-09-06T06:20:30.386177705Z","level":"info"}
{"level":"info","message":"  method: 'OPTIONS',","timestamp":"2026-09-06T06:20:30.386180387Z"}
{"message":"  route: '/api/studio/status',","level":"info","timestamp":"2026-09-06T06:20:30.386183214Z"}
{"message":"  status: 204,","timestamp":"2026-09-06T06:20:30.386186312Z","level":"info"}
{"message":"  durationMs: 0","timestamp":"2026-09-06T06:20:30.386188835Z","level":"info"}
{"message":"}","timestamp":"2026-09-06T06:20:30.386191628Z","level":"info"}
{"timestamp":"2026-09-06T06:20:30.399990748Z","level":"info","message":"[ops] {"}
{"level":"info","timestamp":"2026-09-06T06:20:30.399996621Z","message":"  event: 'http_request',"}
{"timestamp":"2026-09-06T06:20:30.400001036Z","level":"info","message":"  ts: '2026-09-06T06:20:30.393Z',"}
{"level":"info","message":"  requestId: '29cace2e-4ebe-46ac-8086-ecd475b096a9',","timestamp":"2026-09-06T06:20:30.400005559Z"}
{"timestamp":"2026-09-06T06:20:30.400009261Z","level":"info","message":"  method: 'OPTIONS',"}
{"level":"info","timestamp":"2026-09-06T06:20:30.400023470Z","message":"  route: '/api/studio/mcp/status',"}
{"message":"  status: 204,","timestamp":"2026-09-06T06:20:30.400027325Z","level":"info"}
{"level":"info","message":"  durationMs: 0","timestamp":"2026-09-06T06:20:30.400030877Z"}
{"level":"info","message":"}","timestamp":"2026-09-06T06:20:30.400034622Z"}
{"level":"error","timestamp":"2026-09-06T06:20:30.552262485Z","message":"[ops] {"}
{"level":"error","message":"  event: 'security.app_check_rejected',","timestamp":"2026-09-06T06:20:30.552266977Z"}
{"timestamp":"2026-09-06T06:20:30.552271112Z","level":"error","message":"  ts: '2026-09-06T06:20:30.541Z',"}
{"level":"error","timestamp":"2026-09-06T06:20:30.552274266Z","message":"  reason: 'missing_token',"}
{"message":"  mode: 'monitor',","level":"error","timestamp":"2026-09-06T06:20:30.552276942Z"}
{"message":"  route: '/api/v2/events'","level":"error","timestamp":"2026-09-06T06:20:30.552279668Z"}
{"timestamp":"2026-09-06T06:20:30.552282523Z","message":"}","level":"error"}
{"timestamp":"2026-09-06T06:20:30.554460580Z","level":"error","message":"[ops] {"}
{"timestamp":"2026-09-06T06:20:30.554466132Z","message":"  event: 'security.app_check_rejected',","level":"error"}
{"timestamp":"2026-09-06T06:20:30.554470069Z","message":"  ts: '2026-09-06T06:20:30.553Z',","level":"error"}
{"timestamp":"2026-09-06T06:20:30.554473050Z","message":"  reason: 'missing_token',","level":"error"}
{"level":"error","timestamp":"2026-09-06T06:20:30.554476189Z","message":"  mode: 'monitor',"}
{"timestamp":"2026-09-06T06:20:30.554479041Z","level":"error","message":"  route: '/api/studio/status'"}
{"level":"error","message":"}","timestamp":"2026-09-06T06:20:30.554481730Z"}
{"timestamp":"2026-09-06T06:20:30.558563931Z","level":"error","message":"[ops] {"}
{"message":"  event: 'security.app_check_rejected',","level":"error","timestamp":"2026-09-06T06:20:30.558567461Z"}
{"level":"error","message":"  ts: '2026-09-06T06:20:30.557Z',","timestamp":"2026-09-06T06:20:30.558571398Z"}
{"level":"error","timestamp":"2026-09-06T06:20:30.558574901Z","message":"  reason: 'missing_token',"}
{"timestamp":"2026-09-06T06:20:30.558577699Z","level":"error","message":"  mode: 'monitor',"}
{"message":"  route: '/api/studio/mcp/status'","timestamp":"2026-09-06T06:20:30.558580335Z","level":"error"}
{"message":"}","timestamp":"2026-09-06T06:20:30.558582978Z","level":"error"}
{"level":"info","timestamp":"2026-09-06T06:20:30.973588281Z","message":"[ops] {"}
{"message":"  event: 'http_request',","timestamp":"2026-09-06T06:20:30.973592051Z","level":"info"}
{"message":"  ts: '2026-09-06T06:20:30.580Z',","timestamp":"2026-09-06T06:20:30.973595781Z","level":"info"}
{"timestamp":"2026-09-06T06:20:30.973600303Z","message":"  requestId: '143e6192-d30c-401e-8e8e-4e91ed4cf293',","level":"info"}
{"level":"info","timestamp":"2026-09-06T06:20:30.973604387Z","message":"  method: 'GET',"}
{"level":"info","timestamp":"2026-09-06T06:20:30.973609068Z","message":"  route: '/api/studio/status',"}
{"message":"  status: 200,","level":"info","timestamp":"2026-09-06T06:20:30.973613436Z"}
{"level":"info","message":"  durationMs: 27","timestamp":"2026-09-06T06:20:30.973618013Z"}
{"message":"}","timestamp":"2026-09-06T06:20:30.973621552Z","level":"info"}
{"timestamp":"2026-09-06T06:20:30.973625465Z","message":"[ops] {","level":"info"}
{"level":"info","timestamp":"2026-09-06T06:20:30.973629395Z","message":"  event: 'http_request',"}
{"timestamp":"2026-09-06T06:20:30.973632998Z","message":"  ts: '2026-09-06T06:20:30.836Z',","level":"info"}
{"level":"info","message":"  requestId: '68575834-3d1a-41ea-b03c-6bee84a779b7',","timestamp":"2026-09-06T06:20:30.973636672Z"}
{"timestamp":"2026-09-06T06:20:30.973639971Z","message":"  method: 'GET',","level":"info"}
{"message":"  route: '/api/studio/mcp/status',","timestamp":"2026-09-06T06:20:30.973643576Z","level":"info"}
{"message":"  status: 200,","level":"info","timestamp":"2026-09-06T06:20:30.973647095Z"}
{"message":"  durationMs: 279","level":"info","timestamp":"2026-09-06T06:20:30.973650453Z"}
{"message":"}","level":"info","timestamp":"2026-09-06T06:20:30.973653812Z"}
{"message":"[ops] {","level":"info","timestamp":"2026-09-06T06:20:31.146168195Z"}
{"level":"info","timestamp":"2026-09-06T06:20:31.146173190Z","message":"  event: 'http_request',"}
{"message":"  ts: '2026-09-06T06:20:31.143Z',","level":"info","timestamp":"2026-09-06T06:20:31.146177497Z"}
{"message":"  requestId: 'e28b89bd-ad75-482a-9abd-582d65f4e5af',","timestamp":"2026-09-06T06:20:31.146182075Z","level":"info"}
{"level":"info","message":"  method: 'GET',","timestamp":"2026-09-06T06:20:31.146186697Z"}
{"message":"  route: '/api/v2/events',","timestamp":"2026-09-06T06:20:31.146189978Z","level":"info"}
{"message":"  status: 200,","level":"info","timestamp":"2026-09-06T06:20:31.146193188Z"}
{"message":"  durationMs: 603","timestamp":"2026-09-06T06:20:31.146196431Z","level":"info"}
{"level":"info","timestamp":"2026-09-06T06:20:31.146200470Z","message":"}"}
{"timestamp":"2026-09-06T06:20:33.009252536Z","level":"info","message":"[ops] {"}
{"timestamp":"2026-09-06T06:20:33.009255906Z","level":"info","message":"  event: 'http_request',"}
{"level":"info","timestamp":"2026-09-06T06:20:33.009259123Z","message":"  ts: '2026-09-06T06:20:32.875Z',"}
{"level":"info","message":"  requestId: 'fb03e610-c2fd-4401-912e-bbdaf281da24',","timestamp":"2026-09-06T06:20:33.009262704Z"}
{"timestamp":"2026-09-06T06:20:33.009265905Z","level":"info","message":"  method: 'OPTIONS',"}
{"timestamp":"2026-09-06T06:20:33.009269353Z","level":"info","message":"  route: '/api/v2/events',"}
{"message":"  status: 204,","timestamp":"2026-09-06T06:20:33.009273126Z","level":"info"}
{"message":"  durationMs: 0","level":"info","timestamp":"2026-09-06T06:20:33.009276769Z"}
{"timestamp":"2026-09-06T06:20:33.009280957Z","message":"}","level":"info"}
{"level":"error","timestamp":"2026-09-06T06:20:33.062885914Z","message":"[ops] {"}
{"level":"error","message":"  event: 'security.app_check_rejected',","timestamp":"2026-09-06T06:20:33.062890339Z"}
{"message":"  ts: '2026-09-06T06:20:33.043Z',","timestamp":"2026-09-06T06:20:33.062894766Z","level":"error"}
{"message":"  reason: 'missing_token',","timestamp":"2026-09-06T06:20:33.062898841Z","level":"error"}
{"timestamp":"2026-09-06T06:20:33.062903553Z","message":"  mode: 'monitor',","level":"error"}
{"timestamp":"2026-09-06T06:20:33.062908013Z","message":"  route: '/api/v2/events'","level":"error"}
{"message":"}","level":"error","timestamp":"2026-09-06T06:20:33.062912517Z"}
{"timestamp":"2026-09-06T06:20:33.569397987Z","message":"[ops] {","level":"info"}
{"message":"  event: 'http_request',","timestamp":"2026-09-06T06:20:33.569402582Z","level":"info"}
{"timestamp":"2026-09-06T06:20:33.569407127Z","message":"  ts: '2026-09-06T06:20:33.567Z',","level":"info"}
{"level":"info","timestamp":"2026-09-06T06:20:33.569411276Z","message":"  requestId: '813294b8-b23c-4651-ac40-b313ee689f3a',"}
{"message":"  method: 'GET',","level":"info","timestamp":"2026-09-06T06:20:33.569415844Z"}
{"message":"  route: '/api/v2/events',","timestamp":"2026-09-06T06:20:33.569420114Z","level":"info"}
{"level":"info","message":"  status: 200,","timestamp":"2026-09-06T06:20:33.569424378Z"}
{"level":"info","message":"  durationMs: 524","timestamp":"2026-09-06T06:20:33.569429721Z"}
{"level":"info","timestamp":"2026-09-06T06:20:33.569433630Z","message":"}"}
{"level":"info","timestamp":"2026-09-06T06:20:35.377696503Z","message":"  status: 204,"}
{"level":"info","message":"  durationMs: 0","timestamp":"2026-09-06T06:20:35.377703285Z"}
{"level":"info","timestamp":"2026-09-06T06:20:35.377707777Z","message":"}"}
{"timestamp":"2026-09-06T06:20:35.377722132Z","level":"info","message":"[ops] {"}
{"message":"  event: 'http_request',","level":"info","timestamp":"2026-09-06T06:20:35.377724986Z"}
{"level":"info","message":"  ts: '2026-09-06T06:20:35.376Z',","timestamp":"2026-09-06T06:20:35.377727913Z"}
{"timestamp":"2026-09-06T06:20:35.377730749Z","message":"  requestId: '7301d45a-4d9d-4d60-9475-48cd5878a1e3',","level":"info"}
{"timestamp":"2026-09-06T06:20:35.377734609Z","level":"info","message":"  method: 'OPTIONS',"}
{"message":"  route: '/api/v2/agents/active',","timestamp":"2026-09-06T06:20:35.377738508Z","level":"info"}
{"level":"info","message":"  status: 204,","timestamp":"2026-09-06T06:20:35.379362231Z"}
{"timestamp":"2026-09-06T06:20:35.379367731Z","level":"info","message":"  durationMs: 0"}
{"message":"}","timestamp":"2026-09-06T06:20:35.379372526Z","level":"info"}
{"level":"info","message":"[ops] {","timestamp":"2026-09-06T06:20:35.379400594Z"}
{"timestamp":"2026-09-06T06:20:35.379406611Z","level":"info","message":"  event: 'http_request',"}
{"timestamp":"2026-09-06T06:20:35.379409806Z","level":"info","message":"  ts: '2026-09-06T06:20:35.378Z',"}
{"message":"  requestId: '1dffc43a-0d2f-442f-ba2b-30ae423c8977',","timestamp":"2026-09-06T06:20:35.379413405Z","level":"info"}
{"level":"info","timestamp":"2026-09-06T06:20:35.379417023Z","message":"  method: 'OPTIONS',"}
{"level":"info","message":"  route: '/api/v2/events',","timestamp":"2026-09-06T06:20:35.379420349Z"}
{"timestamp":"2026-09-06T06:20:35.571344923Z","level":"error","message":"}"}
{"message":"[ops] {","level":"error","timestamp":"2026-09-06T06:20:35.571352300Z"}
{"message":"  event: 'security.app_check_rejected',","level":"error","timestamp":"2026-09-06T06:20:35.571355864Z"}
{"timestamp":"2026-09-06T06:20:35.571359217Z","level":"error","message":"  ts: '2026-09-06T06:20:35.560Z',"}
{"level":"error","message":"  reason: 'missing_token',","timestamp":"2026-09-06T06:20:35.571362463Z"}
{"timestamp":"2026-09-06T06:20:35.571365866Z","level":"error","message":"  mode: 'monitor',"}
{"timestamp":"2026-09-06T06:20:35.571369643Z","level":"error","message":"  route: '/api/v2/events'"}
{"timestamp":"2026-09-06T06:20:35.571373365Z","message":"}","level":"error"}
{"message":"[ops] {","level":"error","timestamp":"2026-09-06T06:20:35.571418938Z"}
{"timestamp":"2026-09-06T06:20:35.571423037Z","level":"error","message":"  event: 'security.app_check_rejected',"}
{"message":"  ts: '2026-09-06T06:20:35.553Z',","timestamp":"2026-09-06T06:20:35.571425917Z","level":"error"}
{"level":"error","message":"  reason: 'missing_token',","timestamp":"2026-09-06T06:20:35.571428786Z"}
{"message":"  mode: 'monitor',","timestamp":"2026-09-06T06:20:35.571431661Z","level":"error"}
{"level":"error","message":"  route: '/api/v2/agents/active'","timestamp":"2026-09-06T06:20:35.571434718Z"}
{"level":"info","timestamp":"2026-09-06T06:20:35.612195957Z","message":"[ops] {"}
{"message":"  event: 'http_request',","timestamp":"2026-09-06T06:20:35.612203421Z","level":"info"}
{"level":"info","message":"  ts: '2026-09-06T06:20:35.610Z',","timestamp":"2026-09-06T06:20:35.612207229Z"}
{"level":"info","message":"  requestId: '18d1482e-214c-40c9-84e6-708a906952b2',","timestamp":"2026-09-06T06:20:35.612210730Z"}
{"level":"info","message":"  method: 'GET',","timestamp":"2026-09-06T06:20:35.612214515Z"}
{"timestamp":"2026-09-06T06:20:35.612218652Z","message":"  route: '/api/v2/agents/active',","level":"info"}
{"timestamp":"2026-09-06T06:20:35.612223510Z","level":"info","message":"  status: 200,"}
{"timestamp":"2026-09-06T06:20:35.612228004Z","message":"  durationMs: 57","level":"info"}
{"message":"}","timestamp":"2026-09-06T06:20:35.612231481Z","level":"info"}
{"timestamp":"2026-09-06T06:20:35.656377772Z","level":"info","message":"[ops] {"}
{"message":"  event: 'http_request',","timestamp":"2026-09-06T06:20:35.656384340Z","level":"info"}
{"level":"info","message":"  ts: '2026-09-06T06:20:35.652Z',","timestamp":"2026-09-06T06:20:35.656388873Z"}
{"message":"  requestId: '1f52e8c8-1821-4d88-a442-03c47fd21ced',","level":"info","timestamp":"2026-09-06T06:20:35.656393786Z"}
{"level":"info","message":"  method: 'POST',","timestamp":"2026-09-06T06:20:35.656398366Z"}
{"message":"  route: '/api/studio/mcp/session/ping',","level":"info","timestamp":"2026-09-06T06:20:35.656402627Z"}
{"timestamp":"2026-09-06T06:20:35.656406421Z","level":"info","message":"  status: 200,"}
{"message":"  durationMs: 342","timestamp":"2026-09-06T06:20:35.656410468Z","level":"info"}
{"timestamp":"2026-09-06T06:20:35.656414127Z","level":"info","message":"}"}
{"message":"[ops] {","timestamp":"2026-09-06T06:20:36.272535144Z","level":"info"}
{"message":"  event: 'http_request',","timestamp":"2026-09-06T06:20:36.272542813Z","level":"info"}
{"level":"info","message":"  ts: '2026-09-06T06:20:36.262Z',","timestamp":"2026-09-06T06:20:36.272547533Z"}
{"level":"info","message":"  requestId: '4a24bc23-7c7a-4301-ab41-e0d2c647bc66',","timestamp":"2026-09-06T06:20:36.272551178Z"}
{"level":"info","message":"  method: 'GET',","timestamp":"2026-09-06T06:20:36.272556405Z"}
{"timestamp":"2026-09-06T06:20:36.272560145Z","message":"  route: '/api/v2/events',","level":"info"}
{"message":"  status: 200,","timestamp":"2026-09-06T06:20:36.272565329Z","level":"info"}
{"message":"  durationMs: 702","level":"info","timestamp":"2026-09-06T06:20:36.272569016Z"}
{"level":"info","timestamp":"2026-09-06T06:20:36.272572385Z","message":"}"}
{"timestamp":"2026-09-06T06:20:37.033185789Z","level":"info","message":"[ops] {"}
{"timestamp":"2026-09-06T06:20:37.033196845Z","level":"info","message":"  event: 'http_request',"}
{"timestamp":"2026-09-06T06:20:37.033202988Z","level":"info","message":"  ts: '2026-09-06T06:20:36.725Z',"}
{"message":"  requestId: '74915ef0-9e7a-4ebc-a47e-632671a7764f',","level":"info","timestamp":"2026-09-06T06:20:37.033208068Z"}
{"level":"info","message":"  method: 'POST',","timestamp":"2026-09-06T06:20:37.033212765Z"}
{"message":"  route: '/api/studio/session/ping',","timestamp":"2026-09-06T06:20:37.033221269Z","level":"info"}
{"message":"  status: 200,","timestamp":"2026-09-06T06:20:37.033225716Z","level":"info"}
{"message":"  durationMs: 499","level":"info","timestamp":"2026-09-06T06:20:37.033230846Z"}
{"timestamp":"2026-09-06T06:20:37.033235571Z","level":"info","message":"}"}
{"message":"[ops] {","level":"info","timestamp":"2026-09-06T06:20:37.033238364Z"}
{"message":"","timestamp":"2026-09-06T06:20:37.033243263Z","requestType":"workflow_orchestration","model":"google/gemini-2.5-flash","outputChars":39999,"outputTokens":11996,"level":"info","codeFenced":true,"event":"workflow.model_response","requestId":"7c8aff66-0b4d-4259-8003-84e226fac615"}
{"timestamp":"2026-09-06T06:20:37.033243435Z","level":"info","message":"  event: 'studio.plugin_compatibility_handshake',"}
{"timestamp":"2026-09-06T06:20:37.033247531Z","level":"info","message":"  ts: '2026-09-06T06:20:36.725Z',"}
{"timestamp":"2026-09-06T06:20:37.033250592Z","message":"  requestId: '74915ef0-9e7a-4ebc-a47e-632671a7764f',","level":"info"}
{"message":"  sessionId: 'MLq8J3mhz56J6BRsAeQe',","timestamp":"2026-09-06T06:20:37.033253349Z","level":"info"}
{"timestamp":"2026-09-06T06:20:37.033255935Z","message":"  userId: '0VSQotqOXxPXBLeQu1gUNkXELWH3',","level":"info"}
{"timestamp":"2026-09-06T06:20:37.033258740Z","level":"info","message":"  status: 'compatible',"}
{"level":"info","timestamp":"2026-09-06T06:20:37.033261452Z","message":"  reasonCodes: [],"}
{"level":"info","timestamp":"2026-09-06T06:20:37.033265291Z","message":"  buildId: 'nexusrbx-studio-0.14.0-r15-animation.12-toolbox',"}
{"level":"info","message":"  attestationWritten: false,","timestamp":"2026-09-06T06:20:37.033268011Z"}
{"message":"  repairDurationMs: 419","level":"info","timestamp":"2026-09-06T06:20:37.033270656Z"}
{"timestamp":"2026-09-06T06:20:37.033274050Z","level":"info","message":"}"}
{"message":"","requestType":"workflow_orchestration_schema_repair","timestamp":"2026-09-06T06:20:37.080979265Z","event":"workflow.model_request","requestId":"7c8aff66-0b4d-4259-8003-84e226fac615:schema-repair","model":"google/gemini-2.5-flash","level":"info"}
{"level":"info","message":"[ops] {","timestamp":"2026-09-06T06:20:38.077521488Z"}
{"message":"  event: 'http_request',","level":"info","timestamp":"2026-09-06T06:20:38.077525181Z"}
{"message":"  ts: '2026-09-06T06:20:37.881Z',","timestamp":"2026-09-06T06:20:38.077529370Z","level":"info"}
{"message":"  requestId: '9330366d-9954-4da2-9b9d-27648c50a3f5',","level":"info","timestamp":"2026-09-06T06:20:38.077532703Z"}
{"timestamp":"2026-09-06T06:20:38.077536048Z","message":"  method: 'OPTIONS',","level":"info"}
{"message":"  route: '/api/v2/events',","timestamp":"2026-09-06T06:20:38.077539683Z","level":"info"}
{"timestamp":"2026-09-06T06:20:38.077544928Z","message":"  status: 204,","level":"info"}
{"timestamp":"2026-09-06T06:20:38.077548483Z","level":"info","message":"  durationMs: 0"}
{"message":"}","level":"info","timestamp":"2026-09-06T06:20:38.077554145Z"}
{"level":"error","message":"[ops] {","timestamp":"2026-09-06T06:20:38.077557914Z"}
{"message":"  event: 'security.app_check_rejected',","level":"error","timestamp":"2026-09-06T06:20:38.077561349Z"}
{"level":"error","message":"  ts: '2026-09-06T06:20:38.045Z',","timestamp":"2026-09-06T06:20:38.077565401Z"}
{"message":"  reason: 'missing_token',","level":"error","timestamp":"2026-09-06T06:20:38.077569149Z"}
{"level":"error","message":"  mode: 'monitor',","timestamp":"2026-09-06T06:20:38.077574177Z"}
{"timestamp":"2026-09-06T06:20:38.077578096Z","message":"  route: '/api/v2/events'","level":"error"}
{"level":"error","message":"}","timestamp":"2026-09-06T06:20:38.077581377Z"}
{"timestamp":"2026-09-06T06:20:38.649175257Z","level":"info","message":"[ops] {"}
{"message":"  event: 'http_request',","timestamp":"2026-09-06T06:20:38.649181259Z","level":"info"}
{"message":"  ts: '2026-09-06T06:20:38.647Z',","timestamp":"2026-09-06T06:20:38.649184400Z","level":"info"}
{"timestamp":"2026-09-06T06:20:38.649187315Z","level":"info","message":"  requestId: 'cbe244e1-52ca-4969-bd50-a3f1d81d8735',"}
{"timestamp":"2026-09-06T06:20:38.649189787Z","level":"info","message":"  method: 'GET',"}
{"timestamp":"2026-09-06T06:20:38.649193207Z","level":"info","message":"  route: '/api/v2/events',"}
{"level":"info","timestamp":"2026-09-06T06:20:38.649196286Z","message":"  status: 200,"}
{"message":"  durationMs: 602","timestamp":"2026-09-06T06:20:38.649198949Z","level":"info"}
{"timestamp":"2026-09-06T06:20:38.649201525Z","level":"info","message":"}"}
{"timestamp":"2026-09-06T06:20:40.070751717Z","level":"info","message":"  method: 'GET',"}
{"timestamp":"2026-09-06T06:20:40.070759794Z","message":"  route: '/api/icons/:id',","level":"info"}
{"timestamp":"2026-09-06T06:20:40.070763914Z","level":"info","message":"  status: 200,"}
{"timestamp":"2026-09-06T06:20:40.070768686Z","message":"  durationMs: 55","level":"info"}
{"level":"info","message":"}","timestamp":"2026-09-06T06:20:40.070772845Z"}
{"message":"[ops] {","timestamp":"2026-09-06T06:20:40.070799164Z","level":"error"}
{"timestamp":"2026-09-06T06:20:40.070804019Z","level":"error","message":"  event: 'security.app_check_rejected',"}
{"level":"error","message":"  ts: '2026-09-06T06:20:39.770Z',","timestamp":"2026-09-06T06:20:40.070808861Z"}
{"timestamp":"2026-09-06T06:20:40.070814986Z","level":"error","message":"  reason: 'missing_token',"}
{"message":"  mode: 'monitor',","level":"error","timestamp":"2026-09-06T06:20:40.070820699Z"}
{"timestamp":"2026-09-06T06:20:40.070824929Z","message":"  route: '/api/icons/uv0vsCl8mGVjjFSg8qRC'","level":"error"}
{"level":"error","message":"}","timestamp":"2026-09-06T06:20:40.070830579Z"}
{"message":"[ops] {","timestamp":"2026-09-06T06:20:40.070835120Z","level":"info"}
{"message":"  event: 'http_request',","timestamp":"2026-09-06T06:20:40.070839509Z","level":"info"}
{"timestamp":"2026-09-06T06:20:40.070844249Z","level":"info","message":"  ts: '2026-09-06T06:20:39.825Z',"}
{"level":"info","message":"  requestId: 'bdb15353-52b6-47be-a50b-3ce63ef7152c',","timestamp":"2026-09-06T06:20:40.070848771Z"}
{"level":"info","message":"[ops] {","timestamp":"2026-09-06T06:20:40.444648937Z"}
{"timestamp":"2026-09-06T06:20:40.444651685Z","level":"info","message":"  event: 'http_request',"}
{"message":"  ts: '2026-09-06T06:20:40.378Z',","timestamp":"2026-09-06T06:20:40.444654764Z","level":"info"}
{"message":"  requestId: 'a3394b95-d580-45ea-a57e-c8ee46f637b7',","timestamp":"2026-09-06T06:20:40.444659554Z","level":"info"}
{"message":"  method: 'OPTIONS',","timestamp":"2026-09-06T06:20:40.444662526Z","level":"info"}
{"timestamp":"2026-09-06T06:20:40.444665580Z","message":"  route: '/api/v2/events',","level":"info"}
{"message":"  status: 204,","level":"info","timestamp":"2026-09-06T06:20:40.444668820Z"}
{"timestamp":"2026-09-06T06:20:40.444671703Z","level":"info","message":"  durationMs: 0"}
{"timestamp":"2026-09-06T06:20:40.444674317Z","message":"}","level":"info"}
{"timestamp":"2026-09-06T06:20:40.562538839Z","message":"[ops] {","level":"error"}
{"level":"error","timestamp":"2026-09-06T06:20:40.562543209Z","message":"  event: 'security.app_check_rejected',"}
{"level":"error","message":"  ts: '2026-09-06T06:20:40.547Z',","timestamp":"2026-09-06T06:20:40.562546996Z"}
{"timestamp":"2026-09-06T06:20:40.562551054Z","message":"  reason: 'missing_token',","level":"error"}
{"timestamp":"2026-09-06T06:20:40.562554622Z","message":"  mode: 'monitor',","level":"error"}
{"level":"error","message":"  route: '/api/v2/events'","timestamp":"2026-09-06T06:20:40.562558595Z"}
{"message":"}","level":"error","timestamp":"2026-09-06T06:20:40.562562704Z"}
{"message":"}","timestamp":"2026-09-06T06:20:41.100249859Z","level":"info"}
{"timestamp":"2026-09-06T06:20:41.100271891Z","message":"[ops] {","level":"info"}
{"timestamp":"2026-09-06T06:20:41.100275917Z","level":"info","message":"  event: 'http_request',"}
{"message":"  ts: '2026-09-06T06:20:41.097Z',","level":"info","timestamp":"2026-09-06T06:20:41.100279828Z"}
{"message":"  requestId: 'e5327abf-ff59-4a2a-af63-e72dc2f91295',","timestamp":"2026-09-06T06:20:41.100283338Z","level":"info"}
{"level":"info","timestamp":"2026-09-06T06:20:41.100287136Z","message":"  method: 'GET',"}
{"message":"  route: '/api/v2/events',","timestamp":"2026-09-06T06:20:41.100290870Z","level":"info"}
{"message":"  status: 200,","timestamp":"2026-09-06T06:20:41.100294047Z","level":"info"}
{"timestamp":"2026-09-06T06:20:41.100297028Z","level":"info","message":"  durationMs: 550"}
{"message":"}","timestamp":"2026-09-06T06:20:42.045438293Z","level":"info"}
{"level":"info","message":"  route: '/api/studio/mcp/status',","timestamp":"2026-09-06T06:20:42.045446294Z"}
{"timestamp":"2026-09-06T06:20:42.045449473Z","level":"info","message":"  event: 'http_request',"}
{"message":"  status: 204,","level":"info","timestamp":"2026-09-06T06:20:42.045454130Z"}
{"message":"  ts: '2026-09-06T06:20:42.043Z',","timestamp":"2026-09-06T06:20:42.045460306Z","level":"info"}
{"level":"info","timestamp":"2026-09-06T06:20:42.045461069Z","message":"  durationMs: 0"}
{"timestamp":"2026-09-06T06:20:42.045476077Z","message":"  requestId: 'b670bebd-35b2-401a-bfac-dcdbcea145a0',","level":"info"}
{"message":"  method: 'OPTIONS',","level":"info","timestamp":"2026-09-06T06:20:42.045483742Z"}
{"timestamp":"2026-09-06T06:20:42.045487021Z","message":"[ops] {","level":"info"}
{"timestamp":"2026-09-06T06:20:42.046023250Z","message":"[ops] {","level":"info"}
{"message":"  event: 'http_request',","timestamp":"2026-09-06T06:20:42.046027990Z","level":"info"}
{"message":"  ts: '2026-09-06T06:20:42.045Z',","timestamp":"2026-09-06T06:20:42.046031980Z","level":"info"}
{"level":"info","message":"  requestId: 'fc841949-b419-4c92-8169-f197d438452c',","timestamp":"2026-09-06T06:20:42.046035797Z"}
{"level":"info","timestamp":"2026-09-06T06:20:42.046040452Z","message":"  method: 'OPTIONS',"}
{"timestamp":"2026-09-06T06:20:42.046046113Z","message":"  route: '/api/studio/status',","level":"info"}
{"timestamp":"2026-09-06T06:20:42.046050685Z","message":"  status: 204,","level":"info"}
{"message":"  durationMs: 0","level":"info","timestamp":"2026-09-06T06:20:42.046054495Z"}
{"timestamp":"2026-09-06T06:20:42.046058468Z","level":"info","message":"}"}
{"message":"[ops] {","timestamp":"2026-09-06T06:20:42.221481943Z","level":"error"}
{"timestamp":"2026-09-06T06:20:42.221485787Z","level":"error","message":"  event: 'security.app_check_rejected',"}
{"level":"error","timestamp":"2026-09-06T06:20:42.221489509Z","message":"  ts: '2026-09-06T06:20:42.210Z',"}
{"level":"error","timestamp":"2026-09-06T06:20:42.221494399Z","message":"  reason: 'missing_token',"}
{"timestamp":"2026-09-06T06:20:42.221498801Z","message":"  mode: 'monitor',","level":"error"}
{"timestamp":"2026-09-06T06:20:42.221502358Z","message":"  route: '/api/studio/mcp/status'","level":"error"}
{"level":"error","message":"}","timestamp":"2026-09-06T06:20:42.221505637Z"}
{"message":"[ops] {","timestamp":"2026-09-06T06:20:42.221509054Z","level":"error"}
{"message":"  event: 'security.app_check_rejected',","timestamp":"2026-09-06T06:20:42.221512141Z","level":"error"}
{"message":"  ts: '2026-09-06T06:20:42.215Z',","level":"error","timestamp":"2026-09-06T06:20:42.221515241Z"}
{"message":"  reason: 'missing_token',","timestamp":"2026-09-06T06:20:42.221519353Z","level":"error"}
{"message":"  mode: 'monitor',","timestamp":"2026-09-06T06:20:42.221522756Z","level":"error"}
{"message":"  route: '/api/studio/status'","level":"error","timestamp":"2026-09-06T06:20:42.221526662Z"}
{"timestamp":"2026-09-06T06:20:42.221530581Z","message":"}","level":"error"}
{"level":"info","message":"[ops] {","timestamp":"2026-09-06T06:20:42.427589738Z"}
{"level":"info","message":"  event: 'studio.command_polled',","timestamp":"2026-09-06T06:20:42.427600620Z"}
{"message":"  ts: '2026-09-06T06:20:42.423Z',","timestamp":"2026-09-06T06:20:42.427605029Z","level":"info"}
{"timestamp":"2026-09-06T06:20:42.427608640Z","level":"info","message":"  requestId: '265cb991-6b8f-4a2a-bbde-077e7ad8fc9f',"}
{"timestamp":"2026-09-06T06:20:42.427612664Z","level":"info","message":"  sessionId: 'MLq8J3mhz56J6BRsAeQe',"}
{"timestamp":"2026-09-06T06:20:42.427616806Z","message":"  status: 'empty'","level":"info"}
{"timestamp":"2026-09-06T06:20:42.427620851Z","message":"}","level":"info"}
{"message":"[ops] {","level":"info","timestamp":"2026-09-06T06:20:42.427624249Z"}
{"timestamp":"2026-09-06T06:20:42.427628077Z","level":"info","message":"  event: 'http_request',"}
{"message":"  ts: '2026-09-06T06:20:42.423Z',","level":"info","timestamp":"2026-09-06T06:20:42.427632362Z"}
{"message":"  requestId: '265cb991-6b8f-4a2a-bbde-077e7ad8fc9f',","timestamp":"2026-09-06T06:20:42.427635757Z","level":"info"}
{"level":"info","message":"  method: 'GET',","timestamp":"2026-09-06T06:20:42.427639429Z"}
{"timestamp":"2026-09-06T06:20:42.427642598Z","level":"info","message":"  route: '/api/studio/commands/next',"}
{"message":"  status: 204,","timestamp":"2026-09-06T06:20:42.427646749Z","level":"info"}
{"timestamp":"2026-09-06T06:20:42.427650982Z","level":"info","message":"  durationMs: 24398"}
{"timestamp":"2026-09-06T06:20:42.427654526Z","level":"info","message":"}"}
{"message":"[ops] {","timestamp":"2026-09-06T06:20:42.501477901Z","level":"info"}
{"timestamp":"2026-09-06T06:20:42.501483292Z","level":"info","message":"  event: 'http_request',"}
{"timestamp":"2026-09-06T06:20:42.501486561Z","level":"info","message":"  ts: '2026-09-06T06:20:42.499Z',"}
{"level":"info","message":"  requestId: '986afb66-c76a-4dcd-8c58-82deb7a14434',","timestamp":"2026-09-06T06:20:42.501489357Z"}
{"message":"  method: 'GET',","timestamp":"2026-09-06T06:20:42.501492161Z","level":"info"}
{"level":"info","message":"  route: '/api/studio/mcp/status',","timestamp":"2026-09-06T06:20:42.501495435Z"}
{"message":"  status: 200,","level":"info","timestamp":"2026-09-06T06:20:42.501500382Z"}
{"message":"  durationMs: 290","timestamp":"2026-09-06T06:20:42.501504283Z","level":"info"}
{"message":"}","timestamp":"2026-09-06T06:20:42.501508794Z","level":"info"}
{"level":"info","message":"[ops] {","timestamp":"2026-09-06T06:20:42.647692786Z"}
{"timestamp":"2026-09-06T06:20:42.647696980Z","level":"info","message":"  event: 'http_request',"}
{"message":"  ts: '2026-09-06T06:20:42.633Z',","timestamp":"2026-09-06T06:20:42.647702091Z","level":"info"}
{"level":"info","message":"  requestId: 'd403118c-4a64-4a2f-8c51-e542e96e8f05',","timestamp":"2026-09-06T06:20:42.647705734Z"}
{"level":"info","timestamp":"2026-09-06T06:20:42.647709511Z","message":"  method: 'GET',"}
{"message":"  route: '/api/studio/status',","timestamp":"2026-09-06T06:20:42.647715018Z","level":"info"}
{"timestamp":"2026-09-06T06:20:42.647718941Z","level":"info","message":"  status: 200,"}
{"level":"info","message":"  durationMs: 418","timestamp":"2026-09-06T06:20:42.647722892Z"}
{"level":"info","message":"}","timestamp":"2026-09-06T06:20:42.647726363Z"}
{"message":"  method: 'OPTIONS',","timestamp":"2026-09-06T06:20:43.090896825Z","level":"info"}
{"level":"error","message":"  route: '/api/v2/events'","timestamp":"2026-09-06T06:20:43.090899888Z"}
{"message":"  reason: 'missing_token',","timestamp":"2026-09-06T06:20:43.090902675Z","level":"error"}
{"message":"  mode: 'monitor',","level":"error","timestamp":"2026-09-06T06:20:43.090908303Z"}
{"timestamp":"2026-09-06T06:20:43.090909600Z","level":"error","message":"}"}
{"level":"error","timestamp":"2026-09-06T06:20:43.090912411Z","message":"  event: 'security.app_check_rejected',"}
{"message":"  ts: '2026-09-06T06:20:43.057Z',","timestamp":"2026-09-06T06:20:43.090917148Z","level":"error"}
{"message":"  event: 'http_request',","timestamp":"2026-09-06T06:20:43.090920966Z","level":"info"}
{"level":"error","timestamp":"2026-09-06T06:20:43.090926552Z","message":"[ops] {"}
{"message":"[ops] {","timestamp":"2026-09-06T06:20:43.090934183Z","level":"info"}
{"level":"info","timestamp":"2026-09-06T06:20:43.090937298Z","message":"  ts: '2026-09-06T06:20:42.889Z',"}
{"level":"info","timestamp":"2026-09-06T06:20:43.090937681Z","message":"  route: '/api/v2/events',"}
{"message":"  durationMs: 0","timestamp":"2026-09-06T06:20:43.090941263Z","level":"info"}
{"timestamp":"2026-09-06T06:20:43.090943498Z","message":"  requestId: '355c1ca2-ff4d-46ad-8a40-450813ca1ad4',","level":"info"}
{"message":"  status: 204,","level":"info","timestamp":"2026-09-06T06:20:43.090944454Z"}
{"level":"info","message":"}","timestamp":"2026-09-06T06:20:43.090951789Z"}
{"timestamp":"2026-09-06T06:20:43.678143015Z","level":"info","message":"[ops] {"}
{"timestamp":"2026-09-06T06:20:43.678146484Z","message":"  event: 'http_request',","level":"info"}
{"level":"info","message":"  ts: '2026-09-06T06:20:43.674Z',","timestamp":"2026-09-06T06:20:43.678149320Z"}
{"timestamp":"2026-09-06T06:20:43.678152076Z","message":"  requestId: '59452677-3901-47f8-84f1-a311793b19de',","level":"info"}
{"timestamp":"2026-09-06T06:20:43.678154803Z","level":"info","message":"  method: 'GET',"}
{"message":"  route: '/api/v2/events',","timestamp":"2026-09-06T06:20:43.678157334Z","level":"info"}
{"level":"info","timestamp":"2026-09-06T06:20:43.678159959Z","message":"  status: 200,"}
{"timestamp":"2026-09-06T06:20:43.678162659Z","message":"  durationMs: 618","level":"info"}
{"level":"info","timestamp":"2026-09-06T06:20:43.678165464Z","message":"}"}
{"message":"[ops] {","timestamp":"2026-09-06T06:20:43.722549150Z","level":"info"}
{"timestamp":"2026-09-06T06:20:43.722554679Z","message":"  event: 'studio.command_polled',","level":"info"}
{"timestamp":"2026-09-06T06:20:43.722558912Z","level":"info","message":"  ts: '2026-09-06T06:20:43.704Z',"}
{"message":"  requestId: '37fb9073-c6dc-41d7-acdc-150e4bb047ed',","level":"info","timestamp":"2026-09-06T06:20:43.722563166Z"}
{"level":"info","message":"  sessionId: 'MLq8J3mhz56J6BRsAeQe',","timestamp":"2026-09-06T06:20:43.722566204Z"}
{"timestamp":"2026-09-06T06:20:43.722569339Z","message":"  status: 'empty'","level":"info"}
{"level":"info","message":"}","timestamp":"2026-09-06T06:20:43.722573069Z"}
{"level":"info","message":"[ops] {","timestamp":"2026-09-06T06:20:43.722577326Z"}
{"level":"info","timestamp":"2026-09-06T06:20:43.722580595Z","message":"  event: 'http_request',"}
{"level":"info","message":"  ts: '2026-09-06T06:20:43.704Z',","timestamp":"2026-09-06T06:20:43.722583582Z"}
{"timestamp":"2026-09-06T06:20:43.722586681Z","level":"info","message":"  requestId: '37fb9073-c6dc-41d7-acdc-150e4bb047ed',"}
{"timestamp":"2026-09-06T06:20:43.722589954Z","message":"  method: 'GET',","level":"info"}
{"timestamp":"2026-09-06T06:20:43.722593330Z","level":"info","message":"  route: '/api/studio/commands/next',"}
{"level":"info","message":"  status: 204,","timestamp":"2026-09-06T06:20:43.722599528Z"}
{"timestamp":"2026-09-06T06:20:43.722602451Z","message":"  durationMs: 24400","level":"info"}
{"level":"info","message":"}","timestamp":"2026-09-06T06:20:43.722604975Z"}
{"level":"info","message":"  event: 'http_request',","timestamp":"2026-09-06T06:20:44.698740963Z"}
{"timestamp":"2026-09-06T06:20:44.698744838Z","level":"info","message":"[ops] {"}
{"timestamp":"2026-09-06T06:20:44.698748404Z","message":"  ts: '2026-09-06T06:20:44.691Z',","level":"info"}
{"level":"info","timestamp":"2026-09-06T06:20:44.698751586Z","message":"  event: 'studio.plugin_compatibility_handshake',"}
{"timestamp":"2026-09-06T06:20:44.698753696Z","level":"info","message":"  requestId: 'fafd263a-d7a2-4704-ab82-801066347185',"}
{"message":"  ts: '2026-09-06T06:20:44.691Z',","timestamp":"2026-09-06T06:20:44.698757316Z","level":"info"}
{"message":"  method: 'POST',","timestamp":"2026-09-06T06:20:44.698758713Z","level":"info"}
{"timestamp":"2026-09-06T06:20:44.698762107Z","level":"info","message":"  requestId: 'fafd263a-d7a2-4704-ab82-801066347185',"}
{"message":"  route: '/api/studio/session/ping',","level":"info","timestamp":"2026-09-06T06:20:44.698765312Z"}
{"timestamp":"2026-09-06T06:20:44.698768900Z","message":"  sessionId: 'MLq8J3mhz56J6BRsAeQe',","level":"info"}
{"message":"  status: 200,","timestamp":"2026-09-06T06:20:44.698770332Z","level":"info"}
{"timestamp":"2026-09-06T06:20:44.698774581Z","level":"info","message":"  userId: '0VSQotqOXxPXBLeQu1gUNkXELWH3',"}
{"message":"  durationMs: 636","timestamp":"2026-09-06T06:20:44.698775930Z","level":"info"}
{"message":"  status: 'compatible',","timestamp":"2026-09-06T06:20:44.698780719Z","level":"info"}
{"level":"info","message":"}","timestamp":"2026-09-06T06:20:44.698780867Z"}
{"timestamp":"2026-09-06T06:20:44.698784788Z","message":"  reasonCodes: [],","level":"info"}
{"message":"  buildId: 'nexusrbx-studio-0.14.0-r15-animation.12-toolbox',","level":"info","timestamp":"2026-09-06T06:20:44.698788050Z"}
{"timestamp":"2026-09-06T06:20:44.698791148Z","level":"info","message":"  attestationWritten: false,"}
{"level":"info","message":"  repairDurationMs: 580","timestamp":"2026-09-06T06:20:44.698794990Z"}
{"timestamp":"2026-09-06T06:20:44.698799213Z","message":"}","level":"info"}
{"timestamp":"2026-09-06T06:20:44.698803672Z","message":"[ops] {","level":"info"}
{"message":"  status: 204,","timestamp":"2026-09-06T06:20:45.393512897Z","level":"info"}
{"level":"info","message":"[ops] {","timestamp":"2026-09-06T06:20:45.393523487Z"}
{"level":"info","timestamp":"2026-09-06T06:20:45.393523608Z","message":"  durationMs: 0"}
{"message":"  event: 'http_request',","timestamp":"2026-09-06T06:20:45.393531969Z","level":"info"}
{"timestamp":"2026-09-06T06:20:45.393532229Z","level":"info","message":"}"}
{"level":"info","message":"  ts: '2026-09-06T06:20:45.390Z',","timestamp":"2026-09-06T06:20:45.393538331Z"}
{"message":"  requestId: 'bbef4ae6-6e15-4aae-b7f7-2d61843aecc5',","timestamp":"2026-09-06T06:20:45.393542254Z","level":"info"}
{"timestamp":"2026-09-06T06:20:45.393546287Z","level":"info","message":"  method: 'OPTIONS',"}
{"message":"  route: '/api/v2/events',","level":"info","timestamp":"2026-09-06T06:20:45.393549780Z"}
{"timestamp":"2026-09-06T06:20:45.393552678Z","level":"info","message":"  status: 204,"}
{"message":"  durationMs: 0","timestamp":"2026-09-06T06:20:45.393555451Z","level":"info"}
{"timestamp":"2026-09-06T06:20:45.393559140Z","level":"info","message":"}"}
{"message":"[ops] {","timestamp":"2026-09-06T06:20:45.393563297Z","level":"info"}
{"timestamp":"2026-09-06T06:20:45.393566323Z","message":"  event: 'http_request',","level":"info"}
{"message":"  ts: '2026-09-06T06:20:45.391Z',","timestamp":"2026-09-06T06:20:45.393568940Z","level":"info"}
{"level":"info","timestamp":"2026-09-06T06:20:45.393572812Z","message":"  requestId: 'ec613fa9-5c03-4e00-a03f-eb0dad84e5ba',"}
{"message":"  method: 'OPTIONS',","level":"info","timestamp":"2026-09-06T06:20:45.393576502Z"}
{"message":"  route: '/api/v2/agents/active',","timestamp":"2026-09-06T06:20:45.393580608Z","level":"info"}
{"message":"[ops] {","level":"error","timestamp":"2026-09-06T06:20:45.604811540Z"}
{"level":"error","message":"  event: 'security.app_check_rejected',","timestamp":"2026-09-06T06:20:45.604815369Z"}
{"timestamp":"2026-09-06T06:20:45.604818629Z","message":"  ts: '2026-09-06T06:20:45.556Z',","level":"error"}
{"message":"  reason: 'missing_token',","timestamp":"2026-09-06T06:20:45.604822901Z","level":"error"}
{"message":"  mode: 'monitor',","level":"error","timestamp":"2026-09-06T06:20:45.604827367Z"}
{"timestamp":"2026-09-06T06:20:45.604830654Z","message":"  route: '/api/v2/events'","level":"error"}
{"message":"}","timestamp":"2026-09-06T06:20:45.604834211Z","level":"error"}
{"timestamp":"2026-09-06T06:20:45.604837588Z","level":"error","message":"[ops] {"}
{"level":"error","timestamp":"2026-09-06T06:20:45.604841741Z","message":"  event: 'security.app_check_rejected',"}
{"level":"error","timestamp":"2026-09-06T06:20:45.604844769Z","message":"  ts: '2026-09-06T06:20:45.557Z',"}
{"timestamp":"2026-09-06T06:20:45.604848093Z","message":"  reason: 'missing_token',","level":"error"}
{"message":"  mode: 'monitor',","level":"error","timestamp":"2026-09-06T06:20:45.604851590Z"}
{"message":"  route: '/api/v2/agents/active'","timestamp":"2026-09-06T06:20:45.604856605Z","level":"error"}
{"message":"}","timestamp":"2026-09-06T06:20:45.604860089Z","level":"error"}
{"message":"  requestId: 'acb5bde6-25f3-4c18-85a7-578d7d84b86f',","timestamp":"2026-09-06T06:20:45.652962222Z","level":"info"}
{"message":"  method: 'GET',","timestamp":"2026-09-06T06:20:45.652969521Z","level":"info"}
{"level":"info","message":"  route: '/api/v2/agents/active',","timestamp":"2026-09-06T06:20:45.652973251Z"}
{"timestamp":"2026-09-06T06:20:45.652976853Z","level":"info","message":"  status: 200,"}
{"message":"  durationMs: 94","level":"info","timestamp":"2026-09-06T06:20:45.652980942Z"}
{"message":"}","timestamp":"2026-09-06T06:20:45.652984539Z","level":"info"}
{"message":"[ops] {","timestamp":"2026-09-06T06:20:45.652994685Z","level":"info"}
{"level":"info","message":"  event: 'http_request',","timestamp":"2026-09-06T06:20:45.652998600Z"}
{"timestamp":"2026-09-06T06:20:45.653001629Z","level":"info","message":"  ts: '2026-09-06T06:20:45.651Z',"}
{"timestamp":"2026-09-06T06:20:46.086345021Z","message":"[ops] {","level":"info"}
{"timestamp":"2026-09-06T06:20:46.086348719Z","level":"info","message":"  event: 'http_request',"}
{"timestamp":"2026-09-06T06:20:46.086352039Z","level":"info","message":"  ts: '2026-09-06T06:20:46.081Z',"}
{"level":"info","message":"  requestId: '3018e233-0e26-442f-a669-3ca8c8de2455',","timestamp":"2026-09-06T06:20:46.086355399Z"}
{"message":"  method: 'GET',","timestamp":"2026-09-06T06:20:46.086358611Z","level":"info"}
{"timestamp":"2026-09-06T06:20:46.086361899Z","message":"  route: '/api/v2/events',","level":"info"}
{"level":"info","timestamp":"2026-09-06T06:20:46.086364977Z","message":"  status: 200,"}
{"message":"  durationMs: 525","timestamp":"2026-09-06T06:20:46.086368567Z","level":"info"}
{"message":"}","timestamp":"2026-09-06T06:20:46.086372068Z","level":"info"}
{"level":"info","message":"  ts: '2026-09-06T06:20:47.882Z',","timestamp":"2026-09-06T06:20:48.120520092Z"}
{"timestamp":"2026-09-06T06:20:48.120527697Z","message":"  requestId: '0d84917c-e546-45c3-ae07-6850e9f12bac',","level":"info"}
{"timestamp":"2026-09-06T06:20:48.120531884Z","message":"  method: 'OPTIONS',","level":"info"}
{"level":"info","message":"  route: '/api/v2/events',","timestamp":"2026-09-06T06:20:48.120535818Z"}
{"timestamp":"2026-09-06T06:20:48.120539084Z","message":"  status: 204,","level":"info"}
{"level":"info","message":"  durationMs: 0","timestamp":"2026-09-06T06:20:48.120542554Z"}
{"timestamp":"2026-09-06T06:20:48.120546307Z","message":"}","level":"info"}
{"message":"[ops] {","timestamp":"2026-09-06T06:20:48.120549915Z","level":"error"}
{"message":"  event: 'security.app_check_rejected',","level":"error","timestamp":"2026-09-06T06:20:48.120553947Z"}
{"level":"error","message":"  ts: '2026-09-06T06:20:48.052Z',","timestamp":"2026-09-06T06:20:48.120557258Z"}
{"message":"  reason: 'missing_token',","timestamp":"2026-09-06T06:20:48.120560820Z","level":"error"}
{"message":"  mode: 'monitor',","timestamp":"2026-09-06T06:20:48.120564109Z","level":"error"}
{"level":"error","message":"  route: '/api/v2/events'","timestamp":"2026-09-06T06:20:48.120567799Z"}
{"timestamp":"2026-09-06T06:20:48.120571427Z","level":"error","message":"}"}
{"message":"[ops] {","level":"info","timestamp":"2026-09-06T06:20:48.120609037Z"}
{"message":"  event: 'http_request',","timestamp":"2026-09-06T06:20:48.120612679Z","level":"info"}
{"message":"[ops] {","level":"info","timestamp":"2026-09-06T06:20:48.607147157Z"}
{"message":"  event: 'http_request',","level":"info","timestamp":"2026-09-06T06:20:48.607152418Z"}
{"timestamp":"2026-09-06T06:20:48.607155725Z","level":"info","message":"  ts: '2026-09-06T06:20:48.598Z',"}
{"level":"info","timestamp":"2026-09-06T06:20:48.607158578Z","message":"  requestId: 'cb76d242-dea4-4a21-af21-6019b906e8d0',"}
{"message":"  method: 'GET',","timestamp":"2026-09-06T06:20:48.607161750Z","level":"info"}
{"level":"info","message":"  route: '/api/v2/events',","timestamp":"2026-09-06T06:20:48.607165632Z"}
{"level":"info","timestamp":"2026-09-06T06:20:48.607169086Z","message":"  status: 200,"}
{"message":"  durationMs: 546","timestamp":"2026-09-06T06:20:48.607173017Z","level":"info"}
{"level":"info","message":"}","timestamp":"2026-09-06T06:20:48.607176047Z"}
{"level":"info","message":"[ops] {","timestamp":"2026-09-06T06:20:50.397038971Z"}
{"timestamp":"2026-09-06T06:20:50.397042148Z","level":"info","message":"  event: 'http_request',"}
{"message":"  ts: '2026-09-06T06:20:50.372Z',","timestamp":"2026-09-06T06:20:50.397045844Z","level":"info"}
{"timestamp":"2026-09-06T06:20:50.397048702Z","message":"  requestId: '48437c5a-403e-43bc-b0f4-32fc644984fd',","level":"info"}
{"timestamp":"2026-09-06T06:20:50.397051825Z","message":"  method: 'OPTIONS',","level":"info"}
{"level":"info","timestamp":"2026-09-06T06:20:50.397054781Z","message":"  route: '/api/v2/events',"}
{"timestamp":"2026-09-06T06:20:50.397058113Z","message":"  status: 204,","level":"info"}
{"level":"info","message":"  durationMs: 0","timestamp":"2026-09-06T06:20:50.397060869Z"}
{"message":"}","timestamp":"2026-09-06T06:20:50.397063537Z","level":"info"}
{"timestamp":"2026-09-06T06:20:50.541411767Z","level":"error","message":"[ops] {"}
{"level":"error","message":"  event: 'security.app_check_rejected',","timestamp":"2026-09-06T06:20:50.541415549Z"}
{"message":"  ts: '2026-09-06T06:20:50.538Z',","timestamp":"2026-09-06T06:20:50.541418367Z","level":"error"}
{"timestamp":"2026-09-06T06:20:50.541420858Z","message":"  reason: 'missing_token',","level":"error"}
{"message":"  mode: 'monitor',","level":"error","timestamp":"2026-09-06T06:20:50.541423611Z"}
{"message":"  route: '/api/v2/events'","timestamp":"2026-09-06T06:20:50.541426167Z","level":"error"}
{"timestamp":"2026-09-06T06:20:50.541428870Z","level":"error","message":"}"}
{"timestamp":"2026-09-06T06:20:51.276033042Z","message":"  requestId: '28435f35-d5bf-4234-a44c-67db6f5499c9',","level":"info"}
{"message":"  method: 'GET',","timestamp":"2026-09-06T06:20:51.276040808Z","level":"info"}
{"timestamp":"2026-09-06T06:20:51.276047832Z","level":"info","message":"  route: '/api/v2/events',"}
{"message":"  status: 200,","timestamp":"2026-09-06T06:20:51.276052064Z","level":"info"}
{"timestamp":"2026-09-06T06:20:51.276056043Z","level":"info","message":"  durationMs: 543"}
{"message":"}","timestamp":"2026-09-06T06:20:51.276059468Z","level":"info"}
{"level":"info","timestamp":"2026-09-06T06:20:51.276095844Z","message":"[ops] {"}
{"timestamp":"2026-09-06T06:20:51.276098897Z","message":"  event: 'http_request',","level":"info"}
{"timestamp":"2026-09-06T06:20:51.276101732Z","level":"info","message":"  ts: '2026-09-06T06:20:51.082Z',"}
{"message":"[ops] {","timestamp":"2026-09-06T06:20:51.468329750Z","level":"info"}
{"timestamp":"2026-09-06T06:20:51.468333069Z","message":"  event: 'http_request',","level":"info"}
{"message":"  ts: '2026-09-06T06:20:51.456Z',","timestamp":"2026-09-06T06:20:51.468337454Z","level":"info"}
{"timestamp":"2026-09-06T06:20:51.468340336Z","message":"  requestId: 'ec9c28c5-b6cd-4e7b-a8bb-5cf516d4b457',","level":"info"}
{"timestamp":"2026-09-06T06:20:51.468343017Z","level":"info","message":"  method: 'POST',"}
{"level":"info","timestamp":"2026-09-06T06:20:51.468345734Z","message":"  route: '/api/studio/mcp/session/ping',"}
{"level":"info","timestamp":"2026-09-06T06:20:51.468348326Z","message":"  status: 200,"}
{"message":"  durationMs: 248","timestamp":"2026-09-06T06:20:51.468351000Z","level":"info"}
{"level":"info","message":"}","timestamp":"2026-09-06T06:20:51.468353862Z"}
{"timestamp":"2026-09-06T06:20:52.763458409Z","level":"info","message":"  durationMs: 755"}
{"level":"info","message":"[ops] {","timestamp":"2026-09-06T06:20:52.763463497Z"}
{"timestamp":"2026-09-06T06:20:52.763464596Z","level":"info","message":"}"}
{"timestamp":"2026-09-06T06:20:52.763470885Z","level":"info","message":"  repairDurationMs: 676"}
{"message":"  event: 'studio.plugin_compatibility_handshake',","level":"info","timestamp":"2026-09-06T06:20:52.763473980Z"}
{"timestamp":"2026-09-06T06:20:52.763479966Z","message":"}","level":"info"}
{"timestamp":"2026-09-06T06:20:52.763481430Z","level":"info","message":"  ts: '2026-09-06T06:20:52.753Z',"}
{"message":"[ops] {","level":"info","timestamp":"2026-09-06T06:20:52.763486587Z"}
{"message":"  requestId: '9148f7e3-7fdd-4208-89b2-dd3d61885734',","level":"info","timestamp":"2026-09-06T06:20:52.763488941Z"}
{"level":"info","message":"  event: 'http_request',","timestamp":"2026-09-06T06:20:52.763493903Z"}
{"message":"  sessionId: 'MLq8J3mhz56J6BRsAeQe',","timestamp":"2026-09-06T06:20:52.763496165Z","level":"info"}
{"level":"info","message":"  ts: '2026-09-06T06:20:52.754Z',","timestamp":"2026-09-06T06:20:52.763501850Z"}
{"level":"info","message":"  userId: '0VSQotqOXxPXBLeQu1gUNkXELWH3',","timestamp":"2026-09-06T06:20:52.763502818Z"}
{"timestamp":"2026-09-06T06:20:52.763507261Z","level":"info","message":"  status: 'compatible',"}
{"message":"  requestId: '9148f7e3-7fdd-4208-89b2-dd3d61885734',","level":"info","timestamp":"2026-09-06T06:20:52.763510139Z"}
{"message":"  reasonCodes: [],","level":"info","timestamp":"2026-09-06T06:20:52.763514603Z"}
{"timestamp":"2026-09-06T06:20:52.763516945Z","level":"info","message":"  method: 'POST',"}
{"message":"  buildId: 'nexusrbx-studio-0.14.0-r15-animation.12-toolbox',","timestamp":"2026-09-06T06:20:52.763520474Z","level":"info"}
{"level":"info","timestamp":"2026-09-06T06:20:52.763523910Z","message":"  attestationWritten: false,"}
{"level":"info","message":"  route: '/api/studio/session/ping',","timestamp":"2026-09-06T06:20:52.763526701Z"}
{"message":"  status: 200,","timestamp":"2026-09-06T06:20:52.763531044Z","level":"info"}
{"timestamp":"2026-09-06T06:20:52.882328317Z","message":"[ops] {","level":"info"}
{"message":"  event: 'http_request',","level":"info","timestamp":"2026-09-06T06:20:52.882337172Z"}
{"timestamp":"2026-09-06T06:20:52.882342537Z","level":"info","message":"  ts: '2026-09-06T06:20:52.873Z',"}
{"message":"  requestId: '17984943-d715-465b-ba89-bb7f480e3ced',","timestamp":"2026-09-06T06:20:52.882351457Z","level":"info"}
{"level":"info","message":"  method: 'OPTIONS',","timestamp":"2026-09-06T06:20:52.882355293Z"}
{"level":"info","message":"  route: '/api/v2/events',","timestamp":"2026-09-06T06:20:52.882358230Z"}
{"message":"  status: 204,","timestamp":"2026-09-06T06:20:52.882361323Z","level":"info"}
{"message":"  durationMs: 0","timestamp":"2026-09-06T06:20:52.882364511Z","level":"info"}
{"level":"info","timestamp":"2026-09-06T06:20:52.882367542Z","message":"}"}
{"message":"  event: 'security.app_check_rejected',","timestamp":"2026-09-06T06:20:53.374151439Z","level":"error"}
{"message":"  ts: '2026-09-06T06:20:53.096Z',","timestamp":"2026-09-06T06:20:53.374159198Z","level":"error"}
{"timestamp":"2026-09-06T06:20:53.374162630Z","level":"error","message":"  reason: 'missing_token',"}
{"level":"error","message":"  mode: 'monitor',","timestamp":"2026-09-06T06:20:53.374166018Z"}
{"level":"error","timestamp":"2026-09-06T06:20:53.374171251Z","message":"  route: '/api/v2/events'"}
{"message":"}","timestamp":"2026-09-06T06:20:53.374175038Z","level":"error"}
{"timestamp":"2026-09-06T06:20:53.374302064Z","message":"[ops] {","level":"error"}
{"level":"info","timestamp":"2026-09-06T06:20:53.663082636Z","message":"[ops] {"}
{"level":"info","timestamp":"2026-09-06T06:20:53.663085824Z","message":"  event: 'http_request',"}
{"message":"  ts: '2026-09-06T06:20:53.625Z',","timestamp":"2026-09-06T06:20:53.663088727Z","level":"info"}
{"timestamp":"2026-09-06T06:20:53.663091812Z","level":"info","message":"  requestId: 'e36db78c-d1b9-4978-9323-047baa5d29f5',"}
{"level":"info","timestamp":"2026-09-06T06:20:53.663094976Z","message":"  method: 'GET',"}
{"timestamp":"2026-09-06T06:20:53.663098047Z","level":"info","message":"  route: '/api/v2/events',"}
{"message":"  status: 200,","timestamp":"2026-09-06T06:20:53.663101390Z","level":"info"}
{"message":"  durationMs: 529","timestamp":"2026-09-06T06:20:53.663104310Z","level":"info"}
{"timestamp":"2026-09-06T06:20:53.663106996Z","level":"info","message":"}"}
{"level":"info","timestamp":"2026-09-06T06:20:55.416016500Z","message":"  requestId: 'c70f1c7a-b8c7-4707-90bd-59b36927d3b5',"}
{"message":"  method: 'OPTIONS',","timestamp":"2026-09-06T06:20:55.416028481Z","level":"info"}
{"message":"  ts: '2026-09-06T06:20:55.374Z',","timestamp":"2026-09-06T06:20:55.416031629Z","level":"info"}
{"level":"info","message":"  requestId: '120c3de9-7506-48c1-8e6e-2a3af4694b5e',","timestamp":"2026-09-06T06:20:55.416040629Z"}
{"timestamp":"2026-09-06T06:20:55.416048684Z","message":"[ops] {","level":"info"}
{"level":"info","message":"  method: 'OPTIONS',","timestamp":"2026-09-06T06:20:55.416049084Z"}
{"timestamp":"2026-09-06T06:20:55.416054772Z","level":"info","message":"  route: '/api/v2/events',"}
{"level":"info","message":"  event: 'http_request',","timestamp":"2026-09-06T06:20:55.416057321Z"}
{"level":"info","message":"  status: 204,","timestamp":"2026-09-06T06:20:55.416060501Z"}
{"message":"  durationMs: 0","level":"info","timestamp":"2026-09-06T06:20:55.416067498Z"}
{"message":"  ts: '2026-09-06T06:20:55.378Z',","timestamp":"2026-09-06T06:20:55.416069150Z","level":"info"}
{"timestamp":"2026-09-06T06:20:55.416072760Z","level":"info","message":"}"}
{"timestamp":"2026-09-06T06:20:55.416140113Z","level":"info","message":"[ops] {"}
{"message":"  event: 'http_request',","timestamp":"2026-09-06T06:20:55.416143806Z","level":"info"}
{"message":"  route: '/api/v2/agents/active',","timestamp":"2026-09-06T06:20:55.416282494Z","level":"info"}
{"timestamp":"2026-09-06T06:20:55.416289748Z","level":"info","message":"  status: 204,"}
{"timestamp":"2026-09-06T06:20:55.416294562Z","message":"  durationMs: 0","level":"info"}
{"level":"info","message":"}","timestamp":"2026-09-06T06:20:55.416300637Z"}
{"level":"error","timestamp":"2026-09-06T06:20:55.547466114Z","message":"[ops] {"}
{"level":"error","message":"  event: 'security.app_check_rejected',","timestamp":"2026-09-06T06:20:55.547474025Z"}
{"timestamp":"2026-09-06T06:20:55.547481078Z","level":"error","message":"  ts: '2026-09-06T06:20:55.545Z',"}
{"message":"  reason: 'missing_token',","level":"error","timestamp":"2026-09-06T06:20:55.547486912Z"}
{"level":"error","timestamp":"2026-09-06T06:20:55.547491266Z","message":"  mode: 'monitor',"}
{"level":"error","timestamp":"2026-09-06T06:20:55.547495746Z","message":"  route: '/api/v2/agents/active'"}
{"message":"}","timestamp":"2026-09-06T06:20:55.547500163Z","level":"error"}
{"message":"[ops] {","timestamp":"2026-09-06T06:20:55.547504377Z","level":"error"}
{"level":"error","message":"  event: 'security.app_check_rejected',","timestamp":"2026-09-06T06:20:55.547509356Z"}
{"message":"  ts: '2026-09-06T06:20:55.545Z',","level":"error","timestamp":"2026-09-06T06:20:55.547513146Z"}
{"timestamp":"2026-09-06T06:20:55.547525349Z","level":"error","message":"  reason: 'missing_token',"}
{"timestamp":"2026-09-06T06:20:55.547529116Z","level":"error","message":"  mode: 'monitor',"}
{"timestamp":"2026-09-06T06:20:55.547533037Z","message":"  route: '/api/v2/events'","level":"error"}
{"message":"}","timestamp":"2026-09-06T06:20:55.547536693Z","level":"error"}
{"message":"}","level":"info","timestamp":"2026-09-06T06:20:55.609798559Z"}
{"level":"info","message":"[ops] {","timestamp":"2026-09-06T06:20:55.609814183Z"}
{"level":"info","timestamp":"2026-09-06T06:20:55.609826025Z","message":"  event: 'http_request',"}
{"timestamp":"2026-09-06T06:20:55.609830861Z","level":"info","message":"  ts: '2026-09-06T06:20:55.605Z',"}
{"message":"  requestId: '6258100c-dc8c-4e06-8127-35179db1dd7b',","level":"info","timestamp":"2026-09-06T06:20:55.609834719Z"}
{"timestamp":"2026-09-06T06:20:55.609840020Z","message":"  method: 'GET',","level":"info"}
{"timestamp":"2026-09-06T06:20:55.609843813Z","message":"  route: '/api/v2/agents/active',","level":"info"}
{"level":"info","message":"  status: 200,","timestamp":"2026-09-06T06:20:55.609847251Z"}
{"message":"  durationMs: 61","level":"info","timestamp":"2026-09-06T06:20:55.609850987Z"}
{"message":"  ts: '2026-09-06T06:20:56.124Z',","timestamp":"2026-09-06T06:20:56.464486818Z","level":"info"}
{"level":"info","message":"  requestId: 'e7e2ea27-af08-484f-9294-52aca97b1cc8',","timestamp":"2026-09-06T06:20:56.464496593Z"}
{"level":"info","message":"[ops] {","timestamp":"2026-09-06T06:20:56.464500083Z"}
{"level":"info","timestamp":"2026-09-06T06:20:56.464503214Z","message":"  method: 'GET',"}
{"message":"  route: '/api/v2/events',","timestamp":"2026-09-06T06:20:56.464508078Z","level":"info"}
{"timestamp":"2026-09-06T06:20:56.464510345Z","message":"  event: 'http_request',","level":"info"}
{"message":"  status: 200,","level":"info","timestamp":"2026-09-06T06:20:56.464513337Z"}
{"message":"  durationMs: 579","timestamp":"2026-09-06T06:20:56.464517532Z","level":"info"}
{"message":"}","timestamp":"2026-09-06T06:20:56.464521470Z","level":"info"}
{"level":"info","message":"[ops] {","timestamp":"2026-09-06T06:20:57.834769605Z"}
{"timestamp":"2026-09-06T06:20:57.834781231Z","level":"info","message":"  event: 'http_request',"}
{"timestamp":"2026-09-06T06:20:57.834786012Z","message":"  ts: '2026-09-06T06:20:57.829Z',","level":"info"}
{"timestamp":"2026-09-06T06:20:57.834791005Z","level":"info","message":"  requestId: 'bb25bb75-69ef-4fe8-a7fa-77ab17b8c413',"}
{"message":"  method: 'OPTIONS',","timestamp":"2026-09-06T06:20:57.834795098Z","level":"info"}
{"message":"  route: '/api/studio/mcp/status',","timestamp":"2026-09-06T06:20:57.834799103Z","level":"info"}
{"timestamp":"2026-09-06T06:20:57.834803208Z","level":"info","message":"  status: 204,"}
{"message":"  durationMs: 0","timestamp":"2026-09-06T06:20:57.834807198Z","level":"info"}
{"message":"}","timestamp":"2026-09-06T06:20:57.834811146Z","level":"info"}
{"message":"[ops] {","timestamp":"2026-09-06T06:20:57.834815656Z","level":"info"}
{"timestamp":"2026-09-06T06:20:57.834820217Z","level":"info","message":"  event: 'http_request',"}
{"level":"info","message":"  ts: '2026-09-06T06:20:57.830Z',","timestamp":"2026-09-06T06:20:57.834823825Z"}
{"message":"  requestId: '801f7f20-9005-4559-8987-383893592eda',","timestamp":"2026-09-06T06:20:57.834827826Z","level":"info"}
{"timestamp":"2026-09-06T06:20:57.834831622Z","level":"info","message":"  method: 'OPTIONS',"}
{"timestamp":"2026-09-06T06:20:57.834835149Z","message":"  route: '/api/studio/status',","level":"info"}
{"timestamp":"2026-09-06T06:20:57.834839299Z","message":"  status: 204,","level":"info"}
{"level":"info","timestamp":"2026-09-06T06:20:57.834842983Z","message":"  durationMs: 0"}
{"message":"}","level":"info","timestamp":"2026-09-06T06:20:57.834846362Z"}
{"level":"info","message":"[ops] {","timestamp":"2026-09-06T06:20:57.884530588Z"}
{"level":"info","message":"  event: 'http_request',","timestamp":"2026-09-06T06:20:57.884535707Z"}
{"message":"  ts: '2026-09-06T06:20:57.881Z',","timestamp":"2026-09-06T06:20:57.884539032Z","level":"info"}
{"message":"  requestId: 'fc66a817-389a-4c13-aafa-9874eda4f089',","level":"info","timestamp":"2026-09-06T06:20:57.884544218Z"}
{"message":"  method: 'OPTIONS',","timestamp":"2026-09-06T06:20:57.884547479Z","level":"info"}
{"timestamp":"2026-09-06T06:20:57.884550706Z","message":"  route: '/api/v2/events',","level":"info"}
{"message":"  status: 204,","timestamp":"2026-09-06T06:20:57.884553899Z","level":"info"}
{"timestamp":"2026-09-06T06:20:57.884557589Z","level":"info","message":"  durationMs: 0"}
{"message":"}","level":"info","timestamp":"2026-09-06T06:20:57.884560818Z"}
{"message":"[ops] {","level":"error","timestamp":"2026-09-06T06:20:58.031561542Z"}
{"timestamp":"2026-09-06T06:20:58.031564796Z","level":"error","message":"  event: 'security.app_check_rejected',"}
{"timestamp":"2026-09-06T06:20:58.031568509Z","message":"  ts: '2026-09-06T06:20:57.999Z',","level":"error"}
{"message":"  reason: 'missing_token',","timestamp":"2026-09-06T06:20:58.031571924Z","level":"error"}
{"level":"error","message":"  mode: 'monitor',","timestamp":"2026-09-06T06:20:58.031575087Z"}
{"level":"error","message":"  route: '/api/studio/status'","timestamp":"2026-09-06T06:20:58.031578332Z"}
{"timestamp":"2026-09-06T06:20:58.031581239Z","level":"error","message":"}"}
{"timestamp":"2026-09-06T06:20:58.031584741Z","level":"error","message":"[ops] {"}
{"level":"error","timestamp":"2026-09-06T06:20:58.031587672Z","message":"  event: 'security.app_check_rejected',"}
{"timestamp":"2026-09-06T06:20:58.031590322Z","level":"error","message":"  ts: '2026-09-06T06:20:57.999Z',"}
{"timestamp":"2026-09-06T06:20:58.031593469Z","level":"error","message":"  reason: 'missing_token',"}
{"timestamp":"2026-09-06T06:20:58.031597470Z","level":"error","message":"  mode: 'monitor',"}
{"timestamp":"2026-09-06T06:20:58.031601693Z","message":"  route: '/api/studio/mcp/status'","level":"error"}
{"message":"}","level":"error","timestamp":"2026-09-06T06:20:58.031605082Z"}
{"level":"error","timestamp":"2026-09-06T06:20:58.052814133Z","message":"[ops] {"}
{"message":"  event: 'security.app_check_rejected',","timestamp":"2026-09-06T06:20:58.052820642Z","level":"error"}
{"message":"  ts: '2026-09-06T06:20:58.048Z',","timestamp":"2026-09-06T06:20:58.052823806Z","level":"error"}
{"timestamp":"2026-09-06T06:20:58.052826714Z","level":"error","message":"  reason: 'missing_token',"}
{"level":"error","timestamp":"2026-09-06T06:20:58.052829813Z","message":"  mode: 'monitor',"}
{"level":"error","message":"  route: '/api/v2/events'","timestamp":"2026-09-06T06:20:58.052832652Z"}
{"timestamp":"2026-09-06T06:20:58.052835832Z","message":"}","level":"error"}
{"timestamp":"2026-09-06T06:20:58.453662158Z","level":"info","message":"}"}
{"message":"[ops] {","timestamp":"2026-09-06T06:20:58.453672030Z","level":"info"}
{"message":"  event: 'http_request',","timestamp":"2026-09-06T06:20:58.453678365Z","level":"info"}
{"message":"  status: 200,","timestamp":"2026-09-06T06:20:58.453684758Z","level":"info"}
{"message":"  durationMs: 244","timestamp":"2026-09-06T06:20:58.453690483Z","level":"info"}
{"message":"  ts: '2026-09-06T06:20:58.244Z',","timestamp":"2026-09-06T06:20:58.453698725Z","level":"info"}
{"timestamp":"2026-09-06T06:20:58.453698785Z","level":"info","message":"  method: 'GET',"}
{"message":"  route: '/api/studio/mcp/status',","timestamp":"2026-09-06T06:20:58.453709684Z","level":"info"}
{"message":"  requestId: 'd4491e17-1cea-45ba-b445-11ed19469fa1',","level":"info","timestamp":"2026-09-06T06:20:58.453710473Z"}
{"timestamp":"2026-09-06T06:20:58.510582110Z","level":"info","message":"[ops] {"}
{"timestamp":"2026-09-06T06:20:58.510585346Z","message":"  event: 'http_request',","level":"info"}
{"timestamp":"2026-09-06T06:20:58.510588802Z","message":"  ts: '2026-09-06T06:20:58.505Z',","level":"info"}
{"timestamp":"2026-09-06T06:20:58.510592452Z","message":"  requestId: '0e8f1c0b-3f42-4ca6-adbd-447c48dc2fd2',","level":"info"}
{"message":"  method: 'GET',","level":"info","timestamp":"2026-09-06T06:20:58.510596711Z"}
{"message":"  route: '/api/studio/status',","timestamp":"2026-09-06T06:20:58.510600818Z","level":"info"}
{"timestamp":"2026-09-06T06:20:58.510604382Z","level":"info","message":"  status: 200,"}
{"level":"info","message":"  durationMs: 507","timestamp":"2026-09-06T06:20:58.510607289Z"}
{"level":"info","message":"}","timestamp":"2026-09-06T06:20:58.510611373Z"}
{"message":"[ops] {","timestamp":"2026-09-06T06:20:58.617244317Z","level":"info"}
{"message":"  event: 'http_request',","level":"info","timestamp":"2026-09-06T06:20:58.617249841Z"}
{"message":"  ts: '2026-09-06T06:20:58.615Z',","timestamp":"2026-09-06T06:20:58.617253303Z","level":"info"}
{"timestamp":"2026-09-06T06:20:58.617256271Z","level":"info","message":"  requestId: '917545e9-7c0b-4e22-ad4d-047a067ba3a2',"}
{"message":"  method: 'GET',","timestamp":"2026-09-06T06:20:58.617259054Z","level":"info"}
{"timestamp":"2026-09-06T06:20:58.617262769Z","message":"  route: '/api/v2/events',","level":"info"}
{"timestamp":"2026-09-06T06:20:58.617266472Z","level":"info","message":"  status: 200,"}
{"message":"  durationMs: 568","timestamp":"2026-09-06T06:20:58.617269162Z","level":"info"}
{"timestamp":"2026-09-06T06:20:58.617275139Z","level":"info","message":"}"}
{"level":"info","message":"[ops] {","timestamp":"2026-09-06T06:21:00.457421697Z"}
{"message":"  ts: '2026-09-06T06:21:00.383Z',","timestamp":"2026-09-06T06:21:00.457430830Z","level":"info"}
{"timestamp":"2026-09-06T06:21:00.457439825Z","message":"  method: 'OPTIONS',","level":"info"}
{"timestamp":"2026-09-06T06:21:00.457443480Z","message":"  route: '/api/v2/events',","level":"info"}
{"timestamp":"2026-09-06T06:21:00.457451429Z","level":"info","message":"  durationMs: 0"}
{"level":"info","message":"}","timestamp":"2026-09-06T06:21:00.457455899Z"}
{"level":"info","sessionId":"MLq8J3mhz56J6BRsAeQe","total":4,"ts":1788675660460,"message":"","timestamp":"2026-09-06T06:21:00.460473076Z","counter":"studio_session","count":1,"type":"firestore_write_metric","jobId":null,"writesPerStudioSessionHour":4}
