{"level":"info","timestamp":"2026-09-06T07:13:01.037581042Z","message":"  event: 'http_request',"}
{"message":"  ts: '2026-09-06T07:13:01.014Z',","level":"info","timestamp":"2026-09-06T07:13:01.037584842Z"}
{"level":"info","message":"  requestId: 'd689dac4-0394-496a-ae0b-7db61b6e4d31',","timestamp":"2026-09-06T07:13:01.037591392Z"}
{"message":"  method: 'GET',","timestamp":"2026-09-06T07:13:01.037595752Z","level":"info"}
{"timestamp":"2026-09-06T07:13:01.325043766Z","level":"info","message":"[ops] {"}
{"timestamp":"2026-09-06T07:13:01.325049835Z","message":"  event: 'http_request',","level":"info"}
{"message":"  ts: '2026-09-06T07:13:01.323Z',","level":"info","timestamp":"2026-09-06T07:13:01.325054115Z"}
{"timestamp":"2026-09-06T07:13:01.325057725Z","level":"info","message":"  requestId: '0b97a896-9552-4c8d-b720-8382deefb8d2',"}
{"level":"info","timestamp":"2026-09-06T07:13:01.325061395Z","message":"  method: 'GET',"}
{"message":"  route: '/api/studio/status',","timestamp":"2026-09-06T07:13:01.325065225Z","level":"info"}
{"level":"info","message":"  status: 200,","timestamp":"2026-09-06T07:13:01.325069585Z"}
{"message":"  durationMs: 701","timestamp":"2026-09-06T07:13:01.325073465Z","level":"info"}
{"timestamp":"2026-09-06T07:13:01.325077005Z","message":"}","level":"info"}
{"message":"[ops] {","level":"info","timestamp":"2026-09-06T07:13:01.371445451Z"}
{"level":"info","message":"  event: 'task.created',","timestamp":"2026-09-06T07:13:01.371449571Z"}
{"level":"info","message":"  ts: '2026-09-06T07:13:01.366Z',","timestamp":"2026-09-06T07:13:01.371452621Z"}
{"message":"  telemetryVersion: 'task-runtime-observability-v1',","timestamp":"2026-09-06T07:13:01.371455600Z","level":"info"}
{"level":"info","message":"  taskId: 'task_7e45cbd45a8b9eb96a2ad9dde454892587bbafdc9c35cf207f3681505ed63882',","timestamp":"2026-09-06T07:13:01.371458780Z"}
{"timestamp":"2026-09-06T07:13:01.371461460Z","level":"info","message":"  requestId: 'plan_request_22dcbc0bb7b90fda8d37448e5aef733a108e59682d284373ca794221d74b7a28',"}
{"level":"info","message":"  traceId: 'plan_request_22dcbc0bb7b90fda8d37448e5aef733a108e59682d284373ca794221d74b7a28',","timestamp":"2026-09-06T07:13:01.371465170Z"}
{"timestamp":"2026-09-06T07:13:01.371467670Z","level":"info","message":"  projectId: 'proj_e237b4d5b7634cf2a503723f3f8beff7',"}
{"timestamp":"2026-09-06T07:13:01.371470290Z","level":"info","message":"  status: 'accepted',"}
{"level":"info","message":"  eventType: 'task_accepted',","timestamp":"2026-09-06T07:13:01.371472910Z"}
{"timestamp":"2026-09-06T07:13:01.371475400Z","message":"  sequence: 1,","level":"info"}
{"level":"info","message":"  eventId: 'e_0000000000000001'","timestamp":"2026-09-06T07:13:01.371482910Z"}
{"message":"}","timestamp":"2026-09-06T07:13:01.371485380Z","level":"info"}
{"timestamp":"2026-09-06T07:13:01.451315793Z","message":"[ops] {","level":"info"}
{"message":"  event: 'http_request',","timestamp":"2026-09-06T07:13:01.451321902Z","level":"info"}
{"level":"info","message":"  ts: '2026-09-06T07:13:01.421Z',","timestamp":"2026-09-06T07:13:01.451326282Z"}
{"message":"  requestId: 'e0d75d38-703c-4d0f-91b3-3bc553969ac5',","timestamp":"2026-09-06T07:13:01.451329882Z","level":"info"}
{"level":"info","message":"  method: 'POST',","timestamp":"2026-09-06T07:13:01.451333402Z"}
{"timestamp":"2026-09-06T07:13:01.451336932Z","level":"info","message":"  route: '/api/studio/mcp/session/ping',"}
{"message":"  status: 200,","timestamp":"2026-09-06T07:13:01.451341032Z","level":"info"}
{"message":"  durationMs: 257","timestamp":"2026-09-06T07:13:01.451344212Z","level":"info"}
{"level":"info","message":"}","timestamp":"2026-09-06T07:13:01.451346942Z"}
{"timestamp":"2026-09-06T07:13:01.907568566Z","level":"info","message":"  event: 'http_request',"}
{"level":"info","timestamp":"2026-09-06T07:13:01.907582376Z","message":"  ts: '2026-09-06T07:13:01.861Z',"}
{"message":"[ops] {","timestamp":"2026-09-06T07:13:01.907583006Z","level":"info"}
{"level":"info","timestamp":"2026-09-06T07:13:01.907588506Z","message":"  requestId: '0d1d0582-36cf-4dbe-8b66-6e172f9fc4ee',"}
{"message":"  method: 'GET',","level":"info","timestamp":"2026-09-06T07:13:01.907594846Z"}
{"message":"  event: 'studio.command_polled',","timestamp":"2026-09-06T07:13:01.907596856Z","level":"info"}
{"message":"  route: '/api/studio/commands/next',","timestamp":"2026-09-06T07:13:01.907601426Z","level":"info"}
{"level":"info","message":"  ts: '2026-09-06T07:13:01.860Z',","timestamp":"2026-09-06T07:13:01.907605055Z"}
{"level":"info","message":"  status: 204,","timestamp":"2026-09-06T07:13:01.907609125Z"}
{"message":"  requestId: '0d1d0582-36cf-4dbe-8b66-6e172f9fc4ee',","level":"info","timestamp":"2026-09-06T07:13:01.907612395Z"}
{"timestamp":"2026-09-06T07:13:01.907615605Z","level":"info","message":"  durationMs: 24370"}
{"level":"info","timestamp":"2026-09-06T07:13:01.907621675Z","message":"}"}
{"level":"info","message":"  sessionId: 'MLq8J3mhz56J6BRsAeQe',","timestamp":"2026-09-06T07:13:01.907621785Z"}
{"timestamp":"2026-09-06T07:13:01.907627825Z","level":"info","message":"  status: 'empty'"}
{"message":"}","timestamp":"2026-09-06T07:13:01.907631585Z","level":"info"}
{"message":"[ops] {","timestamp":"2026-09-06T07:13:01.907634755Z","level":"info"}
{"message":"[ops] {","timestamp":"2026-09-06T07:13:02.903375465Z","level":"info"}
{"timestamp":"2026-09-06T07:13:02.903377905Z","level":"info","message":"  event: 'studio.command_polled',"}
{"message":"  ts: '2026-09-06T07:13:02.685Z',","timestamp":"2026-09-06T07:13:02.903380365Z","level":"info"}
{"timestamp":"2026-09-06T07:13:02.903382915Z","level":"info","message":"  requestId: '863c1be4-55e0-4a0d-a48a-3311cc719824',"}
{"timestamp":"2026-09-06T07:13:02.903385355Z","message":"  sessionId: 'Iog4rWn0F2wcGR9xp3Jq',","level":"info"}
{"level":"info","message":"  status: 'empty'","timestamp":"2026-09-06T07:13:02.903388445Z"}
{"level":"info","message":"}","timestamp":"2026-09-06T07:13:02.903390825Z"}
{"timestamp":"2026-09-06T07:13:02.903393375Z","level":"info","message":"[ops] {"}
{"timestamp":"2026-09-06T07:13:02.903396135Z","level":"info","message":"  event: 'http_request',"}
{"level":"info","message":"  ts: '2026-09-06T07:13:02.685Z',","timestamp":"2026-09-06T07:13:02.903398405Z"}
{"timestamp":"2026-09-06T07:13:02.903400925Z","message":"  requestId: '863c1be4-55e0-4a0d-a48a-3311cc719824',","level":"info"}
{"timestamp":"2026-09-06T07:13:02.903403335Z","level":"info","message":"  method: 'GET',"}
{"timestamp":"2026-09-06T07:13:02.903406185Z","message":"  route: '/api/studio/commands/next',","level":"info"}
{"message":"  status: 204,","timestamp":"2026-09-06T07:13:02.903408665Z","level":"info"}
{"level":"info","message":"  durationMs: 12191","timestamp":"2026-09-06T07:13:02.903411145Z"}
{"message":"}","timestamp":"2026-09-06T07:13:02.903413665Z","level":"info"}
{"level":"info","message":"[ops] {","timestamp":"2026-09-06T07:13:03.105550228Z"}
{"message":"  event: 'http_request',","timestamp":"2026-09-06T07:13:03.105558188Z","level":"info"}
{"level":"info","timestamp":"2026-09-06T07:13:03.105562578Z","message":"  ts: '2026-09-06T07:13:03.089Z',"}
{"timestamp":"2026-09-06T07:13:03.105566798Z","level":"info","message":"  requestId: 'e940ac58-1d3a-4e3d-a9c3-11de38058adc',"}
{"timestamp":"2026-09-06T07:13:03.105571328Z","message":"  method: 'OPTIONS',","level":"info"}
{"message":"  route: '/api/v2/events',","timestamp":"2026-09-06T07:13:03.105576028Z","level":"info"}
{"timestamp":"2026-09-06T07:13:03.105579838Z","message":"  status: 204,","level":"info"}
{"level":"info","timestamp":"2026-09-06T07:13:03.105583657Z","message":"  durationMs: 0"}
{"message":"}","level":"info","timestamp":"2026-09-06T07:13:03.105588157Z"}
{"message":"[ops] {","timestamp":"2026-09-06T07:13:03.327598629Z","level":"error"}
{"level":"error","timestamp":"2026-09-06T07:13:03.327602429Z","message":"  event: 'security.app_check_rejected',"}
{"message":"  ts: '2026-09-06T07:13:03.309Z',","timestamp":"2026-09-06T07:13:03.327605959Z","level":"error"}
{"timestamp":"2026-09-06T07:13:03.327609289Z","level":"error","message":"  reason: 'missing_token',"}
{"message":"  mode: 'monitor',","timestamp":"2026-09-06T07:13:03.327612329Z","level":"error"}
{"timestamp":"2026-09-06T07:13:03.327615199Z","level":"error","message":"  route: '/api/v2/events'"}
{"timestamp":"2026-09-06T07:13:03.327618329Z","level":"error","message":"}"}
{"message":"[ops] {","level":"info","timestamp":"2026-09-06T07:13:03.940450996Z"}
{"message":"  event: 'http_request',","timestamp":"2026-09-06T07:13:03.940453546Z","level":"info"}
{"message":"  ts: '2026-09-06T07:13:03.865Z',","level":"info","timestamp":"2026-09-06T07:13:03.940456236Z"}
{"timestamp":"2026-09-06T07:13:03.940458646Z","message":"  requestId: 'b6b3403b-fafd-447b-ab47-7d87d4ac1bbf',","level":"info"}
{"timestamp":"2026-09-06T07:13:03.940461156Z","level":"info","message":"  method: 'GET',"}
{"timestamp":"2026-09-06T07:13:03.940463666Z","level":"info","message":"  route: '/api/v2/events',"}
{"level":"info","message":"  status: 200,","timestamp":"2026-09-06T07:13:03.940466116Z"}
{"level":"info","message":"  durationMs: 557","timestamp":"2026-09-06T07:13:03.940468446Z"}
{"level":"info","timestamp":"2026-09-06T07:13:03.940470926Z","message":"}"}
{"created":false,"event":"artifact_launch_key_propagated","message":"","ts":"2026-09-06T07:13:04.806Z","userIdHash":"61523b905e6d4bfa","chatId":"f5ddfb71-a497-40d2-b7a3-c3e1460ca4b0","taskId":"task_7e45cbd45a8b9eb96a2ad9dde454892587bbafdc9c35cf207f3681505ed63882","studioRunId":null,"phase":"artifact_launcher","recovered":false,"recoveryReason":null,"chatOperationId":null,"level":"info","agentId":null,"type":"launch_handoff_event","timestamp":"2026-09-06T07:13:04.940857105Z","artifactJobId":null,"errorCode":null,"outboxMessageId":null,"agentRunId":null,"replayed":false,"launchIdempotencyKeyHash":"183ecbc128daa950","clientOperationId":"plan_request_22dcbc0bb7b90fda8d37448e5aef733a108e59682d284373ca794221d74b7a28"}
{"timestamp":"2026-09-06T07:13:05.600850792Z","counter":"studio_session","total":65,"message":"","count":1,"type":"firestore_write_metric","sessionId":"Iog4rWn0F2wcGR9xp3Jq","level":"info","jobId":null,"writesPerStudioSessionHour":62,"ts":1788678785443}
{"timestamp":"2026-09-06T07:13:05.600853992Z","message":"[ops] {","level":"info"}
{"timestamp":"2026-09-06T07:13:05.600857462Z","level":"info","message":"  event: 'http_request',"}
{"message":"  ts: '2026-09-06T07:13:05.589Z',","timestamp":"2026-09-06T07:13:05.600860362Z","level":"info"}
{"message":"  requestId: 'dcfce0f4-31f5-4628-a772-8598c196e220',","timestamp":"2026-09-06T07:13:05.600863422Z","level":"info"}
{"message":"  method: 'OPTIONS',","timestamp":"2026-09-06T07:13:05.600868692Z","level":"info"}
{"timestamp":"2026-09-06T07:13:05.600871752Z","level":"info","message":"  route: '/api/v2/events',"}
{"timestamp":"2026-09-06T07:13:05.600874642Z","level":"info","message":"  status: 204,"}
{"level":"info","timestamp":"2026-09-06T07:13:05.600877852Z","message":"  durationMs: 0"}
{"level":"info","timestamp":"2026-09-06T07:13:05.600880882Z","message":"}"}
{"timestamp":"2026-09-06T07:13:05.955048881Z","level":"error","message":"  reason: 'missing_token',"}
{"timestamp":"2026-09-06T07:13:05.955053491Z","level":"info","message":"  repairDurationMs: 466"}
{"message":"}","timestamp":"2026-09-06T07:13:05.955061860Z","level":"info"}
{"level":"info","timestamp":"2026-09-06T07:13:05.955061930Z","message":"  method: 'POST',"}
{"message":"[ops] {","timestamp":"2026-09-06T07:13:05.955068010Z","level":"info"}
{"level":"info","timestamp":"2026-09-06T07:13:05.955068120Z","message":"  route: '/api/studio/session/ping',"}
{"timestamp":"2026-09-06T07:13:05.955075330Z","message":"  status: 200,","level":"info"}
{"timestamp":"2026-09-06T07:13:05.955078510Z","message":"  durationMs: 531","level":"info"}
{"level":"error","message":"[ops] {","timestamp":"2026-09-06T07:13:05.955081230Z"}
{"level":"info","message":"  event: 'http_request',","timestamp":"2026-09-06T07:13:05.955082380Z"}
{"message":"[ops] {","level":"info","timestamp":"2026-09-06T07:13:05.955086010Z"}
{"timestamp":"2026-09-06T07:13:05.955090420Z","message":"  ts: '2026-09-06T07:13:05.767Z',","level":"info"}
{"jobId":null,"ts":1788678785766,"sessionId":"Iog4rWn0F2wcGR9xp3Jq","count":1,"message":"","type":"firestore_write_metric","timestamp":"2026-09-06T07:13:05.955095920Z","level":"info","counter":"studio_session","writesPerStudioSessionHour":63,"total":66}
{"timestamp":"2026-09-06T07:13:05.955096310Z","level":"info","message":"  event: 'studio.plugin_compatibility_handshake',"}
{"level":"error","timestamp":"2026-09-06T07:13:05.955096670Z","message":"  event: 'security.app_check_rejected',"}
{"message":"}","level":"info","timestamp":"2026-09-06T07:13:05.955099669Z"}
{"level":"info","timestamp":"2026-09-06T07:13:05.955101119Z","message":"  requestId: '20fe98d6-653f-46a3-8f68-b67668c5ca78',"}
{"message":"  ts: '2026-09-06T07:13:05.766Z',","timestamp":"2026-09-06T07:13:05.955107559Z","level":"info"}
{"level":"error","timestamp":"2026-09-06T07:13:05.955110239Z","message":"  ts: '2026-09-06T07:13:05.797Z',"}
{"level":"info","message":"  requestId: '20fe98d6-653f-46a3-8f68-b67668c5ca78',","timestamp":"2026-09-06T07:13:05.955115489Z"}
{"timestamp":"2026-09-06T07:13:05.955120359Z","message":"  sessionId: 'Iog4rWn0F2wcGR9xp3Jq',","level":"info"}
{"timestamp":"2026-09-06T07:13:05.955125399Z","level":"info","message":"  userId: 'klu6Sv5QeEgYWlHjsgQwMkZCvsb2',"}
{"message":"  status: 'degraded',","level":"info","timestamp":"2026-09-06T07:13:05.955130139Z"}
{"level":"info","message":"  reasonCodes: [ 'command_unavailable' ],","timestamp":"2026-09-06T07:13:05.955135039Z"}
{"timestamp":"2026-09-06T07:13:05.955139808Z","level":"info","message":"  buildId: 'nexusrbx-studio-0.14.0-r15-animation.10-native-value-normalization',"}
{"timestamp":"2026-09-06T07:13:05.955144558Z","level":"info","message":"  attestationWritten: true,"}
{"level":"info","timestamp":"2026-09-06T07:13:05.956179143Z","message":"  studioRequired: false,"}
{"level":"info","timestamp":"2026-09-06T07:13:05.956187493Z","message":"  studioAvailable: true,"}
{"timestamp":"2026-09-06T07:13:05.956187862Z","level":"error","message":"  mode: 'monitor',"}
{"message":"  actionLevel: 'explain',","level":"info","timestamp":"2026-09-06T07:13:05.956194722Z"}
{"level":"error","message":"  route: '/api/v2/events'","timestamp":"2026-09-06T07:13:05.956195802Z"}
{"message":"}","level":"error","timestamp":"2026-09-06T07:13:05.956200362Z"}
{"message":"","count":1,"total":1,"counter":"job_document","level":"info","timestamp":"2026-09-06T07:13:05.956204092Z","sessionId":null,"ts":1788678785833,"jobId":"artifact_job_b8e08b840554ff094ae4bc80380bab8effe586ba0971de96","type":"firestore_write_metric"}
{"message":"","timestamp":"2026-09-06T07:13:05.956207862Z","created":true,"errorCode":null,"type":"launch_handoff_event","clientOperationId":"plan_request_22dcbc0bb7b90fda8d37448e5aef733a108e59682d284373ca794221d74b7a28","recoveryReason":null,"ts":"2026-09-06T07:13:05.833Z","replayed":false,"recovered":false,"chatId":"f5ddfb71-a497-40d2-b7a3-c3e1460ca4b0","phase":"artifact_job","userIdHash":"61523b905e6d4bfa","level":"info","agentRunId":null,"agentId":null,"event":"artifact_job_created","taskId":"task_7e45cbd45a8b9eb96a2ad9dde454892587bbafdc9c35cf207f3681505ed63882","launchIdempotencyKeyHash":"183ecbc128daa950","outboxMessageId":null,"chatOperationId":null,"artifactJobId":"artifact_job_b8e08b840554ff094ae4bc80380bab8effe586ba0971de96","studioRunId":null}
{"timestamp":"2026-09-06T07:13:05.956211542Z","message":"[ops] {","level":"info"}
{"level":"info","timestamp":"2026-09-06T07:13:05.956214552Z","message":"  event: 'ai_intent_classified',"}
{"level":"info","message":"  ts: '2026-09-06T07:13:05.833Z',","timestamp":"2026-09-06T07:13:05.956217592Z"}
{"timestamp":"2026-09-06T07:13:05.956221162Z","level":"info","message":"  requestId: 'plan_request_22dcbc0bb7b90fda8d37448e5aef733a108e59682d284373ca794221d74b7a28',"}
{"timestamp":"2026-09-06T07:13:05.956224722Z","message":"  routePath: '/generate/artifact',","level":"info"}
{"level":"info","timestamp":"2026-09-06T07:13:05.956228401Z","message":"  scenarioId: 'workflow_guidance',"}
{"timestamp":"2026-09-06T07:13:05.956231521Z","message":"  routeMode: 'agent',","level":"info"}
{"timestamp":"2026-09-06T07:13:05.956234391Z","level":"info","message":"  intentConfidence: 0.35,"}
{"timestamp":"2026-09-06T07:13:05.956238081Z","message":"  clarificationRequired: true,","level":"info"}
{"timestamp":"2026-09-06T07:13:05.957274236Z","level":"info","message":"  outcome: 'partial',"}
{"message":"  blockerCode: 'ambiguous_intent',","timestamp":"2026-09-06T07:13:05.957282295Z","level":"info"}
{"message":"  userGoalResolved: false,","timestamp":"2026-09-06T07:13:05.957287025Z","level":"info"}
{"message":"  nextBestAction: 'request_clarification',","timestamp":"2026-09-06T07:13:05.957291375Z","level":"info"}
{"level":"info","timestamp":"2026-09-06T07:13:05.957295725Z","message":"  recoveryAction: 'request_clarification',"}
{"message":"  userActionRequired: true,","timestamp":"2026-09-06T07:13:05.957301695Z","level":"info"}
{"message":"  jobId: 'artifact_job_b8e08b840554ff094ae4bc80380bab8effe586ba0971de96'","timestamp":"2026-09-06T07:13:05.957306165Z","level":"info"}
{"message":"}","level":"info","timestamp":"2026-09-06T07:13:05.957309945Z"}
{"level":"info","message":"[ops] {","timestamp":"2026-09-06T07:13:06.677883371Z"}
{"level":"info","message":"  event: 'http_request',","timestamp":"2026-09-06T07:13:06.677889490Z"}
{"message":"  ts: '2026-09-06T07:13:06.451Z',","level":"info","timestamp":"2026-09-06T07:13:06.677893520Z"}
{"message":"  requestId: '118ba832-cb75-4b8f-a3db-39d2979bed68',","timestamp":"2026-09-06T07:13:06.677897690Z","level":"info"}
{"level":"info","message":"  method: 'GET',","timestamp":"2026-09-06T07:13:06.677901920Z"}
{"level":"info","timestamp":"2026-09-06T07:13:06.677905670Z","message":"  route: '/api/v2/events',"}
{"level":"info","timestamp":"2026-09-06T07:13:06.677909910Z","message":"  status: 200,"}
{"timestamp":"2026-09-06T07:13:06.677913440Z","message":"  durationMs: 654","level":"info"}
{"message":"}","level":"info","timestamp":"2026-09-06T07:13:06.677917290Z"}
{"count":1,"jobId":"artifact_job_b8e08b840554ff094ae4bc80380bab8effe586ba0971de96","total":2,"message":"","level":"info","timestamp":"2026-09-06T07:13:07.191695520Z","sessionId":null,"type":"firestore_write_metric","ts":1788678787125,"counter":"job_document"}
{"message":"","sessionId":null,"jobId":"artifact_job_b8e08b840554ff094ae4bc80380bab8effe586ba0971de96","ts":1788678787270,"count":1,"timestamp":"2026-09-06T07:13:07.274140366Z","type":"firestore_write_metric","level":"info","total":3,"counter":"job_document"}
{"message":"","level":"info","ts":1788678787270,"counter":"job_event_document","count":1,"sessionId":null,"jobId":"artifact_job_b8e08b840554ff094ae4bc80380bab8effe586ba0971de96","total":1,"timestamp":"2026-09-06T07:13:07.274148546Z","type":"firestore_write_metric"}
{"level":"info","timestamp":"2026-09-06T07:13:08.098396577Z","message":"[ops] {"}
{"timestamp":"2026-09-06T07:13:08.098403227Z","level":"info","message":"  event: 'http_request',"}
{"timestamp":"2026-09-06T07:13:08.098407137Z","message":"  ts: '2026-09-06T07:13:08.090Z',","level":"info"}
{"message":"  requestId: '97cfa638-3cfc-4c1e-8ed1-f843ecf66597',","level":"info","timestamp":"2026-09-06T07:13:08.098410927Z"}
{"timestamp":"2026-09-06T07:13:08.098414917Z","level":"info","message":"  method: 'OPTIONS',"}
{"message":"  route: '/api/v2/events',","timestamp":"2026-09-06T07:13:08.098418467Z","level":"info"}
{"timestamp":"2026-09-06T07:13:08.098422217Z","message":"  status: 204,","level":"info"}
{"message":"  durationMs: 0","level":"info","timestamp":"2026-09-06T07:13:08.098426447Z"}
{"message":"}","timestamp":"2026-09-06T07:13:08.098430186Z","level":"info"}
{"count":1,"jobId":"artifact_job_b8e08b840554ff094ae4bc80380bab8effe586ba0971de96","message":"","level":"info","sessionId":null,"ts":1788678788260,"counter":"job_document","type":"firestore_write_metric","total":4,"timestamp":"2026-09-06T07:13:08.268304959Z"}
{"message":"","counter":"job_event_document","type":"firestore_write_metric","count":1,"level":"info","jobId":"artifact_job_b8e08b840554ff094ae4bc80380bab8effe586ba0971de96","timestamp":"2026-09-06T07:13:08.268311459Z","ts":1788678788260,"total":2,"sessionId":null}
{"level":"error","message":"[ops] {","timestamp":"2026-09-06T07:13:08.309337503Z"}
{"timestamp":"2026-09-06T07:13:08.309343722Z","message":"  event: 'security.app_check_rejected',","level":"error"}
{"level":"error","message":"  ts: '2026-09-06T07:13:08.299Z',","timestamp":"2026-09-06T07:13:08.309348442Z"}
{"level":"error","timestamp":"2026-09-06T07:13:08.309352332Z","message":"  reason: 'missing_token',"}
{"level":"error","timestamp":"2026-09-06T07:13:08.309355732Z","message":"  mode: 'monitor',"}
{"level":"error","timestamp":"2026-09-06T07:13:08.309358952Z","message":"  route: '/api/v2/events'"}
{"level":"error","message":"}","timestamp":"2026-09-06T07:13:08.309361952Z"}
{"timestamp":"2026-09-06T07:13:08.767814945Z","level":"info","message":"[ops] {"}
{"timestamp":"2026-09-06T07:13:08.767820075Z","message":"  event: 'studio.command_polled',","level":"info"}
{"level":"info","message":"  ts: '2026-09-06T07:13:08.759Z',","timestamp":"2026-09-06T07:13:08.767823055Z"}
{"level":"info","message":"  requestId: '4194c248-5580-44fa-b73b-6e27934fd3e1',","timestamp":"2026-09-06T07:13:08.767825975Z"}
{"message":"  sessionId: 'MLq8J3mhz56J6BRsAeQe',","level":"info","timestamp":"2026-09-06T07:13:08.767829045Z"}
{"level":"info","message":"  commandId: 'sc_d6ba093e21e4907339d9e420aa3edb6317916e921d0c26ec285c1c06d4af9871',","timestamp":"2026-09-06T07:13:08.767832135Z"}
{"level":"info","message":"  commandType: 'get_project_manifest',","timestamp":"2026-09-06T07:13:08.767835145Z"}
{"timestamp":"2026-09-06T07:13:08.767838085Z","level":"info","message":"  status: 'claimed'"}
{"level":"info","message":"}","timestamp":"2026-09-06T07:13:08.767841095Z"}
{"message":"[ops] {","timestamp":"2026-09-06T07:13:08.991744429Z","level":"info"}
{"message":"  event: 'studio.plugin_compatibility_handshake',","level":"info","timestamp":"2026-09-06T07:13:08.991749718Z"}
{"timestamp":"2026-09-06T07:13:08.991757998Z","level":"info","message":"  ts: '2026-09-06T07:13:08.780Z',"}
{"level":"info","message":"  requestId: 'bf3c1d3b-cb10-43e5-ba25-c2021f992cce',","timestamp":"2026-09-06T07:13:08.991765428Z"}
{"message":"  sessionId: 'MLq8J3mhz56J6BRsAeQe',","timestamp":"2026-09-06T07:13:08.991771038Z","level":"info"}
{"message":"  userId: '0VSQotqOXxPXBLeQu1gUNkXELWH3',","timestamp":"2026-09-06T07:13:08.991776828Z","level":"info"}
{"level":"info","message":"  status: 'compatible',","timestamp":"2026-09-06T07:13:08.991782248Z"}
{"message":"  reasonCodes: [],","timestamp":"2026-09-06T07:13:08.991788627Z","level":"info"}
{"timestamp":"2026-09-06T07:13:08.991793467Z","level":"info","message":"  buildId: 'nexusrbx-studio-0.14.0-r15-animation.12-toolbox',"}
{"message":"  attestationWritten: false,","timestamp":"2026-09-06T07:13:08.991798197Z","level":"info"}
{"timestamp":"2026-09-06T07:13:08.991803347Z","level":"info","message":"  repairDurationMs: 675"}
{"message":"}","timestamp":"2026-09-06T07:13:08.991807417Z","level":"info"}
{"message":"[ops] {","level":"info","timestamp":"2026-09-06T07:13:08.991812317Z"}
{"message":"  event: 'http_request',","level":"info","timestamp":"2026-09-06T07:13:08.991816937Z"}
{"level":"info","message":"  ts: '2026-09-06T07:13:08.780Z',","timestamp":"2026-09-06T07:13:08.991822677Z"}
{"message":"  requestId: 'bf3c1d3b-cb10-43e5-ba25-c2021f992cce',","timestamp":"2026-09-06T07:13:08.991828056Z","level":"info"}
{"level":"info","message":"  method: 'POST',","timestamp":"2026-09-06T07:13:08.991832856Z"}
{"level":"info","message":"  route: '/api/studio/session/ping',","timestamp":"2026-09-06T07:13:08.991838096Z"}
{"level":"info","message":"  status: 200,","timestamp":"2026-09-06T07:13:08.991843546Z"}
{"message":"  durationMs: 728","timestamp":"2026-09-06T07:13:08.991848326Z","level":"info"}
{"timestamp":"2026-09-06T07:13:08.991853426Z","message":"}","level":"info"}
{"message":"[ops] {","timestamp":"2026-09-06T07:13:08.991858296Z","level":"info"}
{"message":"  event: 'http_request',","timestamp":"2026-09-06T07:13:08.991863646Z","level":"info"}
{"timestamp":"2026-09-06T07:13:08.991868425Z","message":"  ts: '2026-09-06T07:13:08.815Z',","level":"info"}
{"timestamp":"2026-09-06T07:13:08.991872825Z","message":"  requestId: '4194c248-5580-44fa-b73b-6e27934fd3e1',","level":"info"}
{"level":"info","message":"  method: 'GET',","timestamp":"2026-09-06T07:13:08.991878055Z"}
{"timestamp":"2026-09-06T07:13:08.991882895Z","message":"  route: '/api/studio/commands/next',","level":"info"}
{"message":"  status: 200,","timestamp":"2026-09-06T07:13:08.991890395Z","level":"info"}
{"timestamp":"2026-09-06T07:13:08.991894795Z","level":"info","message":"  durationMs: 6390"}
{"message":"}","timestamp":"2026-09-06T07:13:08.992355553Z","level":"info"}
{"timestamp":"2026-09-06T07:13:08.992362763Z","message":"","level":"info","ts":"2026-09-06T07:13:08.893Z","outboxMessageId":null,"event":"studio_run_created","userIdHash":"61523b905e6d4bfa","created":true,"recoveryReason":null,"phase":"studio_run","agentId":null,"studioRunId":"studio_run_fce362f2ec4ed31fa39dbc7229b3142ecb577f8677e9e159","replayed":false,"errorCode":null,"recovered":false,"artifactJobId":"artifact_job_b8e08b840554ff094ae4bc80380bab8effe586ba0971de96","launchIdempotencyKeyHash":"183ecbc128daa950","chatId":"f5ddfb71-a497-40d2-b7a3-c3e1460ca4b0","clientOperationId":"plan_request_22dcbc0bb7b90fda8d37448e5aef733a108e59682d284373ca794221d74b7a28","agentRunId":null,"type":"launch_handoff_event","taskId":"task_7e45cbd45a8b9eb96a2ad9dde454892587bbafdc9c35cf207f3681505ed63882","chatOperationId":null}
{"timestamp":"2026-09-06T07:13:08.992370643Z","level":"info","message":"}"}
{"level":"info","timestamp":"2026-09-06T07:13:08.992381523Z","message":"[ops] {"}
{"message":"  event: 'http_request',","level":"info","timestamp":"2026-09-06T07:13:08.992388923Z"}
{"timestamp":"2026-09-06T07:13:08.992394283Z","message":"  ts: '2026-09-06T07:13:08.821Z',","level":"info"}
{"message":"  requestId: '7c1dc814-6e62-4146-8dcf-f0503301d6da',","timestamp":"2026-09-06T07:13:08.992398812Z","level":"info"}
{"level":"info","message":"  method: 'GET',","timestamp":"2026-09-06T07:13:08.992403472Z"}
{"timestamp":"2026-09-06T07:13:08.992407912Z","message":"  route: '/api/v2/events',","level":"info"}
{"timestamp":"2026-09-06T07:13:08.992412432Z","level":"info","message":"  status: 200,"}
{"timestamp":"2026-09-06T07:13:08.992416652Z","level":"info","message":"  durationMs: 522"}
{"message":"[ops] {","timestamp":"2026-09-06T07:13:09.031908854Z","level":"error"}
{"level":"error","timestamp":"2026-09-06T07:13:09.031915474Z","message":"  event: 'security.app_check_rejected',"}
{"level":"error","message":"  ts: '2026-09-06T07:13:09.029Z',","timestamp":"2026-09-06T07:13:09.031920414Z"}
{"timestamp":"2026-09-06T07:13:09.031923704Z","level":"error","message":"  reason: 'missing_token',"}
{"timestamp":"2026-09-06T07:13:09.031928154Z","level":"error","message":"  mode: 'monitor',"}
{"timestamp":"2026-09-06T07:13:09.031931544Z","message":"  route: '/api/studio/chat/bootstrap'","level":"error"}
{"message":"}","level":"error","timestamp":"2026-09-06T07:13:09.031934863Z"}
{"level":"info","message":"[ops] {","timestamp":"2026-09-06T07:13:09.363149055Z"}
{"level":"info","timestamp":"2026-09-06T07:13:09.363155405Z","message":"  event: 'http_request',"}
{"level":"info","message":"  ts: '2026-09-06T07:13:09.240Z',","timestamp":"2026-09-06T07:13:09.363159265Z"}
{"level":"info","message":"  requestId: '5aead09a-f3d9-4d99-93f0-da7b597c1d26',","timestamp":"2026-09-06T07:13:09.363163095Z"}
{"message":"  method: 'POST',","level":"info","timestamp":"2026-09-06T07:13:09.363166415Z"}
{"timestamp":"2026-09-06T07:13:09.363169825Z","level":"info","message":"  route: '/api/studio/mcp/session/ping',"}
{"message":"  status: 200,","timestamp":"2026-09-06T07:13:09.363173975Z","level":"info"}
{"message":"  durationMs: 368","timestamp":"2026-09-06T07:13:09.363177295Z","level":"info"}
{"message":"}","timestamp":"2026-09-06T07:13:09.363180495Z","level":"info"}
{"timestamp":"2026-09-06T07:13:09.363183565Z","level":"info","message":"[ops] {"}
{"level":"info","message":"  event: 'studio.command_polled',","timestamp":"2026-09-06T07:13:09.363186704Z"}
{"message":"  ts: '2026-09-06T07:13:09.252Z',","level":"info","timestamp":"2026-09-06T07:13:09.363190134Z"}
{"message":"  requestId: '12e37d96-97f2-4247-a8ff-81617292c114',","timestamp":"2026-09-06T07:13:09.363193884Z","level":"info"}
{"level":"info","timestamp":"2026-09-06T07:13:09.363197624Z","message":"  sessionId: 'DlvFpLpN0vX1CB5Fvwv9',"}
{"timestamp":"2026-09-06T07:13:09.363200934Z","message":"  status: 'empty'","level":"info"}
{"message":"}","timestamp":"2026-09-06T07:13:09.363204514Z","level":"info"}
{"message":"[ops] {","level":"info","timestamp":"2026-09-06T07:13:09.363207994Z"}
{"message":"  event: 'http_request',","timestamp":"2026-09-06T07:13:09.363211484Z","level":"info"}
{"timestamp":"2026-09-06T07:13:09.363214854Z","level":"info","message":"  ts: '2026-09-06T07:13:09.253Z',"}
{"timestamp":"2026-09-06T07:13:09.363218464Z","message":"  requestId: '12e37d96-97f2-4247-a8ff-81617292c114',","level":"info"}
{"message":"  method: 'GET',","level":"info","timestamp":"2026-09-06T07:13:09.363222264Z"}
{"level":"info","message":"  route: '/api/studio/mcp/commands/next',","timestamp":"2026-09-06T07:13:09.363225873Z"}
{"message":"  status: 204,","level":"info","timestamp":"2026-09-06T07:13:09.363229383Z"}
{"timestamp":"2026-09-06T07:13:09.363232633Z","level":"info","message":"  durationMs: 5572"}
{"message":"}","timestamp":"2026-09-06T07:13:09.363236073Z","level":"info"}
{"level":"info","timestamp":"2026-09-06T07:13:09.386504947Z","message":"[ops] {"}
{"timestamp":"2026-09-06T07:13:09.386510847Z","message":"  event: 'http_request',","level":"info"}
{"timestamp":"2026-09-06T07:13:09.386514357Z","level":"info","message":"  ts: '2026-09-06T07:13:09.381Z',"}
{"timestamp":"2026-09-06T07:13:09.386518047Z","level":"info","message":"  requestId: '13cba823-8b2b-4da8-b00d-b8203d011408',"}
{"level":"info","message":"  method: 'POST',","timestamp":"2026-09-06T07:13:09.386520967Z"}
{"message":"  route: '/api/studio/commands/:commandId/ack',","level":"info","timestamp":"2026-09-06T07:13:09.386524987Z"}
{"message":"  status: 200,","timestamp":"2026-09-06T07:13:09.386530237Z","level":"info"}
{"message":"  durationMs: 329","level":"info","timestamp":"2026-09-06T07:13:09.386532897Z"}
{"timestamp":"2026-09-06T07:13:09.386535756Z","level":"info","message":"}"}
{"event":"outbox_delivery_completed","timestamp":"2026-09-06T07:13:09.469137852Z","clientOperationId":null,"agentId":null,"userIdHash":"61523b905e6d4bfa","phase":"outbox_delivery","replayed":false,"type":"launch_handoff_event","recoveryReason":null,"message":"","chatId":null,"level":"info","ts":"2026-09-06T07:13:09.453Z","launchIdempotencyKeyHash":"183ecbc128daa950","agentRunId":null,"artifactJobId":"artifact_job_b8e08b840554ff094ae4bc80380bab8effe586ba0971de96","taskId":"task_7e45cbd45a8b9eb96a2ad9dde454892587bbafdc9c35cf207f3681505ed63882","chatOperationId":null,"outboxMessageId":"outbox-publication-v2_d3bc76469b520d53473e7fdb0cbfc596bc5e066f549dd5f777d9bff7b740adc7","studioRunId":"studio_run_fce362f2ec4ed31fa39dbc7229b3142ecb577f8677e9e159","created":false,"errorCode":null,"recovered":false}
{"timestamp":"2026-09-06T07:13:09.689002670Z","message":"[ops] {","level":"info"}
{"timestamp":"2026-09-06T07:13:09.689009030Z","message":"  event: 'http_request',","level":"info"}
{"message":"  ts: '2026-09-06T07:13:09.665Z',","timestamp":"2026-09-06T07:13:09.689013220Z","level":"info"}
{"level":"info","timestamp":"2026-09-06T07:13:09.689016619Z","message":"  requestId: '9ac832b9-ee80-4267-b47d-328f1261016f',"}
{"message":"  method: 'GET',","timestamp":"2026-09-06T07:13:09.689019739Z","level":"info"}
{"level":"info","message":"  route: '/api/studio/chat/bootstrap',","timestamp":"2026-09-06T07:13:09.689022649Z"}
{"timestamp":"2026-09-06T07:13:09.689025749Z","level":"info","message":"  status: 200,"}
{"timestamp":"2026-09-06T07:13:09.689028439Z","level":"info","message":"  durationMs: 636"}
{"level":"info","timestamp":"2026-09-06T07:13:09.689031309Z","message":"}"}
{"level":"info","message":"[ops] {","timestamp":"2026-09-06T07:13:10.033270219Z"}
{"level":"info","timestamp":"2026-09-06T07:13:10.033274119Z","message":"  route: '/api/studio/mcp/session/ping',"}
{"level":"info","message":"  event: 'http_request',","timestamp":"2026-09-06T07:13:10.033279389Z"}
{"level":"info","message":"  ts: '2026-09-06T07:13:09.914Z',","timestamp":"2026-09-06T07:13:10.033284329Z"}
{"timestamp":"2026-09-06T07:13:10.033292018Z","message":"  requestId: 'ffe864b3-140b-43e3-ac41-d5aee9a75441',","level":"info"}
{"timestamp":"2026-09-06T07:13:10.033296358Z","level":"info","message":"  method: 'POST',"}
{"timestamp":"2026-09-06T07:13:10.033300178Z","level":"info","message":"  route: '/api/studio/commands/:commandId/ack',"}
{"level":"info","message":"  status: 200,","timestamp":"2026-09-06T07:13:10.033303408Z"}
{"level":"info","message":"  durationMs: 194","timestamp":"2026-09-06T07:13:10.033306548Z"}
{"level":"info","message":"  status: 200,","timestamp":"2026-09-06T07:13:10.033309558Z"}
{"level":"info","timestamp":"2026-09-06T07:13:10.033311468Z","message":"}"}
{"message":"[ops] {","level":"info","timestamp":"2026-09-06T07:13:10.033315998Z"}
{"level":"info","message":"  event: 'http_request',","timestamp":"2026-09-06T07:13:10.033321518Z"}
{"timestamp":"2026-09-06T07:13:10.033327528Z","message":"  durationMs: 296","level":"info"}
{"message":"  ts: '2026-09-06T07:13:09.938Z',","level":"info","timestamp":"2026-09-06T07:13:10.033327818Z"}
{"message":"  requestId: 'f135478e-d616-4e95-ab5c-51fa3b3483c9',","timestamp":"2026-09-06T07:13:10.033334457Z","level":"info"}
{"timestamp":"2026-09-06T07:13:10.033340127Z","message":"}","level":"info"}
{"level":"info","message":"  method: 'POST',","timestamp":"2026-09-06T07:13:10.033342307Z"}
{"timestamp":"2026-09-06T07:13:10.226513319Z","level":"info","message":"[ops] {"}
{"timestamp":"2026-09-06T07:13:10.226522369Z","message":"  event: 'http_request',","level":"info"}
{"message":"  ts: '2026-09-06T07:13:10.222Z',","timestamp":"2026-09-06T07:13:10.226527589Z","level":"info"}
{"level":"info","message":"  requestId: 'd2b35c16-2f27-4f3e-b551-f721b0e8e6d3',","timestamp":"2026-09-06T07:13:10.226533629Z"}
{"timestamp":"2026-09-06T07:13:10.226538078Z","level":"info","message":"  method: 'POST',"}
{"message":"  route: '/api/ai/plans/:planId/execute,/ai/plan/:planId/execute',","level":"info","timestamp":"2026-09-06T07:13:10.226543008Z"}
{"timestamp":"2026-09-06T07:13:10.226547578Z","level":"info","message":"  status: 202,"}
{"level":"info","timestamp":"2026-09-06T07:13:10.226551678Z","message":"  durationMs: 34091"}
{"timestamp":"2026-09-06T07:13:10.226556258Z","level":"info","message":"}"}
{"level":"info","timestamp":"2026-09-06T07:13:10.521795885Z","message":"[ops] {"}
{"level":"info","timestamp":"2026-09-06T07:13:10.521800775Z","message":"  event: 'execution_verified',"}
{"message":"  ts: '2026-09-06T07:13:10.490Z',","timestamp":"2026-09-06T07:13:10.521804775Z","level":"info"}
{"level":"info","timestamp":"2026-09-06T07:13:10.521807995Z","message":"  commandType: 'get_project_manifest',"}
{"message":"  commandId: 'sc_d6ba093e21e4907339d9e420aa3edb6317916e921d0c26ec285c1c06d4af9871',","timestamp":"2026-09-06T07:13:10.521811355Z","level":"info"}
{"level":"info","message":"  sessionId: 'MLq8J3mhz56J6BRsAeQe',","timestamp":"2026-09-06T07:13:10.521815485Z"}
{"level":"info","message":"  targetId: 'st_8c5d17e8ee75c6d9aeebd894c2cadbf341aa72d1041774ef',","timestamp":"2026-09-06T07:13:10.521819325Z"}
{"message":"  rolledBack: false","timestamp":"2026-09-06T07:13:10.521823125Z","level":"info"}
{"message":"}","level":"info","timestamp":"2026-09-06T07:13:10.521826724Z"}
{"level":"info","message":"[ops] {","timestamp":"2026-09-06T07:13:10.702179623Z"}
{"message":"  event: 'http_request',","level":"info","timestamp":"2026-09-06T07:13:10.702185793Z"}
{"level":"info","message":"  ts: '2026-09-06T07:13:10.587Z',","timestamp":"2026-09-06T07:13:10.702190393Z"}
{"message":"  requestId: '237e1d09-d609-4e3e-8424-54578bc8198f',","level":"info","timestamp":"2026-09-06T07:13:10.702195283Z"}
{"timestamp":"2026-09-06T07:13:10.702202883Z","level":"info","message":"  method: 'OPTIONS',"}
{"message":"  route: '/api/v2/events',","level":"info","timestamp":"2026-09-06T07:13:10.702207303Z"}
{"message":"  status: 204,","level":"info","timestamp":"2026-09-06T07:13:10.702210863Z"}
{"timestamp":"2026-09-06T07:13:10.702214443Z","level":"info","message":"  durationMs: 0"}
{"message":"}","timestamp":"2026-09-06T07:13:10.702218042Z","level":"info"}
{"message":"[ops] {","level":"info","timestamp":"2026-09-06T07:13:10.702221362Z"}
{"timestamp":"2026-09-06T07:13:10.702224612Z","level":"info","message":"  event: 'http_request',"}
{"message":"  ts: '2026-09-06T07:13:10.587Z',","timestamp":"2026-09-06T07:13:10.702228082Z","level":"info"}
{"level":"info","message":"  requestId: 'a62cebf9-695b-4f1b-a2e2-13b5d0bf486e',","timestamp":"2026-09-06T07:13:10.702231972Z"}
{"timestamp":"2026-09-06T07:13:10.702235252Z","level":"info","message":"  method: 'OPTIONS',"}
{"level":"info","message":"  route: '/api/v2/agents/active',","timestamp":"2026-09-06T07:13:10.702238482Z"}
{"message":"  status: 204,","level":"info","timestamp":"2026-09-06T07:13:10.702241932Z"}
{"level":"info","timestamp":"2026-09-06T07:13:10.702245432Z","message":"  durationMs: 0"}
{"message":"}","timestamp":"2026-09-06T07:13:10.702248192Z","level":"info"}
{"message":"[ops] {","timestamp":"2026-09-06T07:13:10.702254412Z","level":"info"}
{"message":"  event: 'studio.command_acknowledged',","timestamp":"2026-09-06T07:13:10.702257631Z","level":"info"}
{"message":"  ts: '2026-09-06T07:13:10.662Z',","timestamp":"2026-09-06T07:13:10.702261011Z","level":"info"}
{"level":"info","message":"  requestId: '76476e0f-93d8-4368-bbda-90dc5bcefb83',","timestamp":"2026-09-06T07:13:10.702265011Z"}
{"message":"  sessionId: 'MLq8J3mhz56J6BRsAeQe',","timestamp":"2026-09-06T07:13:10.702268531Z","level":"info"}
{"message":"  commandId: 'sc_d6ba093e21e4907339d9e420aa3edb6317916e921d0c26ec285c1c06d4af9871',","timestamp":"2026-09-06T07:13:10.702272131Z","level":"info"}
{"level":"info","message":"  commandType: 'get_project_manifest',","timestamp":"2026-09-06T07:13:10.702275821Z"}
{"timestamp":"2026-09-06T07:13:10.702279071Z","level":"info","message":"  commandStatus: 'succeeded',"}
{"timestamp":"2026-09-06T07:13:10.702282211Z","level":"info","message":"  hasRunId: true"}
{"message":"}","timestamp":"2026-09-06T07:13:10.702285001Z","level":"info"}
{"message":"[ops] {","level":"error","timestamp":"2026-09-06T07:13:10.985868146Z"}
{"message":"  event: 'security.app_check_rejected',","timestamp":"2026-09-06T07:13:10.985871306Z","level":"error"}
{"message":"  ts: '2026-09-06T07:13:10.789Z',","timestamp":"2026-09-06T07:13:10.985875046Z","level":"error"}
{"timestamp":"2026-09-06T07:13:10.985878586Z","message":"  reason: 'missing_token',","level":"error"}
{"timestamp":"2026-09-06T07:13:10.985882076Z","message":"  mode: 'monitor',","level":"error"}
{"level":"error","timestamp":"2026-09-06T07:13:10.985885806Z","message":"  route: '/api/v2/agents/active'"}
{"message":"}","timestamp":"2026-09-06T07:13:10.985889106Z","level":"error"}
{"message":"[ops] {","level":"error","timestamp":"2026-09-06T07:13:10.985892066Z"}
{"timestamp":"2026-09-06T07:13:10.985895436Z","message":"  event: 'security.app_check_rejected',","level":"error"}
{"timestamp":"2026-09-06T07:13:10.985899256Z","message":"  ts: '2026-09-06T07:13:10.790Z',","level":"error"}
{"level":"error","message":"  reason: 'missing_token',","timestamp":"2026-09-06T07:13:10.985903636Z"}
{"timestamp":"2026-09-06T07:13:10.985910355Z","level":"error","message":"  mode: 'monitor',"}
{"message":"  route: '/api/v2/events'","level":"error","timestamp":"2026-09-06T07:13:10.985914375Z"}
{"message":"}","timestamp":"2026-09-06T07:13:10.985917875Z","level":"error"}
{"timestamp":"2026-09-06T07:13:10.985921825Z","level":"info","message":"[ops] {"}
{"message":"  event: 'http_request',","timestamp":"2026-09-06T07:13:10.985925745Z","level":"info"}
{"message":"  ts: '2026-09-06T07:13:10.857Z',","timestamp":"2026-09-06T07:13:10.985929995Z","level":"info"}
{"timestamp":"2026-09-06T07:13:10.985933635Z","message":"  requestId: '4e942483-35bd-4cde-8928-2bfe77679521',","level":"info"}
{"message":"  method: 'GET',","timestamp":"2026-09-06T07:13:10.985937425Z","level":"info"}
{"timestamp":"2026-09-06T07:13:10.985941345Z","message":"  route: '/api/v2/agents/active',","level":"info"}
{"timestamp":"2026-09-06T07:13:10.985944875Z","level":"info","message":"  status: 200,"}
{"message":"  durationMs: 69","level":"info","timestamp":"2026-09-06T07:13:10.985948584Z"}
{"message":"}","level":"info","timestamp":"2026-09-06T07:13:10.985952074Z"}
{"timestamp":"2026-09-06T07:13:11.407500904Z","level":"info","message":"[ops] {"}
{"timestamp":"2026-09-06T07:13:11.407506054Z","level":"info","message":"  event: 'manifest_page_persist_ms',"}
{"message":"  ts: '2026-09-06T07:13:11.397Z',","timestamp":"2026-09-06T07:13:11.407508834Z","level":"info"}
{"timestamp":"2026-09-06T07:13:11.407511564Z","level":"info","message":"  value: 280,"}
{"message":"  userId: '0VSQotqOXxPXBLeQu1gUNkXELWH3',","timestamp":"2026-09-06T07:13:11.407514664Z","level":"info"}
{"timestamp":"2026-09-06T07:13:11.407517504Z","message":"  sessionId: 'MLq8J3mhz56J6BRsAeQe',","level":"info"}
{"message":"  revision: 'b7d64df9-4f3b-4953-9e19-1bd6fc98d291',","timestamp":"2026-09-06T07:13:11.407520594Z","level":"info"}
{"timestamp":"2026-09-06T07:13:11.407524554Z","level":"info","message":"  itemCount: 23"}
{"message":"}","timestamp":"2026-09-06T07:13:11.407527384Z","level":"info"}
{"message":"[ops] {","timestamp":"2026-09-06T07:13:11.407530154Z","level":"info"}
{"timestamp":"2026-09-06T07:13:11.407532904Z","level":"info","message":"  event: 'manifest_state_read_count',"}
{"timestamp":"2026-09-06T07:13:11.407535254Z","level":"info","message":"  ts: '2026-09-06T07:13:11.397Z',"}
{"timestamp":"2026-09-06T07:13:11.407537533Z","message":"  value: 0,","level":"info"}
{"level":"info","message":"  operation: 'persist_manifest_items'","timestamp":"2026-09-06T07:13:11.407540083Z"}
{"message":"}","level":"info","timestamp":"2026-09-06T07:13:11.407542413Z"}
{"message":"[ops] {","timestamp":"2026-09-06T07:13:11.407545423Z","level":"info"}
{"message":"  event: 'manifest_item_read_count',","timestamp":"2026-09-06T07:13:11.407547923Z","level":"info"}
{"message":"  ts: '2026-09-06T07:13:11.397Z',","timestamp":"2026-09-06T07:13:11.407550553Z","level":"info"}
{"level":"info","timestamp":"2026-09-06T07:13:11.407553213Z","message":"  value: 23,"}
{"level":"info","message":"  operation: 'persist_manifest_items'","timestamp":"2026-09-06T07:13:11.407555453Z"}
{"timestamp":"2026-09-06T07:13:11.407558003Z","level":"info","message":"}"}
{"timestamp":"2026-09-06T07:13:11.407561663Z","message":"[ops] {","level":"info"}
{"message":"  event: 'manifest_write_count',","timestamp":"2026-09-06T07:13:11.407564273Z","level":"info"}
{"timestamp":"2026-09-06T07:13:11.407566693Z","level":"info","message":"  ts: '2026-09-06T07:13:11.397Z',"}
{"timestamp":"2026-09-06T07:13:11.407568973Z","message":"  value: 23,","level":"info"}
{"timestamp":"2026-09-06T07:13:11.407571843Z","message":"  operation: 'persist_manifest_items'","level":"info"}
{"level":"info","message":"}","timestamp":"2026-09-06T07:13:11.407574463Z"}
{"timestamp":"2026-09-06T07:13:11.549817867Z","message":"[ops] {","level":"info"}
{"message":"  event: 'http_request',","timestamp":"2026-09-06T07:13:11.549826836Z","level":"info"}
{"timestamp":"2026-09-06T07:13:11.549830766Z","level":"info","message":"  ts: '2026-09-06T07:13:11.533Z',"}
{"message":"  requestId: '5923021d-0009-437d-9f3d-953bd5fc0b53',","level":"info","timestamp":"2026-09-06T07:13:11.549833926Z"}
{"level":"info","message":"  method: 'GET',","timestamp":"2026-09-06T07:13:11.549836496Z"}
{"level":"info","message":"  route: '/api/v2/events',","timestamp":"2026-09-06T07:13:11.549839756Z"}
{"timestamp":"2026-09-06T07:13:11.549842786Z","message":"  status: 200,","level":"info"}
{"timestamp":"2026-09-06T07:13:11.549845586Z","message":"  durationMs: 744","level":"info"}
{"message":"}","timestamp":"2026-09-06T07:13:11.549848426Z","level":"info"}
{"message":"[ops] {","timestamp":"2026-09-06T07:13:12.336140445Z","level":"info"}
{"message":"  event: 'manifest_cleanup_deferred',","timestamp":"2026-09-06T07:13:12.336145525Z","level":"info"}
{"message":"  ts: '2026-09-06T07:13:12.334Z',","level":"info","timestamp":"2026-09-06T07:13:12.336148555Z"}
{"message":"  userId: '0VSQotqOXxPXBLeQu1gUNkXELWH3',","timestamp":"2026-09-06T07:13:12.336151605Z","level":"info"}
{"message":"  sessionId: 'MLq8J3mhz56J6BRsAeQe'","level":"info","timestamp":"2026-09-06T07:13:12.336154415Z"}
{"level":"info","message":"}","timestamp":"2026-09-06T07:13:12.336156915Z"}
{"level":"info","timestamp":"2026-09-06T07:13:12.481296739Z","message":"[ops] {"}
{"timestamp":"2026-09-06T07:13:12.481301289Z","message":"  event: 'studio.manifest_persisted',","level":"info"}
{"timestamp":"2026-09-06T07:13:12.481305729Z","level":"info","message":"  ts: '2026-09-06T07:13:12.425Z',"}
{"message":"  requestId: '76476e0f-93d8-4368-bbda-90dc5bcefb83',","timestamp":"2026-09-06T07:13:12.481309449Z","level":"info"}
{"timestamp":"2026-09-06T07:13:12.481313299Z","level":"info","message":"  sessionId: 'MLq8J3mhz56J6BRsAeQe',"}
{"timestamp":"2026-09-06T07:13:12.481317609Z","message":"  commandId: 'sc_d6ba093e21e4907339d9e420aa3edb6317916e921d0c26ec285c1c06d4af9871',","level":"info"}
{"timestamp":"2026-09-06T07:13:12.481321479Z","level":"info","message":"  commandType: 'get_project_manifest',"}
{"timestamp":"2026-09-06T07:13:12.481324849Z","message":"  revision: 'b7d64df9-4f3b-4953-9e19-1bd6fc98d291',","level":"info"}
{"level":"info","timestamp":"2026-09-06T07:13:12.481328249Z","message":"  status: 'complete',"}
{"timestamp":"2026-09-06T07:13:12.481331769Z","level":"info","message":"  itemCount: 23,"}
{"message":"  nextPageQueued: false","timestamp":"2026-09-06T07:13:12.481334899Z","level":"info"}
{"timestamp":"2026-09-06T07:13:12.481338918Z","level":"info","message":"}"}
{"message":"[ops] {","timestamp":"2026-09-06T07:13:13.089406100Z","level":"info"}
{"level":"info","message":"  event: 'http_request',","timestamp":"2026-09-06T07:13:13.089410040Z"}
{"timestamp":"2026-09-06T07:13:13.089417220Z","level":"info","message":"  ts: '2026-09-06T07:13:13.083Z',"}
{"level":"info","timestamp":"2026-09-06T07:13:13.089420430Z","message":"  requestId: 'e19c1569-f1d0-47ef-a252-f76fdb87d188',"}
{"timestamp":"2026-09-06T07:13:13.089423480Z","message":"  method: 'OPTIONS',","level":"info"}
{"timestamp":"2026-09-06T07:13:13.089426220Z","level":"info","message":"  route: '/api/v2/events',"}
{"timestamp":"2026-09-06T07:13:13.089428569Z","level":"info","message":"  status: 204,"}
{"timestamp":"2026-09-06T07:13:13.089431029Z","level":"info","message":"  durationMs: 0"}
{"level":"info","timestamp":"2026-09-06T07:13:13.089433889Z","message":"}"}
{"message":"[ops] {","level":"error","timestamp":"2026-09-06T07:13:13.363063985Z"}
{"timestamp":"2026-09-06T07:13:13.363067425Z","level":"error","message":"  event: 'security.app_check_rejected',"}
{"level":"error","message":"  ts: '2026-09-06T07:13:13.261Z',","timestamp":"2026-09-06T07:13:13.363070695Z"}
{"message":"  reason: 'missing_token',","timestamp":"2026-09-06T07:13:13.363073315Z","level":"error"}
{"level":"error","message":"  mode: 'monitor',","timestamp":"2026-09-06T07:13:13.363076115Z"}
{"level":"error","timestamp":"2026-09-06T07:13:13.363079155Z","message":"  route: '/api/v2/events'"}
{"timestamp":"2026-09-06T07:13:13.363082055Z","level":"error","message":"}"}
{"timestamp":"2026-09-06T07:13:13.363085045Z","message":"[studio-agent-manifest-page] {\"runId\":\"studio_run_fce362f2ec4ed31fa39dbc7229b3142ecb577f8677e9e159\",\"revision\":\"b7d64df9-4f3b-4953-9e19-1bd6fc98d291\",\"cursor\":\"\",\"nextCursor\":null,\"commandId\":\"sc_d6ba093e21e4907339d9e420aa3edb6317916e921d0c26ec285c1c06d4af9871\",\"stepId\":\"ms_fca467d687842b49494e9141e0c94106707de1b9ba9b889280fa758fce1807e1\",\"itemCount\":23,\"totalInstances\":23,\"terminalPage\":true,\"tryCompleteResult\":true,\"tryCompleteReason\":null}","level":"info"}
{"message":"[ops] {","level":"info","timestamp":"2026-09-06T07:13:13.774919929Z"}
{"message":"  event: 'manifest_cleanup_completed',","timestamp":"2026-09-06T07:13:13.774924809Z","level":"info"}
{"level":"info","message":"  ts: '2026-09-06T07:13:13.766Z',","timestamp":"2026-09-06T07:13:13.774933189Z"}
{"timestamp":"2026-09-06T07:13:13.774935659Z","level":"info","message":"  userId: '0VSQotqOXxPXBLeQu1gUNkXELWH3',"}
{"message":"  sessionId: 'MLq8J3mhz56J6BRsAeQe',","timestamp":"2026-09-06T07:13:13.774938979Z","level":"info"}
{"message":"  scanned: 5,","timestamp":"2026-09-06T07:13:13.774941948Z","level":"info"}
{"timestamp":"2026-09-06T07:13:13.774944368Z","message":"  deletedRevisions: 1,","level":"info"}
{"level":"info","message":"  skipped: 4,","timestamp":"2026-09-06T07:13:13.774946768Z"}
{"level":"info","message":"  deletedDocuments: 24","timestamp":"2026-09-06T07:13:13.774949438Z"}
{"level":"info","timestamp":"2026-09-06T07:13:13.774951918Z","message":"}"}
{"timestamp":"2026-09-06T07:13:13.841414718Z","level":"info","message":"[ops] {"}
{"timestamp":"2026-09-06T07:13:13.841424288Z","message":"  event: 'http_request',","level":"info"}
{"timestamp":"2026-09-06T07:13:13.841429048Z","level":"info","message":"  ts: '2026-09-06T07:13:13.840Z',"}
{"level":"info","timestamp":"2026-09-06T07:13:13.841433528Z","message":"  requestId: '63c426f0-ad85-4cd8-8286-77e51f6dfa83',"}
{"message":"  method: 'GET',","timestamp":"2026-09-06T07:13:13.841436627Z","level":"info"}
{"level":"info","message":"  route: '/api/v2/events',","timestamp":"2026-09-06T07:13:13.841440367Z"}
{"level":"info","timestamp":"2026-09-06T07:13:13.841443337Z","message":"  status: 200,"}
{"message":"  durationMs: 579","level":"info","timestamp":"2026-09-06T07:13:13.841446367Z"}
{"level":"info","timestamp":"2026-09-06T07:13:13.841449237Z","message":"}"}
{"jobId":null,"timestamp":"2026-09-06T07:13:14.254294771Z","counter":"studio_session","message":"","type":"firestore_write_metric","ts":1788678794252,"level":"info","total":67,"sessionId":"Iog4rWn0F2wcGR9xp3Jq","writesPerStudioSessionHour":64,"count":1}
{"sessionId":"Iog4rWn0F2wcGR9xp3Jq","counter":"studio_session","count":1,"ts":1788678794503,"timestamp":"2026-09-06T07:13:14.507693541Z","type":"firestore_write_metric","level":"info","message":"","total":68,"writesPerStudioSessionHour":65,"jobId":null}
{"level":"info","message":"[ops] {","timestamp":"2026-09-06T07:13:14.507698800Z"}
{"timestamp":"2026-09-06T07:13:14.507702310Z","message":"  event: 'studio.plugin_compatibility_handshake',","level":"info"}
{"level":"info","message":"  ts: '2026-09-06T07:13:14.503Z',","timestamp":"2026-09-06T07:13:14.507705910Z"}
{"timestamp":"2026-09-06T07:13:14.507709090Z","level":"info","message":"  requestId: 'ad1af7da-c745-492e-94c0-1bdd0443d394',"}
{"level":"info","message":"  sessionId: 'Iog4rWn0F2wcGR9xp3Jq',","timestamp":"2026-09-06T07:13:14.507711860Z"}
{"timestamp":"2026-09-06T07:13:14.507714590Z","level":"info","message":"  userId: 'klu6Sv5QeEgYWlHjsgQwMkZCvsb2',"}
{"timestamp":"2026-09-06T07:13:14.507716960Z","message":"  status: 'degraded',","level":"info"}
{"timestamp":"2026-09-06T07:13:14.507719470Z","message":"  reasonCodes: [ 'command_unavailable' ],","level":"info"}
{"timestamp":"2026-09-06T07:13:14.507722220Z","level":"info","message":"  buildId: 'nexusrbx-studio-0.14.0-r15-animation.10-native-value-normalization',"}
{"message":"  attestationWritten: true,","level":"info","timestamp":"2026-09-06T07:13:14.507724960Z"}
{"level":"info","message":"  repairDurationMs: 434","timestamp":"2026-09-06T07:13:14.507727650Z"}
{"message":"}","timestamp":"2026-09-06T07:13:14.507731980Z","level":"info"}
{"message":"[ops] {","level":"info","timestamp":"2026-09-06T07:13:14.507734400Z"}
{"level":"info","timestamp":"2026-09-06T07:13:14.507736999Z","message":"  event: 'http_request',"}
{"timestamp":"2026-09-06T07:13:14.507739569Z","level":"info","message":"  ts: '2026-09-06T07:13:14.503Z',"}
{"timestamp":"2026-09-06T07:13:14.507742269Z","level":"info","message":"  requestId: 'ad1af7da-c745-492e-94c0-1bdd0443d394',"}
{"timestamp":"2026-09-06T07:13:14.507744849Z","level":"info","message":"  method: 'POST',"}
{"timestamp":"2026-09-06T07:13:14.507747579Z","level":"info","message":"  route: '/api/studio/session/ping',"}
{"timestamp":"2026-09-06T07:13:14.507749849Z","message":"  status: 200,","level":"info"}
{"level":"info","timestamp":"2026-09-06T07:13:14.507752819Z","message":"  durationMs: 489"}
{"message":"}","level":"info","timestamp":"2026-09-06T07:13:14.507755389Z"}
{"level":"info","message":"  route: '/api/v2/events',","timestamp":"2026-09-06T07:13:15.606960154Z"}
{"timestamp":"2026-09-06T07:13:15.606966144Z","message":"  status: 204,","level":"info"}
{"timestamp":"2026-09-06T07:13:15.606969784Z","level":"info","message":"  durationMs: 0"}
{"message":"}","level":"info","timestamp":"2026-09-06T07:13:15.606973064Z"}
{"level":"info","message":"[ops] {","timestamp":"2026-09-06T07:13:15.606980444Z"}
{"level":"info","timestamp":"2026-09-06T07:13:15.606985554Z","message":"  event: 'http_request',"}
{"message":"  ts: '2026-09-06T07:13:15.589Z',","level":"info","timestamp":"2026-09-06T07:13:15.606988914Z"}
{"timestamp":"2026-09-06T07:13:15.606992804Z","message":"  requestId: 'f771d804-6669-4013-829c-82f83722375d',","level":"info"}
{"level":"info","timestamp":"2026-09-06T07:13:15.606996504Z","message":"  method: 'OPTIONS',"}
{"timestamp":"2026-09-06T07:13:15.850404544Z","level":"error","message":"[ops] {"}
{"message":"  event: 'security.app_check_rejected',","level":"error","timestamp":"2026-09-06T07:13:15.850409154Z"}
{"message":"  ts: '2026-09-06T07:13:15.786Z',","timestamp":"2026-09-06T07:13:15.850413803Z","level":"error"}
{"timestamp":"2026-09-06T07:13:15.850418093Z","message":"  reason: 'missing_token',","level":"error"}
{"level":"error","message":"  mode: 'monitor',","timestamp":"2026-09-06T07:13:15.850422913Z"}
{"timestamp":"2026-09-06T07:13:15.850426993Z","level":"error","message":"  route: '/api/v2/events'"}
{"level":"error","message":"}","timestamp":"2026-09-06T07:13:15.850430963Z"}
{"sessionId":null,"message":"","level":"info","type":"firestore_write_metric","counter":"job_document","ts":1788678796185,"jobId":"artifact_job_b8e08b840554ff094ae4bc80380bab8effe586ba0971de96","count":1,"timestamp":"2026-09-06T07:13:16.291666842Z","total":5}
{"total":3,"message":"","timestamp":"2026-09-06T07:13:16.291671632Z","level":"info","sessionId":null,"type":"firestore_write_metric","counter":"job_event_document","jobId":"artifact_job_b8e08b840554ff094ae4bc80380bab8effe586ba0971de96","ts":1788678796185,"count":1}
{"level":"info","message":"[ops] {","timestamp":"2026-09-06T07:13:16.291675112Z"}
{"level":"info","message":"  event: 'manifest_context_ensure_started',","timestamp":"2026-09-06T07:13:16.291679072Z"}
{"level":"info","message":"  ts: '2026-09-06T07:13:16.191Z',","timestamp":"2026-09-06T07:13:16.291683271Z"}
{"level":"info","message":"  userId: '0VSQotqOXxPXBLeQu1gUNkXELWH3',","timestamp":"2026-09-06T07:13:16.291686731Z"}
{"message":"  sessionId: 'MLq8J3mhz56J6BRsAeQe',","level":"info","timestamp":"2026-09-06T07:13:16.291690401Z"}
{"level":"info","message":"  requireFreshForWrite: true","timestamp":"2026-09-06T07:13:16.291694591Z"}
{"timestamp":"2026-09-06T07:13:16.291697891Z","level":"info","message":"}"}
{"timestamp":"2026-09-06T07:13:16.366799231Z","level":"info","message":"[ops] {"}
{"message":"  event: 'manifest_state_read_count',","timestamp":"2026-09-06T07:13:16.366806531Z","level":"info"}
{"message":"  ts: '2026-09-06T07:13:16.354Z',","timestamp":"2026-09-06T07:13:16.366810781Z","level":"info"}
{"timestamp":"2026-09-06T07:13:16.366814241Z","level":"info","message":"  userId: '0VSQotqOXxPXBLeQu1gUNkXELWH3',"}
{"level":"info","message":"  sessionId: 'MLq8J3mhz56J6BRsAeQe',","timestamp":"2026-09-06T07:13:16.366817201Z"}
{"timestamp":"2026-09-06T07:13:16.366820820Z","level":"info","message":"  value: 1"}
{"level":"info","message":"}","timestamp":"2026-09-06T07:13:16.366824420Z"}
{"level":"info","timestamp":"2026-09-06T07:13:16.419338887Z","message":"  event: 'manifest_ensure_ms',"}
{"message":"[ops] {","timestamp":"2026-09-06T07:13:16.419339457Z","level":"info"}
{"level":"info","message":"  ts: '2026-09-06T07:13:16.415Z',","timestamp":"2026-09-06T07:13:16.419345237Z"}
{"message":"  event: 'manifest_cache_hit',","level":"info","timestamp":"2026-09-06T07:13:16.419347687Z"}
{"message":"  status: 'fresh',","timestamp":"2026-09-06T07:13:16.419349297Z","level":"info"}
{"message":"  blockerCode: 'none',","timestamp":"2026-09-06T07:13:16.419352807Z","level":"info"}
{"message":"  ts: '2026-09-06T07:13:16.415Z',","level":"info","timestamp":"2026-09-06T07:13:16.419353017Z"}
{"timestamp":"2026-09-06T07:13:16.419356697Z","level":"info","message":"  userId: '0VSQotqOXxPXBLeQu1gUNkXELWH3',"}
{"timestamp":"2026-09-06T07:13:16.419357646Z","level":"info","message":"  targetId: 'st_8c5d17e8ee75c6d9aeebd894c2cadbf341aa72d1041774ef',"}
{"level":"info","message":"  sessionId: 'MLq8J3mhz56J6BRsAeQe',","timestamp":"2026-09-06T07:13:16.419361476Z"}
{"level":"info","message":"  placeSignature: '3fd89e84',","timestamp":"2026-09-06T07:13:16.419362496Z"}
{"message":"  revision: 'b7d64df9-4f3b-4953-9e19-1bd6fc98d291',","timestamp":"2026-09-06T07:13:16.419367146Z","level":"info"}
{"level":"info","message":"  revision: 'b7d64df9-4f3b-4953-9e19-1bd6fc98d291',","timestamp":"2026-09-06T07:13:16.419367176Z"}
{"timestamp":"2026-09-06T07:13:16.419372036Z","level":"info","message":"  refreshQueued: false,"}
{"level":"info","message":"  ageMs: 4176","timestamp":"2026-09-06T07:13:16.419373186Z"}
{"level":"info","message":"[ops] {","timestamp":"2026-09-06T07:13:16.419378276Z"}
{"level":"info","timestamp":"2026-09-06T07:13:16.419378276Z","message":"  refreshQueued: false,"}
{"timestamp":"2026-09-06T07:13:16.419378336Z","message":"}","level":"info"}
{"message":"  refreshDeduplicated: false","timestamp":"2026-09-06T07:13:16.419391026Z","level":"info"}
{"timestamp":"2026-09-06T07:13:16.419393656Z","level":"info","message":"  event: 'manifest_context_ensure_completed',"}
{"timestamp":"2026-09-06T07:13:16.419396036Z","level":"info","message":"}"}
{"level":"info","message":"[ops] {","timestamp":"2026-09-06T07:13:16.419400495Z"}
{"level":"info","message":"  ts: '2026-09-06T07:13:16.415Z',","timestamp":"2026-09-06T07:13:16.419408215Z"}
{"level":"info","timestamp":"2026-09-06T07:13:16.419413875Z","message":"  status: 'fresh',"}
{"timestamp":"2026-09-06T07:13:16.419419845Z","message":"  blockerCode: 'none',","level":"info"}
{"timestamp":"2026-09-06T07:13:16.419425095Z","message":"  targetId: 'st_8c5d17e8ee75c6d9aeebd894c2cadbf341aa72d1041774ef',","level":"info"}
{"timestamp":"2026-09-06T07:13:16.419436835Z","level":"info","message":"  placeSignature: '3fd89e84',"}
{"message":"  revision: 'b7d64df9-4f3b-4953-9e19-1bd6fc98d291',","timestamp":"2026-09-06T07:13:16.419440574Z","level":"info"}
{"message":"  refreshDeduplicated: false,","level":"info","timestamp":"2026-09-06T07:13:16.420360912Z"}
{"timestamp":"2026-09-06T07:13:16.420366422Z","level":"info","message":"  value: 224"}
{"timestamp":"2026-09-06T07:13:16.420371252Z","level":"info","message":"}"}
{"message":"[ops] {","timestamp":"2026-09-06T07:13:16.420375241Z","level":"info"}
{"timestamp":"2026-09-06T07:13:16.420379611Z","level":"info","message":"  event: 'manifest_first_context_ms',"}
{"message":"  ts: '2026-09-06T07:13:16.415Z',","level":"info","timestamp":"2026-09-06T07:13:16.420383381Z"}
{"message":"  status: 'fresh',","level":"info","timestamp":"2026-09-06T07:13:16.420387411Z"}
{"timestamp":"2026-09-06T07:13:16.420391101Z","level":"info","message":"  blockerCode: 'none',"}
{"level":"info","message":"  targetId: 'st_8c5d17e8ee75c6d9aeebd894c2cadbf341aa72d1041774ef',","timestamp":"2026-09-06T07:13:16.420394821Z"}
{"timestamp":"2026-09-06T07:13:16.420399241Z","level":"info","message":"  placeSignature: '3fd89e84',"}
{"level":"info","timestamp":"2026-09-06T07:13:16.420402561Z","message":"  revision: 'b7d64df9-4f3b-4953-9e19-1bd6fc98d291',"}
{"timestamp":"2026-09-06T07:13:16.420406331Z","level":"info","message":"  refreshQueued: false,"}
{"timestamp":"2026-09-06T07:13:16.420409981Z","level":"info","message":"  refreshDeduplicated: false,"}
{"timestamp":"2026-09-06T07:13:16.420413611Z","message":"  value: 224","level":"info"}
{"timestamp":"2026-09-06T07:13:16.420417030Z","level":"info","message":"}"}
{"level":"info","message":"[ops] {","timestamp":"2026-09-06T07:13:16.461318373Z"}
{"timestamp":"2026-09-06T07:13:16.461323473Z","level":"info","message":"  event: 'http_request',"}
{"timestamp":"2026-09-06T07:13:16.461331572Z","message":"  ts: '2026-09-06T07:13:16.444Z',","level":"info"}
{"level":"info","message":"  requestId: 'd77da01e-c076-4599-9ee0-c8227fb96ad8',","timestamp":"2026-09-06T07:13:16.461335902Z"}
{"timestamp":"2026-09-06T07:13:16.461340232Z","level":"info","message":"  method: 'GET',"}
{"message":"  route: '/api/v2/events',","timestamp":"2026-09-06T07:13:16.461347362Z","level":"info"}
{"timestamp":"2026-09-06T07:13:16.461351302Z","message":"  status: 200,","level":"info"}
{"timestamp":"2026-09-06T07:13:16.461355302Z","message":"  durationMs: 658","level":"info"}
{"timestamp":"2026-09-06T07:13:16.461359612Z","level":"info","message":"}"}
{"message":"[ops] {","level":"info","timestamp":"2026-09-06T07:13:16.991153352Z"}
{"level":"info","message":"  event: 'http_request',","timestamp":"2026-09-06T07:13:16.991157461Z"}
{"level":"info","message":"  ts: '2026-09-06T07:13:16.740Z',","timestamp":"2026-09-06T07:13:16.991161761Z"}
{"message":"  requestId: '75af4c83-075e-4bb5-801b-3e50f2c01857',","level":"info","timestamp":"2026-09-06T07:13:16.991166771Z"}
{"timestamp":"2026-09-06T07:13:16.991171311Z","level":"info","message":"  method: 'OPTIONS',"}
{"level":"info","message":"  route: '/api/studio/status',","timestamp":"2026-09-06T07:13:16.991175091Z"}
{"message":"  status: 204,","level":"info","timestamp":"2026-09-06T07:13:16.991179261Z"}
{"message":"  durationMs: 0","timestamp":"2026-09-06T07:13:16.991183461Z","level":"info"}
{"message":"}","level":"info","timestamp":"2026-09-06T07:13:16.991189131Z"}
{"message":"}","level":"error","timestamp":"2026-09-06T07:13:16.991190951Z"}
{"message":"[ops] {","timestamp":"2026-09-06T07:13:16.991194481Z","level":"info"}
{"level":"info","message":"  event: 'http_request',","timestamp":"2026-09-06T07:13:16.991198360Z"}
{"timestamp":"2026-09-06T07:13:16.991201620Z","message":"  ts: '2026-09-06T07:13:16.742Z',","level":"info"}
{"level":"info","message":"  requestId: 'b8fdf201-4b57-4014-9c4e-5467bb4152bf',","timestamp":"2026-09-06T07:13:16.991205470Z"}
{"timestamp":"2026-09-06T07:13:16.991211870Z","level":"info","message":"  method: 'OPTIONS',"}
{"timestamp":"2026-09-06T07:13:16.991215410Z","level":"info","message":"  route: '/api/studio/mcp/status',"}
{"timestamp":"2026-09-06T07:13:16.991219280Z","level":"info","message":"  status: 204,"}
{"level":"info","message":"  durationMs: 0","timestamp":"2026-09-06T07:13:16.991222990Z"}
{"message":"}","timestamp":"2026-09-06T07:13:16.991226520Z","level":"info"}
{"timestamp":"2026-09-06T07:13:16.991230060Z","level":"error","message":"[ops] {"}
{"message":"  event: 'security.app_check_rejected',","level":"error","timestamp":"2026-09-06T07:13:16.991233710Z"}
{"message":"  ts: '2026-09-06T07:13:16.950Z',","timestamp":"2026-09-06T07:13:16.991237680Z","level":"error"}
{"timestamp":"2026-09-06T07:13:16.991241389Z","level":"error","message":"  reason: 'missing_token',"}
{"timestamp":"2026-09-06T07:13:16.991244939Z","level":"error","message":"  mode: 'monitor',"}
{"level":"error","timestamp":"2026-09-06T07:13:16.991248229Z","message":"  route: '/api/studio/status'"}
{"timestamp":"2026-09-06T07:13:16.991252079Z","level":"error","message":"}"}
{"level":"error","message":"[ops] {","timestamp":"2026-09-06T07:13:16.991255359Z"}
{"message":"  event: 'security.app_check_rejected',","timestamp":"2026-09-06T07:13:16.991258719Z","level":"error"}
{"timestamp":"2026-09-06T07:13:16.991262809Z","message":"  ts: '2026-09-06T07:13:16.957Z',","level":"error"}
{"message":"  reason: 'missing_token',","timestamp":"2026-09-06T07:13:16.991266359Z","level":"error"}
{"timestamp":"2026-09-06T07:13:16.991269689Z","level":"error","message":"  mode: 'monitor',"}
{"level":"error","timestamp":"2026-09-06T07:13:16.991273389Z","message":"  route: '/api/studio/mcp/status'"}
{"message":"[ops] {","timestamp":"2026-09-06T07:13:17.270782908Z","level":"info"}
{"message":"  event: 'http_request',","timestamp":"2026-09-06T07:13:17.270787288Z","level":"info"}
{"message":"  ts: '2026-09-06T07:13:17.265Z',","timestamp":"2026-09-06T07:13:17.270790598Z","level":"info"}
{"message":"  requestId: 'bbb56e90-8eeb-410c-a73a-e140e6f8ddf5',","level":"info","timestamp":"2026-09-06T07:13:17.270793158Z"}
{"timestamp":"2026-09-06T07:13:17.270796368Z","message":"  method: 'GET',","level":"info"}
{"message":"  route: '/api/studio/mcp/status',","timestamp":"2026-09-06T07:13:17.270798908Z","level":"info"}
{"level":"info","timestamp":"2026-09-06T07:13:17.270801298Z","message":"  status: 200,"}
{"timestamp":"2026-09-06T07:13:17.270804197Z","message":"  durationMs: 308","level":"info"}
{"timestamp":"2026-09-06T07:13:17.270806907Z","level":"info","message":"}"}
{"timestamp":"2026-09-06T07:13:17.583361634Z","message":"[ops] {","level":"info"}
{"timestamp":"2026-09-06T07:13:17.583367243Z","message":"  event: 'http_request',","level":"info"}
{"timestamp":"2026-09-06T07:13:17.583370453Z","message":"  ts: '2026-09-06T07:13:17.563Z',","level":"info"}
{"timestamp":"2026-09-06T07:13:17.583374113Z","message":"  requestId: '1cf259ed-b70a-4921-90dc-f4d2b11b23e7',","level":"info"}
{"timestamp":"2026-09-06T07:13:17.583376723Z","message":"  method: 'GET',","level":"info"}
{"level":"info","timestamp":"2026-09-06T07:13:17.583379263Z","message":"  route: '/api/studio/status',"}
{"message":"  status: 200,","timestamp":"2026-09-06T07:13:17.583382143Z","level":"info"}
{"level":"info","message":"  durationMs: 613","timestamp":"2026-09-06T07:13:17.583384963Z"}
{"message":"}","timestamp":"2026-09-06T07:13:17.583387693Z","level":"info"}
{"timestamp":"2026-09-06T07:13:17.589762046Z","message":"[ops] {","level":"info"}
{"timestamp":"2026-09-06T07:13:17.589763866Z","message":"  requestId: 'f077e142-badc-4c65-921e-ff94cf324a2d',","level":"info"}
{"message":"  event: 'studio.command_polled',","timestamp":"2026-09-06T07:13:17.589765636Z","level":"info"}
{"level":"info","message":"  ts: '2026-09-06T07:13:17.587Z',","timestamp":"2026-09-06T07:13:17.589768536Z"}
{"timestamp":"2026-09-06T07:13:17.589771426Z","level":"info","message":"  requestId: 'f077e142-badc-4c65-921e-ff94cf324a2d',"}
{"timestamp":"2026-09-06T07:13:17.589772536Z","message":"  method: 'GET',","level":"info"}
{"timestamp":"2026-09-06T07:13:17.589774576Z","level":"info","message":"  sessionId: 'DlvFpLpN0vX1CB5Fvwv9',"}
{"level":"info","message":"  status: 'empty'","timestamp":"2026-09-06T07:13:17.589777676Z"}
{"level":"info","message":"  route: '/api/studio/mcp/commands/next',","timestamp":"2026-09-06T07:13:17.589779086Z"}
{"timestamp":"2026-09-06T07:13:17.589780806Z","level":"info","message":"}"}
{"timestamp":"2026-09-06T07:13:17.589783716Z","message":"[ops] {","level":"info"}
{"level":"info","message":"  status: 204,","timestamp":"2026-09-06T07:13:17.589783926Z"}
{"message":"  event: 'http_request',","timestamp":"2026-09-06T07:13:17.589786855Z","level":"info"}
{"level":"info","message":"  durationMs: 5416","timestamp":"2026-09-06T07:13:17.589788675Z"}
{"level":"info","message":"  ts: '2026-09-06T07:13:17.587Z',","timestamp":"2026-09-06T07:13:17.589790215Z"}
{"timestamp":"2026-09-06T07:13:17.589793505Z","message":"}","level":"info"}
{"message":"[ops] {","timestamp":"2026-09-06T07:13:17.680029804Z","level":"info"}
{"message":"  event: 'studio.command_polled',","level":"info","timestamp":"2026-09-06T07:13:17.680034254Z"}
{"level":"info","message":"  ts: '2026-09-06T07:13:17.675Z',","timestamp":"2026-09-06T07:13:17.680038114Z"}
{"message":"  requestId: 'b4225367-f168-4448-9e20-24361f5af00f',","timestamp":"2026-09-06T07:13:17.680041404Z","level":"info"}
{"timestamp":"2026-09-06T07:13:17.680044384Z","level":"info","message":"  sessionId: 'Iog4rWn0F2wcGR9xp3Jq',"}
{"level":"info","timestamp":"2026-09-06T07:13:17.680047044Z","message":"  status: 'empty'"}
{"timestamp":"2026-09-06T07:13:17.680049554Z","message":"}","level":"info"}
{"level":"info","timestamp":"2026-09-06T07:13:17.680052904Z","message":"[ops] {"}
{"message":"  event: 'http_request',","timestamp":"2026-09-06T07:13:17.680055584Z","level":"info"}
{"message":"  ts: '2026-09-06T07:13:17.675Z',","timestamp":"2026-09-06T07:13:17.680058294Z","level":"info"}
{"level":"info","message":"  requestId: 'b4225367-f168-4448-9e20-24361f5af00f',","timestamp":"2026-09-06T07:13:17.680060874Z"}
{"timestamp":"2026-09-06T07:13:17.680063373Z","level":"info","message":"  method: 'GET',"}
{"message":"  route: '/api/studio/commands/next',","timestamp":"2026-09-06T07:13:17.680066563Z","level":"info"}
{"message":"  status: 204,","level":"info","timestamp":"2026-09-06T07:13:17.680069393Z"}
{"timestamp":"2026-09-06T07:13:17.680071993Z","message":"  durationMs: 14525","level":"info"}
{"level":"info","timestamp":"2026-09-06T07:13:17.680074433Z","message":"}"}
{"level":"info","timestamp":"2026-09-06T07:13:18.086799853Z","message":"[ops] {"}
{"timestamp":"2026-09-06T07:13:18.086803302Z","level":"info","message":"  event: 'http_request',"}
{"message":"  ts: '2026-09-06T07:13:18.082Z',","timestamp":"2026-09-06T07:13:18.086806822Z","level":"info"}
{"message":"  requestId: 'c5381857-51ff-44ba-a103-fb5f858a6e35',","level":"info","timestamp":"2026-09-06T07:13:18.086810582Z"}
{"message":"  method: 'OPTIONS',","level":"info","timestamp":"2026-09-06T07:13:18.086813892Z"}
{"timestamp":"2026-09-06T07:13:18.086817162Z","level":"info","message":"  route: '/api/v2/events',"}
{"level":"info","timestamp":"2026-09-06T07:13:18.086820052Z","message":"  status: 204,"}
{"message":"  durationMs: 1","timestamp":"2026-09-06T07:13:18.086823442Z","level":"info"}
{"message":"}","timestamp":"2026-09-06T07:13:18.086826402Z","level":"info"}
{"timestamp":"2026-09-06T07:13:18.322878175Z","level":"info","message":"[ops] {"}
{"message":"  event: 'http_request',","timestamp":"2026-09-06T07:13:18.322881005Z","level":"info"}
{"level":"info","message":"  ts: '2026-09-06T07:13:18.172Z',","timestamp":"2026-09-06T07:13:18.322884655Z"}
{"message":"  requestId: 'a638ee61-e298-4b7a-8623-acca5ef78227',","timestamp":"2026-09-06T07:13:18.322888025Z","level":"info"}
{"message":"  method: 'POST',","level":"info","timestamp":"2026-09-06T07:13:18.322891315Z"}
{"timestamp":"2026-09-06T07:13:18.322893865Z","message":"  route: '/api/studio/mcp/session/ping',","level":"info"}
{"timestamp":"2026-09-06T07:13:18.322896815Z","message":"  status: 200,","level":"info"}
{"message":"  durationMs: 291","timestamp":"2026-09-06T07:13:18.322899945Z","level":"info"}
{"message":"}","timestamp":"2026-09-06T07:13:18.322903095Z","level":"info"}
{"timestamp":"2026-09-06T07:13:18.322905844Z","level":"error","message":"[ops] {"}
{"timestamp":"2026-09-06T07:13:18.322908564Z","level":"error","message":"  event: 'security.app_check_rejected',"}
{"message":"  ts: '2026-09-06T07:13:18.273Z',","timestamp":"2026-09-06T07:13:18.322911144Z","level":"error"}
{"message":"  reason: 'missing_token',","level":"error","timestamp":"2026-09-06T07:13:18.322914824Z"}
{"level":"error","timestamp":"2026-09-06T07:13:18.322918374Z","message":"  mode: 'monitor',"}
{"message":"  route: '/api/v2/events'","timestamp":"2026-09-06T07:13:18.322920924Z","level":"error"}
{"timestamp":"2026-09-06T07:13:18.322923654Z","level":"error","message":"}"}
{"level":"info","message":"[ops] {","timestamp":"2026-09-06T07:13:18.810734534Z"}
{"level":"info","timestamp":"2026-09-06T07:13:18.810739214Z","message":"  event: 'http_request',"}
{"timestamp":"2026-09-06T07:13:18.810742844Z","level":"info","message":"  ts: '2026-09-06T07:13:18.808Z',"}
{"message":"  requestId: '917699e2-054d-4490-b323-8e7d12cf0662',","level":"info","timestamp":"2026-09-06T07:13:18.810745764Z"}
{"message":"  method: 'GET',","timestamp":"2026-09-06T07:13:18.810748574Z","level":"info"}
{"level":"info","message":"  route: '/api/v2/events',","timestamp":"2026-09-06T07:13:18.810751844Z"}
{"level":"info","message":"  status: 200,","timestamp":"2026-09-06T07:13:18.810755084Z"}
{"message":"  durationMs: 535","timestamp":"2026-09-06T07:13:18.810758124Z","level":"info"}
{"message":"}","timestamp":"2026-09-06T07:13:18.810761184Z","level":"info"}
{"level":"info","message":"[ops] {","timestamp":"2026-09-06T07:13:20.583232389Z"}
{"level":"info","timestamp":"2026-09-06T07:13:20.583237658Z","message":"  event: 'http_request',"}
{"level":"info","message":"  ts: '2026-09-06T07:13:20.578Z',","timestamp":"2026-09-06T07:13:20.583241668Z"}
{"level":"info","timestamp":"2026-09-06T07:13:20.583245048Z","message":"  requestId: '3433d3be-261b-4b91-a9ad-ca25828edf4e',"}
{"level":"info","timestamp":"2026-09-06T07:13:20.583249168Z","message":"  method: 'OPTIONS',"}
{"level":"info","message":"  route: '/api/v2/agents/active',","timestamp":"2026-09-06T07:13:20.583253888Z"}
{"message":"  status: 204,","timestamp":"2026-09-06T07:13:20.583258448Z","level":"info"}
{"level":"info","message":"  durationMs: 0","timestamp":"2026-09-06T07:13:20.583262158Z"}
{"message":"}","timestamp":"2026-09-06T07:13:20.583266408Z","level":"info"}
{"timestamp":"2026-09-06T07:13:20.583269958Z","level":"info","message":"[ops] {"}
{"timestamp":"2026-09-06T07:13:20.583278227Z","level":"info","message":"  event: 'http_request',"}
{"message":"  ts: '2026-09-06T07:13:20.579Z',","timestamp":"2026-09-06T07:13:20.583281557Z","level":"info"}
{"message":"  requestId: '62cf1406-3e61-42d6-b87a-93877557e3e0',","level":"info","timestamp":"2026-09-06T07:13:20.583285247Z"}
{"timestamp":"2026-09-06T07:13:20.583288617Z","message":"  method: 'OPTIONS',","level":"info"}
{"message":"  route: '/api/v2/events',","timestamp":"2026-09-06T07:13:20.583291947Z","level":"info"}
{"timestamp":"2026-09-06T07:13:20.583295707Z","level":"info","message":"  status: 204,"}
{"timestamp":"2026-09-06T07:13:20.583299287Z","level":"info","message":"  durationMs: 0"}
{"timestamp":"2026-09-06T07:13:20.583303427Z","level":"info","message":"}"}
{"level":"error","message":"[ops] {","timestamp":"2026-09-06T07:13:20.764274701Z"}
{"message":"  event: 'security.app_check_rejected',","timestamp":"2026-09-06T07:13:20.764280261Z","level":"error"}
{"message":"  ts: '2026-09-06T07:13:20.760Z',","timestamp":"2026-09-06T07:13:20.764294591Z","level":"error"}
{"message":"  reason: 'missing_token',","timestamp":"2026-09-06T07:13:20.764298091Z","level":"error"}
{"timestamp":"2026-09-06T07:13:20.764301250Z","message":"  mode: 'monitor',","level":"error"}
{"level":"error","message":"  route: '/api/v2/agents/active'","timestamp":"2026-09-06T07:13:20.764304710Z"}
{"level":"error","timestamp":"2026-09-06T07:13:20.764307810Z","message":"}"}
{"level":"error","message":"[ops] {","timestamp":"2026-09-06T07:13:20.769630200Z"}
{"message":"  event: 'security.app_check_rejected',","timestamp":"2026-09-06T07:13:20.769637249Z","level":"error"}
{"message":"  ts: '2026-09-06T07:13:20.767Z',","level":"error","timestamp":"2026-09-06T07:13:20.769642159Z"}
{"level":"error","message":"  reason: 'missing_token',","timestamp":"2026-09-06T07:13:20.769646659Z"}
{"message":"  mode: 'monitor',","timestamp":"2026-09-06T07:13:20.769651299Z","level":"error"}
{"timestamp":"2026-09-06T07:13:20.769655729Z","level":"error","message":"  route: '/api/v2/events'"}
{"message":"}","timestamp":"2026-09-06T07:13:20.769659759Z","level":"error"}
{"level":"info","message":"[ops] {","timestamp":"2026-09-06T07:13:20.843058676Z"}
{"level":"info","timestamp":"2026-09-06T07:13:20.843064586Z","message":"  event: 'http_request',"}
{"level":"info","timestamp":"2026-09-06T07:13:20.843068616Z","message":"  ts: '2026-09-06T07:13:20.829Z',"}
{"message":"  requestId: '801b7cd1-52a2-43eb-b432-7a0766d922a5',","timestamp":"2026-09-06T07:13:20.843072156Z","level":"info"}
{"message":"  method: 'GET',","timestamp":"2026-09-06T07:13:20.843076195Z","level":"info"}
{"message":"  route: '/api/v2/agents/active',","level":"info","timestamp":"2026-09-06T07:13:20.843079615Z"}
{"message":"  status: 200,","timestamp":"2026-09-06T07:13:20.843083265Z","level":"info"}
{"message":"  durationMs: 70","timestamp":"2026-09-06T07:13:20.843086735Z","level":"info"}
{"timestamp":"2026-09-06T07:13:20.843090175Z","message":"}","level":"info"}
{"level":"info","timestamp":"2026-09-06T07:13:21.385259204Z","message":"[ops] {"}
{"message":"  event: 'http_request',","timestamp":"2026-09-06T07:13:21.385263803Z","level":"info"}
{"timestamp":"2026-09-06T07:13:21.385266883Z","level":"info","message":"  ts: '2026-09-06T07:13:21.376Z',"}
{"timestamp":"2026-09-06T07:13:21.385269773Z","message":"  requestId: 'ced6aa75-b9e6-4b6e-94ec-72898137a551',","level":"info"}
{"message":"  method: 'GET',","timestamp":"2026-09-06T07:13:21.385272783Z","level":"info"}
{"message":"  route: '/api/v2/events',","level":"info","timestamp":"2026-09-06T07:13:21.385284173Z"}
{"message":"  status: 200,","timestamp":"2026-09-06T07:13:21.385286693Z","level":"info"}
{"level":"info","message":"  durationMs: 610","timestamp":"2026-09-06T07:13:21.385289233Z"}
{"message":"}","timestamp":"2026-09-06T07:13:21.385292163Z","level":"info"}
{"jobId":null,"message":"","total":69,"sessionId":"Iog4rWn0F2wcGR9xp3Jq","writesPerStudioSessionHour":66,"count":1,"level":"info","ts":1788678801581,"type":"firestore_write_metric","counter":"studio_session","timestamp":"2026-09-06T07:13:21.666271705Z"}
{"level":"info","count":1,"jobId":null,"type":"firestore_write_metric","ts":1788678801933,"total":70,"sessionId":"Iog4rWn0F2wcGR9xp3Jq","message":"","timestamp":"2026-09-06T07:13:21.953103014Z","writesPerStudioSessionHour":67,"counter":"studio_session"}
{"level":"info","message":"[ops] {","timestamp":"2026-09-06T07:13:21.953117244Z"}
{"timestamp":"2026-09-06T07:13:21.953123913Z","level":"info","message":"  event: 'studio.plugin_compatibility_handshake',"}
{"message":"  ts: '2026-09-06T07:13:21.933Z',","timestamp":"2026-09-06T07:13:21.953131123Z","level":"info"}
{"message":"  requestId: 'dfd1b00f-ea64-4ab1-8e2d-3512a1fadc28',","timestamp":"2026-09-06T07:13:21.953136543Z","level":"info"}
{"timestamp":"2026-09-06T07:13:21.953142073Z","message":"  sessionId: 'Iog4rWn0F2wcGR9xp3Jq',","level":"info"}
{"timestamp":"2026-09-06T07:13:21.953147293Z","level":"info","message":"  userId: 'klu6Sv5QeEgYWlHjsgQwMkZCvsb2',"}
{"message":"  status: 'degraded',","timestamp":"2026-09-06T07:13:21.953158533Z","level":"info"}
{"timestamp":"2026-09-06T07:13:21.953163872Z","level":"info","message":"  reasonCodes: [ 'command_unavailable' ],"}
{"level":"info","timestamp":"2026-09-06T07:13:21.953169562Z","message":"  buildId: 'nexusrbx-studio-0.14.0-r15-animation.10-native-value-normalization',"}
{"message":"  attestationWritten: true,","timestamp":"2026-09-06T07:13:21.953175862Z","level":"info"}
{"timestamp":"2026-09-06T07:13:21.953181122Z","message":"  repairDurationMs: 504","level":"info"}
{"message":"}","timestamp":"2026-09-06T07:13:21.953187012Z","level":"info"}
{"timestamp":"2026-09-06T07:13:21.953192852Z","level":"info","message":"[ops] {"}
{"level":"info","message":"  event: 'http_request',","timestamp":"2026-09-06T07:13:21.953197772Z"}
{"level":"info","message":"  ts: '2026-09-06T07:13:21.933Z',","timestamp":"2026-09-06T07:13:21.953203261Z"}
{"message":"  requestId: 'dfd1b00f-ea64-4ab1-8e2d-3512a1fadc28',","timestamp":"2026-09-06T07:13:21.953208881Z","level":"info"}
{"timestamp":"2026-09-06T07:13:21.953215001Z","message":"  method: 'POST',","level":"info"}
{"message":"  route: '/api/studio/session/ping',","level":"info","timestamp":"2026-09-06T07:13:21.953220531Z"}
{"message":"  status: 200,","level":"info","timestamp":"2026-09-06T07:13:21.953225871Z"}
{"message":"  durationMs: 556","level":"info","timestamp":"2026-09-06T07:13:21.953231011Z"}
{"message":"}","timestamp":"2026-09-06T07:13:21.953236291Z","level":"info"}
{"level":"info","message":"[ops] {","timestamp":"2026-09-06T07:13:23.092552451Z"}
{"level":"info","message":"  event: 'http_request',","timestamp":"2026-09-06T07:13:23.092555091Z"}
{"message":"  ts: '2026-09-06T07:13:23.091Z',","timestamp":"2026-09-06T07:13:23.092558371Z","level":"info"}
{"message":"  requestId: '9e986fbc-f036-4568-bf43-ec68c11acd02',","timestamp":"2026-09-06T07:13:23.092560911Z","level":"info"}
{"message":"  method: 'OPTIONS',","level":"info","timestamp":"2026-09-06T07:13:23.092563971Z"}
{"level":"info","message":"  route: '/api/v2/events',","timestamp":"2026-09-06T07:13:23.092566441Z"}
{"timestamp":"2026-09-06T07:13:23.092569291Z","level":"info","message":"  status: 204,"}
{"level":"info","message":"  durationMs: 0","timestamp":"2026-09-06T07:13:23.092572271Z"}
{"level":"info","message":"}","timestamp":"2026-09-06T07:13:23.092574581Z"}
{"message":"  route: '/api/v2/events'","timestamp":"2026-09-06T07:13:23.317815799Z","level":"error"}
{"level":"error","message":"}","timestamp":"2026-09-06T07:13:23.317825239Z"}
{"message":"[ops] {","level":"error","timestamp":"2026-09-06T07:13:23.317825319Z"}
{"timestamp":"2026-09-06T07:13:23.317830239Z","level":"error","message":"  event: 'security.app_check_rejected',"}
{"timestamp":"2026-09-06T07:13:23.317834108Z","message":"  ts: '2026-09-06T07:13:23.260Z',","level":"error"}
{"level":"error","message":"  reason: 'missing_token',","timestamp":"2026-09-06T07:13:23.317838778Z"}
{"level":"error","timestamp":"2026-09-06T07:13:23.317842928Z","message":"  mode: 'monitor',"}
{"message":"[ops] {","timestamp":"2026-09-06T07:13:23.807687970Z","level":"info"}
{"message":"  event: 'http_request',","timestamp":"2026-09-06T07:13:23.807692890Z","level":"info"}
{"level":"info","timestamp":"2026-09-06T07:13:23.807695780Z","message":"  ts: '2026-09-06T07:13:23.790Z',"}
{"message":"  requestId: 'ade43fb9-6c73-4d6d-8f29-a5a5cda4336c',","timestamp":"2026-09-06T07:13:23.807698470Z","level":"info"}
{"timestamp":"2026-09-06T07:13:23.807701020Z","message":"  method: 'GET',","level":"info"}
{"message":"  route: '/api/v2/events',","level":"info","timestamp":"2026-09-06T07:13:23.807704070Z"}
{"message":"  status: 200,","timestamp":"2026-09-06T07:13:23.807706720Z","level":"info"}
{"message":"  durationMs: 530","level":"info","timestamp":"2026-09-06T07:13:23.807709639Z"}
{"level":"info","timestamp":"2026-09-06T07:13:23.807711929Z","message":"}"}
{"level":"info","timestamp":"2026-09-06T07:13:24.078063033Z","message":"  status: 200,"}
{"level":"info","timestamp":"2026-09-06T07:13:24.078069833Z","message":"  durationMs: 50"}
{"timestamp":"2026-09-06T07:13:24.078075323Z","level":"error","message":"  event: 'security.app_check_rejected',"}
{"level":"info","timestamp":"2026-09-06T07:13:24.078075383Z","message":"}"}
{"timestamp":"2026-09-06T07:13:24.078085512Z","message":"  ts: '2026-09-06T07:13:23.974Z',","level":"error"}
{"level":"error","timestamp":"2026-09-06T07:13:24.078090352Z","message":"  reason: 'missing_token',"}
{"message":"  mode: 'monitor',","timestamp":"2026-09-06T07:13:24.078094242Z","level":"error"}
{"level":"error","message":"  route: '/api/icons/r94zfa6lCXQ1femeYS8t'","timestamp":"2026-09-06T07:13:24.078098112Z"}
{"message":"}","timestamp":"2026-09-06T07:13:24.078103252Z","level":"error"}
{"timestamp":"2026-09-06T07:13:24.078107362Z","level":"info","message":"[ops] {"}
{"message":"[ops] {","timestamp":"2026-09-06T07:13:24.078118792Z","level":"error"}
{"level":"info","timestamp":"2026-09-06T07:13:24.078123391Z","message":"  event: 'http_request',"}
{"level":"info","timestamp":"2026-09-06T07:13:24.078135801Z","message":"  ts: '2026-09-06T07:13:24.024Z',"}
{"timestamp":"2026-09-06T07:13:24.078141591Z","message":"  requestId: 'ad9c0bd0-83fd-4a41-8ac9-effb649ba9b0',","level":"info"}
{"timestamp":"2026-09-06T07:13:24.078147681Z","message":"  method: 'GET',","level":"info"}
{"message":"  route: '/api/icons/:id',","timestamp":"2026-09-06T07:13:24.078152111Z","level":"info"}
{"message":"[ops] {","timestamp":"2026-09-06T07:13:24.596799905Z","level":"info"}
{"message":"  event: 'studio.plugin_compatibility_handshake',","timestamp":"2026-09-06T07:13:24.596806225Z","level":"info"}
{"message":"  ts: '2026-09-06T07:13:24.583Z',","timestamp":"2026-09-06T07:13:24.596811204Z","level":"info"}
{"message":"  requestId: 'c4a75d50-ec97-46b7-a61a-5c2158b61eff',","level":"info","timestamp":"2026-09-06T07:13:24.596815714Z"}
{"timestamp":"2026-09-06T07:13:24.596820574Z","level":"info","message":"  sessionId: 'MLq8J3mhz56J6BRsAeQe',"}
{"timestamp":"2026-09-06T07:13:24.596825494Z","message":"  userId: '0VSQotqOXxPXBLeQu1gUNkXELWH3',","level":"info"}
{"level":"info","message":"  status: 'compatible',","timestamp":"2026-09-06T07:13:24.596829874Z"}
{"level":"info","timestamp":"2026-09-06T07:13:24.596833414Z","message":"  reasonCodes: [],"}
{"message":"  buildId: 'nexusrbx-studio-0.14.0-r15-animation.12-toolbox',","timestamp":"2026-09-06T07:13:24.596837824Z","level":"info"}
{"timestamp":"2026-09-06T07:13:24.596841174Z","level":"info","message":"  attestationWritten: false,"}
{"timestamp":"2026-09-06T07:13:24.596844874Z","message":"  repairDurationMs: 482","level":"info"}
{"message":"}","level":"info","timestamp":"2026-09-06T07:13:24.596848594Z"}
{"message":"[ops] {","timestamp":"2026-09-06T07:13:24.596852853Z","level":"info"}
{"message":"  event: 'http_request',","level":"info","timestamp":"2026-09-06T07:13:24.596857003Z"}
{"timestamp":"2026-09-06T07:13:24.596860403Z","level":"info","message":"  ts: '2026-09-06T07:13:24.584Z',"}
{"timestamp":"2026-09-06T07:13:24.596863423Z","level":"info","message":"  requestId: 'c4a75d50-ec97-46b7-a61a-5c2158b61eff',"}
{"level":"info","timestamp":"2026-09-06T07:13:24.596866903Z","message":"  method: 'POST',"}
{"timestamp":"2026-09-06T07:13:24.596870503Z","message":"  route: '/api/studio/session/ping',","level":"info"}
{"level":"info","message":"  status: 200,","timestamp":"2026-09-06T07:13:24.596873763Z"}
{"message":"  durationMs: 535","timestamp":"2026-09-06T07:13:24.596877123Z","level":"info"}
{"message":"}","timestamp":"2026-09-06T07:13:24.596880543Z","level":"info"}
{"level":"info","message":"[ops] {","timestamp":"2026-09-06T07:13:25.593904267Z"}
{"timestamp":"2026-09-06T07:13:25.593907737Z","message":"  event: 'studio.command_polled',","level":"info"}
{"timestamp":"2026-09-06T07:13:25.593910917Z","level":"info","message":"  ts: '2026-09-06T07:13:25.588Z',"}
{"message":"  requestId: '2d7f4104-ba6e-4fde-84db-e67c8953b7ff',","timestamp":"2026-09-06T07:13:25.593913927Z","level":"info"}
{"timestamp":"2026-09-06T07:13:25.593917297Z","level":"info","message":"  sessionId: 'Iog4rWn0F2wcGR9xp3Jq',"}
{"message":"  status: 'empty'","timestamp":"2026-09-06T07:13:25.593920057Z","level":"info"}
{"message":"}","level":"info","timestamp":"2026-09-06T07:13:25.593927847Z"}
{"timestamp":"2026-09-06T07:13:25.593934217Z","level":"info","message":"[ops] {"}
{"timestamp":"2026-09-06T07:13:25.593937447Z","level":"info","message":"  event: 'http_request',"}
{"message":"  ts: '2026-09-06T07:13:25.588Z',","level":"info","timestamp":"2026-09-06T07:13:25.593940377Z"}
{"level":"info","timestamp":"2026-09-06T07:13:25.593943316Z","message":"  requestId: '2d7f4104-ba6e-4fde-84db-e67c8953b7ff',"}
{"timestamp":"2026-09-06T07:13:25.593946356Z","level":"info","message":"  method: 'GET',"}
{"message":"  route: '/api/studio/commands/next',","level":"info","timestamp":"2026-09-06T07:13:25.593949696Z"}
{"timestamp":"2026-09-06T07:13:25.593952886Z","level":"info","message":"  status: 204,"}
{"message":"  durationMs: 24524","level":"info","timestamp":"2026-09-06T07:13:25.593956736Z"}
{"message":"}","level":"info","timestamp":"2026-09-06T07:13:25.593960286Z"}
{"timestamp":"2026-09-06T07:13:25.593963876Z","message":"[ops] {","level":"info"}
{"level":"info","timestamp":"2026-09-06T07:13:25.593967556Z","message":"  event: 'http_request',"}
{"message":"  ts: '2026-09-06T07:13:25.592Z',","timestamp":"2026-09-06T07:13:25.593971346Z","level":"info"}
{"level":"info","message":"  requestId: 'ce3e339c-a3af-4adc-92a0-7576586a07de',","timestamp":"2026-09-06T07:13:25.593974996Z"}
{"timestamp":"2026-09-06T07:13:25.593979096Z","message":"  method: 'OPTIONS',","level":"info"}
{"timestamp":"2026-09-06T07:13:25.593982545Z","level":"info","message":"  route: '/api/v2/events',"}
{"message":"  status: 204,","level":"info","timestamp":"2026-09-06T07:13:25.593986065Z"}
{"message":"  durationMs: 0","timestamp":"2026-09-06T07:13:25.593989485Z","level":"info"}
{"message":"}","timestamp":"2026-09-06T07:13:25.593993305Z","level":"info"}
{"message":"[ops] {","timestamp":"2026-09-06T07:13:25.756479178Z","level":"info"}
{"timestamp":"2026-09-06T07:13:25.756484657Z","message":"  event: 'http_request',","level":"info"}
{"message":"  ts: '2026-09-06T07:13:25.723Z',","level":"info","timestamp":"2026-09-06T07:13:25.756487647Z"}
{"timestamp":"2026-09-06T07:13:25.756490547Z","level":"info","message":"  requestId: '7d83a646-9b12-499a-8020-ffaf45a12279',"}
{"level":"info","timestamp":"2026-09-06T07:13:25.756493607Z","message":"  method: 'POST',"}
{"message":"  route: '/api/studio/mcp/session/ping',","timestamp":"2026-09-06T07:13:25.756496377Z","level":"info"}
{"message":"  status: 200,","timestamp":"2026-09-06T07:13:25.756499057Z","level":"info"}
{"message":"  durationMs: 484","timestamp":"2026-09-06T07:13:25.756502067Z","level":"info"}
{"level":"info","message":"}","timestamp":"2026-09-06T07:13:25.756504877Z"}
{"timestamp":"2026-09-06T07:13:25.904323658Z","level":"error","message":"[ops] {"}
{"level":"error","message":"  event: 'security.app_check_rejected',","timestamp":"2026-09-06T07:13:25.904327128Z"}
{"message":"  ts: '2026-09-06T07:13:25.840Z',","timestamp":"2026-09-06T07:13:25.904330628Z","level":"error"}
{"timestamp":"2026-09-06T07:13:25.904333998Z","message":"  reason: 'missing_token',","level":"error"}
{"message":"  mode: 'monitor',","timestamp":"2026-09-06T07:13:25.904337228Z","level":"error"}
{"level":"error","message":"  route: '/api/v2/events'","timestamp":"2026-09-06T07:13:25.904340647Z"}
{"timestamp":"2026-09-06T07:13:25.904343677Z","level":"error","message":"}"}
{"message":"  route: '/api/studio/mcp/commands/next',","timestamp":"2026-09-06T07:13:26.130363576Z","level":"info"}
{"timestamp":"2026-09-06T07:13:26.130369256Z","message":"  status: 204,","level":"info"}
{"message":"  durationMs: 5643","level":"info","timestamp":"2026-09-06T07:13:26.130373196Z"}
{"message":"}","level":"info","timestamp":"2026-09-06T07:13:26.130378036Z"}
{"message":"}","timestamp":"2026-09-06T07:13:26.130391266Z","level":"info"}
{"timestamp":"2026-09-06T07:13:26.130391296Z","level":"info","message":"[ops] {"}
{"timestamp":"2026-09-06T07:13:26.130403365Z","level":"info","message":"  event: 'studio.command_polled',"}
{"message":"[ops] {","timestamp":"2026-09-06T07:13:26.130403715Z","level":"info"}
{"level":"info","timestamp":"2026-09-06T07:13:26.130409765Z","message":"  event: 'http_request',"}
{"message":"  ts: '2026-09-06T07:13:26.076Z',","timestamp":"2026-09-06T07:13:26.130409795Z","level":"info"}
{"message":"  ts: '2026-09-06T07:13:26.076Z',","level":"info","timestamp":"2026-09-06T07:13:26.130414685Z"}
{"level":"info","message":"  requestId: '863f0fb0-5064-4447-b6fa-04668c0e5931',","timestamp":"2026-09-06T07:13:26.130415185Z"}
{"timestamp":"2026-09-06T07:13:26.130419715Z","level":"info","message":"  requestId: '863f0fb0-5064-4447-b6fa-04668c0e5931',"}
{"message":"  sessionId: 'DlvFpLpN0vX1CB5Fvwv9',","timestamp":"2026-09-06T07:13:26.130419875Z","level":"info"}
{"message":"  method: 'GET',","timestamp":"2026-09-06T07:13:26.130425165Z","level":"info"}
{"message":"  status: 'empty'","level":"info","timestamp":"2026-09-06T07:13:26.130426145Z"}
{"level":"info","message":"[ops] {","timestamp":"2026-09-06T07:13:26.707183054Z"}
{"message":"  event: 'http_request',","level":"info","timestamp":"2026-09-06T07:13:26.707189674Z"}
{"timestamp":"2026-09-06T07:13:26.707194013Z","level":"info","message":"  ts: '2026-09-06T07:13:26.633Z',"}
{"level":"info","timestamp":"2026-09-06T07:13:26.707198333Z","message":"  requestId: '41f56bbd-8f56-4fd4-bb8d-026024c80457',"}
{"message":"  method: 'GET',","timestamp":"2026-09-06T07:13:26.707203243Z","level":"info"}
{"level":"info","timestamp":"2026-09-06T07:13:26.707207483Z","message":"  route: '/api/v2/events',"}
{"timestamp":"2026-09-06T07:13:26.707211193Z","level":"info","message":"  status: 200,"}
{"level":"info","timestamp":"2026-09-06T07:13:26.707214843Z","message":"  durationMs: 794"}
{"timestamp":"2026-09-06T07:13:26.707218373Z","level":"info","message":"}"}
{"message":"[ops] {","timestamp":"2026-09-06T07:13:26.929591453Z","level":"info"}
{"level":"info","message":"  event: 'http_request',","timestamp":"2026-09-06T07:13:26.929596732Z"}
{"message":"  ts: '2026-09-06T07:13:26.914Z',","timestamp":"2026-09-06T07:13:26.929600872Z","level":"info"}
{"message":"  requestId: '379985f8-b2b4-450e-b153-f42ca4ac95de',","level":"info","timestamp":"2026-09-06T07:13:26.929603912Z"}
{"message":"  method: 'POST',","timestamp":"2026-09-06T07:13:26.929612922Z","level":"info"}
{"message":"  route: '/api/studio/mcp/session/ping',","timestamp":"2026-09-06T07:13:26.929615822Z","level":"info"}
{"message":"  status: 200,","level":"info","timestamp":"2026-09-06T07:13:26.929618892Z"}
{"message":"  durationMs: 472","timestamp":"2026-09-06T07:13:26.929621532Z","level":"info"}
{"message":"}","timestamp":"2026-09-06T07:13:26.929624402Z","level":"info"}
{"level":"info","timestamp":"2026-09-06T07:13:28.258189114Z","message":"[ops] {"}
{"level":"info","message":"  event: 'http_request',","timestamp":"2026-09-06T07:13:28.258192004Z"}
{"message":"  ts: '2026-09-06T07:13:28.088Z',","timestamp":"2026-09-06T07:13:28.258194584Z","level":"info"}
{"timestamp":"2026-09-06T07:13:28.258197344Z","message":"  requestId: 'b265d37e-3dfb-4126-968a-72e29a4a643a',","level":"info"}
{"timestamp":"2026-09-06T07:13:28.258200084Z","level":"info","message":"  method: 'OPTIONS',"}
{"timestamp":"2026-09-06T07:13:28.258202864Z","message":"  route: '/api/v2/events',","level":"info"}
{"timestamp":"2026-09-06T07:13:28.258205374Z","message":"  status: 204,","level":"info"}
{"level":"info","message":"  durationMs: 0","timestamp":"2026-09-06T07:13:28.258209384Z"}
{"message":"}","timestamp":"2026-09-06T07:13:28.258211954Z","level":"info"}
{"message":"[ops] {","timestamp":"2026-09-06T07:13:28.310598434Z","level":"error"}
{"level":"error","timestamp":"2026-09-06T07:13:28.310604024Z","message":"  event: 'security.app_check_rejected',"}
{"timestamp":"2026-09-06T07:13:28.310608484Z","message":"  ts: '2026-09-06T07:13:28.297Z',","level":"error"}
{"message":"  reason: 'missing_token',","level":"error","timestamp":"2026-09-06T07:13:28.310612184Z"}
{"timestamp":"2026-09-06T07:13:28.310615693Z","level":"error","message":"  mode: 'monitor',"}
{"timestamp":"2026-09-06T07:13:28.310619343Z","level":"error","message":"  route: '/api/v2/events'"}
{"level":"error","message":"}","timestamp":"2026-09-06T07:13:28.310622853Z"}
{"level":"info","timestamp":"2026-09-06T07:13:28.922494024Z","message":"[ops] {"}
{"timestamp":"2026-09-06T07:13:28.922506094Z","message":"  event: 'http_request',","level":"info"}
{"message":"  ts: '2026-09-06T07:13:28.914Z',","timestamp":"2026-09-06T07:13:28.922511634Z","level":"info"}
{"level":"info","timestamp":"2026-09-06T07:13:28.922516154Z","message":"  requestId: '227a73af-c57c-4cdf-8278-b08a1df1ef7a',"}
{"level":"info","message":"  method: 'GET',","timestamp":"2026-09-06T07:13:28.922520924Z"}
{"timestamp":"2026-09-06T07:13:28.922526464Z","message":"  route: '/api/v2/events',","level":"info"}
{"message":"  status: 200,","timestamp":"2026-09-06T07:13:28.922531843Z","level":"info"}
{"timestamp":"2026-09-06T07:13:28.922536463Z","level":"info","message":"  durationMs: 617"}
{"message":"}","timestamp":"2026-09-06T07:13:28.922540943Z","level":"info"}
{"message":"","jobId":null,"level":"info","ts":1788678810383,"writesPerStudioSessionHour":68,"type":"firestore_write_metric","total":71,"sessionId":"Iog4rWn0F2wcGR9xp3Jq","counter":"studio_session","timestamp":"2026-09-06T07:13:30.388105265Z","count":1}
{"level":"info","message":"[ops] {","timestamp":"2026-09-06T07:13:30.779561314Z"}
{"message":"  event: 'http_request',","timestamp":"2026-09-06T07:13:30.779565324Z","level":"info"}
{"level":"info","message":"  ts: '2026-09-06T07:13:30.590Z',","timestamp":"2026-09-06T07:13:30.779570174Z"}
{"message":"  requestId: 'dda82ecf-f8ff-4394-90e3-91fef3c0b992',","level":"info","timestamp":"2026-09-06T07:13:30.779574154Z"}
{"timestamp":"2026-09-06T07:13:30.779577454Z","message":"  method: 'OPTIONS',","level":"info"}
{"level":"info","timestamp":"2026-09-06T07:13:30.779581254Z","message":"  route: '/api/v2/agents/active',"}
{"level":"info","message":"  status: 204,","timestamp":"2026-09-06T07:13:30.779585664Z"}
{"timestamp":"2026-09-06T07:13:30.779590304Z","level":"info","message":"  durationMs: 0"}
{"message":"}","timestamp":"2026-09-06T07:13:30.779594493Z","level":"info"}
{"level":"info","timestamp":"2026-09-06T07:13:30.779597903Z","message":"[ops] {"}
{"timestamp":"2026-09-06T07:13:30.779601393Z","message":"  event: 'http_request',","level":"info"}
{"message":"  ts: '2026-09-06T07:13:30.593Z',","timestamp":"2026-09-06T07:13:30.779605473Z","level":"info"}
{"message":"  requestId: '2bae94c6-6c13-417d-9871-e225f48fbba1',","timestamp":"2026-09-06T07:13:30.779609273Z","level":"info"}
{"message":"  method: 'OPTIONS',","level":"info","timestamp":"2026-09-06T07:13:30.779612903Z"}
{"message":"  route: '/api/v2/events',","timestamp":"2026-09-06T07:13:30.779616543Z","level":"info"}
{"level":"info","message":"  status: 204,","timestamp":"2026-09-06T07:13:30.779619723Z"}
{"message":"  durationMs: 0","timestamp":"2026-09-06T07:13:30.779623013Z","level":"info"}
{"message":"}","level":"info","timestamp":"2026-09-06T07:13:30.779626403Z"}
{"message":"","total":72,"jobId":null,"writesPerStudioSessionHour":69,"ts":1788678810691,"sessionId":"Iog4rWn0F2wcGR9xp3Jq","type":"firestore_write_metric","level":"info","counter":"studio_session","timestamp":"2026-09-06T07:13:30.779629503Z","count":1}
{"message":"[ops] {","timestamp":"2026-09-06T07:13:30.779633103Z","level":"info"}
{"message":"  event: 'studio.plugin_compatibility_handshake',","timestamp":"2026-09-06T07:13:30.779636732Z","level":"info"}
{"timestamp":"2026-09-06T07:13:30.779639922Z","level":"info","message":"  ts: '2026-09-06T07:13:30.710Z',"}
{"level":"info","message":"  requestId: 'a61d0126-351b-47b0-a9d5-01568a87ec35',","timestamp":"2026-09-06T07:13:30.779643312Z"}
{"level":"info","timestamp":"2026-09-06T07:13:30.779646602Z","message":"  sessionId: 'Iog4rWn0F2wcGR9xp3Jq',"}
{"message":"  userId: 'klu6Sv5QeEgYWlHjsgQwMkZCvsb2',","timestamp":"2026-09-06T07:13:30.779649862Z","level":"info"}
{"timestamp":"2026-09-06T07:13:30.779652762Z","level":"info","message":"  status: 'degraded',"}
{"level":"info","message":"  reasonCodes: [ 'command_unavailable' ],","timestamp":"2026-09-06T07:13:30.779655862Z"}
{"level":"info","timestamp":"2026-09-06T07:13:30.780560770Z","message":"  buildId: 'nexusrbx-studio-0.14.0-r15-animation.10-native-value-normalization',"}
{"message":"  attestationWritten: true,","level":"info","timestamp":"2026-09-06T07:13:30.780572080Z"}
{"message":"  repairDurationMs: 520","timestamp":"2026-09-06T07:13:30.780577190Z","level":"info"}
{"timestamp":"2026-09-06T07:13:30.780581059Z","level":"info","message":"}"}
{"level":"info","message":"[ops] {","timestamp":"2026-09-06T07:13:30.780585659Z"}
{"message":"  event: 'http_request',","level":"info","timestamp":"2026-09-06T07:13:30.780591299Z"}
{"message":"  ts: '2026-09-06T07:13:30.711Z',","timestamp":"2026-09-06T07:13:30.780595069Z","level":"info"}
{"level":"info","message":"  requestId: 'a61d0126-351b-47b0-a9d5-01568a87ec35',","timestamp":"2026-09-06T07:13:30.780598459Z"}
{"timestamp":"2026-09-06T07:13:30.780602059Z","message":"  method: 'POST',","level":"info"}
{"level":"info","message":"  route: '/api/studio/session/ping',","timestamp":"2026-09-06T07:13:30.780605509Z"}
{"timestamp":"2026-09-06T07:13:30.780608949Z","level":"info","message":"  status: 200,"}
{"level":"info","message":"  durationMs: 572","timestamp":"2026-09-06T07:13:30.780613229Z"}
{"level":"info","message":"}","timestamp":"2026-09-06T07:13:30.780617279Z"}
{"timestamp":"2026-09-06T07:13:30.780621138Z","level":"error","message":"[ops] {"}
{"timestamp":"2026-09-06T07:13:30.780624588Z","level":"error","message":"  event: 'security.app_check_rejected',"}
{"message":"  ts: '2026-09-06T07:13:30.755Z',","timestamp":"2026-09-06T07:13:30.780629628Z","level":"error"}
{"message":"  reason: 'missing_token',","timestamp":"2026-09-06T07:13:30.780634378Z","level":"error"}
{"timestamp":"2026-09-06T07:13:30.780638718Z","message":"  mode: 'monitor',","level":"error"}
{"timestamp":"2026-09-06T07:13:30.780643368Z","message":"  route: '/api/v2/agents/active'","level":"error"}
{"timestamp":"2026-09-06T07:13:30.780648458Z","message":"}","level":"error"}
{"timestamp":"2026-09-06T07:13:30.780652998Z","level":"error","message":"[ops] {"}
{"level":"error","message":"  event: 'security.app_check_rejected',","timestamp":"2026-09-06T07:13:30.780657738Z"}
{"message":"  ts: '2026-09-06T07:13:30.758Z',","timestamp":"2026-09-06T07:13:30.780662007Z","level":"error"}
{"level":"error","timestamp":"2026-09-06T07:13:30.780666147Z","message":"  reason: 'missing_token',"}
{"message":"  mode: 'monitor',","timestamp":"2026-09-06T07:13:30.780670627Z","level":"error"}
{"timestamp":"2026-09-06T07:13:30.780675037Z","level":"error","message":"  route: '/api/v2/events'"}
{"timestamp":"2026-09-06T07:13:30.780679797Z","level":"error","message":"}"}
{"message":"[ops] {","timestamp":"2026-09-06T07:13:30.831926527Z","level":"info"}
{"timestamp":"2026-09-06T07:13:30.831933807Z","message":"  event: 'http_request',","level":"info"}
{"level":"info","message":"  ts: '2026-09-06T07:13:30.827Z',","timestamp":"2026-09-06T07:13:30.831937997Z"}
{"message":"  requestId: 'da6dad42-2977-49e1-b5cf-d78e67ebd4d2',","timestamp":"2026-09-06T07:13:30.831943337Z","level":"info"}
{"message":"  method: 'GET',","timestamp":"2026-09-06T07:13:30.831947816Z","level":"info"}
{"level":"info","timestamp":"2026-09-06T07:13:30.831952926Z","message":"  route: '/api/v2/agents/active',"}
{"level":"info","message":"  status: 200,","timestamp":"2026-09-06T07:13:30.831956436Z"}
{"timestamp":"2026-09-06T07:13:30.831960626Z","message":"  durationMs: 72","level":"info"}
{"level":"info","message":"}","timestamp":"2026-09-06T07:13:30.831964506Z"}
{"timestamp":"2026-09-06T07:13:31.537116960Z","message":"[ops] {","level":"info"}
{"level":"info","message":"  event: 'http_request',","timestamp":"2026-09-06T07:13:31.537122010Z"}
{"message":"  ts: '2026-09-06T07:13:31.523Z',","timestamp":"2026-09-06T07:13:31.537125590Z","level":"info"}
{"timestamp":"2026-09-06T07:13:31.537128800Z","level":"info","message":"  requestId: '7dc4c4e6-aa05-4ff6-a320-b876334aae29',"}
{"message":"  method: 'GET',","timestamp":"2026-09-06T07:13:31.537132400Z","level":"info"}
{"message":"  route: '/api/v2/events',","timestamp":"2026-09-06T07:13:31.537135620Z","level":"info"}
{"message":"  status: 200,","timestamp":"2026-09-06T07:13:31.537138149Z","level":"info"}
{"timestamp":"2026-09-06T07:13:31.537141109Z","message":"  durationMs: 764","level":"info"}
{"timestamp":"2026-09-06T07:13:31.537144009Z","level":"info","message":"}"}
{"message":"","responseFormat":"json_schema","level":"info","outputChars":3751,"iteration":1,"model":"openai/gpt-5-mini","event":"studio.model_response","outputTokens":1425,"timestamp":"2026-09-06T07:13:32.336995563Z","finishReason":"stop","runId":"studio_run_fce362f2ec4ed31fa39dbc7229b3142ecb577f8677e9e159"}
{"timestamp":"2026-09-06T07:13:32.936450577Z","message":"[ops] {","level":"info"}
{"level":"info","message":"  event: 'http_request',","timestamp":"2026-09-06T07:13:32.936454927Z"}
{"timestamp":"2026-09-06T07:13:32.936460456Z","message":"  ts: '2026-09-06T07:13:32.920Z',","level":"info"}
{"message":"  requestId: '3caa1e93-6584-4182-81e4-01ab122dcf82',","timestamp":"2026-09-06T07:13:32.936464976Z","level":"info"}
{"message":"  method: 'OPTIONS',","timestamp":"2026-09-06T07:13:32.936470826Z","level":"info"}
{"timestamp":"2026-09-06T07:13:32.936475326Z","message":"  route: '/api/studio/status',","level":"info"}
{"message":"  status: 204,","timestamp":"2026-09-06T07:13:32.936479906Z","level":"info"}
{"message":"  durationMs: 0","level":"info","timestamp":"2026-09-06T07:13:32.936484766Z"}
{"message":"}","timestamp":"2026-09-06T07:13:32.936489746Z","level":"info"}
{"level":"info","timestamp":"2026-09-06T07:13:32.936493176Z","message":"[ops] {"}
{"timestamp":"2026-09-06T07:13:32.936496966Z","message":"  event: 'http_request',","level":"info"}
{"message":"  ts: '2026-09-06T07:13:32.922Z',","timestamp":"2026-09-06T07:13:32.936500905Z","level":"info"}
{"timestamp":"2026-09-06T07:13:32.936504715Z","level":"info","message":"  requestId: 'b22e61f9-2352-47b6-8bf4-b8954bf379d5',"}
{"level":"info","message":"  method: 'OPTIONS',","timestamp":"2026-09-06T07:13:32.936507855Z"}
{"level":"info","message":"  route: '/api/studio/mcp/status',","timestamp":"2026-09-06T07:13:32.936511175Z"}
{"level":"info","timestamp":"2026-09-06T07:13:32.936514985Z","message":"  status: 204,"}
{"level":"info","timestamp":"2026-09-06T07:13:32.936519305Z","message":"  durationMs: 0"}
{"message":"}","timestamp":"2026-09-06T07:13:32.936522515Z","level":"info"}
{"level":"info","message":"[ops] {","timestamp":"2026-09-06T07:13:33.098812592Z"}
{"timestamp":"2026-09-06T07:13:33.098815572Z","level":"info","message":"  event: 'http_request',"}
{"message":"  ts: '2026-09-06T07:13:33.088Z',","timestamp":"2026-09-06T07:13:33.098818052Z","level":"info"}
{"timestamp":"2026-09-06T07:13:33.098820472Z","message":"  requestId: '1ba08567-1834-4cb3-af0e-74276cafe30a',","level":"info"}
{"message":"  method: 'OPTIONS',","timestamp":"2026-09-06T07:13:33.098823092Z","level":"info"}
{"level":"info","timestamp":"2026-09-06T07:13:33.098825402Z","message":"  route: '/api/v2/events',"}
{"level":"info","timestamp":"2026-09-06T07:13:33.098828082Z","message":"  status: 204,"}
{"level":"info","message":"  durationMs: 1","timestamp":"2026-09-06T07:13:33.098831092Z"}
{"message":"}","timestamp":"2026-09-06T07:13:33.098833562Z","level":"info"}
{"level":"error","message":"[ops] {","timestamp":"2026-09-06T07:13:33.185486772Z"}
{"message":"  event: 'security.app_check_rejected',","timestamp":"2026-09-06T07:13:33.185488262Z","level":"error"}
{"level":"error","message":"  event: 'security.app_check_rejected',","timestamp":"2026-09-06T07:13:33.185492382Z"}
{"level":"error","message":"  ts: '2026-09-06T07:13:33.178Z',","timestamp":"2026-09-06T07:13:33.185495302Z"}
{"level":"error","message":"  ts: '2026-09-06T07:13:33.178Z',","timestamp":"2026-09-06T07:13:33.185496282Z"}
{"message":"  reason: 'missing_token',","level":"error","timestamp":"2026-09-06T07:13:33.185499221Z"}
{"message":"  reason: 'missing_token',","timestamp":"2026-09-06T07:13:33.185499761Z","level":"error"}
{"message":"  mode: 'monitor',","timestamp":"2026-09-06T07:13:33.185502831Z","level":"error"}
{"level":"error","message":"  mode: 'monitor',","timestamp":"2026-09-06T07:13:33.185503261Z"}
{"level":"error","message":"  route: '/api/studio/status'","timestamp":"2026-09-06T07:13:33.185506841Z"}
{"message":"  route: '/api/studio/mcp/status'","timestamp":"2026-09-06T07:13:33.185506851Z","level":"error"}
{"timestamp":"2026-09-06T07:13:33.185510501Z","level":"error","message":"}"}
{"level":"error","timestamp":"2026-09-06T07:13:33.185510741Z","message":"}"}
{"level":"error","timestamp":"2026-09-06T07:13:33.185514741Z","message":"[ops] {"}
{"timestamp":"2026-09-06T07:13:33.265971542Z","level":"error","message":"[ops] {"}
{"level":"error","message":"  event: 'security.app_check_rejected',","timestamp":"2026-09-06T07:13:33.265976022Z"}
{"level":"error","message":"  ts: '2026-09-06T07:13:33.254Z',","timestamp":"2026-09-06T07:13:33.265979392Z"}
{"level":"error","timestamp":"2026-09-06T07:13:33.265982582Z","message":"  reason: 'missing_token',"}
{"message":"  mode: 'monitor',","level":"error","timestamp":"2026-09-06T07:13:33.265985522Z"}
{"timestamp":"2026-09-06T07:13:33.265988772Z","level":"error","message":"  route: '/api/v2/events'"}
{"timestamp":"2026-09-06T07:13:33.265991532Z","message":"}","level":"error"}
{"message":"  durationMs: 328","timestamp":"2026-09-06T07:13:33.597418251Z","level":"info"}
{"level":"info","message":"}","timestamp":"2026-09-06T07:13:33.597425761Z"}
{"message":"[ops] {","level":"info","timestamp":"2026-09-06T07:13:33.597429960Z"}
{"message":"  event: 'http_request',","timestamp":"2026-09-06T07:13:33.597432770Z","level":"info"}
{"message":"  ts: '2026-09-06T07:13:33.506Z',","timestamp":"2026-09-06T07:13:33.597435310Z","level":"info"}
{"level":"info","timestamp":"2026-09-06T07:13:33.597437710Z","message":"  requestId: '4d137e11-216f-4e9f-b4f3-726ddc049af5',"}
{"level":"info","timestamp":"2026-09-06T07:13:33.597440290Z","message":"  method: 'GET',"}
{"timestamp":"2026-09-06T07:13:33.597442780Z","level":"info","message":"  route: '/api/studio/mcp/status',"}
{"level":"info","message":"  status: 200,","timestamp":"2026-09-06T07:13:33.597445380Z"}
{"level":"info","message":"  durationMs: 547","timestamp":"2026-09-06T07:13:33.839749030Z"}
{"message":"}","timestamp":"2026-09-06T07:13:33.839756150Z","level":"info"}
{"message":"  durationMs: 543","timestamp":"2026-09-06T07:13:33.839765680Z","level":"info"}
{"message":"}","level":"info","timestamp":"2026-09-06T07:13:33.839776469Z"}
{"level":"info","message":"[ops] {","timestamp":"2026-09-06T07:13:33.839781589Z"}
{"message":"  event: 'http_request',","timestamp":"2026-09-06T07:13:33.839785379Z","level":"info"}
{"level":"info","timestamp":"2026-09-06T07:13:33.839788769Z","message":"  ts: '2026-09-06T07:13:33.801Z',"}
{"level":"info","timestamp":"2026-09-06T07:13:33.839793659Z","message":"  requestId: '4a839582-83d9-4aad-aef4-c82b5b984623',"}
{"timestamp":"2026-09-06T07:13:33.839797559Z","message":"  method: 'GET',","level":"info"}
{"message":"  route: '/api/v2/events',","level":"info","timestamp":"2026-09-06T07:13:33.839801719Z"}
{"level":"info","message":"  status: 200,","timestamp":"2026-09-06T07:13:33.839806149Z"}
{"message":"[ops] {","level":"info","timestamp":"2026-09-06T07:13:33.839810019Z"}
{"level":"info","message":"  event: 'http_request',","timestamp":"2026-09-06T07:13:33.839816788Z"}
{"timestamp":"2026-09-06T07:13:33.839822358Z","message":"  ts: '2026-09-06T07:13:33.721Z',","level":"info"}
{"message":"  requestId: '545fb4bd-a6b7-4bf1-99bc-bebebf697c38',","level":"info","timestamp":"2026-09-06T07:13:33.839828058Z"}
{"message":"  method: 'GET',","timestamp":"2026-09-06T07:13:33.839833138Z","level":"info"}
{"message":"  route: '/api/studio/status',","level":"info","timestamp":"2026-09-06T07:13:33.839837618Z"}
{"level":"info","message":"  status: 200,","timestamp":"2026-09-06T07:13:33.839843028Z"}
{"message":"}","timestamp":"2026-09-06T07:13:34.371048530Z","level":"info"}
{"message":"[ops] {","timestamp":"2026-09-06T07:13:34.371059289Z","level":"info"}
{"message":"  event: 'http_request',","timestamp":"2026-09-06T07:13:34.371063639Z","level":"info"}
{"message":"  ts: '2026-09-06T07:13:34.207Z',","timestamp":"2026-09-06T07:13:34.371068259Z","level":"info"}
{"level":"info","message":"  requestId: 'be6140ec-a836-4c80-8514-f261dbea0f38',","timestamp":"2026-09-06T07:13:34.371071909Z"}
{"timestamp":"2026-09-06T07:13:34.371077069Z","message":"  method: 'GET',","level":"info"}
{"level":"info","message":"  route: '/api/studio/commands/next',","timestamp":"2026-09-06T07:13:34.371080819Z"}
{"message":"  status: 204,","timestamp":"2026-09-06T07:13:34.371084439Z","level":"info"}
{"message":"  durationMs: 16061","timestamp":"2026-09-06T07:13:34.371088369Z","level":"info"}
{"timestamp":"2026-09-06T07:13:34.371092639Z","level":"info","message":"}"}
{"timestamp":"2026-09-06T07:13:34.371173697Z","level":"info","message":"[ops] {"}
{"timestamp":"2026-09-06T07:13:34.371178716Z","level":"info","message":"  event: 'studio.command_polled',"}
{"level":"info","timestamp":"2026-09-06T07:13:34.371183606Z","message":"  ts: '2026-09-06T07:13:34.207Z',"}
{"timestamp":"2026-09-06T07:13:34.371189846Z","message":"  requestId: 'be6140ec-a836-4c80-8514-f261dbea0f38',","level":"info"}
{"message":"  sessionId: 'Iog4rWn0F2wcGR9xp3Jq',","timestamp":"2026-09-06T07:13:34.371195096Z","level":"info"}
{"message":"  status: 'empty'","level":"info","timestamp":"2026-09-06T07:13:34.371200046Z"}
{"counter":"job_document","jobId":"artifact_job_b8e08b840554ff094ae4bc80380bab8effe586ba0971de96","level":"info","sessionId":null,"type":"firestore_write_metric","ts":1788678814458,"timestamp":"2026-09-06T07:13:34.462058445Z","message":"","count":1,"total":6}
{"total":4,"count":1,"counter":"job_event_document","type":"firestore_write_metric","ts":1788678814458,"sessionId":null,"timestamp":"2026-09-06T07:13:34.462061525Z","jobId":"artifact_job_b8e08b840554ff094ae4bc80380bab8effe586ba0971de96","level":"info","message":""}
{"message":"[ops] {","level":"info","timestamp":"2026-09-06T07:13:34.891410028Z"}
{"level":"info","message":"  event: 'studio.command_polled',","timestamp":"2026-09-06T07:13:34.891413468Z"}
{"message":"  ts: '2026-09-06T07:13:34.672Z',","level":"info","timestamp":"2026-09-06T07:13:34.891417177Z"}
{"timestamp":"2026-09-06T07:13:34.891420507Z","message":"  requestId: '90130bce-bcb0-4ef2-9713-2854edcc0bb7',","level":"info"}
{"level":"info","message":"  sessionId: 'DlvFpLpN0vX1CB5Fvwv9',","timestamp":"2026-09-06T07:13:34.891424177Z"}
{"timestamp":"2026-09-06T07:13:34.891427617Z","message":"  status: 'empty'","level":"info"}
{"level":"info","message":"}","timestamp":"2026-09-06T07:13:34.891432847Z"}
{"level":"info","message":"[ops] {","timestamp":"2026-09-06T07:13:34.891435957Z"}
{"timestamp":"2026-09-06T07:13:34.891439097Z","message":"  event: 'http_request',","level":"info"}
{"timestamp":"2026-09-06T07:13:34.891442577Z","level":"info","message":"  ts: '2026-09-06T07:13:34.672Z',"}
{"timestamp":"2026-09-06T07:13:34.891446267Z","level":"info","message":"  requestId: '90130bce-bcb0-4ef2-9713-2854edcc0bb7',"}
{"level":"info","timestamp":"2026-09-06T07:13:34.891449177Z","message":"  method: 'GET',"}
{"message":"  route: '/api/studio/mcp/commands/next',","timestamp":"2026-09-06T07:13:34.891452597Z","level":"info"}
{"level":"info","message":"  status: 204,","timestamp":"2026-09-06T07:13:34.891456947Z"}
{"timestamp":"2026-09-06T07:13:34.891459956Z","level":"info","message":"  durationMs: 5462"}
{"level":"info","timestamp":"2026-09-06T07:13:34.891463416Z","message":"}"}
{"message":"[ops] {","level":"info","timestamp":"2026-09-06T07:13:35.280805817Z"}
{"message":"  event: 'http_request',","timestamp":"2026-09-06T07:13:35.280813497Z","level":"info"}
{"level":"info","message":"  ts: '2026-09-06T07:13:35.274Z',","timestamp":"2026-09-06T07:13:35.280817377Z"}
{"timestamp":"2026-09-06T07:13:35.280820567Z","level":"info","message":"  requestId: '1bddb46d-9fc8-48a0-b755-df8adad8ada3',"}
{"level":"info","message":"  method: 'POST',","timestamp":"2026-09-06T07:13:35.280823227Z"}
{"level":"info","message":"  route: '/api/studio/mcp/session/ping',","timestamp":"2026-09-06T07:13:35.280825917Z"}
{"timestamp":"2026-09-06T07:13:35.280828827Z","level":"info","message":"  status: 200,"}
{"timestamp":"2026-09-06T07:13:35.280831497Z","level":"info","message":"  durationMs: 315"}
{"timestamp":"2026-09-06T07:13:35.280834607Z","level":"info","message":"}"}
{"message":"  status: 200,","timestamp":"2026-09-06T07:13:35.365409210Z","level":"info"}
{"timestamp":"2026-09-06T07:13:35.365414400Z","level":"info","message":"  durationMs: 25207"}
{"level":"info","message":"}","timestamp":"2026-09-06T07:13:35.365418380Z"}
{"timestamp":"2026-09-06T07:13:35.365448969Z","level":"info","message":"[ops] {"}
{"message":"  event: 'http_request',","timestamp":"2026-09-06T07:13:35.365453929Z","level":"info"}
{"message":"  ts: '2026-09-06T07:13:35.351Z',","timestamp":"2026-09-06T07:13:35.365458089Z","level":"info"}
{"level":"info","timestamp":"2026-09-06T07:13:35.365461869Z","message":"  requestId: '76476e0f-93d8-4368-bbda-90dc5bcefb83',"}
{"message":"  method: 'POST',","timestamp":"2026-09-06T07:13:35.365465989Z","level":"info"}
{"level":"info","message":"  route: '/api/studio/commands/:commandId/ack',","timestamp":"2026-09-06T07:13:35.365469539Z"}
{"timestamp":"2026-09-06T07:13:35.859976354Z","message":"  requestId: '81803f8a-a49f-4a09-b23c-c18e1e594ea3',","level":"info"}
{"level":"info","message":"  method: 'OPTIONS',","timestamp":"2026-09-06T07:13:35.859987504Z"}
{"level":"info","message":"  route: '/api/v2/events',","timestamp":"2026-09-06T07:13:35.859992834Z"}
{"message":"  status: 204,","level":"info","timestamp":"2026-09-06T07:13:35.859997374Z"}
{"message":"  durationMs: 0","level":"info","timestamp":"2026-09-06T07:13:35.860002804Z"}
{"message":"}","timestamp":"2026-09-06T07:13:35.860007893Z","level":"info"}
{"message":"[ops] {","timestamp":"2026-09-06T07:13:35.860022313Z","level":"error"}
{"message":"  event: 'security.app_check_rejected',","level":"error","timestamp":"2026-09-06T07:13:35.860028543Z"}
{"timestamp":"2026-09-06T07:13:35.860031153Z","level":"info","message":"[ops] {"}
{"message":"  ts: '2026-09-06T07:13:35.760Z',","timestamp":"2026-09-06T07:13:35.860035143Z","level":"error"}
{"message":"  event: 'http_request',","level":"info","timestamp":"2026-09-06T07:13:35.860038113Z"}
{"timestamp":"2026-09-06T07:13:35.860042553Z","level":"error","message":"  reason: 'missing_token',"}
{"timestamp":"2026-09-06T07:13:35.860047653Z","message":"  ts: '2026-09-06T07:13:35.586Z',","level":"info"}
{"message":"  mode: 'monitor',","timestamp":"2026-09-06T07:13:35.860049842Z","level":"error"}
{"timestamp":"2026-09-06T07:13:35.860054052Z","level":"error","message":"  route: '/api/v2/events'"}
{"level":"error","timestamp":"2026-09-06T07:13:35.860058242Z","message":"}"}
{"message":"[ops] {","timestamp":"2026-09-06T07:13:36.443176690Z","level":"info"}
{"timestamp":"2026-09-06T07:13:36.443180770Z","level":"info","message":"  event: 'http_request',"}
{"message":"  ts: '2026-09-06T07:13:36.392Z',","level":"info","timestamp":"2026-09-06T07:13:36.443185370Z"}
{"message":"  requestId: 'c09912d0-3da6-45ec-a8e1-255ffbd3511f',","level":"info","timestamp":"2026-09-06T07:13:36.443189660Z"}
{"timestamp":"2026-09-06T07:13:36.443196030Z","message":"  method: 'GET',","level":"info"}
{"message":"  route: '/api/v2/events',","timestamp":"2026-09-06T07:13:36.443199420Z","level":"info"}
{"message":"  status: 200,","level":"info","timestamp":"2026-09-06T07:13:36.443202080Z"}
{"timestamp":"2026-09-06T07:13:36.443206009Z","level":"info","message":"  durationMs: 632"}
{"message":"}","level":"info","timestamp":"2026-09-06T07:13:36.443209509Z"}
{"message":"[ops] {","timestamp":"2026-09-06T07:13:36.528900587Z","level":"info"}
{"message":"  event: 'studio.command_polled',","level":"info","timestamp":"2026-09-06T07:13:36.528906327Z"}
{"message":"  ts: '2026-09-06T07:13:36.521Z',","timestamp":"2026-09-06T07:13:36.528912467Z","level":"info"}
{"timestamp":"2026-09-06T07:13:36.528929336Z","message":"  requestId: '0029d3fa-5c07-4016-95cf-06c270f3d4a9',","level":"info"}
{"level":"info","message":"  sessionId: 'MLq8J3mhz56J6BRsAeQe',","timestamp":"2026-09-06T07:13:36.528932096Z"}
{"message":"  commandId: 'mQWbgsyxKO3aWDrAfsII',","timestamp":"2026-09-06T07:13:36.528935736Z","level":"info"}
{"message":"  commandType: 'list_children',","level":"info","timestamp":"2026-09-06T07:13:36.528942386Z"}
{"message":"  status: 'claimed'","timestamp":"2026-09-06T07:13:36.528965325Z","level":"info"}
{"timestamp":"2026-09-06T07:13:36.528967965Z","level":"info","message":"}"}
{"timestamp":"2026-09-06T07:13:36.606322096Z","message":"[ops] {","level":"info"}
{"message":"  event: 'http_request',","level":"info","timestamp":"2026-09-06T07:13:36.606326525Z"}
{"message":"  ts: '2026-09-06T07:13:36.574Z',","timestamp":"2026-09-06T07:13:36.606330555Z","level":"info"}
{"timestamp":"2026-09-06T07:13:36.606335465Z","message":"  requestId: '0029d3fa-5c07-4016-95cf-06c270f3d4a9',","level":"info"}
{"message":"  method: 'GET',","timestamp":"2026-09-06T07:13:36.606339655Z","level":"info"}
{"message":"  route: '/api/studio/commands/next',","timestamp":"2026-09-06T07:13:36.606342675Z","level":"info"}
{"level":"info","message":"  status: 200,","timestamp":"2026-09-06T07:13:36.606346695Z"}
{"message":"  durationMs: 800","timestamp":"2026-09-06T07:13:36.606350655Z","level":"info"}
{"message":"}","timestamp":"2026-09-06T07:13:36.606355665Z","level":"info"}
{"message":"[ops] {","timestamp":"2026-09-06T07:13:36.963901157Z","level":"info"}
{"timestamp":"2026-09-06T07:13:36.963906417Z","level":"info","message":"  event: 'http_request',"}
{"level":"info","timestamp":"2026-09-06T07:13:36.963909536Z","message":"  ts: '2026-09-06T07:13:36.957Z',"}
{"timestamp":"2026-09-06T07:13:36.963912796Z","message":"  requestId: '1cb60c59-3ef6-44c3-a3f7-524ffda837d0',","level":"info"}
{"timestamp":"2026-09-06T07:13:36.963915956Z","message":"  method: 'POST',","level":"info"}
{"message":"  route: '/api/studio/commands/:commandId/ack',","timestamp":"2026-09-06T07:13:36.963918806Z","level":"info"}
{"message":"  status: 200,","timestamp":"2026-09-06T07:13:36.963921276Z","level":"info"}
{"message":"  durationMs: 196","level":"info","timestamp":"2026-09-06T07:13:36.963923916Z"}
{"message":"}","timestamp":"2026-09-06T07:13:36.963926426Z","level":"info"}
{"level":"info","message":"[ops] {","timestamp":"2026-09-06T07:13:37.425246651Z"}
{"message":"  event: 'http_request',","level":"info","timestamp":"2026-09-06T07:13:37.425252131Z"}
{"message":"  ts: '2026-09-06T07:13:37.420Z',","timestamp":"2026-09-06T07:13:37.425256481Z","level":"info"}
{"level":"info","message":"  requestId: 'dcf91402-ee6e-4756-9453-9d927884ee78',","timestamp":"2026-09-06T07:13:37.425260511Z"}
{"message":"  method: 'POST',","level":"info","timestamp":"2026-09-06T07:13:37.425263971Z"}
{"timestamp":"2026-09-06T07:13:37.425267481Z","message":"  route: '/api/studio/commands/:commandId/ack',","level":"info"}
{"level":"info","message":"  status: 200,","timestamp":"2026-09-06T07:13:37.425270581Z"}
{"level":"info","message":"  durationMs: 199","timestamp":"2026-09-06T07:13:37.425273781Z"}
{"level":"info","message":"}","timestamp":"2026-09-06T07:13:37.425276991Z"}
{"counter":"studio_session","message":"","jobId":null,"type":"firestore_write_metric","writesPerStudioSessionHour":70,"count":1,"ts":1788678817512,"timestamp":"2026-09-06T07:13:37.647714899Z","sessionId":"Iog4rWn0F2wcGR9xp3Jq","total":73,"level":"info"}
{"count":1,"writesPerStudioSessionHour":71,"message":"","timestamp":"2026-09-06T07:13:37.947221216Z","sessionId":"Iog4rWn0F2wcGR9xp3Jq","level":"info","type":"firestore_write_metric","ts":1788678817838,"total":74,"counter":"studio_session","jobId":null}
{"timestamp":"2026-09-06T07:13:37.947232086Z","level":"info","message":"[ops] {"}
{"level":"info","message":"  event: 'studio.plugin_compatibility_handshake',","timestamp":"2026-09-06T07:13:37.947236616Z"}
{"level":"info","message":"  ts: '2026-09-06T07:13:37.838Z',","timestamp":"2026-09-06T07:13:37.947240996Z"}
{"level":"info","message":"  requestId: '8692ab1e-3917-4730-8798-42b56a74e510',","timestamp":"2026-09-06T07:13:37.947244736Z"}
{"message":"  sessionId: 'Iog4rWn0F2wcGR9xp3Jq',","timestamp":"2026-09-06T07:13:37.947249346Z","level":"info"}
{"timestamp":"2026-09-06T07:13:37.947253115Z","level":"info","message":"  userId: 'klu6Sv5QeEgYWlHjsgQwMkZCvsb2',"}
{"message":"  status: 'degraded',","timestamp":"2026-09-06T07:13:37.947257375Z","level":"info"}
{"message":"  reasonCodes: [ 'command_unavailable' ],","timestamp":"2026-09-06T07:13:37.947260865Z","level":"info"}
{"timestamp":"2026-09-06T07:13:37.947264555Z","level":"info","message":"  buildId: 'nexusrbx-studio-0.14.0-r15-animation.10-native-value-normalization',"}
{"timestamp":"2026-09-06T07:13:37.947268155Z","level":"info","message":"  attestationWritten: true,"}
{"message":"  repairDurationMs: 468","timestamp":"2026-09-06T07:13:37.947272235Z","level":"info"}
{"level":"info","timestamp":"2026-09-06T07:13:37.947275565Z","message":"}"}
{"timestamp":"2026-09-06T07:13:37.947279115Z","level":"info","message":"[ops] {"}
{"message":"  event: 'http_request',","timestamp":"2026-09-06T07:13:37.947282775Z","level":"info"}
{"timestamp":"2026-09-06T07:13:37.947289685Z","message":"  ts: '2026-09-06T07:13:37.839Z',","level":"info"}
{"level":"info","message":"  requestId: '8692ab1e-3917-4730-8798-42b56a74e510',","timestamp":"2026-09-06T07:13:37.947293355Z"}
{"level":"info","message":"  method: 'POST',","timestamp":"2026-09-06T07:13:37.947297194Z"}
{"timestamp":"2026-09-06T07:13:37.947300444Z","level":"info","message":"  route: '/api/studio/session/ping',"}
{"message":"  status: 200,","level":"info","timestamp":"2026-09-06T07:13:37.947303594Z"}
{"level":"info","message":"  durationMs: 544","timestamp":"2026-09-06T07:13:37.947307344Z"}
{"message":"}","timestamp":"2026-09-06T07:13:37.947311954Z","level":"info"}
{"message":"[ops] {","timestamp":"2026-09-06T07:13:38.094401084Z","level":"info"}
{"message":"  event: 'http_request',","level":"info","timestamp":"2026-09-06T07:13:38.094608329Z"}
{"message":"  ts: '2026-09-06T07:13:38.085Z',","timestamp":"2026-09-06T07:13:38.094617308Z","level":"info"}
{"timestamp":"2026-09-06T07:13:38.094622148Z","message":"  requestId: '63fedb6b-1d81-4984-b055-60de1e49cc04',","level":"info"}
{"timestamp":"2026-09-06T07:13:38.094626148Z","level":"info","message":"  method: 'OPTIONS',"}
{"level":"info","timestamp":"2026-09-06T07:13:38.094630338Z","message":"  route: '/api/v2/events',"}
{"level":"info","timestamp":"2026-09-06T07:13:38.094633938Z","message":"  status: 204,"}
{"timestamp":"2026-09-06T07:13:38.094637068Z","message":"  durationMs: 0","level":"info"}
{"level":"info","message":"}","timestamp":"2026-09-06T07:13:38.094640738Z"}
{"message":"[ops] {","timestamp":"2026-09-06T07:13:38.144623995Z","level":"info"}
{"timestamp":"2026-09-06T07:13:38.144628245Z","message":"  event: 'execution_verified',","level":"info"}
{"message":"  ts: '2026-09-06T07:13:38.142Z',","timestamp":"2026-09-06T07:13:38.144631525Z","level":"info"}
{"message":"  commandType: 'list_children',","level":"info","timestamp":"2026-09-06T07:13:38.144634674Z"}
{"level":"info","timestamp":"2026-09-06T07:13:38.144637704Z","message":"  commandId: 'mQWbgsyxKO3aWDrAfsII',"}
{"timestamp":"2026-09-06T07:13:38.144640354Z","level":"info","message":"  sessionId: 'MLq8J3mhz56J6BRsAeQe',"}
{"timestamp":"2026-09-06T07:13:38.144642994Z","level":"info","message":"  targetId: 'st_8c5d17e8ee75c6d9aeebd894c2cadbf341aa72d1041774ef',"}
{"timestamp":"2026-09-06T07:13:38.144645514Z","level":"info","message":"  rolledBack: false"}
{"message":"}","timestamp":"2026-09-06T07:13:38.144649504Z","level":"info"}
{"timestamp":"2026-09-06T07:13:38.291188028Z","level":"info","message":"[ops] {"}
{"level":"info","message":"  event: 'studio.command_acknowledged',","timestamp":"2026-09-06T07:13:38.291201368Z"}
{"message":"  ts: '2026-09-06T07:13:38.286Z',","level":"info","timestamp":"2026-09-06T07:13:38.291207638Z"}
{"level":"info","message":"  requestId: '52e1aa6e-8f80-4530-96c1-230af1d8cf77',","timestamp":"2026-09-06T07:13:38.291211567Z"}
{"message":"  sessionId: 'MLq8J3mhz56J6BRsAeQe',","timestamp":"2026-09-06T07:13:38.291216157Z","level":"info"}
{"message":"  commandId: 'mQWbgsyxKO3aWDrAfsII',","timestamp":"2026-09-06T07:13:38.291220317Z","level":"info"}
{"timestamp":"2026-09-06T07:13:38.291225177Z","message":"  commandType: 'list_children',","level":"info"}
{"message":"  commandStatus: 'succeeded',","level":"info","timestamp":"2026-09-06T07:13:38.291228917Z"}
{"timestamp":"2026-09-06T07:13:38.291232227Z","level":"info","message":"  hasRunId: true"}
{"level":"info","timestamp":"2026-09-06T07:13:38.291236007Z","message":"}"}
{"timestamp":"2026-09-06T07:13:38.291239527Z","message":"[ops] {","level":"error"}
{"level":"error","message":"  event: 'security.app_check_rejected',","timestamp":"2026-09-06T07:13:38.291243117Z"}
{"level":"error","message":"  ts: '2026-09-06T07:13:38.287Z',","timestamp":"2026-09-06T07:13:38.291246487Z"}
{"level":"error","timestamp":"2026-09-06T07:13:38.291250427Z","message":"  reason: 'missing_token',"}
{"timestamp":"2026-09-06T07:13:38.291254116Z","level":"error","message":"  mode: 'monitor',"}
{"message":"  route: '/api/v2/events'","timestamp":"2026-09-06T07:13:38.291257396Z","level":"error"}
{"message":"}","timestamp":"2026-09-06T07:13:38.291261086Z","level":"error"}
{"message":"[ops] {","timestamp":"2026-09-06T07:13:39.065230145Z","level":"info"}
{"level":"info","message":"  event: 'http_request',","timestamp":"2026-09-06T07:13:39.065233875Z"}
{"message":"  ts: '2026-09-06T07:13:38.875Z',","timestamp":"2026-09-06T07:13:39.065237305Z","level":"info"}
{"timestamp":"2026-09-06T07:13:39.065240795Z","level":"info","message":"  requestId: '1f03d5ef-47d5-43aa-8e21-32787d6b5a67',"}
{"timestamp":"2026-09-06T07:13:39.065243595Z","level":"info","message":"  method: 'GET',"}
{"level":"info","message":"  route: '/api/v2/events',","timestamp":"2026-09-06T07:13:39.065246254Z"}
{"timestamp":"2026-09-06T07:13:39.065248664Z","message":"  status: 200,","level":"info"}
{"message":"  durationMs: 588","level":"info","timestamp":"2026-09-06T07:13:39.065251414Z"}
{"timestamp":"2026-09-06T07:13:39.065255054Z","level":"info","message":"}"}
{"message":"","type":"firestore_write_metric","timestamp":"2026-09-06T07:13:40.347300349Z","jobId":null,"sessionId":"MLq8J3mhz56J6BRsAeQe","total":75,"level":"info","ts":1788678820215,"counter":"studio_session","writesPerStudioSessionHour":4,"count":1}
{"timestamp":"2026-09-06T07:13:40.425079094Z","level":"info","message":"[ops] {"}
{"message":"  event: 'studio.plugin_compatibility_handshake',","timestamp":"2026-09-06T07:13:40.425091443Z","level":"info"}
{"message":"  ts: '2026-09-06T07:13:40.420Z',","timestamp":"2026-09-06T07:13:40.425097533Z","level":"info"}
{"timestamp":"2026-09-06T07:13:40.425105353Z","level":"info","message":"  requestId: '443d91ea-7a75-4339-8b83-22245f57a9e0',"}
{"message":"  sessionId: 'MLq8J3mhz56J6BRsAeQe',","timestamp":"2026-09-06T07:13:40.425111233Z","level":"info"}
{"level":"info","timestamp":"2026-09-06T07:13:40.425116853Z","message":"  userId: '0VSQotqOXxPXBLeQu1gUNkXELWH3',"}
{"level":"info","message":"  status: 'compatible',","timestamp":"2026-09-06T07:13:40.425122003Z"}
{"message":"  reasonCodes: [],","timestamp":"2026-09-06T07:13:40.425126362Z","level":"info"}
{"timestamp":"2026-09-06T07:13:40.425130462Z","level":"info","message":"  buildId: 'nexusrbx-studio-0.14.0-r15-animation.12-toolbox',"}
{"level":"info","message":"  attestationWritten: false,","timestamp":"2026-09-06T07:13:40.425134832Z"}
{"timestamp":"2026-09-06T07:13:40.425139242Z","message":"  repairDurationMs: 508","level":"info"}
{"message":"}","level":"info","timestamp":"2026-09-06T07:13:40.425143842Z"}
{"level":"info","message":"[ops] {","timestamp":"2026-09-06T07:13:40.425148642Z"}
{"level":"info","timestamp":"2026-09-06T07:13:40.425153842Z","message":"  event: 'http_request',"}
{"level":"info","message":"  ts: '2026-09-06T07:13:40.420Z',","timestamp":"2026-09-06T07:13:40.425158462Z"}
{"message":"  requestId: '443d91ea-7a75-4339-8b83-22245f57a9e0',","timestamp":"2026-09-06T07:13:40.425164142Z","level":"info"}
{"level":"info","message":"  method: 'POST',","timestamp":"2026-09-06T07:13:40.425168881Z"}
{"message":"  route: '/api/studio/session/ping',","timestamp":"2026-09-06T07:13:40.425174351Z","level":"info"}
{"timestamp":"2026-09-06T07:13:40.425179281Z","message":"  status: 200,","level":"info"}
{"timestamp":"2026-09-06T07:13:40.425184071Z","level":"info","message":"  durationMs: 572"}
{"level":"info","message":"}","timestamp":"2026-09-06T07:13:40.425188801Z"}
{"message":"  event: 'http_request',","level":"info","timestamp":"2026-09-06T07:13:40.603871800Z"}
{"level":"info","timestamp":"2026-09-06T07:13:40.603878419Z","message":"  ts: '2026-09-06T07:13:40.594Z',"}
{"timestamp":"2026-09-06T07:13:40.603882729Z","message":"  requestId: '93386bb4-72b2-4bf7-b25c-567a8f4524b8',","level":"info"}
{"timestamp":"2026-09-06T07:13:40.603886219Z","level":"info","message":"  method: 'OPTIONS',"}
{"level":"info","message":"  route: '/api/v2/agents/active',","timestamp":"2026-09-06T07:13:40.603889639Z"}
{"message":"  status: 204,","level":"info","timestamp":"2026-09-06T07:13:40.603893169Z"}
{"sessionId":null,"level":"info","timestamp":"2026-09-06T07:13:40.603896409Z","total":7,"count":1,"jobId":"artifact_job_b8e08b840554ff094ae4bc80380bab8effe586ba0971de96","message":"","type":"firestore_write_metric","ts":1788678820587,"counter":"job_document"}
{"ts":1788678820587,"count":1,"counter":"job_event_document","timestamp":"2026-09-06T07:13:40.603900559Z","jobId":"artifact_job_b8e08b840554ff094ae4bc80380bab8effe586ba0971de96","sessionId":null,"total":5,"message":"","type":"firestore_write_metric","level":"info"}
{"message":"[ops] {","timestamp":"2026-09-06T07:13:40.603905169Z","level":"info"}
{"level":"info","message":"  event: 'manifest_context_ensure_started',","timestamp":"2026-09-06T07:13:40.603908689Z"}
{"timestamp":"2026-09-06T07:13:40.603912019Z","level":"info","message":"  ts: '2026-09-06T07:13:40.590Z',"}
{"level":"info","message":"  userId: '0VSQotqOXxPXBLeQu1gUNkXELWH3',","timestamp":"2026-09-06T07:13:40.603915559Z"}
{"timestamp":"2026-09-06T07:13:40.603918489Z","level":"info","message":"  sessionId: 'MLq8J3mhz56J6BRsAeQe',"}
{"timestamp":"2026-09-06T07:13:40.603921048Z","level":"info","message":"  requireFreshForWrite: false"}
{"message":"}","level":"info","timestamp":"2026-09-06T07:13:40.603923918Z"}
{"message":"[ops] {","level":"info","timestamp":"2026-09-06T07:13:40.603926848Z"}
{"timestamp":"2026-09-06T07:13:40.603929898Z","level":"info","message":"  event: 'http_request',"}
{"level":"info","message":"  ts: '2026-09-06T07:13:40.593Z',","timestamp":"2026-09-06T07:13:40.603932668Z"}
{"timestamp":"2026-09-06T07:13:40.603936028Z","message":"  requestId: 'c538262c-690e-48f9-b513-61d310b4c3b6',","level":"info"}
{"message":"  method: 'OPTIONS',","timestamp":"2026-09-06T07:13:40.603938958Z","level":"info"}
{"message":"  route: '/api/v2/events',","timestamp":"2026-09-06T07:13:40.603941828Z","level":"info"}
{"message":"  status: 204,","timestamp":"2026-09-06T07:13:40.603944528Z","level":"info"}
{"message":"  durationMs: 0","timestamp":"2026-09-06T07:13:40.603947368Z","level":"info"}
{"message":"}","timestamp":"2026-09-06T07:13:40.603950288Z","level":"info"}
{"timestamp":"2026-09-06T07:13:40.603953508Z","level":"info","message":"[ops] {"}
{"level":"info","message":"  durationMs: 0","timestamp":"2026-09-06T07:13:40.604196992Z"}
{"timestamp":"2026-09-06T07:13:40.604200822Z","level":"info","message":"}"}
{"timestamp":"2026-09-06T07:13:40.750615603Z","level":"info","message":"[ops] {"}
{"message":"  event: 'manifest_state_read_count',","level":"info","timestamp":"2026-09-06T07:13:40.750620103Z"}
{"message":"  ts: '2026-09-06T07:13:40.709Z',","timestamp":"2026-09-06T07:13:40.750624053Z","level":"info"}
{"level":"info","message":"  userId: '0VSQotqOXxPXBLeQu1gUNkXELWH3',","timestamp":"2026-09-06T07:13:40.750626943Z"}
{"level":"info","timestamp":"2026-09-06T07:13:40.750629973Z","message":"  sessionId: 'MLq8J3mhz56J6BRsAeQe',"}
{"message":"  value: 1","timestamp":"2026-09-06T07:13:40.750633053Z","level":"info"}
{"level":"info","timestamp":"2026-09-06T07:13:40.750635673Z","message":"}"}
{"level":"info","message":"  placeSignature: '3fd89e84',","timestamp":"2026-09-06T07:13:40.973307346Z"}
{"timestamp":"2026-09-06T07:13:40.973311186Z","message":"[ops] {","level":"info"}
{"level":"info","timestamp":"2026-09-06T07:13:40.973313916Z","message":"  revision: 'b7d64df9-4f3b-4953-9e19-1bd6fc98d291',"}
{"timestamp":"2026-09-06T07:13:40.973314706Z","message":"  event: 'manifest_cache_hit',","level":"info"}
{"timestamp":"2026-09-06T07:13:40.973317466Z","level":"info","message":"  ts: '2026-09-06T07:13:40.762Z',"}
{"timestamp":"2026-09-06T07:13:40.973317936Z","level":"info","message":"  refreshQueued: false,"}
{"timestamp":"2026-09-06T07:13:40.973320616Z","message":"  userId: '0VSQotqOXxPXBLeQu1gUNkXELWH3',","level":"info"}
{"message":"  sessionId: 'MLq8J3mhz56J6BRsAeQe',","level":"info","timestamp":"2026-09-06T07:13:40.973323496Z"}
{"level":"info","message":"  revision: 'b7d64df9-4f3b-4953-9e19-1bd6fc98d291',","timestamp":"2026-09-06T07:13:40.973325946Z"}
{"timestamp":"2026-09-06T07:13:40.973328476Z","level":"info","message":"  ageMs: 28530"}
{"timestamp":"2026-09-06T07:13:40.973331116Z","level":"info","message":"}"}
{"level":"info","message":"[ops] {","timestamp":"2026-09-06T07:13:40.973333646Z"}
{"level":"info","message":"  event: 'manifest_context_ensure_completed',","timestamp":"2026-09-06T07:13:40.973336086Z"}
{"level":"info","message":"  ts: '2026-09-06T07:13:40.762Z',","timestamp":"2026-09-06T07:13:40.973338776Z"}
{"message":"  status: 'fresh',","level":"info","timestamp":"2026-09-06T07:13:40.973341406Z"}
{"message":"  blockerCode: 'none',","level":"info","timestamp":"2026-09-06T07:13:40.973344245Z"}
{"timestamp":"2026-09-06T07:13:40.973346625Z","level":"info","message":"  targetId: 'st_8c5d17e8ee75c6d9aeebd894c2cadbf341aa72d1041774ef',"}
{"level":"info","message":"  placeSignature: '3fd89e84',","timestamp":"2026-09-06T07:13:40.973349195Z"}
{"timestamp":"2026-09-06T07:13:40.973351675Z","level":"info","message":"  revision: 'b7d64df9-4f3b-4953-9e19-1bd6fc98d291',"}
{"timestamp":"2026-09-06T07:13:40.973354315Z","level":"info","message":"  refreshQueued: false,"}
{"message":"  refreshDeduplicated: false","timestamp":"2026-09-06T07:13:40.973356825Z","level":"info"}
{"message":"}","timestamp":"2026-09-06T07:13:40.973359275Z","level":"info"}
{"timestamp":"2026-09-06T07:13:40.973361545Z","level":"info","message":"[ops] {"}
{"level":"info","message":"  event: 'manifest_ensure_ms',","timestamp":"2026-09-06T07:13:40.973364005Z"}
{"message":"  ts: '2026-09-06T07:13:40.762Z',","timestamp":"2026-09-06T07:13:40.973366645Z","level":"info"}
{"timestamp":"2026-09-06T07:13:40.973369185Z","level":"info","message":"  status: 'fresh',"}
{"message":"  blockerCode: 'none',","level":"info","timestamp":"2026-09-06T07:13:40.973371875Z"}
{"timestamp":"2026-09-06T07:13:40.973374235Z","level":"info","message":"  targetId: 'st_8c5d17e8ee75c6d9aeebd894c2cadbf341aa72d1041774ef',"}
{"message":"  refreshDeduplicated: false,","timestamp":"2026-09-06T07:13:40.974027589Z","level":"info"}
{"timestamp":"2026-09-06T07:13:40.974039699Z","level":"info","message":"  value: 172"}
{"timestamp":"2026-09-06T07:13:40.974046169Z","message":"}","level":"info"}
{"timestamp":"2026-09-06T07:13:40.974051878Z","message":"[ops] {","level":"info"}
{"timestamp":"2026-09-06T07:13:40.974056818Z","message":"  event: 'manifest_first_context_ms',","level":"info"}
{"level":"info","message":"  ts: '2026-09-06T07:13:40.762Z',","timestamp":"2026-09-06T07:13:40.974063848Z"}
{"level":"info","timestamp":"2026-09-06T07:13:40.974068128Z","message":"  status: 'fresh',"}
{"level":"info","message":"  blockerCode: 'none',","timestamp":"2026-09-06T07:13:40.974073308Z"}
{"message":"  targetId: 'st_8c5d17e8ee75c6d9aeebd894c2cadbf341aa72d1041774ef',","timestamp":"2026-09-06T07:13:40.974077868Z","level":"info"}
{"timestamp":"2026-09-06T07:13:40.974083098Z","message":"  placeSignature: '3fd89e84',","level":"info"}
{"message":"  revision: 'b7d64df9-4f3b-4953-9e19-1bd6fc98d291',","timestamp":"2026-09-06T07:13:40.974087928Z","level":"info"}
{"timestamp":"2026-09-06T07:13:40.974091837Z","level":"info","message":"  refreshQueued: false,"}
{"message":"  refreshDeduplicated: false,","timestamp":"2026-09-06T07:13:40.974096157Z","level":"info"}
{"message":"  value: 172","level":"info","timestamp":"2026-09-06T07:13:40.974100917Z"}
{"message":"}","level":"info","timestamp":"2026-09-06T07:13:40.974105207Z"}
{"timestamp":"2026-09-06T07:13:40.974109647Z","message":"[ops] {","level":"error"}
{"timestamp":"2026-09-06T07:13:40.974113727Z","message":"  event: 'security.app_check_rejected',","level":"error"}
{"timestamp":"2026-09-06T07:13:40.974119357Z","level":"error","message":"  ts: '2026-09-06T07:13:40.767Z',"}
{"message":"  reason: 'missing_token',","level":"error","timestamp":"2026-09-06T07:13:40.974124347Z"}
{"timestamp":"2026-09-06T07:13:40.974128517Z","message":"  mode: 'monitor',","level":"error"}
{"level":"error","timestamp":"2026-09-06T07:13:40.974132666Z","message":"  route: '/api/v2/events'"}
{"timestamp":"2026-09-06T07:13:40.974136976Z","message":"}","level":"error"}
{"message":"[ops] {","level":"error","timestamp":"2026-09-06T07:13:40.974142486Z"}
{"timestamp":"2026-09-06T07:13:40.974146706Z","level":"error","message":"  event: 'security.app_check_rejected',"}
{"message":"  ts: '2026-09-06T07:13:40.768Z',","timestamp":"2026-09-06T07:13:40.974150926Z","level":"error"}
{"message":"  reason: 'missing_token',","timestamp":"2026-09-06T07:13:40.974155136Z","level":"error"}
{"message":"  mode: 'monitor',","level":"error","timestamp":"2026-09-06T07:13:40.974159956Z"}
{"level":"error","message":"  route: '/api/v2/agents/active'","timestamp":"2026-09-06T07:13:40.974164366Z"}
{"message":"}","timestamp":"2026-09-06T07:13:40.974174795Z","level":"error"}
{"message":"[ops] {","level":"info","timestamp":"2026-09-06T07:13:40.974179005Z"}
{"level":"info","message":"  event: 'http_request',","timestamp":"2026-09-06T07:13:40.974183435Z"}
{"level":"info","message":"  ts: '2026-09-06T07:13:40.864Z',","timestamp":"2026-09-06T07:13:40.974528927Z"}
{"level":"info","message":"  requestId: 'b8903f9d-7643-4847-8268-2bdbdd41c13a',","timestamp":"2026-09-06T07:13:40.974532117Z"}
{"message":"  method: 'GET',","timestamp":"2026-09-06T07:13:40.974534867Z","level":"info"}
{"level":"info","timestamp":"2026-09-06T07:13:40.974537827Z","message":"  route: '/api/v2/agents/active',"}
{"level":"info","message":"  status: 200,","timestamp":"2026-09-06T07:13:40.974541137Z"}
{"timestamp":"2026-09-06T07:13:40.974543566Z","message":"  durationMs: 97","level":"info"}
{"message":"}","level":"info","timestamp":"2026-09-06T07:13:40.974546006Z"}
{"timestamp":"2026-09-06T07:13:41.338152819Z","level":"info","message":"[ops] {"}
{"timestamp":"2026-09-06T07:13:41.338163169Z","message":"  event: 'http_request',","level":"info"}
{"message":"  ts: '2026-09-06T07:13:41.330Z',","timestamp":"2026-09-06T07:13:41.338167949Z","level":"info"}
{"timestamp":"2026-09-06T07:13:41.338171729Z","level":"info","message":"  requestId: '8ec9c847-2a4e-4a88-ab96-874c46b7dcb0',"}
{"level":"info","timestamp":"2026-09-06T07:13:41.338175199Z","message":"  method: 'GET',"}
{"timestamp":"2026-09-06T07:13:41.338180219Z","level":"info","message":"  route: '/api/v2/events',"}
{"level":"info","message":"  status: 200,","timestamp":"2026-09-06T07:13:41.338184819Z"}
{"level":"info","message":"  durationMs: 563","timestamp":"2026-09-06T07:13:41.338188609Z"}
{"timestamp":"2026-09-06T07:13:41.338192189Z","level":"info","message":"}"}
{"timestamp":"2026-09-06T07:13:41.699832520Z","message":"[ops] {","level":"info"}
{"level":"info","timestamp":"2026-09-06T07:13:41.699835370Z","message":"  event: 'http_request',"}
{"message":"  ts: '2026-09-06T07:13:41.675Z',","level":"info","timestamp":"2026-09-06T07:13:41.699838470Z"}
{"message":"  requestId: '960ada76-9bc2-4955-8a06-d943e085095d',","timestamp":"2026-09-06T07:13:41.699841410Z","level":"info"}
{"message":"  method: 'POST',","level":"info","timestamp":"2026-09-06T07:13:41.699844210Z"}
{"message":"  route: '/api/studio/mcp/session/ping',","timestamp":"2026-09-06T07:13:41.699846860Z","level":"info"}
{"timestamp":"2026-09-06T07:13:41.699849200Z","level":"info","message":"  status: 200,"}
{"message":"  durationMs: 309","timestamp":"2026-09-06T07:13:41.699851580Z","level":"info"}
{"message":"}","level":"info","timestamp":"2026-09-06T07:13:41.699854020Z"}
{"level":"info","message":"[ops] {","timestamp":"2026-09-06T07:13:42.570967201Z"}
{"level":"info","message":"  event: 'studio.command_polled',","timestamp":"2026-09-06T07:13:42.570970991Z"}
{"timestamp":"2026-09-06T07:13:42.570974721Z","level":"info","message":"  ts: '2026-09-06T07:13:42.570Z',"}
{"message":"  requestId: '1d582ee4-6638-4281-b60e-1f481e75bb60',","timestamp":"2026-09-06T07:13:42.570978551Z","level":"info"}
{"level":"info","message":"  sessionId: 'DlvFpLpN0vX1CB5Fvwv9',","timestamp":"2026-09-06T07:13:42.570981491Z"}
{"message":"  status: 'empty'","level":"info","timestamp":"2026-09-06T07:13:42.570984301Z"}
{"message":"}","timestamp":"2026-09-06T07:13:42.570987481Z","level":"info"}
{"timestamp":"2026-09-06T07:13:42.571744853Z","level":"info","message":"[ops] {"}
{"timestamp":"2026-09-06T07:13:42.571749593Z","message":"  event: 'http_request',","level":"info"}
{"level":"info","message":"  ts: '2026-09-06T07:13:42.570Z',","timestamp":"2026-09-06T07:13:42.571752082Z"}
{"level":"info","message":"  requestId: '1d582ee4-6638-4281-b60e-1f481e75bb60',","timestamp":"2026-09-06T07:13:42.571754632Z"}
{"timestamp":"2026-09-06T07:13:42.571757322Z","message":"  method: 'GET',","level":"info"}
{"message":"  route: '/api/studio/mcp/commands/next',","timestamp":"2026-09-06T07:13:42.571759812Z","level":"info"}
{"level":"info","timestamp":"2026-09-06T07:13:42.571762082Z","message":"  status: 204,"}
{"level":"info","message":"  durationMs: 5063","timestamp":"2026-09-06T07:13:42.571764462Z"}
{"message":"}","timestamp":"2026-09-06T07:13:42.571766902Z","level":"info"}
{"timestamp":"2026-09-06T07:13:43.136825679Z","level":"info","message":"[ops] {"}
{"message":"  event: 'http_request',","timestamp":"2026-09-06T07:13:43.136830268Z","level":"info"}
{"level":"info","message":"  ts: '2026-09-06T07:13:43.090Z',","timestamp":"2026-09-06T07:13:43.136833208Z"}
{"message":"  requestId: 'b2605944-84aa-41bd-b581-588652963505',","timestamp":"2026-09-06T07:13:43.136835648Z","level":"info"}
{"message":"  method: 'OPTIONS',","timestamp":"2026-09-06T07:13:43.136839718Z","level":"info"}
{"level":"info","timestamp":"2026-09-06T07:13:43.136842818Z","message":"  route: '/api/v2/events',"}
{"timestamp":"2026-09-06T07:13:43.136845488Z","level":"info","message":"  status: 204,"}
{"timestamp":"2026-09-06T07:13:43.136848498Z","message":"  durationMs: 0","level":"info"}
{"level":"info","message":"}","timestamp":"2026-09-06T07:13:43.136851388Z"}
{"level":"info","message":"[ops] {","timestamp":"2026-09-06T07:13:43.215168794Z"}
{"timestamp":"2026-09-06T07:13:43.215173364Z","message":"  event: 'http_request',","level":"info"}
{"message":"  ts: '2026-09-06T07:13:43.180Z',","level":"info","timestamp":"2026-09-06T07:13:43.215177963Z"}
{"timestamp":"2026-09-06T07:13:43.215182703Z","message":"  requestId: '7698d12b-3715-49c2-9fb3-04b95f970538',","level":"info"}
{"message":"  method: 'POST',","timestamp":"2026-09-06T07:13:43.215186943Z","level":"info"}
{"message":"  route: '/api/studio/mcp/session/ping',","level":"info","timestamp":"2026-09-06T07:13:43.215192633Z"}
{"timestamp":"2026-09-06T07:13:43.215196523Z","level":"info","message":"  status: 200,"}
{"level":"info","message":"  durationMs: 254","timestamp":"2026-09-06T07:13:43.215200053Z"}
{"message":"}","timestamp":"2026-09-06T07:13:43.215203923Z","level":"info"}
{"timestamp":"2026-09-06T07:13:43.264070451Z","message":"[ops] {","level":"error"}
{"message":"  event: 'security.app_check_rejected',","level":"error","timestamp":"2026-09-06T07:13:43.264077531Z"}
{"timestamp":"2026-09-06T07:13:43.264081721Z","level":"error","message":"  ts: '2026-09-06T07:13:43.258Z',"}
{"message":"  reason: 'missing_token',","timestamp":"2026-09-06T07:13:43.264085341Z","level":"error"}
{"timestamp":"2026-09-06T07:13:43.264088841Z","message":"  mode: 'monitor',","level":"error"}
{"timestamp":"2026-09-06T07:13:43.264091661Z","message":"  route: '/api/v2/events'","level":"error"}
{"message":"}","level":"error","timestamp":"2026-09-06T07:13:43.264094281Z"}
{"level":"info","message":"[ops] {","timestamp":"2026-09-06T07:13:44.098728775Z"}
{"message":"  event: 'http_request',","timestamp":"2026-09-06T07:13:44.098731525Z","level":"info"}
{"timestamp":"2026-09-06T07:13:44.098734175Z","message":"  ts: '2026-09-06T07:13:43.793Z',","level":"info"}
{"timestamp":"2026-09-06T07:13:44.098737755Z","level":"info","message":"  requestId: '687f3425-6803-4788-8280-aba481f05711',"}
{"timestamp":"2026-09-06T07:13:44.098740504Z","message":"  method: 'GET',","level":"info"}
{"level":"info","timestamp":"2026-09-06T07:13:44.098742954Z","message":"  route: '/api/v2/events',"}
{"message":"  status: 200,","level":"info","timestamp":"2026-09-06T07:13:44.098745874Z"}
{"level":"info","timestamp":"2026-09-06T07:13:44.098748984Z","message":"  durationMs: 536"}
{"message":"}","timestamp":"2026-09-06T07:13:44.098751304Z","level":"info"}
{"timestamp":"2026-09-06T07:13:45.703456508Z","message":"[ops] {","level":"info"}
{"timestamp":"2026-09-06T07:13:45.703463158Z","message":"  event: 'http_request',","level":"info"}
{"level":"info","message":"  ts: '2026-09-06T07:13:45.580Z',","timestamp":"2026-09-06T07:13:45.703467228Z"}
{"timestamp":"2026-09-06T07:13:45.703470818Z","level":"info","message":"  requestId: 'a24f0bcd-9196-42cf-8263-242a633c949e',"}
{"timestamp":"2026-09-06T07:13:45.703475947Z","message":"  method: 'OPTIONS',","level":"info"}
{"timestamp":"2026-09-06T07:13:45.703479357Z","level":"info","message":"  route: '/api/v2/events',"}
{"level":"info","message":"  status: 204,","timestamp":"2026-09-06T07:13:45.703483827Z"}
{"level":"info","timestamp":"2026-09-06T07:13:45.703487507Z","message":"  durationMs: 0"}
{"level":"info","message":"}","timestamp":"2026-09-06T07:13:45.703491127Z"}
{"level":"error","message":"[ops] {","timestamp":"2026-09-06T07:13:45.780254813Z"}
{"timestamp":"2026-09-06T07:13:45.780264473Z","level":"error","message":"  event: 'security.app_check_rejected',"}
{"message":"  ts: '2026-09-06T07:13:45.748Z',","timestamp":"2026-09-06T07:13:45.780269522Z","level":"error"}
{"message":"  reason: 'missing_token',","level":"error","timestamp":"2026-09-06T07:13:45.780273882Z"}
{"timestamp":"2026-09-06T07:13:45.780277752Z","message":"  mode: 'monitor',","level":"error"}
{"timestamp":"2026-09-06T07:13:45.780282092Z","message":"  route: '/api/v2/events'","level":"error"}
{"message":"}","timestamp":"2026-09-06T07:13:45.780285782Z","level":"error"}
{"ts":1788678826175,"type":"firestore_write_metric","total":76,"jobId":null,"sessionId":"Iog4rWn0F2wcGR9xp3Jq","message":"","counter":"studio_session","count":1,"writesPerStudioSessionHour":72,"level":"info","timestamp":"2026-09-06T07:13:46.200758179Z"}
{"message":"[ops] {","timestamp":"2026-09-06T07:13:46.416818234Z","level":"info"}
{"message":"  event: 'http_request',","level":"info","timestamp":"2026-09-06T07:13:46.416824483Z"}
{"message":"  ts: '2026-09-06T07:13:46.411Z',","timestamp":"2026-09-06T07:13:46.416828653Z","level":"info"}
{"level":"info","message":"  requestId: '57181172-b31b-4568-83bb-13f679999f1d',","timestamp":"2026-09-06T07:13:46.416831913Z"}
{"timestamp":"2026-09-06T07:13:46.416836383Z","message":"  method: 'GET',","level":"info"}
{"timestamp":"2026-09-06T07:13:46.416840163Z","level":"info","message":"  route: '/api/v2/events',"}
{"message":"  status: 200,","level":"info","timestamp":"2026-09-06T07:13:46.416843703Z"}
{"message":"  durationMs: 663","level":"info","timestamp":"2026-09-06T07:13:46.416847063Z"}
{"level":"info","timestamp":"2026-09-06T07:13:46.416850333Z","message":"}"}
{"timestamp":"2026-09-06T07:13:46.522657859Z","level":"info","message":"  ts: '2026-09-06T07:13:46.501Z',"}
{"timestamp":"2026-09-06T07:13:46.522669059Z","message":"  requestId: '08fd9dc6-ec4b-4573-8dc0-4c45fa0cca39',","level":"info"}
{"message":"  method: 'POST',","timestamp":"2026-09-06T07:13:46.522675388Z","level":"info"}
{"level":"info","message":"  route: '/api/studio/session/ping',","timestamp":"2026-09-06T07:13:46.522683708Z"}
{"message":"","level":"info","count":1,"type":"firestore_write_metric","timestamp":"2026-09-06T07:13:46.522687908Z","ts":1788678826501,"total":77,"jobId":null,"counter":"studio_session","sessionId":"Iog4rWn0F2wcGR9xp3Jq","writesPerStudioSessionHour":73}
{"level":"info","message":"  status: 200,","timestamp":"2026-09-06T07:13:46.522692368Z"}
{"level":"info","message":"  durationMs: 568","timestamp":"2026-09-06T07:13:46.522700368Z"}
{"level":"info","message":"  sessionId: 'Iog4rWn0F2wcGR9xp3Jq',","timestamp":"2026-09-06T07:13:46.522702508Z"}
{"timestamp":"2026-09-06T07:13:46.522709628Z","message":"[ops] {","level":"info"}
{"timestamp":"2026-09-06T07:13:46.522710838Z","message":"}","level":"info"}
{"message":"  event: 'studio.plugin_compatibility_handshake',","timestamp":"2026-09-06T07:13:46.522717597Z","level":"info"}
{"level":"info","timestamp":"2026-09-06T07:13:46.522720987Z","message":"  userId: 'klu6Sv5QeEgYWlHjsgQwMkZCvsb2',"}
{"message":"  ts: '2026-09-06T07:13:46.501Z',","level":"info","timestamp":"2026-09-06T07:13:46.522724307Z"}
{"message":"  status: 'degraded',","timestamp":"2026-09-06T07:13:46.522731437Z","level":"info"}
{"timestamp":"2026-09-06T07:13:46.522731627Z","level":"info","message":"  requestId: '08fd9dc6-ec4b-4573-8dc0-4c45fa0cca39',"}
{"message":"  reasonCodes: [ 'command_unavailable' ],","timestamp":"2026-09-06T07:13:46.522737767Z","level":"info"}
{"level":"info","message":"  buildId: 'nexusrbx-studio-0.14.0-r15-animation.10-native-value-normalization',","timestamp":"2026-09-06T07:13:46.522741637Z"}
{"timestamp":"2026-09-06T07:13:46.522746757Z","message":"  attestationWritten: true,","level":"info"}
{"timestamp":"2026-09-06T07:13:46.522750727Z","level":"info","message":"  repairDurationMs: 490"}
{"level":"info","message":"}","timestamp":"2026-09-06T07:13:46.522755376Z"}
{"timestamp":"2026-09-06T07:13:46.522760226Z","message":"[ops] {","level":"info"}
{"level":"info","message":"  event: 'http_request',","timestamp":"2026-09-06T07:13:46.522765776Z"}
{"timestamp":"2026-09-06T07:13:48.545503632Z","level":"info","message":"  route: '/api/v2/events',"}
{"timestamp":"2026-09-06T07:13:48.545516472Z","message":"  status: 204,","level":"info"}
{"timestamp":"2026-09-06T07:13:48.545521692Z","level":"info","message":"  durationMs: 0"}
{"message":"}","timestamp":"2026-09-06T07:13:48.545526192Z","level":"info"}
{"timestamp":"2026-09-06T07:13:48.545529492Z","level":"error","message":"[ops] {"}
{"level":"error","timestamp":"2026-09-06T07:13:48.545534072Z","message":"  event: 'security.app_check_rejected',"}
{"timestamp":"2026-09-06T07:13:48.545537622Z","message":"  ts: '2026-09-06T07:13:48.256Z',","level":"error"}
{"level":"error","message":"  reason: 'missing_token',","timestamp":"2026-09-06T07:13:48.545541312Z"}
{"timestamp":"2026-09-06T07:13:48.545544581Z","message":"  mode: 'monitor',","level":"error"}
{"level":"error","timestamp":"2026-09-06T07:13:48.545548321Z","message":"  route: '/api/v2/events'"}
{"message":"}","level":"error","timestamp":"2026-09-06T07:13:48.545575891Z"}
{"timestamp":"2026-09-06T07:13:48.545617440Z","level":"info","message":"[ops] {"}
{"level":"info","message":"  event: 'http_request',","timestamp":"2026-09-06T07:13:48.545620960Z"}
{"timestamp":"2026-09-06T07:13:48.545624180Z","message":"  ts: '2026-09-06T07:13:48.086Z',","level":"info"}
{"timestamp":"2026-09-06T07:13:48.545627719Z","level":"info","message":"  requestId: '81af4c9e-eba9-429d-b954-e1e25cdef022',"}
{"message":"  method: 'OPTIONS',","timestamp":"2026-09-06T07:13:48.545637409Z","level":"info"}
{"timestamp":"2026-09-06T07:13:48.818594989Z","level":"info","message":"[ops] {"}
{"message":"  event: 'http_request',","timestamp":"2026-09-06T07:13:48.818598349Z","level":"info"}
{"message":"  ts: '2026-09-06T07:13:48.763Z',","level":"info","timestamp":"2026-09-06T07:13:48.818601499Z"}
{"message":"  requestId: '9f04749a-7c24-452f-9737-fe017dcb9a4d',","level":"info","timestamp":"2026-09-06T07:13:48.818605299Z"}
{"message":"  method: 'GET',","level":"info","timestamp":"2026-09-06T07:13:48.818609229Z"}
{"timestamp":"2026-09-06T07:13:48.818612449Z","message":"  route: '/api/v2/events',","level":"info"}
{"message":"  status: 200,","timestamp":"2026-09-06T07:13:48.818615639Z","level":"info"}
{"message":"  durationMs: 507","level":"info","timestamp":"2026-09-06T07:13:48.818618948Z"}
{"level":"info","timestamp":"2026-09-06T07:13:48.818622188Z","message":"}"}
{"timestamp":"2026-09-06T07:13:49.800978550Z","level":"info","message":"[ops] {"}
{"level":"info","timestamp":"2026-09-06T07:13:49.800984060Z","message":"  event: 'http_request',"}
{"timestamp":"2026-09-06T07:13:49.800988100Z","level":"info","message":"  ts: '2026-09-06T07:13:49.769Z',"}
{"level":"info","message":"  requestId: 'eeaefa25-bad9-40cd-82b2-7021304ffe9d',","timestamp":"2026-09-06T07:13:49.800992030Z"}
{"timestamp":"2026-09-06T07:13:49.800996610Z","level":"info","message":"  method: 'OPTIONS',"}
{"level":"info","message":"  route: '/api/studio/status',","timestamp":"2026-09-06T07:13:49.801001229Z"}
{"timestamp":"2026-09-06T07:13:49.801005419Z","level":"info","message":"  status: 204,"}
{"timestamp":"2026-09-06T07:13:49.801008949Z","message":"  durationMs: 0","level":"info"}
{"message":"}","level":"info","timestamp":"2026-09-06T07:13:49.801013229Z"}
{"message":"[ops] {","level":"info","timestamp":"2026-09-06T07:13:49.801017189Z"}
{"level":"info","message":"  event: 'http_request',","timestamp":"2026-09-06T07:13:49.801020829Z"}
{"message":"  ts: '2026-09-06T07:13:49.770Z',","timestamp":"2026-09-06T07:13:49.801025079Z","level":"info"}
{"level":"info","message":"  requestId: 'e05ea341-36d6-4219-88f2-21985d407d6e',","timestamp":"2026-09-06T07:13:49.801029869Z"}
{"level":"info","message":"  method: 'OPTIONS',","timestamp":"2026-09-06T07:13:49.801033669Z"}
{"level":"info","message":"  route: '/api/studio/mcp/status',","timestamp":"2026-09-06T07:13:49.801037289Z"}
{"message":"  status: 204,","level":"info","timestamp":"2026-09-06T07:13:49.801041168Z"}
{"timestamp":"2026-09-06T07:13:49.801045448Z","message":"  durationMs: 0","level":"info"}
{"timestamp":"2026-09-06T07:13:49.801049318Z","message":"}","level":"info"}
{"timestamp":"2026-09-06T07:13:50.070675524Z","level":"error","message":"[ops] {"}
{"level":"error","message":"  reason: 'missing_token',","timestamp":"2026-09-06T07:13:50.070678484Z"}
{"level":"error","timestamp":"2026-09-06T07:13:50.070682184Z","message":"  event: 'security.app_check_rejected',"}
{"message":"  mode: 'monitor',","level":"error","timestamp":"2026-09-06T07:13:50.070685894Z"}
{"timestamp":"2026-09-06T07:13:50.070686654Z","level":"error","message":"  ts: '2026-09-06T07:13:49.967Z',"}
{"level":"error","timestamp":"2026-09-06T07:13:50.070690724Z","message":"  route: '/api/studio/mcp/status'"}
{"message":"  reason: 'missing_token',","level":"error","timestamp":"2026-09-06T07:13:50.070691324Z"}
{"message":"}","timestamp":"2026-09-06T07:13:50.070694454Z","level":"error"}
{"level":"error","message":"  mode: 'monitor',","timestamp":"2026-09-06T07:13:50.070697384Z"}
{"message":"  route: '/api/studio/status'","timestamp":"2026-09-06T07:13:50.070700963Z","level":"error"}
{"level":"error","timestamp":"2026-09-06T07:13:50.070704723Z","message":"}"}
{"timestamp":"2026-09-06T07:13:50.070707973Z","level":"error","message":"[ops] {"}
{"message":"  event: 'security.app_check_rejected',","level":"error","timestamp":"2026-09-06T07:13:50.070711873Z"}
{"message":"  ts: '2026-09-06T07:13:49.968Z',","timestamp":"2026-09-06T07:13:50.070715853Z","level":"error"}
{"level":"info","message":"  status: 200,","timestamp":"2026-09-06T07:13:50.433973808Z"}
{"level":"info","message":"  durationMs: 449","timestamp":"2026-09-06T07:13:50.433979988Z"}
{"level":"info","message":"}","timestamp":"2026-09-06T07:13:50.433983948Z"}
{"level":"info","timestamp":"2026-09-06T07:13:50.434025777Z","message":"[ops] {"}
{"timestamp":"2026-09-06T07:13:50.434032836Z","message":"  event: 'http_request',","level":"info"}
{"message":"  ts: '2026-09-06T07:13:50.416Z',","timestamp":"2026-09-06T07:13:50.434040236Z","level":"info"}
{"level":"info","message":"  requestId: '007c37a7-4e28-438b-9d38-86b486a4f5f0',","timestamp":"2026-09-06T07:13:50.434045226Z"}
{"message":"  method: 'GET',","timestamp":"2026-09-06T07:13:50.434051116Z","level":"info"}
{"level":"info","message":"  route: '/api/studio/mcp/status',","timestamp":"2026-09-06T07:13:50.434056626Z"}
{"level":"info","message":"[ops] {","timestamp":"2026-09-06T07:13:50.454882074Z"}
{"level":"info","message":"  event: 'http_request',","timestamp":"2026-09-06T07:13:50.454893224Z"}
{"message":"  ts: '2026-09-06T07:13:50.448Z',","timestamp":"2026-09-06T07:13:50.454897584Z","level":"info"}
{"message":"  requestId: '1b7a8741-a6a3-4dd5-b63b-b58c8b2848bb',","timestamp":"2026-09-06T07:13:50.454900694Z","level":"info"}
{"message":"  method: 'GET',","timestamp":"2026-09-06T07:13:50.454904174Z","level":"info"}
{"message":"  route: '/api/studio/status',","level":"info","timestamp":"2026-09-06T07:13:50.454907734Z"}
{"level":"info","message":"  status: 200,","timestamp":"2026-09-06T07:13:50.454911664Z"}
{"level":"info","message":"  durationMs: 481","timestamp":"2026-09-06T07:13:50.454915184Z"}
{"level":"info","message":"}","timestamp":"2026-09-06T07:13:50.454918974Z"}
{"level":"info","timestamp":"2026-09-06T07:13:50.644196797Z","message":"[ops] {"}
{"message":"  event: 'studio.command_polled',","timestamp":"2026-09-06T07:13:50.644201917Z","level":"info"}
{"message":"  ts: '2026-09-06T07:13:50.539Z',","timestamp":"2026-09-06T07:13:50.644205807Z","level":"info"}
{"message":"  requestId: '83da0f0b-149f-4d8c-a9e4-81f8a86444cb',","timestamp":"2026-09-06T07:13:50.644210287Z","level":"info"}
{"message":"  sessionId: 'Iog4rWn0F2wcGR9xp3Jq',","timestamp":"2026-09-06T07:13:50.644215957Z","level":"info"}
{"timestamp":"2026-09-06T07:13:50.644219676Z","level":"info","message":"  status: 'empty'"}
{"message":"}","timestamp":"2026-09-06T07:13:50.644225756Z","level":"info"}
{"message":"[ops] {","timestamp":"2026-09-06T07:13:50.644229586Z","level":"info"}
{"timestamp":"2026-09-06T07:13:50.644232966Z","level":"info","message":"  event: 'http_request',"}
{"message":"  ts: '2026-09-06T07:13:50.540Z',","level":"info","timestamp":"2026-09-06T07:13:50.644236456Z"}
{"message":"  requestId: '83da0f0b-149f-4d8c-a9e4-81f8a86444cb',","timestamp":"2026-09-06T07:13:50.644240436Z","level":"info"}
{"timestamp":"2026-09-06T07:13:50.644243996Z","level":"info","message":"  method: 'GET',"}
{"level":"info","timestamp":"2026-09-06T07:13:50.644247106Z","message":"  route: '/api/studio/commands/next',"}
{"timestamp":"2026-09-06T07:13:50.644250896Z","message":"  status: 204,","level":"info"}
{"timestamp":"2026-09-06T07:13:50.644253996Z","message":"  durationMs: 24476","level":"info"}
{"timestamp":"2026-09-06T07:13:50.644257476Z","message":"}","level":"info"}
{"level":"info","timestamp":"2026-09-06T07:13:50.644262625Z","message":"[ops] {"}
{"timestamp":"2026-09-06T07:13:50.644266255Z","level":"info","message":"  event: 'http_request',"}
{"timestamp":"2026-09-06T07:13:50.644269575Z","message":"  ts: '2026-09-06T07:13:50.591Z',","level":"info"}
{"message":"  requestId: 'fd02ebf7-8864-47bc-a8e3-e8ebbbe612aa',","level":"info","timestamp":"2026-09-06T07:13:50.644273185Z"}
{"timestamp":"2026-09-06T07:13:50.644276685Z","level":"info","message":"  method: 'OPTIONS',"}
{"level":"info","timestamp":"2026-09-06T07:13:50.644280065Z","message":"  route: '/api/v2/agents/active',"}
{"level":"info","message":"  status: 204,","timestamp":"2026-09-06T07:13:50.644283485Z"}
{"message":"  durationMs: 0","level":"info","timestamp":"2026-09-06T07:13:50.644286815Z"}
{"timestamp":"2026-09-06T07:13:50.644290845Z","message":"}","level":"info"}
{"message":"[ops] {","timestamp":"2026-09-06T07:13:50.644294475Z","level":"info"}
{"message":"  event: 'http_request',","timestamp":"2026-09-06T07:13:50.644299704Z","level":"info"}
{"message":"  route: '/api/v2/events',","level":"info","timestamp":"2026-09-06T07:13:50.644301064Z"}
{"level":"info","message":"  ts: '2026-09-06T07:13:50.595Z',","timestamp":"2026-09-06T07:13:50.644304294Z"}
{"level":"info","message":"  requestId: '86b2605f-3dce-4f36-9e18-ed54438ab238',","timestamp":"2026-09-06T07:13:50.644310534Z"}
{"message":"  status: 204,","level":"info","timestamp":"2026-09-06T07:13:50.644312144Z"}
{"timestamp":"2026-09-06T07:13:50.644318004Z","message":"  method: 'OPTIONS',","level":"info"}
{"message":"  durationMs: 0","level":"info","timestamp":"2026-09-06T07:13:50.644318894Z"}
{"level":"info","message":"}","timestamp":"2026-09-06T07:13:50.644322434Z"}
{"message":"[ops] {","level":"info","timestamp":"2026-09-06T07:13:51.009428574Z"}
{"level":"info","message":"  event: 'studio.command_polled',","timestamp":"2026-09-06T07:13:51.009432954Z"}
{"message":"  ts: '2026-09-06T07:13:50.845Z',","timestamp":"2026-09-06T07:13:51.009437004Z","level":"info"}
{"timestamp":"2026-09-06T07:13:51.009539461Z","level":"info","message":"  requestId: '3db71b5c-e8e4-4a14-a439-cd56c6304aa2',"}
{"timestamp":"2026-09-06T07:13:51.009544051Z","level":"info","message":"  sessionId: 'DlvFpLpN0vX1CB5Fvwv9',"}
{"timestamp":"2026-09-06T07:13:51.009547701Z","level":"info","message":"  status: 'empty'"}
{"timestamp":"2026-09-06T07:13:51.009551541Z","level":"info","message":"}"}
{"message":"[ops] {","timestamp":"2026-09-06T07:13:51.009555391Z","level":"info"}
{"timestamp":"2026-09-06T07:13:51.009559041Z","level":"info","message":"  event: 'http_request',"}
{"timestamp":"2026-09-06T07:13:51.009561981Z","level":"info","message":"  ts: '2026-09-06T07:13:50.846Z',"}
{"message":"  requestId: '3db71b5c-e8e4-4a14-a439-cd56c6304aa2',","timestamp":"2026-09-06T07:13:51.009565000Z","level":"info"}
{"level":"info","timestamp":"2026-09-06T07:13:51.009569020Z","message":"  method: 'GET',"}
{"level":"info","timestamp":"2026-09-06T07:13:51.009573020Z","message":"  route: '/api/studio/mcp/commands/next',"}
{"level":"info","message":"  status: 204,","timestamp":"2026-09-06T07:13:51.009577570Z"}
{"timestamp":"2026-09-06T07:13:51.009582070Z","level":"info","message":"  durationMs: 5438"}
{"level":"info","message":"}","timestamp":"2026-09-06T07:13:51.009586650Z"}
{"timestamp":"2026-09-06T07:13:51.009591440Z","message":"[ops] {","level":"error"}
{"timestamp":"2026-09-06T07:13:51.009598040Z","level":"error","message":"  event: 'security.app_check_rejected',"}
{"timestamp":"2026-09-06T07:13:51.009602020Z","level":"error","message":"  ts: '2026-09-06T07:13:50.846Z',"}
{"level":"error","timestamp":"2026-09-06T07:13:51.009605740Z","message":"  reason: 'missing_token',"}
{"message":"  mode: 'monitor',","level":"error","timestamp":"2026-09-06T07:13:51.009609439Z"}
{"level":"error","message":"  route: '/api/v2/agents/active'","timestamp":"2026-09-06T07:13:51.009612949Z"}
{"timestamp":"2026-09-06T07:13:51.009616099Z","level":"error","message":"}"}
{"level":"error","message":"[ops] {","timestamp":"2026-09-06T07:13:51.009619369Z"}
{"message":"  event: 'security.app_check_rejected',","level":"error","timestamp":"2026-09-06T07:13:51.009622869Z"}
{"message":"  ts: '2026-09-06T07:13:50.852Z',","timestamp":"2026-09-06T07:13:51.009625919Z","level":"error"}
{"level":"error","message":"  reason: 'missing_token',","timestamp":"2026-09-06T07:13:51.009629429Z"}
{"timestamp":"2026-09-06T07:13:51.009632509Z","message":"  mode: 'monitor',","level":"error"}
{"timestamp":"2026-09-06T07:13:51.009635649Z","message":"  route: '/api/v2/events'","level":"error"}
{"message":"}","timestamp":"2026-09-06T07:13:51.009638779Z","level":"error"}
{"level":"info","timestamp":"2026-09-06T07:13:51.009642069Z","message":"[ops] {"}
{"message":"  event: 'http_request',","level":"info","timestamp":"2026-09-06T07:13:51.010256944Z"}
{"timestamp":"2026-09-06T07:13:51.010262454Z","message":"  ts: '2026-09-06T07:13:50.903Z',","level":"info"}
{"timestamp":"2026-09-06T07:13:51.010265254Z","level":"info","message":"  requestId: 'bed72886-43a1-4f34-8346-a584e68cd12d',"}
{"timestamp":"2026-09-06T07:13:51.010268064Z","level":"info","message":"  method: 'GET',"}
{"message":"  route: '/api/v2/agents/active',","timestamp":"2026-09-06T07:13:51.010271163Z","level":"info"}
{"level":"info","message":"  status: 200,","timestamp":"2026-09-06T07:13:51.010274023Z"}
{"level":"info","message":"  durationMs: 57","timestamp":"2026-09-06T07:13:51.010276623Z"}
{"level":"info","timestamp":"2026-09-06T07:13:51.010279823Z","message":"}"}
{"timestamp":"2026-09-06T07:13:51.641145354Z","level":"info","message":"[ops] {"}
{"level":"info","timestamp":"2026-09-06T07:13:51.641153544Z","message":"  event: 'http_request',"}
{"level":"info","message":"  ts: '2026-09-06T07:13:51.462Z',","timestamp":"2026-09-06T07:13:51.641158204Z"}
{"timestamp":"2026-09-06T07:13:51.641161954Z","message":"  requestId: 'cfd74bd4-1ce1-4b93-894d-575187bd5ff9',","level":"info"}
{"timestamp":"2026-09-06T07:13:51.641165324Z","level":"info","message":"  method: 'POST',"}
{"message":"  route: '/api/studio/mcp/session/ping',","timestamp":"2026-09-06T07:13:51.641168494Z","level":"info"}
{"message":"  status: 200,","level":"info","timestamp":"2026-09-06T07:13:51.641171144Z"}
{"timestamp":"2026-09-06T07:13:51.641173704Z","message":"  durationMs: 322","level":"info"}
{"timestamp":"2026-09-06T07:13:51.641176344Z","level":"info","message":"}"}
{"timestamp":"2026-09-06T07:13:51.641179634Z","level":"info","message":"[ops] {"}
{"message":"  event: 'http_request',","level":"info","timestamp":"2026-09-06T07:13:51.641182044Z"}
{"timestamp":"2026-09-06T07:13:51.641184614Z","message":"  ts: '2026-09-06T07:13:51.487Z',","level":"info"}
{"message":"  requestId: '9ee58fd3-dca9-4add-8ac2-45f5ae95afc2',","timestamp":"2026-09-06T07:13:51.641188313Z","level":"info"}
{"message":"  method: 'GET',","level":"info","timestamp":"2026-09-06T07:13:51.641190833Z"}
{"message":"  route: '/api/v2/events',","timestamp":"2026-09-06T07:13:51.641193853Z","level":"info"}
{"message":"  status: 200,","level":"info","timestamp":"2026-09-06T07:13:51.641197133Z"}
{"level":"info","message":"  durationMs: 635","timestamp":"2026-09-06T07:13:51.641199733Z"}
{"timestamp":"2026-09-06T07:13:51.641202923Z","message":"}","level":"info"}
{"level":"info","message":"[ops] {","timestamp":"2026-09-06T07:13:53.135208139Z"}
{"message":"  event: 'studio.command_polled',","timestamp":"2026-09-06T07:13:53.135211149Z","level":"info"}
{"level":"info","message":"  ts: '2026-09-06T07:13:53.114Z',","timestamp":"2026-09-06T07:13:53.135213639Z"}
{"level":"info","timestamp":"2026-09-06T07:13:53.135216719Z","message":"  requestId: '06ba27ec-46be-40cc-b06a-bff36447d8a2',"}
{"level":"info","message":"  sessionId: 'Iog4rWn0F2wcGR9xp3Jq',","timestamp":"2026-09-06T07:13:53.135219509Z"}
{"level":"info","message":"  status: 'empty'","timestamp":"2026-09-06T07:13:53.135221919Z"}
{"timestamp":"2026-09-06T07:13:53.135225118Z","level":"info","message":"}"}
{"level":"info","message":"[ops] {","timestamp":"2026-09-06T07:13:53.135227588Z"}
{"level":"info","timestamp":"2026-09-06T07:13:53.135230078Z","message":"  event: 'http_request',"}
{"level":"info","message":"  ts: '2026-09-06T07:13:53.115Z',","timestamp":"2026-09-06T07:13:53.135232628Z"}
{"message":"  requestId: '06ba27ec-46be-40cc-b06a-bff36447d8a2',","level":"info","timestamp":"2026-09-06T07:13:53.135235488Z"}
{"message":"  method: 'GET',","timestamp":"2026-09-06T07:13:53.135238328Z","level":"info"}
{"message":"  route: '/api/studio/commands/next',","timestamp":"2026-09-06T07:13:53.135241168Z","level":"info"}
{"level":"info","message":"  status: 204,","timestamp":"2026-09-06T07:13:53.135244358Z"}
{"message":"  durationMs: 18426","timestamp":"2026-09-06T07:13:53.135246848Z","level":"info"}
{"message":"}","level":"info","timestamp":"2026-09-06T07:13:53.135249548Z"}
{"message":"[ops] {","timestamp":"2026-09-06T07:13:55.740911639Z","level":"info"}
{"timestamp":"2026-09-06T07:13:55.740915599Z","message":"  event: 'http_request',","level":"info"}
{"message":"  ts: '2026-09-06T07:13:55.608Z',","timestamp":"2026-09-06T07:13:55.740918769Z","level":"info"}
{"message":"  requestId: 'f1ff7e07-0759-4697-a2df-5d8e41b7dd77',","level":"info","timestamp":"2026-09-06T07:13:55.740922078Z"}
{"message":"  method: 'OPTIONS',","level":"info","timestamp":"2026-09-06T07:13:55.740925458Z"}
{"level":"info","message":"  route: '/api/v2/events',","timestamp":"2026-09-06T07:13:55.740929188Z"}
{"level":"info","timestamp":"2026-09-06T07:13:55.740932668Z","message":"  status: 204,"}
{"timestamp":"2026-09-06T07:13:55.740936118Z","message":"  durationMs: 0","level":"info"}
{"timestamp":"2026-09-06T07:13:55.740939698Z","level":"info","message":"}"}
{"level":"error","timestamp":"2026-09-06T07:13:55.784121002Z","message":"[ops] {"}
{"level":"error","message":"  event: 'security.app_check_rejected',","timestamp":"2026-09-06T07:13:55.784124152Z"}
{"timestamp":"2026-09-06T07:13:55.784127822Z","level":"error","message":"  ts: '2026-09-06T07:13:55.772Z',"}
{"level":"error","timestamp":"2026-09-06T07:13:55.784131152Z","message":"  reason: 'missing_token',"}
{"level":"error","timestamp":"2026-09-06T07:13:55.784134372Z","message":"  mode: 'monitor',"}
{"timestamp":"2026-09-06T07:13:55.784137332Z","level":"error","message":"  route: '/api/v2/events'"}
{"message":"}","level":"error","timestamp":"2026-09-06T07:13:55.784140072Z"}
{"level":"info","message":"[ops] {","timestamp":"2026-09-06T07:13:56.466440886Z"}
{"message":"  event: 'http_request',","timestamp":"2026-09-06T07:13:56.466443586Z","level":"info"}
{"message":"  ts: '2026-09-06T07:13:56.393Z',","level":"info","timestamp":"2026-09-06T07:13:56.466446346Z"}
{"timestamp":"2026-09-06T07:13:56.466449346Z","message":"  requestId: 'b2bf826e-48cb-4c6d-9fc4-765b68c51dda',","level":"info"}
{"level":"info","message":"  method: 'GET',","timestamp":"2026-09-06T07:13:56.466452276Z"}
{"message":"  route: '/api/v2/events',","timestamp":"2026-09-06T07:13:56.466454996Z","level":"info"}
{"message":"  status: 200,","timestamp":"2026-09-06T07:13:56.466457876Z","level":"info"}
{"level":"info","timestamp":"2026-09-06T07:13:56.466461226Z","message":"  durationMs: 622"}
{"timestamp":"2026-09-06T07:13:56.466464306Z","level":"info","message":"}"}
{"timestamp":"2026-09-06T07:13:56.507056702Z","level":"info","message":"[ops] {"}
{"timestamp":"2026-09-06T07:13:56.507063202Z","level":"info","message":"  event: 'studio.plugin_compatibility_handshake',"}
{"message":"  ts: '2026-09-06T07:13:56.506Z',","level":"info","timestamp":"2026-09-06T07:13:56.507067192Z"}
{"timestamp":"2026-09-06T07:13:56.507070662Z","message":"  requestId: 'dab15e17-8058-4523-9777-4bd6625869c3',","level":"info"}
{"timestamp":"2026-09-06T07:13:56.507074022Z","level":"info","message":"  sessionId: 'MLq8J3mhz56J6BRsAeQe',"}
{"message":"  userId: '0VSQotqOXxPXBLeQu1gUNkXELWH3',","timestamp":"2026-09-06T07:13:56.507077472Z","level":"info"}
{"level":"info","timestamp":"2026-09-06T07:13:56.507080762Z","message":"  status: 'compatible',"}
{"message":"  reasonCodes: [],","timestamp":"2026-09-06T07:13:56.507083981Z","level":"info"}
{"timestamp":"2026-09-06T07:13:56.507087491Z","message":"  buildId: 'nexusrbx-studio-0.14.0-r15-animation.12-toolbox',","level":"info"}
{"message":"  attestationWritten: false,","timestamp":"2026-09-06T07:13:56.507090841Z","level":"info"}
{"timestamp":"2026-09-06T07:13:56.507094241Z","level":"info","message":"  repairDurationMs: 737"}
{"message":"}","level":"info","timestamp":"2026-09-06T07:13:56.507097591Z"}
{"timestamp":"2026-09-06T07:13:56.507706277Z","level":"info","message":"[ops] {"}
{"message":"  event: 'http_request',","timestamp":"2026-09-06T07:13:56.507713716Z","level":"info"}
{"message":"  ts: '2026-09-06T07:13:56.506Z',","timestamp":"2026-09-06T07:13:56.507717356Z","level":"info"}
{"message":"  requestId: 'dab15e17-8058-4523-9777-4bd6625869c3',","timestamp":"2026-09-06T07:13:56.507721056Z","level":"info"}
{"message":"  method: 'POST',","timestamp":"2026-09-06T07:13:56.507725116Z","level":"info"}
{"message":"  route: '/api/studio/session/ping',","timestamp":"2026-09-06T07:13:56.507729326Z","level":"info"}
{"level":"info","message":"  status: 200,","timestamp":"2026-09-06T07:13:56.507732836Z"}
{"message":"  durationMs: 817","timestamp":"2026-09-06T07:13:56.507736296Z","level":"info"}
{"message":"}","level":"info","timestamp":"2026-09-06T07:13:56.507740096Z"}
{"level":"info","timestamp":"2026-09-06T07:13:58.010468886Z","message":"[ops] {"}
{"timestamp":"2026-09-06T07:13:58.010473976Z","level":"info","message":"  event: 'http_request',"}
{"message":"  ts: '2026-09-06T07:13:57.955Z',","timestamp":"2026-09-06T07:13:58.010478476Z","level":"info"}
{"timestamp":"2026-09-06T07:13:58.010481926Z","message":"  requestId: '39bd4c78-e27d-4464-8173-839d3781f0d5',","level":"info"}
{"message":"  method: 'POST',","timestamp":"2026-09-06T07:13:58.010486436Z","level":"info"}
{"message":"  route: '/api/studio/mcp/session/ping',","timestamp":"2026-09-06T07:13:58.010489916Z","level":"info"}
{"timestamp":"2026-09-06T07:13:58.010493636Z","message":"  status: 200,","level":"info"}
{"level":"info","message":"  durationMs: 371","timestamp":"2026-09-06T07:13:58.010497496Z"}
{"timestamp":"2026-09-06T07:13:58.010502466Z","level":"info","message":"}"}
{"level":"info","message":"[ops] {","timestamp":"2026-09-06T07:13:58.093434179Z"}
{"timestamp":"2026-09-06T07:13:58.093441229Z","level":"info","message":"  event: 'http_request',"}
{"level":"info","message":"  ts: '2026-09-06T07:13:58.090Z',","timestamp":"2026-09-06T07:13:58.093444809Z"}
{"timestamp":"2026-09-06T07:13:58.093447379Z","message":"  requestId: 'ebdc7cb0-173d-4ac2-8743-27ceacf6c1d8',","level":"info"}
{"level":"info","message":"  method: 'OPTIONS',","timestamp":"2026-09-06T07:13:58.093450559Z"}
{"timestamp":"2026-09-06T07:13:58.093453859Z","level":"info","message":"  route: '/api/v2/events',"}
{"message":"  status: 204,","timestamp":"2026-09-06T07:13:58.093456749Z","level":"info"}
{"message":"  durationMs: 0","timestamp":"2026-09-06T07:13:58.093459459Z","level":"info"}
{"level":"info","timestamp":"2026-09-06T07:13:58.093461999Z","message":"}"}
{"timestamp":"2026-09-06T07:13:58.237819712Z","event":"studio.model_response","outputTokens":1814,"model":"openai/gpt-5-mini","finishReason":"stop","runId":"studio_run_fce362f2ec4ed31fa39dbc7229b3142ecb577f8677e9e159","message":"","level":"info","iteration":2,"outputChars":3594,"responseFormat":"json_schema"}
{"level":"error","message":"[ops] {","timestamp":"2026-09-06T07:13:58.258916117Z"}
{"timestamp":"2026-09-06T07:13:58.258922016Z","level":"error","message":"  event: 'security.app_check_rejected',"}
{"timestamp":"2026-09-06T07:13:58.258925416Z","level":"error","message":"  ts: '2026-09-06T07:13:58.255Z',"}
{"message":"  reason: 'missing_token',","timestamp":"2026-09-06T07:13:58.258928586Z","level":"error"}
{"level":"error","timestamp":"2026-09-06T07:13:58.258931586Z","message":"  mode: 'monitor',"}
{"timestamp":"2026-09-06T07:13:58.258934586Z","level":"error","message":"  route: '/api/v2/events'"}
{"message":"}","level":"error","timestamp":"2026-09-06T07:13:58.258937536Z"}
{"timestamp":"2026-09-06T07:13:58.804136268Z","message":"[ops] {","level":"info"}
{"timestamp":"2026-09-06T07:13:58.804141768Z","message":"  event: 'studio.command_polled',","level":"info"}
{"timestamp":"2026-09-06T07:13:58.804146158Z","message":"  ts: '2026-09-06T07:13:58.755Z',","level":"info"}
{"message":"  requestId: '801acd7b-6549-4d38-91e9-d5125115e0e7',","timestamp":"2026-09-06T07:13:58.804151118Z","level":"info"}
{"level":"info","message":"  sessionId: 'DlvFpLpN0vX1CB5Fvwv9',","timestamp":"2026-09-06T07:13:58.804156407Z"}
{"timestamp":"2026-09-06T07:13:58.804162007Z","level":"info","message":"  status: 'empty'"}
{"level":"info","timestamp":"2026-09-06T07:13:58.804166627Z","message":"}"}
{"timestamp":"2026-09-06T07:13:58.804171427Z","level":"info","message":"[ops] {"}
{"level":"info","message":"  event: 'http_request',","timestamp":"2026-09-06T07:13:58.804176987Z"}
{"level":"info","timestamp":"2026-09-06T07:13:58.804182647Z","message":"  ts: '2026-09-06T07:13:58.755Z',"}
{"timestamp":"2026-09-06T07:13:58.804187827Z","level":"info","message":"  requestId: '801acd7b-6549-4d38-91e9-d5125115e0e7',"}
{"level":"info","timestamp":"2026-09-06T07:13:58.804192687Z","message":"  method: 'GET',"}
{"timestamp":"2026-09-06T07:13:58.804197486Z","level":"info","message":"  route: '/api/studio/mcp/commands/next',"}
{"message":"  status: 204,","timestamp":"2026-09-06T07:13:58.804202956Z","level":"info"}
{"level":"info","message":"  durationMs: 5061","timestamp":"2026-09-06T07:13:58.804207716Z"}
{"message":"}","level":"info","timestamp":"2026-09-06T07:13:58.804212556Z"}
{"level":"info","timestamp":"2026-09-06T07:13:58.816170550Z","message":"[ops] {"}
{"level":"info","message":"  event: 'http_request',","timestamp":"2026-09-06T07:13:58.816175680Z"}
{"level":"info","message":"  ts: '2026-09-06T07:13:58.812Z',","timestamp":"2026-09-06T07:13:58.816180120Z"}
{"message":"  requestId: 'f8ecb051-a588-4d98-9f8f-1828ba479cf2',","level":"info","timestamp":"2026-09-06T07:13:58.816183440Z"}
{"timestamp":"2026-09-06T07:13:58.816186530Z","level":"info","message":"  method: 'GET',"}
{"timestamp":"2026-09-06T07:13:58.816190080Z","level":"info","message":"  route: '/api/v2/events',"}
{"message":"  status: 200,","level":"info","timestamp":"2026-09-06T07:13:58.816193699Z"}
{"message":"  durationMs: 558","level":"info","timestamp":"2026-09-06T07:13:58.816197249Z"}
{"message":"}","level":"info","timestamp":"2026-09-06T07:13:58.816201139Z"}
{"timestamp":"2026-09-06T07:13:59.384172283Z","level":"info","message":"[ops] {"}
{"message":"  event: 'http_request',","level":"info","timestamp":"2026-09-06T07:13:59.384176713Z"}
{"message":"  ts: '2026-09-06T07:13:59.355Z',","timestamp":"2026-09-06T07:13:59.384180822Z","level":"info"}
{"timestamp":"2026-09-06T07:13:59.384186172Z","message":"  requestId: 'd406288b-5b3b-41cc-bf2a-c0dd6729723d',","level":"info"}
{"message":"  method: 'POST',","level":"info","timestamp":"2026-09-06T07:13:59.384190032Z"}
{"timestamp":"2026-09-06T07:13:59.384194642Z","message":"  route: '/api/studio/mcp/session/ping',","level":"info"}
{"timestamp":"2026-09-06T07:13:59.384199432Z","level":"info","message":"  status: 200,"}
{"message":"  durationMs: 269","timestamp":"2026-09-06T07:13:59.384203282Z","level":"info"}
{"message":"}","timestamp":"2026-09-06T07:13:59.384207332Z","level":"info"}
{"timestamp":"2026-09-06T07:14:00.444728757Z","level":"info","counter":"job_document","total":8,"jobId":"artifact_job_b8e08b840554ff094ae4bc80380bab8effe586ba0971de96","sessionId":null,"type":"firestore_write_metric","count":1,"ts":1788678840440,"message":""}
{"total":6,"ts":1788678840440,"counter":"job_event_document","level":"info","jobId":"artifact_job_b8e08b840554ff094ae4bc80380bab8effe586ba0971de96","timestamp":"2026-09-06T07:14:00.444734057Z","type":"firestore_write_metric","count":1,"sessionId":null,"message":""}
{"timestamp":"2026-09-06T07:14:00.594747909Z","message":"[ops] {","level":"info"}
{"message":"  event: 'http_request',","level":"info","timestamp":"2026-09-06T07:14:00.594752769Z"}
{"level":"info","message":"  ts: '2026-09-06T07:14:00.589Z',","timestamp":"2026-09-06T07:14:00.594755879Z"}
{"timestamp":"2026-09-06T07:14:00.594758969Z","level":"info","message":"  requestId: 'fde51110-dbd1-4fcf-a23e-d5928985a6ea',"}
{"level":"info","message":"  method: 'OPTIONS',","timestamp":"2026-09-06T07:14:00.594761919Z"}
{"message":"  route: '/api/v2/events',","timestamp":"2026-09-06T07:14:00.594764579Z","level":"info"}
{"message":"  status: 204,","level":"info","timestamp":"2026-09-06T07:14:00.594767379Z"}
{"message":"  durationMs: 0","timestamp":"2026-09-06T07:14:00.594770428Z","level":"info"}
{"level":"info","message":"}","timestamp":"2026-09-06T07:14:00.594773198Z"}
{"timestamp":"2026-09-06T07:14:00.594775758Z","message":"[ops] {","level":"info"}
{"message":"  event: 'http_request',","timestamp":"2026-09-06T07:14:00.594778338Z","level":"info"}
{"level":"info","message":"  ts: '2026-09-06T07:14:00.592Z',","timestamp":"2026-09-06T07:14:00.594781018Z"}
{"message":"  requestId: '312019e7-9245-4fce-af91-702a4f570a70',","level":"info","timestamp":"2026-09-06T07:14:00.594783718Z"}
{"message":"  method: 'OPTIONS',","timestamp":"2026-09-06T07:14:00.594786908Z","level":"info"}
{"message":"  route: '/api/v2/agents/active',","timestamp":"2026-09-06T07:14:00.594789668Z","level":"info"}
{"timestamp":"2026-09-06T07:14:00.594792588Z","message":"  status: 204,","level":"info"}
{"message":"  durationMs: 0","timestamp":"2026-09-06T07:14:00.594795408Z","level":"info"}
{"level":"info","timestamp":"2026-09-06T07:14:00.594798278Z","message":"}"}
{"level":"error","message":"  ts: '2026-09-06T07:14:00.781Z',","timestamp":"2026-09-06T07:14:00.876469471Z"}
{"message":"  reason: 'missing_token',","timestamp":"2026-09-06T07:14:00.876485761Z","level":"error"}
{"message":"  mode: 'monitor',","timestamp":"2026-09-06T07:14:00.876491361Z","level":"error"}
{"level":"error","message":"  route: '/api/v2/events'","timestamp":"2026-09-06T07:14:00.876495680Z"}
{"level":"error","message":"}","timestamp":"2026-09-06T07:14:00.876500150Z"}
{"level":"info","timestamp":"2026-09-06T07:14:00.876505550Z","message":"[ops] {"}
{"message":"  event: 'http_request',","level":"info","timestamp":"2026-09-06T07:14:00.876511060Z"}
{"message":"  ts: '2026-09-06T07:14:00.842Z',","timestamp":"2026-09-06T07:14:00.876521950Z","level":"info"}
{"timestamp":"2026-09-06T07:14:00.876527880Z","level":"info","message":"  requestId: '75f482a9-519e-4a63-a5d4-b1aaeb4bdb23',"}
{"timestamp":"2026-09-06T07:14:00.876533070Z","level":"info","message":"  method: 'GET',"}
{"level":"info","message":"  route: '/api/v2/agents/active',","timestamp":"2026-09-06T07:14:00.876537729Z"}
{"timestamp":"2026-09-06T07:14:00.876542629Z","message":"  status: 200,","level":"info"}
{"message":"  durationMs: 61","timestamp":"2026-09-06T07:14:00.876547989Z","level":"info"}
{"message":"}","timestamp":"2026-09-06T07:14:00.876552329Z","level":"info"}
{"message":"[ops] {","timestamp":"2026-09-06T07:14:00.876579788Z","level":"error"}
{"message":"  event: 'security.app_check_rejected',","timestamp":"2026-09-06T07:14:00.876583068Z","level":"error"}
{"message":"  ts: '2026-09-06T07:14:00.781Z',","level":"error","timestamp":"2026-09-06T07:14:00.876586348Z"}
{"message":"  reason: 'missing_token',","level":"error","timestamp":"2026-09-06T07:14:00.876589958Z"}
{"message":"  mode: 'monitor',","timestamp":"2026-09-06T07:14:00.876594478Z","level":"error"}
{"level":"error","message":"  route: '/api/v2/agents/active'","timestamp":"2026-09-06T07:14:00.876598298Z"}
{"message":"}","timestamp":"2026-09-06T07:14:00.876602578Z","level":"error"}
{"message":"[ops] {","timestamp":"2026-09-06T07:14:00.876607388Z","level":"error"}
{"message":"  event: 'security.app_check_rejected',","timestamp":"2026-09-06T07:14:00.876611968Z","level":"error"}
{"message":"}","timestamp":"2026-09-06T07:14:01.233329969Z","level":"info"}
{"message":"  status: 200,","level":"info","timestamp":"2026-09-06T07:14:01.233346829Z"}
{"message":"[ops] {","timestamp":"2026-09-06T07:14:01.233357758Z","level":"info"}
{"message":"  durationMs: 23476","timestamp":"2026-09-06T07:14:01.233360078Z","level":"info"}
{"message":"  event: 'http_request',","timestamp":"2026-09-06T07:14:01.233362898Z","level":"info"}
{"timestamp":"2026-09-06T07:14:01.233367138Z","message":"  ts: '2026-09-06T07:14:01.194Z',","level":"info"}
{"message":"  requestId: '52e1aa6e-8f80-4530-96c1-230af1d8cf77',","level":"info","timestamp":"2026-09-06T07:14:01.233370638Z"}
{"level":"info","message":"  method: 'POST',","timestamp":"2026-09-06T07:14:01.233375978Z"}
{"timestamp":"2026-09-06T07:14:01.233379588Z","level":"info","message":"  route: '/api/studio/commands/:commandId/ack',"}
{"level":"info","timestamp":"2026-09-06T07:14:01.424747624Z","message":"[ops] {"}
{"message":"  event: 'http_request',","timestamp":"2026-09-06T07:14:01.424756904Z","level":"info"}
{"timestamp":"2026-09-06T07:14:01.424762324Z","level":"info","message":"  ts: '2026-09-06T07:14:01.421Z',"}
{"message":"  requestId: 'db7ec91d-23cc-48a8-8cbc-315467ffb4b0',","level":"info","timestamp":"2026-09-06T07:14:01.424765973Z"}
{"level":"info","message":"  method: 'GET',","timestamp":"2026-09-06T07:14:01.424769793Z"}
{"level":"info","message":"  route: '/api/v2/events',","timestamp":"2026-09-06T07:14:01.424782313Z"}
{"timestamp":"2026-09-06T07:14:01.424786553Z","level":"info","message":"  status: 200,"}
{"timestamp":"2026-09-06T07:14:01.424790233Z","level":"info","message":"  durationMs: 640"}
{"message":"}","level":"info","timestamp":"2026-09-06T07:14:01.424793753Z"}
{"timestamp":"2026-09-06T07:14:02.141829165Z","level":"info","message":"  commandId: 'BaC1br0eaouGXUa2onIj',"}
{"timestamp":"2026-09-06T07:14:02.141835215Z","message":"  commandType: 'list_children',","level":"info"}
{"timestamp":"2026-09-06T07:14:02.141839275Z","level":"info","message":"  status: 'claimed'"}
{"message":"}","level":"info","timestamp":"2026-09-06T07:14:02.141842555Z"}
{"level":"info","timestamp":"2026-09-06T07:14:02.141867904Z","message":"[ops] {"}
{"level":"info","message":"  event: 'studio.command_polled',","timestamp":"2026-09-06T07:14:02.141875044Z"}
{"message":"  ts: '2026-09-06T07:14:02.121Z',","timestamp":"2026-09-06T07:14:02.141880604Z","level":"info"}
{"message":"  requestId: '91e91b3e-86b3-4e67-9678-6a3076eaf5fb',","level":"info","timestamp":"2026-09-06T07:14:02.141885004Z"}
{"level":"info","message":"  sessionId: 'MLq8J3mhz56J6BRsAeQe',","timestamp":"2026-09-06T07:14:02.141890684Z"}
{"timestamp":"2026-09-06T07:14:02.183464960Z","level":"info","message":"[ops] {"}
{"message":"  ts: '2026-09-06T07:14:02.164Z',","level":"info","timestamp":"2026-09-06T07:14:02.183467510Z"}
{"message":"  event: 'studio.plugin_compatibility_handshake',","timestamp":"2026-09-06T07:14:02.183472120Z","level":"info"}
{"level":"info","message":"  ts: '2026-09-06T07:14:02.164Z',","timestamp":"2026-09-06T07:14:02.183476450Z"}
{"message":"  requestId: 'bfb0698a-8fc4-4f41-a727-ab6d0285001d',","timestamp":"2026-09-06T07:14:02.183477990Z","level":"info"}
{"message":"  requestId: 'bfb0698a-8fc4-4f41-a727-ab6d0285001d',","level":"info","timestamp":"2026-09-06T07:14:02.183480670Z"}
{"message":"  method: 'POST',","level":"info","timestamp":"2026-09-06T07:14:02.183483650Z"}
{"message":"  sessionId: 'Iog4rWn0F2wcGR9xp3Jq',","timestamp":"2026-09-06T07:14:02.183485050Z","level":"info"}
{"message":"  route: '/api/studio/session/ping',","level":"info","timestamp":"2026-09-06T07:14:02.183488110Z"}
{"level":"info","message":"  userId: 'klu6Sv5QeEgYWlHjsgQwMkZCvsb2',","timestamp":"2026-09-06T07:14:02.183489210Z"}
{"message":"  status: 200,","timestamp":"2026-09-06T07:14:02.183493030Z","level":"info"}
{"timestamp":"2026-09-06T07:14:02.183493600Z","level":"info","message":"  status: 'degraded',"}
{"message":"  durationMs: 450","timestamp":"2026-09-06T07:14:02.183497610Z","level":"info"}
{"message":"  reasonCodes: [ 'command_unavailable' ],","level":"info","timestamp":"2026-09-06T07:14:02.183498220Z"}
{"level":"info","message":"  buildId: 'nexusrbx-studio-0.14.0-r15-animation.10-native-value-normalization',","timestamp":"2026-09-06T07:14:02.183502150Z"}
{"timestamp":"2026-09-06T07:14:02.183502380Z","message":"}","level":"info"}
{"message":"  attestationWritten: false,","timestamp":"2026-09-06T07:14:02.183505810Z","level":"info"}
{"level":"info","message":"  repairDurationMs: 397","timestamp":"2026-09-06T07:14:02.183509659Z"}
{"message":"}","level":"info","timestamp":"2026-09-06T07:14:02.183513579Z"}
{"message":"[ops] {","level":"info","timestamp":"2026-09-06T07:14:02.183517339Z"}
{"level":"info","message":"  event: 'http_request',","timestamp":"2026-09-06T07:14:02.183521009Z"}
{"timestamp":"2026-09-06T07:14:02.206366933Z","level":"info","message":"[ops] {"}
{"message":"  event: 'http_request',","timestamp":"2026-09-06T07:14:02.206371813Z","level":"info"}
{"timestamp":"2026-09-06T07:14:02.206376063Z","level":"info","message":"  ts: '2026-09-06T07:14:02.201Z',"}
{"timestamp":"2026-09-06T07:14:02.206380343Z","level":"info","message":"  requestId: '91e91b3e-86b3-4e67-9678-6a3076eaf5fb',"}
{"timestamp":"2026-09-06T07:14:02.206384493Z","message":"  method: 'GET',","level":"info"}
{"message":"  route: '/api/studio/commands/next',","timestamp":"2026-09-06T07:14:02.206388253Z","level":"info"}
{"message":"  status: 200,","level":"info","timestamp":"2026-09-06T07:14:02.206392203Z"}
{"level":"info","timestamp":"2026-09-06T07:14:02.206396323Z","message":"  durationMs: 782"}
{"message":"}","level":"info","timestamp":"2026-09-06T07:14:02.206400303Z"}
{"timestamp":"2026-09-06T07:14:02.649567177Z","level":"info","message":"[ops] {"}
{"message":"  event: 'http_request',","level":"info","timestamp":"2026-09-06T07:14:02.649572147Z"}
{"level":"info","timestamp":"2026-09-06T07:14:02.649576077Z","message":"  ts: '2026-09-06T07:14:02.610Z',"}
{"timestamp":"2026-09-06T07:14:02.649579617Z","level":"info","message":"  requestId: 'd144d2fd-7c8c-4250-8c1b-cb4dea0b3cf9',"}
{"timestamp":"2026-09-06T07:14:02.649583427Z","level":"info","message":"  method: 'POST',"}
{"timestamp":"2026-09-06T07:14:02.649586786Z","level":"info","message":"  route: '/api/studio/commands/:commandId/ack',"}
{"message":"  status: 200,","timestamp":"2026-09-06T07:14:02.649594966Z","level":"info"}
{"timestamp":"2026-09-06T07:14:02.649597526Z","message":"  durationMs: 220","level":"info"}
{"timestamp":"2026-09-06T07:14:02.649600006Z","message":"}","level":"info"}
{"message":"  event: 'http_request',","level":"info","timestamp":"2026-09-06T07:14:03.112905131Z"}
{"message":"  ts: '2026-09-06T07:14:03.077Z',","level":"info","timestamp":"2026-09-06T07:14:03.112918651Z"}
{"message":"  requestId: '7185ac71-e7a6-427d-8f26-3749a076df20',","level":"info","timestamp":"2026-09-06T07:14:03.112923271Z"}
{"message":"  method: 'OPTIONS',","timestamp":"2026-09-06T07:14:03.112927811Z","level":"info"}
{"message":"  route: '/api/v2/events',","level":"info","timestamp":"2026-09-06T07:14:03.112932281Z"}
{"level":"info","message":"  status: 204,","timestamp":"2026-09-06T07:14:03.112937370Z"}
{"timestamp":"2026-09-06T07:14:03.112941310Z","message":"  durationMs: 0","level":"info"}
{"timestamp":"2026-09-06T07:14:03.112945340Z","level":"info","message":"}"}
{"timestamp":"2026-09-06T07:14:03.112989149Z","message":"[ops] {","level":"info"}
{"level":"info","timestamp":"2026-09-06T07:14:03.112993149Z","message":"  event: 'http_request',"}
{"message":"  ts: '2026-09-06T07:14:03.045Z',","timestamp":"2026-09-06T07:14:03.112997339Z","level":"info"}
{"timestamp":"2026-09-06T07:14:03.113001749Z","message":"  requestId: '83195af2-e172-4266-9645-de48a22d639e',","level":"info"}
{"level":"info","timestamp":"2026-09-06T07:14:03.113006409Z","message":"  method: 'POST',"}
{"level":"info","message":"  route: '/api/studio/commands/:commandId/ack',","timestamp":"2026-09-06T07:14:03.113011779Z"}
{"level":"info","message":"  status: 200,","timestamp":"2026-09-06T07:14:03.113016669Z"}
{"level":"info","message":"  durationMs: 198","timestamp":"2026-09-06T07:14:03.113021058Z"}
{"message":"}","timestamp":"2026-09-06T07:14:03.113025898Z","level":"info"}
{"timestamp":"2026-09-06T07:14:03.113030008Z","message":"[ops] {","level":"info"}
{"timestamp":"2026-09-06T07:14:03.259236258Z","message":"  event: 'security.app_check_rejected',","level":"error"}
{"message":"  ts: '2026-09-06T07:14:03.243Z',","level":"error","timestamp":"2026-09-06T07:14:03.259245538Z"}
{"message":"  reason: 'missing_token',","timestamp":"2026-09-06T07:14:03.259251438Z","level":"error"}
{"level":"error","message":"[ops] {","timestamp":"2026-09-06T07:14:03.259253828Z"}
{"timestamp":"2026-09-06T07:14:03.259255408Z","message":"  mode: 'monitor',","level":"error"}
{"timestamp":"2026-09-06T07:14:03.259259177Z","message":"  route: '/api/v2/events'","level":"error"}
{"level":"error","message":"}","timestamp":"2026-09-06T07:14:03.259263677Z"}
{"message":"[ops] {","timestamp":"2026-09-06T07:14:03.698353746Z","level":"info"}
{"level":"info","message":"  event: 'execution_verified',","timestamp":"2026-09-06T07:14:03.698357316Z"}
{"level":"info","message":"  ts: '2026-09-06T07:14:03.656Z',","timestamp":"2026-09-06T07:14:03.698360836Z"}
{"timestamp":"2026-09-06T07:14:03.698363585Z","level":"info","message":"  commandType: 'list_children',"}
{"message":"  commandId: 'BaC1br0eaouGXUa2onIj',","timestamp":"2026-09-06T07:14:03.698366115Z","level":"info"}
{"message":"  sessionId: 'MLq8J3mhz56J6BRsAeQe',","timestamp":"2026-09-06T07:14:03.698368755Z","level":"info"}
{"message":"  targetId: 'st_8c5d17e8ee75c6d9aeebd894c2cadbf341aa72d1041774ef',","level":"info","timestamp":"2026-09-06T07:14:03.698372415Z"}
{"level":"info","message":"  rolledBack: false","timestamp":"2026-09-06T07:14:03.698375395Z"}
{"timestamp":"2026-09-06T07:14:03.698377805Z","level":"info","message":"}"}
{"level":"info","timestamp":"2026-09-06T07:14:03.845018845Z","message":"[ops] {"}
{"message":"  event: 'studio.command_acknowledged',","level":"info","timestamp":"2026-09-06T07:14:03.845023525Z"}
{"level":"info","message":"  ts: '2026-09-06T07:14:03.828Z',","timestamp":"2026-09-06T07:14:03.845027515Z"}
{"message":"  requestId: '214169af-8b51-454f-80ba-d2683a895668',","timestamp":"2026-09-06T07:14:03.845030195Z","level":"info"}
{"timestamp":"2026-09-06T07:14:03.845032655Z","message":"  sessionId: 'MLq8J3mhz56J6BRsAeQe',","level":"info"}
{"timestamp":"2026-09-06T07:14:03.845034954Z","level":"info","message":"  commandId: 'BaC1br0eaouGXUa2onIj',"}
{"timestamp":"2026-09-06T07:14:03.845037444Z","message":"  commandType: 'list_children',","level":"info"}
{"timestamp":"2026-09-06T07:14:03.845039944Z","level":"info","message":"  commandStatus: 'succeeded',"}
{"message":"  hasRunId: true","level":"info","timestamp":"2026-09-06T07:14:03.845042714Z"}
{"message":"}","timestamp":"2026-09-06T07:14:03.845045664Z","level":"info"}
{"message":"[ops] {","timestamp":"2026-09-06T07:14:03.845048454Z","level":"info"}
{"message":"  event: 'http_request',","timestamp":"2026-09-06T07:14:03.845050924Z","level":"info"}
{"level":"info","message":"  ts: '2026-09-06T07:14:03.830Z',","timestamp":"2026-09-06T07:14:03.845053564Z"}
{"level":"info","timestamp":"2026-09-06T07:14:03.845055924Z","message":"  requestId: '2151d0f5-faf6-472e-b74a-220b504c1418',"}
{"timestamp":"2026-09-06T07:14:03.845058104Z","level":"info","message":"  method: 'GET',"}
{"timestamp":"2026-09-06T07:14:03.845060754Z","message":"  route: '/api/v2/events',","level":"info"}
{"message":"  status: 200,","level":"info","timestamp":"2026-09-06T07:14:03.845063624Z"}
{"timestamp":"2026-09-06T07:14:03.845066464Z","level":"info","message":"  durationMs: 587"}
{"timestamp":"2026-09-06T07:14:03.845068934Z","message":"}","level":"info"}
{"timestamp":"2026-09-06T07:14:05.602713851Z","message":"[ops] {","level":"info"}
{"level":"info","message":"  event: 'http_request',","timestamp":"2026-09-06T07:14:05.602728301Z"}
{"message":"  ts: '2026-09-06T07:14:05.579Z',","timestamp":"2026-09-06T07:14:05.602735840Z","level":"info"}
{"level":"info","message":"  requestId: '7b7efd86-95d0-443a-b9ed-736fca6c4dee',","timestamp":"2026-09-06T07:14:05.602741650Z"}
{"timestamp":"2026-09-06T07:14:05.602747920Z","message":"  method: 'OPTIONS',","level":"info"}
{"message":"  route: '/api/v2/events',","timestamp":"2026-09-06T07:14:05.602753310Z","level":"info"}
{"level":"info","message":"  status: 204,","timestamp":"2026-09-06T07:14:05.602758640Z"}
{"timestamp":"2026-09-06T07:14:05.602767460Z","message":"  durationMs: 0","level":"info"}
{"level":"info","timestamp":"2026-09-06T07:14:05.602772630Z","message":"}"}
{"timestamp":"2026-09-06T07:14:05.802931997Z","message":"[ops] {","level":"error"}
{"level":"error","timestamp":"2026-09-06T07:14:05.802941177Z","message":"  event: 'security.app_check_rejected',"}
{"timestamp":"2026-09-06T07:14:05.802946186Z","level":"error","message":"  ts: '2026-09-06T07:14:05.749Z',"}
{"message":"  reason: 'missing_token',","timestamp":"2026-09-06T07:14:05.802951566Z","level":"error"}
{"level":"error","message":"  mode: 'monitor',","timestamp":"2026-09-06T07:14:05.802956546Z"}
{"timestamp":"2026-09-06T07:14:05.802961426Z","message":"  route: '/api/v2/events'","level":"error"}
{"message":"}","timestamp":"2026-09-06T07:14:05.802966216Z","level":"error"}
{"level":"info","total":9,"jobId":"artifact_job_b8e08b840554ff094ae4bc80380bab8effe586ba0971de96","ts":1788678846296,"type":"firestore_write_metric","sessionId":null,"timestamp":"2026-09-06T07:14:06.298372160Z","message":"","count":1,"counter":"job_document"}
{"timestamp":"2026-09-06T07:14:06.298377790Z","message":"","count":1,"sessionId":null,"ts":1788678846296,"type":"firestore_write_metric","counter":"job_event_document","total":7,"jobId":"artifact_job_b8e08b840554ff094ae4bc80380bab8effe586ba0971de96","level":"info"}
{"message":"[ops] {","timestamp":"2026-09-06T07:14:06.303165976Z","level":"info"}
{"timestamp":"2026-09-06T07:14:06.303171356Z","level":"info","message":"  event: 'manifest_context_ensure_started',"}
{"timestamp":"2026-09-06T07:14:06.303174805Z","level":"info","message":"  ts: '2026-09-06T07:14:06.301Z',"}
{"message":"  userId: '0VSQotqOXxPXBLeQu1gUNkXELWH3',","level":"info","timestamp":"2026-09-06T07:14:06.303178145Z"}
{"level":"info","message":"  sessionId: 'MLq8J3mhz56J6BRsAeQe',","timestamp":"2026-09-06T07:14:06.303181095Z"}
{"message":"  requireFreshForWrite: false","timestamp":"2026-09-06T07:14:06.303183805Z","level":"info"}
{"level":"info","message":"}","timestamp":"2026-09-06T07:14:06.303186525Z"}
{"level":"info","timestamp":"2026-09-06T07:14:06.343433356Z","message":"[ops] {"}
{"timestamp":"2026-09-06T07:14:06.343436476Z","message":"  event: 'http_request',","level":"info"}
{"message":"  ts: '2026-09-06T07:14:06.327Z',","level":"info","timestamp":"2026-09-06T07:14:06.343439746Z"}
{"message":"  requestId: '34813b11-5d1f-481f-9ccd-ff475e31346f',","timestamp":"2026-09-06T07:14:06.343443266Z","level":"info"}
{"timestamp":"2026-09-06T07:14:06.343447076Z","level":"info","message":"  method: 'GET',"}
{"timestamp":"2026-09-06T07:14:06.343450216Z","message":"  route: '/api/v2/events',","level":"info"}
{"timestamp":"2026-09-06T07:14:06.343452776Z","message":"  status: 200,","level":"info"}
{"level":"info","message":"  durationMs: 578","timestamp":"2026-09-06T07:14:06.343455956Z"}
{"message":"}","level":"info","timestamp":"2026-09-06T07:14:06.343459145Z"}
{"level":"info","message":"[ops] {","timestamp":"2026-09-06T07:14:06.483085249Z"}
{"message":"  event: 'manifest_state_read_count',","level":"info","timestamp":"2026-09-06T07:14:06.483091799Z"}
{"timestamp":"2026-09-06T07:14:06.483096029Z","level":"info","message":"  ts: '2026-09-06T07:14:06.444Z',"}
{"level":"info","message":"  userId: '0VSQotqOXxPXBLeQu1gUNkXELWH3',","timestamp":"2026-09-06T07:14:06.483100088Z"}
{"level":"info","message":"  sessionId: 'MLq8J3mhz56J6BRsAeQe',","timestamp":"2026-09-06T07:14:06.483103558Z"}
{"level":"info","timestamp":"2026-09-06T07:14:06.483106938Z","message":"  value: 1"}
{"timestamp":"2026-09-06T07:14:06.483109958Z","level":"info","message":"}"}
{"message":"[ops] {","timestamp":"2026-09-06T07:14:06.558877443Z","level":"info"}
{"timestamp":"2026-09-06T07:14:06.558882573Z","message":"  event: 'manifest_cache_hit',","level":"info"}
{"message":"  ts: '2026-09-06T07:14:06.536Z',","timestamp":"2026-09-06T07:14:06.558886963Z","level":"info"}
{"message":"  userId: '0VSQotqOXxPXBLeQu1gUNkXELWH3',","level":"info","timestamp":"2026-09-06T07:14:06.558890723Z"}
{"level":"info","message":"  sessionId: 'MLq8J3mhz56J6BRsAeQe',","timestamp":"2026-09-06T07:14:06.558894383Z"}
{"message":"  revision: 'b7d64df9-4f3b-4953-9e19-1bd6fc98d291',","level":"info","timestamp":"2026-09-06T07:14:06.558899003Z"}
{"timestamp":"2026-09-06T07:14:06.558902353Z","level":"info","message":"  ageMs: 54265"}
{"message":"}","timestamp":"2026-09-06T07:14:06.558906142Z","level":"info"}
{"message":"[ops] {","level":"info","timestamp":"2026-09-06T07:14:06.558909342Z"}
{"timestamp":"2026-09-06T07:14:06.558912362Z","level":"info","message":"  event: 'manifest_context_ensure_completed',"}
{"timestamp":"2026-09-06T07:14:06.558915092Z","level":"info","message":"  ts: '2026-09-06T07:14:06.536Z',"}
{"level":"info","message":"  status: 'fresh',","timestamp":"2026-09-06T07:14:06.558918332Z"}
{"level":"info","timestamp":"2026-09-06T07:14:06.558921092Z","message":"  blockerCode: 'none',"}
{"message":"  targetId: 'st_8c5d17e8ee75c6d9aeebd894c2cadbf341aa72d1041774ef',","timestamp":"2026-09-06T07:14:06.558923802Z","level":"info"}
{"level":"info","message":"  placeSignature: '3fd89e84',","timestamp":"2026-09-06T07:14:06.558926592Z"}
{"level":"info","message":"  revision: 'b7d64df9-4f3b-4953-9e19-1bd6fc98d291',","timestamp":"2026-09-06T07:14:06.558929222Z"}
{"message":"  refreshQueued: false,","level":"info","timestamp":"2026-09-06T07:14:06.558931822Z"}
{"message":"  refreshDeduplicated: false","level":"info","timestamp":"2026-09-06T07:14:06.558934712Z"}
{"timestamp":"2026-09-06T07:14:06.558937452Z","level":"info","message":"}"}
{"timestamp":"2026-09-06T07:14:06.558940352Z","level":"info","message":"[ops] {"}
{"message":"  event: 'manifest_ensure_ms',","timestamp":"2026-09-06T07:14:06.558943272Z","level":"info"}
{"timestamp":"2026-09-06T07:14:06.558945832Z","level":"info","message":"  ts: '2026-09-06T07:14:06.537Z',"}
{"timestamp":"2026-09-06T07:14:06.558948471Z","message":"  status: 'fresh',","level":"info"}
{"level":"info","timestamp":"2026-09-06T07:14:06.558950941Z","message":"  blockerCode: 'none',"}
{"level":"info","message":"  targetId: 'st_8c5d17e8ee75c6d9aeebd894c2cadbf341aa72d1041774ef',","timestamp":"2026-09-06T07:14:06.558954051Z"}
{"level":"info","message":"  placeSignature: '3fd89e84',","timestamp":"2026-09-06T07:14:06.558956871Z"}
{"level":"info","message":"  revision: 'b7d64df9-4f3b-4953-9e19-1bd6fc98d291',","timestamp":"2026-09-06T07:14:06.558959351Z"}
{"level":"info","message":"  refreshQueued: false,","timestamp":"2026-09-06T07:14:06.558962261Z"}
{"message":"  refreshQueued: false,","timestamp":"2026-09-06T07:14:06.559643125Z","level":"info"}
{"timestamp":"2026-09-06T07:14:06.559646805Z","message":"  refreshDeduplicated: false,","level":"info"}
{"timestamp":"2026-09-06T07:14:06.559650675Z","level":"info","message":"  value: 235"}
{"message":"}","timestamp":"2026-09-06T07:14:06.559653975Z","level":"info"}
{"message":"  refreshDeduplicated: false,","level":"info","timestamp":"2026-09-06T07:14:06.559658695Z"}
{"message":"  value: 235","timestamp":"2026-09-06T07:14:06.559662444Z","level":"info"}
{"level":"info","timestamp":"2026-09-06T07:14:06.559665874Z","message":"}"}
{"timestamp":"2026-09-06T07:14:06.559669364Z","level":"info","message":"[ops] {"}
{"timestamp":"2026-09-06T07:14:06.559672824Z","level":"info","message":"  event: 'manifest_first_context_ms',"}
{"message":"  ts: '2026-09-06T07:14:06.537Z',","timestamp":"2026-09-06T07:14:06.559676504Z","level":"info"}
{"message":"  status: 'fresh',","level":"info","timestamp":"2026-09-06T07:14:06.559679814Z"}
{"message":"  blockerCode: 'none',","timestamp":"2026-09-06T07:14:06.559683624Z","level":"info"}
{"timestamp":"2026-09-06T07:14:06.559686944Z","message":"  targetId: 'st_8c5d17e8ee75c6d9aeebd894c2cadbf341aa72d1041774ef',","level":"info"}
{"message":"  placeSignature: '3fd89e84',","level":"info","timestamp":"2026-09-06T07:14:06.559690314Z"}
{"message":"  revision: 'b7d64df9-4f3b-4953-9e19-1bd6fc98d291',","level":"info","timestamp":"2026-09-06T07:14:06.559693574Z"}
{"level":"info","message":"  method: 'GET',","timestamp":"2026-09-06T07:14:07.356638072Z"}
{"timestamp":"2026-09-06T07:14:07.356643122Z","message":"  route: '/api/studio/mcp/commands/next',","level":"info"}
{"timestamp":"2026-09-06T07:14:07.356646362Z","message":"  status: 204,","level":"info"}
{"timestamp":"2026-09-06T07:14:07.356647972Z","level":"info","message":"[ops] {"}
{"level":"info","message":"  durationMs: 5411","timestamp":"2026-09-06T07:14:07.356649322Z"}
{"message":"  event: 'studio.command_polled',","level":"info","timestamp":"2026-09-06T07:14:07.356650812Z"}
{"message":"}","level":"info","timestamp":"2026-09-06T07:14:07.356652532Z"}
{"timestamp":"2026-09-06T07:14:07.356654022Z","level":"info","message":"  ts: '2026-09-06T07:14:06.990Z',"}
{"level":"info","message":"  requestId: '499854e7-c72a-464f-b429-25d589709157',","timestamp":"2026-09-06T07:14:07.356657142Z"}
{"message":"  sessionId: 'DlvFpLpN0vX1CB5Fvwv9',","timestamp":"2026-09-06T07:14:07.356660442Z","level":"info"}
{"level":"info","timestamp":"2026-09-06T07:14:07.356663742Z","message":"  status: 'empty'"}
{"message":"}","timestamp":"2026-09-06T07:14:07.356666801Z","level":"info"}
{"timestamp":"2026-09-06T07:14:07.356670521Z","message":"[ops] {","level":"info"}
{"level":"info","message":"  event: 'http_request',","timestamp":"2026-09-06T07:14:07.356673811Z"}
{"message":"  ts: '2026-09-06T07:14:06.991Z',","timestamp":"2026-09-06T07:14:07.356676801Z","level":"info"}
{"message":"  requestId: '499854e7-c72a-464f-b429-25d589709157',","level":"info","timestamp":"2026-09-06T07:14:07.356680491Z"}
{"level":"info","message":"[ops] {","timestamp":"2026-09-06T07:14:07.722284826Z"}
{"level":"info","message":"  event: 'http_request',","timestamp":"2026-09-06T07:14:07.722288076Z"}
{"message":"  ts: '2026-09-06T07:14:07.679Z',","level":"info","timestamp":"2026-09-06T07:14:07.722291176Z"}
{"level":"info","message":"  requestId: '9d5f8d3c-db22-4d9a-91a8-144b80cd0d37',","timestamp":"2026-09-06T07:14:07.722294376Z"}
{"level":"info","timestamp":"2026-09-06T07:14:07.722298596Z","message":"  method: 'POST',"}
{"level":"info","message":"  route: '/api/studio/mcp/session/ping',","timestamp":"2026-09-06T07:14:07.722305466Z"}
{"timestamp":"2026-09-06T07:14:07.722308766Z","message":"  status: 200,","level":"info"}
{"message":"  durationMs: 386","timestamp":"2026-09-06T07:14:07.722312026Z","level":"info"}
{"message":"}","level":"info","timestamp":"2026-09-06T07:14:07.722315795Z"}
{"timestamp":"2026-09-06T07:14:07.734308980Z","level":"error","message":"[ops] {"}
{"level":"error","message":"  event: 'security.app_check_rejected',","timestamp":"2026-09-06T07:14:07.734313010Z"}
{"message":"  ts: '2026-09-06T07:14:07.730Z',","timestamp":"2026-09-06T07:14:07.734318080Z","level":"error"}
{"level":"error","timestamp":"2026-09-06T07:14:07.734322160Z","message":"  reason: 'missing_token',"}
{"message":"  mode: 'monitor',","timestamp":"2026-09-06T07:14:07.734326720Z","level":"error"}
{"timestamp":"2026-09-06T07:14:07.734330949Z","level":"error","message":"  route: '/api/studio/chat/bootstrap'"}
{"message":"}","timestamp":"2026-09-06T07:14:07.734334709Z","level":"error"}
{"message":"[ops] {","level":"info","timestamp":"2026-09-06T07:14:08.089571773Z"}
{"message":"  event: 'http_request',","timestamp":"2026-09-06T07:14:08.089582702Z","level":"info"}
{"message":"  ts: '2026-09-06T07:14:08.084Z',","timestamp":"2026-09-06T07:14:08.089588702Z","level":"info"}
{"message":"  requestId: 'd9bb402d-da13-4bd3-92ed-fd48f067a76d',","level":"info","timestamp":"2026-09-06T07:14:08.089597382Z"}
{"timestamp":"2026-09-06T07:14:08.089601742Z","level":"info","message":"  method: 'OPTIONS',"}
{"message":"  route: '/api/v2/events',","level":"info","timestamp":"2026-09-06T07:14:08.089606692Z"}
{"level":"info","message":"  status: 204,","timestamp":"2026-09-06T07:14:08.089611312Z"}
{"timestamp":"2026-09-06T07:14:08.089615462Z","message":"  durationMs: 0","level":"info"}
{"level":"info","timestamp":"2026-09-06T07:14:08.089619612Z","message":"}"}
{"message":"[ops] {","timestamp":"2026-09-06T07:14:08.325456870Z","level":"info"}
{"level":"info","timestamp":"2026-09-06T07:14:08.325459740Z","message":"  event: 'http_request',"}
{"message":"  ts: '2026-09-06T07:14:08.190Z',","timestamp":"2026-09-06T07:14:08.325462360Z","level":"info"}
{"timestamp":"2026-09-06T07:14:08.325464860Z","level":"info","message":"  requestId: 'b167db92-4cb8-44fa-93e3-9241cbb7f6f2',"}
{"timestamp":"2026-09-06T07:14:08.325467430Z","message":"  method: 'GET',","level":"info"}
{"message":"  route: '/api/studio/chat/bootstrap',","level":"info","timestamp":"2026-09-06T07:14:08.325470120Z"}
{"message":"  status: 200,","level":"info","timestamp":"2026-09-06T07:14:08.325472500Z"}
{"timestamp":"2026-09-06T07:14:08.325475099Z","level":"info","message":"  durationMs: 460"}
{"level":"info","timestamp":"2026-09-06T07:14:08.325477909Z","message":"}"}
{"message":"[ops] {","timestamp":"2026-09-06T07:14:08.325480419Z","level":"error"}
{"timestamp":"2026-09-06T07:14:08.325483119Z","message":"  event: 'security.app_check_rejected',","level":"error"}
{"level":"error","message":"  ts: '2026-09-06T07:14:08.249Z',","timestamp":"2026-09-06T07:14:08.325485729Z"}
{"level":"error","message":"  reason: 'missing_token',","timestamp":"2026-09-06T07:14:08.325488249Z"}
{"message":"  mode: 'monitor',","timestamp":"2026-09-06T07:14:08.325490779Z","level":"error"}
{"message":"  route: '/api/v2/events'","timestamp":"2026-09-06T07:14:08.325493139Z","level":"error"}
{"timestamp":"2026-09-06T07:14:08.325495719Z","message":"}","level":"error"}
{"message":"","count":1,"jobId":null,"timestamp":"2026-09-06T07:14:08.373134536Z","writesPerStudioSessionHour":74,"type":"firestore_write_metric","sessionId":"Iog4rWn0F2wcGR9xp3Jq","counter":"studio_session","ts":1788678848371,"level":"info","total":78}
{"type":"firestore_write_metric","level":"info","timestamp":"2026-09-06T07:14:08.840820677Z","ts":1788678848745,"count":1,"total":79,"jobId":null,"sessionId":"Iog4rWn0F2wcGR9xp3Jq","counter":"studio_session","message":"","writesPerStudioSessionHour":75}
{"message":"[ops] {","timestamp":"2026-09-06T07:14:08.840827517Z","level":"info"}
{"level":"info","message":"  event: 'studio.plugin_compatibility_handshake',","timestamp":"2026-09-06T07:14:08.840832687Z"}
{"timestamp":"2026-09-06T07:14:08.840836437Z","level":"info","message":"  ts: '2026-09-06T07:14:08.746Z',"}
{"message":"  requestId: 'f068af55-da12-41a8-8275-965ca483b812',","timestamp":"2026-09-06T07:14:08.840840217Z","level":"info"}
{"timestamp":"2026-09-06T07:14:08.840843957Z","level":"info","message":"  sessionId: 'Iog4rWn0F2wcGR9xp3Jq',"}
{"message":"  userId: 'klu6Sv5QeEgYWlHjsgQwMkZCvsb2',","timestamp":"2026-09-06T07:14:08.840847367Z","level":"info"}
{"level":"info","message":"  status: 'degraded',","timestamp":"2026-09-06T07:14:08.840850957Z"}
{"level":"info","message":"  reasonCodes: [ 'command_unavailable' ],","timestamp":"2026-09-06T07:14:08.840855076Z"}
{"level":"info","message":"  buildId: 'nexusrbx-studio-0.14.0-r15-animation.10-native-value-normalization',","timestamp":"2026-09-06T07:14:08.840858476Z"}
{"level":"info","message":"  attestationWritten: true,","timestamp":"2026-09-06T07:14:08.840862306Z"}
{"level":"info","timestamp":"2026-09-06T07:14:08.840865706Z","message":"  repairDurationMs: 568"}
{"message":"}","timestamp":"2026-09-06T07:14:08.840869966Z","level":"info"}
{"level":"info","message":"[ops] {","timestamp":"2026-09-06T07:14:08.840873966Z"}
{"level":"info","timestamp":"2026-09-06T07:14:08.840877366Z","message":"  event: 'http_request',"}
{"timestamp":"2026-09-06T07:14:08.840880976Z","level":"info","message":"  ts: '2026-09-06T07:14:08.747Z',"}
{"message":"  requestId: 'f068af55-da12-41a8-8275-965ca483b812',","level":"info","timestamp":"2026-09-06T07:14:08.840884406Z"}
{"timestamp":"2026-09-06T07:14:08.840888126Z","level":"info","message":"  method: 'POST',"}
{"message":"  route: '/api/studio/session/ping',","timestamp":"2026-09-06T07:14:08.840891866Z","level":"info"}
{"message":"  status: 200,","level":"info","timestamp":"2026-09-06T07:14:08.840895355Z"}
{"timestamp":"2026-09-06T07:14:08.840899035Z","message":"  durationMs: 667","level":"info"}
{"level":"info","message":"}","timestamp":"2026-09-06T07:14:08.840902495Z"}
{"message":"[ops] {","level":"info","timestamp":"2026-09-06T07:14:08.840906015Z"}
{"message":"  event: 'http_request',","level":"info","timestamp":"2026-09-06T07:14:08.840909735Z"}
{"timestamp":"2026-09-06T07:14:08.840913595Z","message":"  ts: '2026-09-06T07:14:08.780Z',","level":"info"}
{"message":"  requestId: '2de75239-62c9-4126-b780-adb9a134fa5c',","timestamp":"2026-09-06T07:14:08.840917695Z","level":"info"}
{"message":"  method: 'OPTIONS',","timestamp":"2026-09-06T07:14:08.841298256Z","level":"info"}
{"level":"info","timestamp":"2026-09-06T07:14:08.841302316Z","message":"  route: '/api/studio/status',"}
{"level":"info","message":"  status: 204,","timestamp":"2026-09-06T07:14:08.841305786Z"}
{"level":"info","timestamp":"2026-09-06T07:14:08.841309626Z","message":"  durationMs: 0"}
{"message":"}","timestamp":"2026-09-06T07:14:08.841313436Z","level":"info"}
{"timestamp":"2026-09-06T07:14:08.841317515Z","level":"info","message":"[ops] {"}
{"timestamp":"2026-09-06T07:14:08.841321685Z","message":"  event: 'http_request',","level":"info"}
{"level":"info","timestamp":"2026-09-06T07:14:08.841325585Z","message":"  ts: '2026-09-06T07:14:08.781Z',"}
{"level":"info","message":"  requestId: 'e32d80cf-7a9e-4bbe-b5c8-bb32de537f1f',","timestamp":"2026-09-06T07:14:08.841336045Z"}
{"level":"info","timestamp":"2026-09-06T07:14:08.841339465Z","message":"  method: 'OPTIONS',"}
{"level":"info","message":"  route: '/api/studio/mcp/status',","timestamp":"2026-09-06T07:14:08.841342995Z"}
{"message":"  status: 204,","timestamp":"2026-09-06T07:14:08.841346685Z","level":"info"}
{"level":"info","timestamp":"2026-09-06T07:14:08.841350575Z","message":"  durationMs: 0"}
{"level":"info","message":"}","timestamp":"2026-09-06T07:14:08.841354135Z"}
{"message":"[ops] {","level":"info","timestamp":"2026-09-06T07:14:08.921213994Z"}
{"level":"info","message":"  event: 'http_request',","timestamp":"2026-09-06T07:14:08.921218654Z"}
{"level":"info","timestamp":"2026-09-06T07:14:08.921222174Z","message":"  ts: '2026-09-06T07:14:08.899Z',"}
{"level":"info","message":"  requestId: '1323b7d3-8380-4663-bcce-d412cc25a662',","timestamp":"2026-09-06T07:14:08.921224694Z"}
{"message":"  method: 'GET',","timestamp":"2026-09-06T07:14:08.921234204Z","level":"info"}
{"timestamp":"2026-09-06T07:14:08.921237054Z","level":"info","message":"  route: '/api/v2/events',"}
{"timestamp":"2026-09-06T07:14:08.921239774Z","level":"info","message":"  status: 200,"}
{"timestamp":"2026-09-06T07:14:08.921243034Z","message":"  durationMs: 650","level":"info"}
{"message":"}","level":"info","timestamp":"2026-09-06T07:14:08.921246664Z"}
{"timestamp":"2026-09-06T07:14:09.053837100Z","level":"error","message":"  ts: '2026-09-06T07:14:09.050Z',"}
{"timestamp":"2026-09-06T07:14:09.053842039Z","level":"error","message":"  reason: 'missing_token',"}
{"level":"error","message":"[ops] {","timestamp":"2026-09-06T07:14:09.053845109Z"}
{"message":"  mode: 'monitor',","level":"error","timestamp":"2026-09-06T07:14:09.053845299Z"}
{"message":"  route: '/api/studio/status'","level":"error","timestamp":"2026-09-06T07:14:09.053849139Z"}
{"message":"  event: 'security.app_check_rejected',","timestamp":"2026-09-06T07:14:09.053851959Z","level":"error"}
{"level":"error","message":"}","timestamp":"2026-09-06T07:14:09.053853239Z"}
{"message":"  ts: '2026-09-06T07:14:09.049Z',","timestamp":"2026-09-06T07:14:09.053857329Z","level":"error"}
{"message":"  reason: 'missing_token',","timestamp":"2026-09-06T07:14:09.053861219Z","level":"error"}
{"level":"error","message":"  mode: 'monitor',","timestamp":"2026-09-06T07:14:09.053865069Z"}
{"message":"  route: '/api/studio/mcp/status'","level":"error","timestamp":"2026-09-06T07:14:09.053869129Z"}
{"message":"}","timestamp":"2026-09-06T07:14:09.053872589Z","level":"error"}
{"timestamp":"2026-09-06T07:14:09.053875829Z","message":"[ops] {","level":"error"}
{"timestamp":"2026-09-06T07:14:09.053878939Z","message":"  event: 'security.app_check_rejected',","level":"error"}
{"message":"[ops] {","timestamp":"2026-09-06T07:14:09.386320172Z","level":"info"}
{"timestamp":"2026-09-06T07:14:09.386326012Z","level":"info","message":"  event: 'http_request',"}
{"level":"info","message":"  ts: '2026-09-06T07:14:09.358Z',","timestamp":"2026-09-06T07:14:09.386329512Z"}
{"message":"  requestId: '94f3d7a9-f008-4238-9989-94836e19cb9c',","timestamp":"2026-09-06T07:14:09.386332312Z","level":"info"}
{"message":"  method: 'GET',","timestamp":"2026-09-06T07:14:09.386335172Z","level":"info"}
{"timestamp":"2026-09-06T07:14:09.386338332Z","message":"  route: '/api/studio/mcp/status',","level":"info"}
{"timestamp":"2026-09-06T07:14:09.386341422Z","message":"  status: 200,","level":"info"}
{"message":"  durationMs: 309","level":"info","timestamp":"2026-09-06T07:14:09.386344622Z"}
{"message":"}","timestamp":"2026-09-06T07:14:09.386347782Z","level":"info"}
{"timestamp":"2026-09-06T07:14:09.619346041Z","message":"[ops] {","level":"error"}
{"level":"error","message":"  event: 'security.app_check_rejected',","timestamp":"2026-09-06T07:14:09.619349381Z"}
{"message":"  ts: '2026-09-06T07:14:09.589Z',","timestamp":"2026-09-06T07:14:09.619352501Z","level":"error"}
{"timestamp":"2026-09-06T07:14:09.619355021Z","message":"  reason: 'missing_token',","level":"error"}
{"timestamp":"2026-09-06T07:14:09.619358011Z","message":"  mode: 'monitor',","level":"error"}
{"level":"error","message":"  route: '/api/studio/chat/conversations/WlRLYGx4jXSoDHlCl5WW/messages'","timestamp":"2026-09-06T07:14:09.619360721Z"}
{"level":"error","message":"}","timestamp":"2026-09-06T07:14:09.619363501Z"}
{"message":"[ops] {","level":"info","timestamp":"2026-09-06T07:14:09.811453773Z"}
{"message":"  event: 'http_request',","timestamp":"2026-09-06T07:14:09.811458613Z","level":"info"}
{"timestamp":"2026-09-06T07:14:09.811462403Z","level":"info","message":"  ts: '2026-09-06T07:14:09.764Z',"}
{"message":"  requestId: '3a6d1d84-14fe-4b3f-aa88-f88bb30806e8',","timestamp":"2026-09-06T07:14:09.811465833Z","level":"info"}
{"message":"  method: 'GET',","timestamp":"2026-09-06T07:14:09.811469713Z","level":"info"}
{"level":"info","message":"  route: '/api/studio/status',","timestamp":"2026-09-06T07:14:09.811473713Z"}
{"level":"info","message":"  status: 200,","timestamp":"2026-09-06T07:14:09.811477503Z"}
{"timestamp":"2026-09-06T07:14:09.811481393Z","message":"  durationMs: 714","level":"info"}
{"timestamp":"2026-09-06T07:14:09.811484673Z","message":"}","level":"info"}
{"level":"info","timestamp":"2026-09-06T07:14:10.035000108Z","message":"[ops] {"}
{"message":"  event: 'http_request',","level":"info","timestamp":"2026-09-06T07:14:10.035004878Z"}
{"timestamp":"2026-09-06T07:14:10.035008018Z","level":"info","message":"  ts: '2026-09-06T07:14:10.015Z',"}
{"level":"info","message":"  requestId: 'c363c76d-07e2-4f05-bfd4-33216cb33363',","timestamp":"2026-09-06T07:14:10.035010778Z"}
{"message":"  method: 'GET',","timestamp":"2026-09-06T07:14:10.035013618Z","level":"info"}
{"message":"  route: '/api/studio/chat/conversations/:chatId/messages',","timestamp":"2026-09-06T07:14:10.035016338Z","level":"info"}
{"level":"info","timestamp":"2026-09-06T07:14:10.035023937Z","message":"  status: 200,"}
{"level":"info","timestamp":"2026-09-06T07:14:10.035027277Z","message":"  durationMs: 426"}
{"timestamp":"2026-09-06T07:14:10.035029617Z","message":"}","level":"info"}
{"message":"[ops] {","timestamp":"2026-09-06T07:14:10.603344402Z","level":"info"}
{"level":"info","timestamp":"2026-09-06T07:14:10.603344462Z","message":"  event: 'http_request',"}
{"level":"info","timestamp":"2026-09-06T07:14:10.603356622Z","message":"  event: 'http_request',"}
{"message":"  ts: '2026-09-06T07:14:10.589Z',","timestamp":"2026-09-06T07:14:10.603363572Z","level":"info"}
{"message":"  ts: '2026-09-06T07:14:10.589Z',","timestamp":"2026-09-06T07:14:10.603364902Z","level":"info"}
{"level":"info","message":"  requestId: 'f24e645d-ddd6-45de-a167-dd47262178bd',","timestamp":"2026-09-06T07:14:10.603369131Z"}
{"timestamp":"2026-09-06T07:14:10.603373001Z","level":"info","message":"  requestId: 'c6a24700-f790-4e62-ac6c-8052bcef56e9',"}
{"timestamp":"2026-09-06T07:14:10.603381061Z","message":"  method: 'OPTIONS',","level":"info"}
{"timestamp":"2026-09-06T07:14:10.603383031Z","message":"  method: 'OPTIONS',","level":"info"}
{"message":"  route: '/api/v2/agents/active',","timestamp":"2026-09-06T07:14:10.603391321Z","level":"info"}
{"timestamp":"2026-09-06T07:14:10.603395211Z","message":"  status: 204,","level":"info"}
{"timestamp":"2026-09-06T07:14:10.603396221Z","level":"info","message":"  route: '/api/v2/events',"}
{"timestamp":"2026-09-06T07:14:10.603401191Z","level":"info","message":"  durationMs: 0"}
{"timestamp":"2026-09-06T07:14:10.603408071Z","level":"info","message":"  status: 204,"}
{"level":"info","message":"}","timestamp":"2026-09-06T07:14:10.603410330Z"}
{"timestamp":"2026-09-06T07:14:10.603415860Z","level":"info","message":"  durationMs: 0"}
{"message":"[ops] {","level":"info","timestamp":"2026-09-06T07:14:10.603417890Z"}
{"timestamp":"2026-09-06T07:14:10.603423810Z","message":"}","level":"info"}
{"timestamp":"2026-09-06T07:14:10.885321391Z","message":"[ops] {","level":"error"}
{"timestamp":"2026-09-06T07:14:10.885327101Z","level":"error","message":"  event: 'security.app_check_rejected',"}
{"timestamp":"2026-09-06T07:14:10.885330521Z","level":"error","message":"  ts: '2026-09-06T07:14:10.858Z',"}
{"level":"error","timestamp":"2026-09-06T07:14:10.885333781Z","message":"  reason: 'missing_token',"}
{"message":"  mode: 'monitor',","level":"error","timestamp":"2026-09-06T07:14:10.885336821Z"}
{"timestamp":"2026-09-06T07:14:10.885340311Z","level":"error","message":"  route: '/api/v2/agents/active'"}
{"level":"error","message":"}","timestamp":"2026-09-06T07:14:10.885343721Z"}
{"message":"[ops] {","timestamp":"2026-09-06T07:14:10.885346721Z","level":"error"}
{"timestamp":"2026-09-06T07:14:10.885350931Z","level":"error","message":"  event: 'security.app_check_rejected',"}
{"level":"error","message":"  ts: '2026-09-06T07:14:10.862Z',","timestamp":"2026-09-06T07:14:10.885354371Z"}
{"message":"  reason: 'missing_token',","timestamp":"2026-09-06T07:14:10.885358281Z","level":"error"}
{"timestamp":"2026-09-06T07:14:10.885361710Z","message":"  mode: 'monitor',","level":"error"}
{"level":"error","message":"  route: '/api/v2/events'","timestamp":"2026-09-06T07:14:10.885364800Z"}
{"timestamp":"2026-09-06T07:14:10.885367750Z","level":"error","message":"}"}
{"message":"[ops] {","timestamp":"2026-09-06T07:14:10.958505862Z","level":"info"}
{"level":"info","timestamp":"2026-09-06T07:14:10.958509472Z","message":"  event: 'http_request',"}
{"level":"info","timestamp":"2026-09-06T07:14:10.958512872Z","message":"  ts: '2026-09-06T07:14:10.946Z',"}
{"message":"  requestId: 'd82a023c-d156-48f7-a4c5-bce81b446271',","timestamp":"2026-09-06T07:14:10.958517322Z","level":"info"}
{"timestamp":"2026-09-06T07:14:10.958520982Z","level":"info","message":"  method: 'GET',"}
{"message":"  route: '/api/v2/agents/active',","timestamp":"2026-09-06T07:14:10.958524622Z","level":"info"}
{"level":"info","message":"  status: 200,","timestamp":"2026-09-06T07:14:10.958528042Z"}
{"message":"  durationMs: 88","timestamp":"2026-09-06T07:14:10.958531542Z","level":"info"}
{"message":"}","timestamp":"2026-09-06T07:14:10.958535732Z","level":"info"}
{"ts":1788678851021,"timestamp":"2026-09-06T07:14:11.035842335Z","total":80,"jobId":null,"level":"info","sessionId":"Iog4rWn0F2wcGR9xp3Jq","type":"firestore_write_metric","counter":"studio_session","message":"","count":1,"writesPerStudioSessionHour":76}
{"message":"  status: 200,","level":"info","timestamp":"2026-09-06T07:14:11.456355989Z"}
{"message":"  durationMs: 605","timestamp":"2026-09-06T07:14:11.456362668Z","level":"info"}
{"level":"info","timestamp":"2026-09-06T07:14:11.456367538Z","message":"}"}
{"message":"  attestationWritten: true,","timestamp":"2026-09-06T07:14:11.456377178Z","level":"info"}
{"timestamp":"2026-09-06T07:14:11.456386498Z","level":"info","message":"  repairDurationMs: 541"}
{"level":"info","message":"}","timestamp":"2026-09-06T07:14:11.456391388Z"}
{"level":"info","message":"[ops] {","timestamp":"2026-09-06T07:14:11.456395178Z"}
{"timestamp":"2026-09-06T07:14:11.456399148Z","level":"info","message":"  event: 'http_request',"}
{"message":"  ts: '2026-09-06T07:14:11.384Z',","level":"info","timestamp":"2026-09-06T07:14:11.456403187Z"}
{"sessionId":"Iog4rWn0F2wcGR9xp3Jq","level":"info","writesPerStudioSessionHour":77,"message":"","ts":1788678851368,"jobId":null,"type":"firestore_write_metric","timestamp":"2026-09-06T07:14:11.456405657Z","counter":"studio_session","count":1,"total":81}
{"level":"info","message":"  requestId: '6cb315a5-51ab-4b5e-ac12-2515e40f07e4',","timestamp":"2026-09-06T07:14:11.456407887Z"}
{"level":"info","timestamp":"2026-09-06T07:14:11.456409717Z","message":"[ops] {"}
{"message":"  method: 'POST',","level":"info","timestamp":"2026-09-06T07:14:11.456411437Z"}
{"timestamp":"2026-09-06T07:14:11.456413697Z","level":"info","message":"  event: 'studio.plugin_compatibility_handshake',"}
{"message":"  route: '/api/studio/session/ping',","timestamp":"2026-09-06T07:14:11.456415337Z","level":"info"}
{"message":"  ts: '2026-09-06T07:14:11.384Z',","level":"info","timestamp":"2026-09-06T07:14:11.456417677Z"}
{"timestamp":"2026-09-06T07:14:11.456421057Z","level":"info","message":"  requestId: '6cb315a5-51ab-4b5e-ac12-2515e40f07e4',"}
{"message":"  sessionId: 'Iog4rWn0F2wcGR9xp3Jq',","timestamp":"2026-09-06T07:14:11.456424757Z","level":"info"}
{"message":"  userId: 'klu6Sv5QeEgYWlHjsgQwMkZCvsb2',","timestamp":"2026-09-06T07:14:11.456428057Z","level":"info"}
{"level":"info","timestamp":"2026-09-06T07:14:11.456431247Z","message":"  status: 'degraded',"}
{"level":"info","message":"  reasonCodes: [ 'command_unavailable' ],","timestamp":"2026-09-06T07:14:11.456434267Z"}
{"timestamp":"2026-09-06T07:14:11.456437647Z","message":"  buildId: 'nexusrbx-studio-0.14.0-r15-animation.10-native-value-normalization',","level":"info"}
{"level":"info","message":"[ops] {","timestamp":"2026-09-06T07:14:11.691504204Z"}
{"message":"  event: 'http_request',","timestamp":"2026-09-06T07:14:11.691510734Z","level":"info"}
{"message":"  ts: '2026-09-06T07:14:11.655Z',","level":"info","timestamp":"2026-09-06T07:14:11.691515434Z"}
{"timestamp":"2026-09-06T07:14:11.691518594Z","level":"info","message":"  requestId: 'a1c70e1a-e9d1-426f-8c8b-b6aa24e88ce9',"}
{"message":"  method: 'GET',","timestamp":"2026-09-06T07:14:11.691523124Z","level":"info"}
{"message":"  route: '/api/v2/events',","timestamp":"2026-09-06T07:14:11.691526653Z","level":"info"}
{"level":"info","message":"  status: 200,","timestamp":"2026-09-06T07:14:11.691530073Z"}
{"level":"info","message":"  durationMs: 793","timestamp":"2026-09-06T07:14:11.691532853Z"}
{"timestamp":"2026-09-06T07:14:11.691535643Z","level":"info","message":"}"}
{"message":"  requestId: 'bbd9e60e-518f-4076-82fd-f6ac37650915',","timestamp":"2026-09-06T07:14:12.492240216Z","level":"info"}
{"message":"  sessionId: 'MLq8J3mhz56J6BRsAeQe',","timestamp":"2026-09-06T07:14:12.492254935Z","level":"info"}
{"timestamp":"2026-09-06T07:14:12.492262575Z","level":"info","message":"  userId: '0VSQotqOXxPXBLeQu1gUNkXELWH3',"}
{"level":"info","timestamp":"2026-09-06T07:14:12.492268115Z","message":"  status: 'compatible',"}
{"level":"info","message":"  reasonCodes: [],","timestamp":"2026-09-06T07:14:12.492274295Z"}
{"message":"  buildId: 'nexusrbx-studio-0.14.0-r15-animation.12-toolbox',","timestamp":"2026-09-06T07:14:12.492282565Z","level":"info"}
{"level":"info","timestamp":"2026-09-06T07:14:12.492283544Z","message":"[ops] {"}
{"level":"info","timestamp":"2026-09-06T07:14:12.492289694Z","message":"  event: 'studio.plugin_compatibility_handshake',"}
{"message":"  attestationWritten: false,","timestamp":"2026-09-06T07:14:12.492294644Z","level":"info"}
{"message":"  ts: '2026-09-06T07:14:12.289Z',","timestamp":"2026-09-06T07:14:12.492296344Z","level":"info"}
{"level":"info","timestamp":"2026-09-06T07:14:12.492302844Z","message":"  repairDurationMs: 462"}
{"message":"}","timestamp":"2026-09-06T07:14:12.492308494Z","level":"info"}
{"timestamp":"2026-09-06T07:14:12.492313874Z","level":"info","message":"[ops] {"}
{"timestamp":"2026-09-06T07:14:12.492318684Z","level":"info","message":"  event: 'http_request',"}
{"level":"info","message":"  ts: '2026-09-06T07:14:12.289Z',","timestamp":"2026-09-06T07:14:12.492324214Z"}
{"level":"info","message":"  requestId: 'bbd9e60e-518f-4076-82fd-f6ac37650915',","timestamp":"2026-09-06T07:14:12.492329513Z"}
{"message":"  method: 'POST',","timestamp":"2026-09-06T07:14:12.492334593Z","level":"info"}
{"level":"info","message":"  route: '/api/studio/session/ping',","timestamp":"2026-09-06T07:14:12.492339523Z"}
{"level":"info","timestamp":"2026-09-06T07:14:12.492344313Z","message":"  status: 200,"}
{"level":"info","message":"  durationMs: 523","timestamp":"2026-09-06T07:14:12.492349163Z"}
{"timestamp":"2026-09-06T07:14:12.492354253Z","message":"}","level":"info"}
{"count":1,"writesPerStudioSessionHour":78,"level":"info","total":82,"counter":"studio_session","ts":1788678853025,"timestamp":"2026-09-06T07:14:13.071719903Z","message":"","jobId":null,"sessionId":"Iog4rWn0F2wcGR9xp3Jq","type":"firestore_write_metric"}
{"timestamp":"2026-09-06T07:14:13.095818971Z","message":"[ops] {","level":"info"}
{"level":"info","timestamp":"2026-09-06T07:14:13.095828961Z","message":"  event: 'http_request',"}
{"timestamp":"2026-09-06T07:14:13.095833441Z","message":"  ts: '2026-09-06T07:14:13.085Z',","level":"info"}
{"message":"  requestId: '49e6abe6-e4e5-419c-8f04-9566f1517370',","level":"info","timestamp":"2026-09-06T07:14:13.095836731Z"}
{"message":"  method: 'OPTIONS',","timestamp":"2026-09-06T07:14:13.095839901Z","level":"info"}
{"level":"info","message":"  route: '/api/v2/events',","timestamp":"2026-09-06T07:14:13.095843601Z"}
{"level":"info","timestamp":"2026-09-06T07:14:13.095846451Z","message":"  status: 204,"}
{"level":"info","timestamp":"2026-09-06T07:14:13.095849491Z","message":"  durationMs: 0"}
{"level":"info","message":"}","timestamp":"2026-09-06T07:14:13.095852131Z"}
{"level":"error","message":"[ops] {","timestamp":"2026-09-06T07:14:13.449084313Z"}
{"timestamp":"2026-09-06T07:14:13.449087293Z","level":"error","message":"  event: 'security.app_check_rejected',"}
{"timestamp":"2026-09-06T07:14:13.449091103Z","level":"error","message":"  ts: '2026-09-06T07:14:13.251Z',"}
{"level":"error","message":"  reason: 'missing_token',","timestamp":"2026-09-06T07:14:13.449094892Z"}
{"message":"  mode: 'monitor',","level":"error","timestamp":"2026-09-06T07:14:13.449100112Z"}
{"timestamp":"2026-09-06T07:14:13.449112952Z","message":"  route: '/api/v2/events'","level":"error"}
{"message":"}","level":"error","timestamp":"2026-09-06T07:14:13.449117052Z"}
{"message":"","type":"firestore_write_metric","total":83,"count":1,"level":"info","jobId":null,"sessionId":"Iog4rWn0F2wcGR9xp3Jq","ts":1788678853322,"counter":"studio_session","writesPerStudioSessionHour":79,"timestamp":"2026-09-06T07:14:13.449121692Z"}
{"message":"[ops] {","level":"info","timestamp":"2026-09-06T07:14:13.449125662Z"}
{"timestamp":"2026-09-06T07:14:13.449129582Z","level":"info","message":"  event: 'studio.plugin_compatibility_handshake',"}
{"message":"  ts: '2026-09-06T07:14:13.322Z',","timestamp":"2026-09-06T07:14:13.449132742Z","level":"info"}
{"message":"  requestId: '84907e57-e8bd-4220-a87a-f812be2ae905',","timestamp":"2026-09-06T07:14:13.449136681Z","level":"info"}
{"message":"  sessionId: 'Iog4rWn0F2wcGR9xp3Jq',","level":"info","timestamp":"2026-09-06T07:14:13.449139311Z"}
{"message":"  userId: 'klu6Sv5QeEgYWlHjsgQwMkZCvsb2',","timestamp":"2026-09-06T07:14:13.449141841Z","level":"info"}
{"level":"info","message":"  status: 'degraded',","timestamp":"2026-09-06T07:14:13.449144341Z"}
{"timestamp":"2026-09-06T07:14:13.449147011Z","message":"  reasonCodes: [ 'command_unavailable' ],","level":"info"}
{"timestamp":"2026-09-06T07:14:13.449149731Z","level":"info","message":"  buildId: 'nexusrbx-studio-0.14.0-r15-animation.10-native-value-normalization',"}
{"level":"info","message":"  attestationWritten: true,","timestamp":"2026-09-06T07:14:13.449152621Z"}
{"timestamp":"2026-09-06T07:14:13.449155181Z","message":"  repairDurationMs: 448","level":"info"}
{"timestamp":"2026-09-06T07:14:13.449157901Z","level":"info","message":"}"}
{"message":"[ops] {","timestamp":"2026-09-06T07:14:13.449161031Z","level":"info"}
{"message":"  event: 'http_request',","level":"info","timestamp":"2026-09-06T07:14:13.449164151Z"}
{"message":"  ts: '2026-09-06T07:14:13.323Z',","timestamp":"2026-09-06T07:14:13.449166741Z","level":"info"}
{"message":"  requestId: '84907e57-e8bd-4220-a87a-f812be2ae905',","timestamp":"2026-09-06T07:14:13.449169071Z","level":"info"}
{"level":"info","message":"  method: 'POST',","timestamp":"2026-09-06T07:14:13.449171501Z"}
{"message":"  route: '/api/studio/session/ping',","timestamp":"2026-09-06T07:14:13.449173731Z","level":"info"}
{"timestamp":"2026-09-06T07:14:13.450142598Z","level":"info","message":"  status: 200,"}
{"message":"  durationMs: 507","level":"info","timestamp":"2026-09-06T07:14:13.450147767Z"}
{"timestamp":"2026-09-06T07:14:13.450152007Z","message":"}","level":"info"}
{"timestamp":"2026-09-06T07:14:13.915446681Z","level":"info","message":"[ops] {"}
{"level":"info","message":"  event: 'http_request',","timestamp":"2026-09-06T07:14:13.915452751Z"}
{"message":"  ts: '2026-09-06T07:14:13.806Z',","timestamp":"2026-09-06T07:14:13.915456661Z","level":"info"}
{"level":"info","timestamp":"2026-09-06T07:14:13.915459321Z","message":"  requestId: '47154e52-961d-4479-8f91-196d3e47a8cd',"}
{"message":"  method: 'GET',","timestamp":"2026-09-06T07:14:13.915462231Z","level":"info"}
{"message":"  route: '/api/v2/events',","timestamp":"2026-09-06T07:14:13.915465411Z","level":"info"}
{"message":"  status: 200,","level":"info","timestamp":"2026-09-06T07:14:13.915468421Z"}
{"level":"info","message":"  durationMs: 555","timestamp":"2026-09-06T07:14:13.915471651Z"}
{"timestamp":"2026-09-06T07:14:13.915474281Z","level":"info","message":"}"}
{"message":"  status: 200,","timestamp":"2026-09-06T07:14:13.959025408Z","level":"info"}
{"timestamp":"2026-09-06T07:14:13.959030078Z","level":"info","message":"  durationMs: 292"}
{"timestamp":"2026-09-06T07:14:13.959031508Z","message":"[ops] {","level":"info"}
{"level":"info","timestamp":"2026-09-06T07:14:13.959033128Z","message":"}"}
{"timestamp":"2026-09-06T07:14:13.959038808Z","message":"  event: 'http_request',","level":"info"}
{"level":"info","message":"  ts: '2026-09-06T07:14:13.940Z',","timestamp":"2026-09-06T07:14:13.959045438Z"}
{"timestamp":"2026-09-06T07:14:13.959047947Z","level":"info","message":"  requestId: 'c5f76313-ad8c-4020-9a53-a5eb83162c9d',"}
{"level":"info","message":"  method: 'POST',","timestamp":"2026-09-06T07:14:13.959050527Z"}
{"level":"info","message":"  route: '/api/studio/mcp/session/ping',","timestamp":"2026-09-06T07:14:13.959053947Z"}
{"sessionId":"Iog4rWn0F2wcGR9xp3Jq","ts":1788678855189,"type":"firestore_write_metric","message":"","jobId":null,"count":1,"timestamp":"2026-09-06T07:14:15.244759265Z","writesPerStudioSessionHour":80,"counter":"studio_session","level":"info","total":84}
{"message":"  status: 204,","timestamp":"2026-09-06T07:14:15.524947429Z","level":"info"}
{"message":"  durationMs: 5532","timestamp":"2026-09-06T07:14:15.524952788Z","level":"info"}
{"message":"}","timestamp":"2026-09-06T07:14:15.524956158Z","level":"info"}
{"level":"info","timestamp":"2026-09-06T07:14:15.524963598Z","message":"}"}
{"level":"info","message":"[ops] {","timestamp":"2026-09-06T07:14:15.524971978Z"}
{"timestamp":"2026-09-06T07:14:15.524977788Z","message":"  event: 'http_request',","level":"info"}
{"timestamp":"2026-09-06T07:14:15.524981858Z","level":"info","message":"  ts: '2026-09-06T07:14:15.445Z',"}
{"message":"  requestId: '4f9517b9-9f4e-4141-8782-eadc93073faf',","level":"info","timestamp":"2026-09-06T07:14:15.524987728Z"}
{"level":"info","message":"  method: 'GET',","timestamp":"2026-09-06T07:14:15.524992887Z"}
{"message":"  route: '/api/studio/mcp/commands/next',","timestamp":"2026-09-06T07:14:15.524997257Z","level":"info"}
{"message":"[ops] {","timestamp":"2026-09-06T07:14:15.525035136Z","level":"info"}
{"message":"  event: 'studio.command_polled',","timestamp":"2026-09-06T07:14:15.525038786Z","level":"info"}
{"timestamp":"2026-09-06T07:14:15.525043646Z","level":"info","message":"  ts: '2026-09-06T07:14:15.444Z',"}
{"timestamp":"2026-09-06T07:14:15.525047806Z","level":"info","message":"  requestId: '4f9517b9-9f4e-4141-8782-eadc93073faf',"}
{"level":"info","message":"  sessionId: 'DlvFpLpN0vX1CB5Fvwv9',","timestamp":"2026-09-06T07:14:15.525051516Z"}
{"level":"info","message":"  status: 'empty'","timestamp":"2026-09-06T07:14:15.525055336Z"}
{"counter":"studio_session","level":"info","timestamp":"2026-09-06T07:14:15.545842843Z","writesPerStudioSessionHour":81,"total":85,"ts":1788678855541,"jobId":null,"sessionId":"Iog4rWn0F2wcGR9xp3Jq","count":1,"message":"","type":"firestore_write_metric"}
{"message":"[ops] {","timestamp":"2026-09-06T07:14:15.585928824Z","level":"info"}
{"level":"info","message":"  event: 'http_request',","timestamp":"2026-09-06T07:14:15.585934914Z"}
{"message":"  ts: '2026-09-06T07:14:15.576Z',","level":"info","timestamp":"2026-09-06T07:14:15.585938864Z"}
{"message":"  requestId: '33342264-9eab-4f68-abc5-0aceeb673ae0',","level":"info","timestamp":"2026-09-06T07:14:15.585942783Z"}
{"level":"info","timestamp":"2026-09-06T07:14:15.585946383Z","message":"  method: 'OPTIONS',"}
{"message":"  route: '/api/v2/events',","timestamp":"2026-09-06T07:14:15.585950073Z","level":"info"}
{"timestamp":"2026-09-06T07:14:15.585954143Z","message":"  status: 204,","level":"info"}
{"level":"info","message":"  durationMs: 0","timestamp":"2026-09-06T07:14:15.585957703Z"}
{"timestamp":"2026-09-06T07:14:15.585961563Z","message":"}","level":"info"}
{"message":"[ops] {","timestamp":"2026-09-06T07:14:15.627669015Z","level":"info"}
{"message":"  event: 'studio.plugin_compatibility_handshake',","timestamp":"2026-09-06T07:14:15.627675365Z","level":"info"}
{"level":"info","message":"  ts: '2026-09-06T07:14:15.612Z',","timestamp":"2026-09-06T07:14:15.627680275Z"}
{"timestamp":"2026-09-06T07:14:15.627684585Z","level":"info","message":"  requestId: 'a9edb7b3-3907-4eba-8a0e-6ac99eed8877',"}
{"timestamp":"2026-09-06T07:14:15.627688825Z","message":"  sessionId: 'Iog4rWn0F2wcGR9xp3Jq',","level":"info"}
{"timestamp":"2026-09-06T07:14:15.627692864Z","level":"info","message":"  userId: 'klu6Sv5QeEgYWlHjsgQwMkZCvsb2',"}
{"message":"  status: 'degraded',","timestamp":"2026-09-06T07:14:15.627698784Z","level":"info"}
{"message":"  reasonCodes: [ 'command_unavailable' ],","level":"info","timestamp":"2026-09-06T07:14:15.627703064Z"}
{"level":"info","message":"  buildId: 'nexusrbx-studio-0.14.0-r15-animation.10-native-value-normalization',","timestamp":"2026-09-06T07:14:15.627707764Z"}
{"message":"  attestationWritten: true,","timestamp":"2026-09-06T07:14:15.627711604Z","level":"info"}
{"timestamp":"2026-09-06T07:14:15.627715764Z","message":"  repairDurationMs: 575","level":"info"}
{"timestamp":"2026-09-06T07:14:15.627719764Z","message":"}","level":"info"}
{"message":"[ops] {","timestamp":"2026-09-06T07:14:15.627723504Z","level":"info"}
{"message":"  event: 'http_request',","timestamp":"2026-09-06T07:14:15.627727654Z","level":"info"}
{"level":"info","timestamp":"2026-09-06T07:14:15.627731644Z","message":"  ts: '2026-09-06T07:14:15.612Z',"}
{"message":"  requestId: 'a9edb7b3-3907-4eba-8a0e-6ac99eed8877',","timestamp":"2026-09-06T07:14:15.627736463Z","level":"info"}
{"level":"info","message":"  method: 'POST',","timestamp":"2026-09-06T07:14:15.627740373Z"}
{"level":"info","message":"  route: '/api/studio/session/ping',","timestamp":"2026-09-06T07:14:15.627744553Z"}
{"level":"info","message":"  status: 200,","timestamp":"2026-09-06T07:14:15.627748403Z"}
{"level":"info","message":"  durationMs: 644","timestamp":"2026-09-06T07:14:15.627752763Z"}
{"timestamp":"2026-09-06T07:14:15.627757293Z","level":"info","message":"}"}
{"timestamp":"2026-09-06T07:14:15.673189317Z","message":"[ops] {","level":"info"}
{"level":"info","message":"  event: 'studio.command_polled',","timestamp":"2026-09-06T07:14:15.673196927Z"}
{"message":"  ts: '2026-09-06T07:14:15.668Z',","timestamp":"2026-09-06T07:14:15.673201587Z","level":"info"}
{"message":"  requestId: '5c570771-8ba2-4b36-988d-5c556b10a627',","timestamp":"2026-09-06T07:14:15.673205417Z","level":"info"}
{"message":"  sessionId: 'Iog4rWn0F2wcGR9xp3Jq',","timestamp":"2026-09-06T07:14:15.673208847Z","level":"info"}
{"level":"info","timestamp":"2026-09-06T07:14:15.673212906Z","message":"  status: 'empty'"}
{"level":"info","timestamp":"2026-09-06T07:14:15.673216456Z","message":"}"}
{"timestamp":"2026-09-06T07:14:15.673220066Z","level":"info","message":"[ops] {"}
{"timestamp":"2026-09-06T07:14:15.673224786Z","message":"  event: 'http_request',","level":"info"}
{"level":"info","message":"  ts: '2026-09-06T07:14:15.669Z',","timestamp":"2026-09-06T07:14:15.673228716Z"}
{"message":"  requestId: '5c570771-8ba2-4b36-988d-5c556b10a627',","level":"info","timestamp":"2026-09-06T07:14:15.673232216Z"}
{"level":"info","timestamp":"2026-09-06T07:14:15.673236966Z","message":"  method: 'GET',"}
{"message":"  route: '/api/studio/commands/next',","timestamp":"2026-09-06T07:14:15.673240436Z","level":"info"}
{"level":"info","timestamp":"2026-09-06T07:14:15.673244126Z","message":"  status: 204,"}
{"timestamp":"2026-09-06T07:14:15.673247536Z","level":"info","message":"  durationMs: 24584"}
{"timestamp":"2026-09-06T07:14:15.673250986Z","level":"info","message":"}"}
{"level":"error","timestamp":"2026-09-06T07:14:15.765373893Z","message":"[ops] {"}
{"level":"error","message":"  event: 'security.app_check_rejected',","timestamp":"2026-09-06T07:14:15.765378493Z"}
{"timestamp":"2026-09-06T07:14:15.765382133Z","message":"  ts: '2026-09-06T07:14:15.763Z',","level":"error"}
{"timestamp":"2026-09-06T07:14:15.765385123Z","level":"error","message":"  reason: 'missing_token',"}
{"message":"  mode: 'monitor',","level":"error","timestamp":"2026-09-06T07:14:15.765388253Z"}
{"level":"error","message":"  route: '/api/v2/events'","timestamp":"2026-09-06T07:14:15.765390993Z"}
{"message":"}","timestamp":"2026-09-06T07:14:15.765393723Z","level":"error"}
{"timestamp":"2026-09-06T07:14:16.454207322Z","message":"[ops] {","level":"info"}
{"message":"  event: 'http_request',","timestamp":"2026-09-06T07:14:16.454212942Z","level":"info"}
{"message":"  ts: '2026-09-06T07:14:16.253Z',","level":"info","timestamp":"2026-09-06T07:14:16.454217432Z"}
{"message":"  requestId: 'aa62976b-0446-41b5-9e96-4f62bbdfe90f',","level":"info","timestamp":"2026-09-06T07:14:16.454221502Z"}
{"message":"  method: 'POST',","timestamp":"2026-09-06T07:14:16.454227532Z","level":"info"}
{"timestamp":"2026-09-06T07:14:16.454231402Z","message":"  route: '/api/studio/mcp/session/ping',","level":"info"}
{"timestamp":"2026-09-06T07:14:16.454235421Z","level":"info","message":"  status: 200,"}
{"timestamp":"2026-09-06T07:14:16.454239021Z","level":"info","message":"  durationMs: 492"}
{"message":"}","level":"info","timestamp":"2026-09-06T07:14:16.454242721Z"}
{"level":"info","timestamp":"2026-09-06T07:14:16.869745715Z","message":"  route: '/api/v2/events',"}
{"timestamp":"2026-09-06T07:14:16.869750575Z","message":"  status: 200,","level":"info"}
{"timestamp":"2026-09-06T07:14:16.869753475Z","message":"  durationMs: 1095","level":"info"}
{"level":"info","timestamp":"2026-09-06T07:14:16.869756565Z","message":"}"}
{"message":"[ops] {","level":"info","timestamp":"2026-09-06T07:14:16.869759955Z"}
{"message":"  event: 'http_request',","timestamp":"2026-09-06T07:14:16.869763005Z","level":"info"}
{"level":"info","message":"  ts: '2026-09-06T07:14:16.858Z',","timestamp":"2026-09-06T07:14:16.869766445Z"}
{"message":"  requestId: '6829eb1c-c911-442f-adb4-a6a4adf48894',","timestamp":"2026-09-06T07:14:16.869769985Z","level":"info"}
{"timestamp":"2026-09-06T07:14:16.869772485Z","level":"info","message":"  method: 'GET',"}
{"level":"info","message":"","writesPerStudioSessionHour":82,"ts":1788678857172,"counter":"studio_session","total":86,"sessionId":"Iog4rWn0F2wcGR9xp3Jq","timestamp":"2026-09-06T07:14:17.214390270Z","count":1,"jobId":null,"type":"firestore_write_metric"}
{"message":"[ops] {","level":"info","timestamp":"2026-09-06T07:14:17.686225247Z"}
{"message":"","type":"firestore_write_metric","count":1,"timestamp":"2026-09-06T07:14:17.686229587Z","counter":"studio_session","ts":1788678857639,"sessionId":"Iog4rWn0F2wcGR9xp3Jq","writesPerStudioSessionHour":83,"level":"info","total":87,"jobId":null}
{"level":"info","message":"[ops] {","timestamp":"2026-09-06T07:14:17.686233497Z"}
{"timestamp":"2026-09-06T07:14:17.686238417Z","level":"info","message":"  event: 'studio.plugin_compatibility_handshake',"}
{"level":"info","timestamp":"2026-09-06T07:14:17.686241147Z","message":"  event: 'http_request',"}
{"timestamp":"2026-09-06T07:14:17.686244397Z","message":"  ts: '2026-09-06T07:14:17.639Z',","level":"info"}
{"level":"info","message":"  ts: '2026-09-06T07:14:17.639Z',","timestamp":"2026-09-06T07:14:17.686248587Z"}
{"level":"info","message":"  requestId: '8a99b546-7593-4c30-a03c-56bea63f41d5',","timestamp":"2026-09-06T07:14:17.686250507Z"}
{"message":"  requestId: '8a99b546-7593-4c30-a03c-56bea63f41d5',","level":"info","timestamp":"2026-09-06T07:14:17.686255567Z"}
{"timestamp":"2026-09-06T07:14:17.686260967Z","message":"  sessionId: 'Iog4rWn0F2wcGR9xp3Jq',","level":"info"}
{"level":"info","timestamp":"2026-09-06T07:14:17.686261317Z","message":"  method: 'POST',"}
{"timestamp":"2026-09-06T07:14:17.686268826Z","message":"  userId: 'klu6Sv5QeEgYWlHjsgQwMkZCvsb2',","level":"info"}
{"message":"  route: '/api/studio/session/ping',","level":"info","timestamp":"2026-09-06T07:14:17.686270276Z"}
{"message":"  status: 'degraded',","level":"info","timestamp":"2026-09-06T07:14:17.686276116Z"}
{"message":"  status: 200,","timestamp":"2026-09-06T07:14:17.686277386Z","level":"info"}
{"message":"  reasonCodes: [ 'command_unavailable' ],","timestamp":"2026-09-06T07:14:17.686284396Z","level":"info"}
{"level":"info","message":"  durationMs: 763","timestamp":"2026-09-06T07:14:17.686284876Z"}
{"message":"}","timestamp":"2026-09-06T07:14:17.686291176Z","level":"info"}
{"timestamp":"2026-09-06T07:14:17.686291936Z","message":"  buildId: 'nexusrbx-studio-0.14.0-r15-animation.10-native-value-normalization',","level":"info"}
{"timestamp":"2026-09-06T07:14:17.686296196Z","message":"  attestationWritten: true,","level":"info"}
{"message":"  repairDurationMs: 693","level":"info","timestamp":"2026-09-06T07:14:17.686299516Z"}
{"message":"}","timestamp":"2026-09-06T07:14:17.686302526Z","level":"info"}
{"message":"  durationMs: 0","timestamp":"2026-09-06T07:14:18.098402888Z","level":"info"}
{"level":"info","message":"[ops] {","timestamp":"2026-09-06T07:14:18.098402958Z"}
{"level":"info","timestamp":"2026-09-06T07:14:18.098410088Z","message":"}"}
{"timestamp":"2026-09-06T07:14:18.098411288Z","message":"  event: 'http_request',","level":"info"}
{"message":"  ts: '2026-09-06T07:14:18.094Z',","level":"info","timestamp":"2026-09-06T07:14:18.098416008Z"}
{"timestamp":"2026-09-06T07:14:18.098419537Z","level":"info","message":"  requestId: '8df9a7e2-1228-4a18-8a64-ce7f53d0c866',"}
{"message":"  method: 'OPTIONS',","timestamp":"2026-09-06T07:14:18.098422877Z","level":"info"}
{"message":"  route: '/api/v2/events',","level":"info","timestamp":"2026-09-06T07:14:18.098426217Z"}
{"message":"  status: 204,","timestamp":"2026-09-06T07:14:18.098429237Z","level":"info"}
{"timestamp":"2026-09-06T07:14:18.580705965Z","level":"error","message":"[ops] {"}
{"level":"error","timestamp":"2026-09-06T07:14:18.580709945Z","message":"  event: 'security.app_check_rejected',"}
{"timestamp":"2026-09-06T07:14:18.580714815Z","message":"  ts: '2026-09-06T07:14:18.261Z',","level":"error"}
{"message":"  reason: 'missing_token',","level":"error","timestamp":"2026-09-06T07:14:18.580724325Z"}
{"level":"error","message":"  mode: 'monitor',","timestamp":"2026-09-06T07:14:18.580729514Z"}
{"message":"  route: '/api/v2/events'","timestamp":"2026-09-06T07:14:18.580733394Z","level":"error"}
{"message":"}","level":"error","timestamp":"2026-09-06T07:14:18.580736794Z"}
{"jobId":null,"counter":"studio_session","total":88,"type":"firestore_write_metric","ts":1788678858956,"writesPerStudioSessionHour":84,"count":1,"level":"info","sessionId":"Iog4rWn0F2wcGR9xp3Jq","timestamp":"2026-09-06T07:14:18.967749524Z","message":""}
{"message":"[ops] {","timestamp":"2026-09-06T07:14:19.237885711Z","level":"info"}
{"timestamp":"2026-09-06T07:14:19.237890741Z","level":"info","message":"  event: 'http_request',"}
{"level":"info","message":"  ts: '2026-09-06T07:14:19.133Z',","timestamp":"2026-09-06T07:14:19.237893801Z"}
{"timestamp":"2026-09-06T07:14:19.237897311Z","message":"  requestId: 'a1e27f84-1df9-40a4-8643-36c19f2e8d45',","level":"info"}
{"level":"info","message":"  method: 'GET',","timestamp":"2026-09-06T07:14:19.237899951Z"}
{"timestamp":"2026-09-06T07:14:19.237902451Z","message":"  route: '/api/v2/events',","level":"info"}
{"message":"  status: 200,","timestamp":"2026-09-06T07:14:19.237904921Z","level":"info"}
{"level":"info","message":"  durationMs: 872","timestamp":"2026-09-06T07:14:19.237907590Z"}
{"level":"info","message":"}","timestamp":"2026-09-06T07:14:19.237910440Z"}
{"message":"","counter":"studio_session","total":89,"ts":1788678859303,"type":"firestore_write_metric","jobId":null,"sessionId":"Iog4rWn0F2wcGR9xp3Jq","level":"info","count":1,"timestamp":"2026-09-06T07:14:19.315083687Z","writesPerStudioSessionHour":85}
{"level":"info","message":"[ops] {","timestamp":"2026-09-06T07:14:19.337978506Z"}
{"timestamp":"2026-09-06T07:14:19.337981306Z","level":"info","message":"  attestationWritten: true,"}
{"timestamp":"2026-09-06T07:14:19.337984666Z","level":"info","message":"  event: 'studio.plugin_compatibility_handshake',"}
{"timestamp":"2026-09-06T07:14:19.337989016Z","message":"  ts: '2026-09-06T07:14:19.332Z',","level":"info"}
{"level":"info","message":"  repairDurationMs: 1853","timestamp":"2026-09-06T07:14:19.337990676Z"}
{"level":"info","timestamp":"2026-09-06T07:14:19.337993206Z","message":"  requestId: 'cceacf54-e2ab-4e3f-bc97-67b39b93668a',"}
{"message":"}","level":"info","timestamp":"2026-09-06T07:14:19.337996156Z"}
{"timestamp":"2026-09-06T07:14:19.337997426Z","level":"info","message":"  sessionId: 'Iog4rWn0F2wcGR9xp3Jq',"}
{"message":"[ops] {","level":"info","timestamp":"2026-09-06T07:14:19.337999636Z"}
{"level":"info","message":"  userId: 'klu6Sv5QeEgYWlHjsgQwMkZCvsb2',","timestamp":"2026-09-06T07:14:19.338001315Z"}
{"level":"info","message":"  event: 'http_request',","timestamp":"2026-09-06T07:14:19.338003465Z"}
{"level":"info","timestamp":"2026-09-06T07:14:19.338006395Z","message":"  ts: '2026-09-06T07:14:19.332Z',"}
{"timestamp":"2026-09-06T07:14:19.338009015Z","message":"  requestId: 'cceacf54-e2ab-4e3f-bc97-67b39b93668a',","level":"info"}
{"level":"info","message":"  status: 'degraded',","timestamp":"2026-09-06T07:14:19.338011595Z"}
{"message":"  method: 'POST',","level":"info","timestamp":"2026-09-06T07:14:19.338011695Z"}
{"level":"info","message":"  route: '/api/studio/session/ping',","timestamp":"2026-09-06T07:14:19.338014415Z"}
{"message":"  reasonCodes: [ 'command_unavailable' ],","timestamp":"2026-09-06T07:14:19.338015835Z","level":"info"}
{"level":"info","timestamp":"2026-09-06T07:14:19.338017585Z","message":"  status: 200,"}
{"message":"  buildId: 'nexusrbx-studio-0.14.0-r15-animation.10-native-value-normalization',","level":"info","timestamp":"2026-09-06T07:14:19.338020145Z"}
{"level":"info","message":"  durationMs: 1954","timestamp":"2026-09-06T07:14:19.338020645Z"}
{"timestamp":"2026-09-06T07:14:19.338023385Z","level":"info","message":"}"}
{"count":1,"timestamp":"2026-09-06T07:14:19.584372014Z","jobId":null,"sessionId":"Iog4rWn0F2wcGR9xp3Jq","ts":1788678859465,"writesPerStudioSessionHour":86,"level":"info","counter":"studio_session","message":"","total":90,"type":"firestore_write_metric"}
{"timestamp":"2026-09-06T07:14:19.725187037Z","type":"firestore_write_metric","total":91,"ts":1788678859721,"level":"info","sessionId":"Iog4rWn0F2wcGR9xp3Jq","count":1,"counter":"studio_session","writesPerStudioSessionHour":87,"message":"","jobId":null}
{"timestamp":"2026-09-06T07:14:19.747150258Z","message":"[ops] {","level":"info"}
{"level":"info","message":"  event: 'studio.plugin_compatibility_handshake',","timestamp":"2026-09-06T07:14:19.747160688Z"}
{"level":"info","message":"  ts: '2026-09-06T07:14:19.739Z',","timestamp":"2026-09-06T07:14:19.747164458Z"}
{"timestamp":"2026-09-06T07:14:19.747169058Z","message":"  requestId: '16143d28-dc7d-4ab2-84f8-c6a71515005d',","level":"info"}
{"timestamp":"2026-09-06T07:14:19.747172958Z","level":"info","message":"  sessionId: 'Iog4rWn0F2wcGR9xp3Jq',"}
{"message":"  userId: 'klu6Sv5QeEgYWlHjsgQwMkZCvsb2',","timestamp":"2026-09-06T07:14:19.747176898Z","level":"info"}
{"timestamp":"2026-09-06T07:14:19.747180788Z","message":"  status: 'degraded',","level":"info"}
{"level":"info","message":"  reasonCodes: [ 'command_unavailable' ],","timestamp":"2026-09-06T07:14:19.747184638Z"}
{"timestamp":"2026-09-06T07:14:19.747188378Z","level":"info","message":"  buildId: 'nexusrbx-studio-0.14.0-r15-animation.10-native-value-normalization',"}
{"timestamp":"2026-09-06T07:14:19.747192157Z","level":"info","message":"  attestationWritten: true,"}
{"level":"info","message":"  repairDurationMs: 422","timestamp":"2026-09-06T07:14:19.747195597Z"}
{"timestamp":"2026-09-06T07:14:19.747199327Z","level":"info","message":"}"}
{"message":"[ops] {","level":"info","timestamp":"2026-09-06T07:14:19.747202737Z"}
{"message":"  event: 'http_request',","timestamp":"2026-09-06T07:14:19.747206127Z","level":"info"}
{"message":"  ts: '2026-09-06T07:14:19.740Z',","timestamp":"2026-09-06T07:14:19.747209947Z","level":"info"}
{"level":"info","timestamp":"2026-09-06T07:14:19.747213177Z","message":"  requestId: '16143d28-dc7d-4ab2-84f8-c6a71515005d',"}
{"timestamp":"2026-09-06T07:14:19.747216767Z","message":"  method: 'POST',","level":"info"}
{"timestamp":"2026-09-06T07:14:19.747220537Z","level":"info","message":"  route: '/api/studio/session/ping',"}
{"timestamp":"2026-09-06T07:14:19.747223717Z","level":"info","message":"  status: 200,"}
{"level":"info","message":"  durationMs: 496","timestamp":"2026-09-06T07:14:19.747226847Z"}
{"level":"info","message":"}","timestamp":"2026-09-06T07:14:19.747230397Z"}
{"level":"info","message":"[ops] {","timestamp":"2026-09-06T07:14:20.594082485Z"}
{"timestamp":"2026-09-06T07:14:20.594086215Z","message":"  event: 'http_request',","level":"info"}
{"level":"info","message":"  ts: '2026-09-06T07:14:20.580Z',","timestamp":"2026-09-06T07:14:20.594091825Z"}
{"timestamp":"2026-09-06T07:14:20.594095675Z","message":"  requestId: '03718e4f-bf04-4520-aa19-c690127abacc',","level":"info"}
{"level":"info","message":"  method: 'OPTIONS',","timestamp":"2026-09-06T07:14:20.594098845Z"}
{"level":"info","timestamp":"2026-09-06T07:14:20.594102285Z","message":"  route: '/api/v2/events',"}
{"level":"info","message":"  status: 204,","timestamp":"2026-09-06T07:14:20.594105365Z"}
{"timestamp":"2026-09-06T07:14:20.594108465Z","level":"info","message":"  durationMs: 0"}
{"level":"info","timestamp":"2026-09-06T07:14:20.594111685Z","message":"}"}
{"timestamp":"2026-09-06T07:14:20.594114895Z","message":"[ops] {","level":"info"}
{"level":"info","message":"  event: 'http_request',","timestamp":"2026-09-06T07:14:20.594119435Z"}
{"message":"  ts: '2026-09-06T07:14:20.580Z',","level":"info","timestamp":"2026-09-06T07:14:20.594122665Z"}
{"timestamp":"2026-09-06T07:14:20.594126354Z","level":"info","message":"  requestId: 'd20a1cc4-6fc2-4fc4-9318-24ff7087e58d',"}
{"timestamp":"2026-09-06T07:14:20.594129334Z","level":"info","message":"  method: 'OPTIONS',"}
{"message":"  route: '/api/v2/agents/active',","timestamp":"2026-09-06T07:14:20.594132894Z","level":"info"}
{"timestamp":"2026-09-06T07:14:20.594135754Z","level":"info","message":"  status: 204,"}
{"level":"info","timestamp":"2026-09-06T07:14:20.594141924Z","message":"  durationMs: 0"}
{"message":"}","level":"info","timestamp":"2026-09-06T07:14:20.594145124Z"}
{"message":"[ops] {","timestamp":"2026-09-06T07:14:20.760373919Z","level":"error"}
{"timestamp":"2026-09-06T07:14:20.760380069Z","level":"error","message":"  event: 'security.app_check_rejected',"}
{"level":"error","message":"  ts: '2026-09-06T07:14:20.751Z',","timestamp":"2026-09-06T07:14:20.760399618Z"}
{"timestamp":"2026-09-06T07:14:20.760403278Z","message":"  reason: 'missing_token',","level":"error"}
{"message":"  mode: 'monitor',","timestamp":"2026-09-06T07:14:20.760406578Z","level":"error"}
{"message":"  route: '/api/v2/events'","level":"error","timestamp":"2026-09-06T07:14:20.760410228Z"}
{"level":"error","message":"}","timestamp":"2026-09-06T07:14:20.760413838Z"}
{"message":"[ops] {","timestamp":"2026-09-06T07:14:20.760418508Z","level":"error"}
{"message":"  event: 'security.app_check_rejected',","level":"error","timestamp":"2026-09-06T07:14:20.760421928Z"}
{"timestamp":"2026-09-06T07:14:20.760425418Z","level":"error","message":"  ts: '2026-09-06T07:14:20.755Z',"}
{"message":"  reason: 'missing_token',","timestamp":"2026-09-06T07:14:20.760428838Z","level":"error"}
{"level":"error","message":"  mode: 'monitor',","timestamp":"2026-09-06T07:14:20.760432897Z"}
{"level":"error","message":"  route: '/api/v2/agents/active'","timestamp":"2026-09-06T07:14:20.760436467Z"}
{"message":"}","level":"error","timestamp":"2026-09-06T07:14:20.760439647Z"}
{"level":"info","timestamp":"2026-09-06T07:14:20.901847268Z","message":"  route: '/api/v2/agents/active',"}
{"timestamp":"2026-09-06T07:14:20.901853848Z","message":"  status: 200,","level":"info"}
{"timestamp":"2026-09-06T07:14:20.901856408Z","level":"info","message":"[ops] {"}
{"message":"  durationMs: 90","timestamp":"2026-09-06T07:14:20.901857578Z","level":"info"}
{"message":"}","timestamp":"2026-09-06T07:14:20.901860928Z","level":"info"}
{"message":"  event: 'http_request',","timestamp":"2026-09-06T07:14:20.901866408Z","level":"info"}
{"timestamp":"2026-09-06T07:14:20.901870278Z","level":"info","message":"  ts: '2026-09-06T07:14:20.846Z',"}
{"message":"  requestId: '960503d3-c9f5-48e9-b607-5595f533299e',","level":"info","timestamp":"2026-09-06T07:14:20.901874178Z"}
{"level":"info","message":"  method: 'GET',","timestamp":"2026-09-06T07:14:20.901878908Z"}
{"writesPerStudioSessionHour":88,"sessionId":"Iog4rWn0F2wcGR9xp3Jq","ts":1788678861187,"count":1,"jobId":null,"total":92,"message":"","level":"info","timestamp":"2026-09-06T07:14:21.222606728Z","counter":"studio_session","type":"firestore_write_metric"}
{"message":"[ops] {","level":"info","timestamp":"2026-09-06T07:14:21.635397977Z"}
{"level":"info","message":"  event: 'http_request',","timestamp":"2026-09-06T07:14:21.635409567Z"}
{"message":"  ts: '2026-09-06T07:14:21.391Z',","timestamp":"2026-09-06T07:14:21.635414137Z","level":"info"}
{"message":"  requestId: '39243f7a-0576-47ab-8a62-057e8da32631',","timestamp":"2026-09-06T07:14:21.635418147Z","level":"info"}
{"level":"info","message":"  method: 'GET',","timestamp":"2026-09-06T07:14:21.635421987Z"}
{"level":"info","message":"  route: '/api/v2/events',","timestamp":"2026-09-06T07:14:21.635426937Z"}
{"level":"info","message":"  status: 200,","timestamp":"2026-09-06T07:14:21.635430936Z"}
{"message":"  durationMs: 639","level":"info","timestamp":"2026-09-06T07:14:21.635435166Z"}
{"message":"}","level":"info","timestamp":"2026-09-06T07:14:21.635439206Z"}
{"timestamp":"2026-09-06T07:14:21.635443906Z","sessionId":"Iog4rWn0F2wcGR9xp3Jq","writesPerStudioSessionHour":89,"message":"","level":"info","counter":"studio_session","jobId":null,"type":"firestore_write_metric","ts":1788678861477,"count":1,"total":93}
{"timestamp":"2026-09-06T07:14:21.635447246Z","message":"[ops] {","level":"info"}
{"timestamp":"2026-09-06T07:14:21.635450526Z","message":"  event: 'studio.plugin_compatibility_handshake',","level":"info"}
{"timestamp":"2026-09-06T07:14:21.635454176Z","level":"info","message":"  ts: '2026-09-06T07:14:21.477Z',"}
{"level":"info","message":"  requestId: 'eacef200-fb82-42c7-9617-90f300b44e56',","timestamp":"2026-09-06T07:14:21.635457936Z"}
{"message":"  sessionId: 'Iog4rWn0F2wcGR9xp3Jq',","timestamp":"2026-09-06T07:14:21.635461626Z","level":"info"}
{"level":"info","message":"  userId: 'klu6Sv5QeEgYWlHjsgQwMkZCvsb2',","timestamp":"2026-09-06T07:14:21.635465586Z"}
{"level":"info","message":"  status: 'degraded',","timestamp":"2026-09-06T07:14:21.635469136Z"}
{"level":"info","message":"  reasonCodes: [ 'command_unavailable' ],","timestamp":"2026-09-06T07:14:21.635473225Z"}
{"timestamp":"2026-09-06T07:14:21.635477165Z","level":"info","message":"  buildId: 'nexusrbx-studio-0.14.0-r15-animation.10-native-value-normalization',"}
{"timestamp":"2026-09-06T07:14:21.635481025Z","level":"info","message":"  attestationWritten: true,"}
{"timestamp":"2026-09-06T07:14:21.635484475Z","message":"  repairDurationMs: 459","level":"info"}
{"level":"info","timestamp":"2026-09-06T07:14:21.635487685Z","message":"}"}
{"message":"[ops] {","timestamp":"2026-09-06T07:14:21.635491115Z","level":"info"}
{"timestamp":"2026-09-06T07:14:21.635494985Z","level":"info","message":"  event: 'http_request',"}
{"timestamp":"2026-09-06T07:14:21.635498725Z","level":"info","message":"  ts: '2026-09-06T07:14:21.478Z',"}
{"timestamp":"2026-09-06T07:14:21.635501945Z","level":"info","message":"  requestId: 'eacef200-fb82-42c7-9617-90f300b44e56',"}
{"level":"info","timestamp":"2026-09-06T07:14:21.635916725Z","message":"  method: 'POST',"}
{"timestamp":"2026-09-06T07:14:21.635919735Z","message":"  route: '/api/studio/session/ping',","level":"info"}
{"level":"info","message":"  status: 200,","timestamp":"2026-09-06T07:14:21.635922735Z"}
{"timestamp":"2026-09-06T07:14:21.635925495Z","level":"info","message":"  durationMs: 515"}
{"message":"}","timestamp":"2026-09-06T07:14:21.635928095Z","level":"info"}
{"level":"info","sessionId":"Iog4rWn0F2wcGR9xp3Jq","timestamp":"2026-09-06T07:14:22.941544279Z","type":"firestore_write_metric","ts":1788678862939,"count":1,"jobId":null,"writesPerStudioSessionHour":90,"message":"","counter":"studio_session","total":94}
{"message":"[ops] {","timestamp":"2026-09-06T07:14:23.088536394Z","level":"info"}
{"timestamp":"2026-09-06T07:14:23.088542914Z","message":"  event: 'http_request',","level":"info"}
{"timestamp":"2026-09-06T07:14:23.088547114Z","level":"info","message":"  ts: '2026-09-06T07:14:23.078Z',"}
{"level":"info","message":"  requestId: '1666c4e5-4ddc-4aac-896b-6f043c3ded88',","timestamp":"2026-09-06T07:14:23.088550954Z"}
{"level":"info","message":"  method: 'OPTIONS',","timestamp":"2026-09-06T07:14:23.088555104Z"}
{"timestamp":"2026-09-06T07:14:23.088558704Z","message":"  route: '/api/v2/events',","level":"info"}
{"timestamp":"2026-09-06T07:14:23.088565973Z","message":"  status: 204,","level":"info"}
{"timestamp":"2026-09-06T07:14:23.088569423Z","level":"info","message":"  durationMs: 0"}
{"message":"}","level":"info","timestamp":"2026-09-06T07:14:23.088572803Z"}
{"timestamp":"2026-09-06T07:14:23.251618741Z","level":"info","message":"  requestId: '752d0ee2-a066-43e7-9d40-bb0dd15c233d',"}
{"timestamp":"2026-09-06T07:14:23.251630411Z","message":"  method: 'POST',","level":"info"}
{"sessionId":"Iog4rWn0F2wcGR9xp3Jq","message":"","counter":"studio_session","writesPerStudioSessionHour":91,"total":95,"ts":1788678863237,"type":"firestore_write_metric","count":1,"timestamp":"2026-09-06T07:14:23.251636140Z","jobId":null,"level":"info"}
{"message":"  route: '/api/studio/session/ping',","timestamp":"2026-09-06T07:14:23.251638880Z","level":"info"}
{"level":"info","message":"[ops] {","timestamp":"2026-09-06T07:14:23.251643420Z"}
{"message":"  status: 200,","timestamp":"2026-09-06T07:14:23.251646440Z","level":"info"}
{"timestamp":"2026-09-06T07:14:23.251650920Z","message":"  event: 'studio.plugin_compatibility_handshake',","level":"info"}
{"message":"  durationMs: 534","level":"info","timestamp":"2026-09-06T07:14:23.251654760Z"}
{"level":"info","message":"  ts: '2026-09-06T07:14:23.237Z',","timestamp":"2026-09-06T07:14:23.251658150Z"}
{"level":"info","message":"}","timestamp":"2026-09-06T07:14:23.251664300Z"}
{"message":"  requestId: '752d0ee2-a066-43e7-9d40-bb0dd15c233d',","level":"info","timestamp":"2026-09-06T07:14:23.251665320Z"}
{"level":"info","message":"  sessionId: 'Iog4rWn0F2wcGR9xp3Jq',","timestamp":"2026-09-06T07:14:23.251670850Z"}
{"message":"  userId: 'klu6Sv5QeEgYWlHjsgQwMkZCvsb2',","timestamp":"2026-09-06T07:14:23.251674900Z","level":"info"}
{"timestamp":"2026-09-06T07:14:23.251678729Z","message":"  status: 'degraded',","level":"info"}
{"message":"  reasonCodes: [ 'command_unavailable' ],","level":"info","timestamp":"2026-09-06T07:14:23.251681819Z"}
{"level":"info","timestamp":"2026-09-06T07:14:23.251684799Z","message":"  buildId: 'nexusrbx-studio-0.14.0-r15-animation.10-native-value-normalization',"}
{"timestamp":"2026-09-06T07:14:23.251687809Z","message":"  attestationWritten: true,","level":"info"}
{"message":"  repairDurationMs: 475","level":"info","timestamp":"2026-09-06T07:14:23.251690589Z"}
{"message":"}","level":"info","timestamp":"2026-09-06T07:14:23.251693869Z"}
{"message":"[ops] {","timestamp":"2026-09-06T07:14:23.251696649Z","level":"info"}
{"timestamp":"2026-09-06T07:14:23.251699629Z","level":"info","message":"  event: 'http_request',"}
{"message":"  ts: '2026-09-06T07:14:23.237Z',","timestamp":"2026-09-06T07:14:23.251702729Z","level":"info"}
{"message":"[ops] {","level":"error","timestamp":"2026-09-06T07:14:23.291419923Z"}
{"level":"error","timestamp":"2026-09-06T07:14:23.291423053Z","message":"  event: 'security.app_check_rejected',"}
{"level":"error","timestamp":"2026-09-06T07:14:23.291425973Z","message":"  ts: '2026-09-06T07:14:23.278Z',"}
{"timestamp":"2026-09-06T07:14:23.291428853Z","message":"  reason: 'missing_token',","level":"error"}
{"message":"  mode: 'monitor',","timestamp":"2026-09-06T07:14:23.291431333Z","level":"error"}
{"level":"error","timestamp":"2026-09-06T07:14:23.291433882Z","message":"  route: '/api/v2/events'"}
{"message":"}","timestamp":"2026-09-06T07:14:23.291436572Z","level":"error"}
{"level":"info","timestamp":"2026-09-06T07:14:23.847312201Z","message":"[ops] {"}
{"level":"info","message":"  event: 'http_request',","timestamp":"2026-09-06T07:14:23.847316820Z"}
{"message":"  ts: '2026-09-06T07:14:23.839Z',","timestamp":"2026-09-06T07:14:23.847321060Z","level":"info"}
{"message":"  requestId: 'b3a4db02-bb50-41a6-b78a-a06a022ac217',","level":"info","timestamp":"2026-09-06T07:14:23.847323760Z"}
{"message":"  method: 'GET',","timestamp":"2026-09-06T07:14:23.847326610Z","level":"info"}
{"timestamp":"2026-09-06T07:14:23.847329730Z","level":"info","message":"  route: '/api/v2/events',"}
{"message":"  status: 200,","timestamp":"2026-09-06T07:14:23.847332900Z","level":"info"}
{"timestamp":"2026-09-06T07:14:23.847335510Z","level":"info","message":"  durationMs: 561"}
{"message":"}","level":"info","timestamp":"2026-09-06T07:14:23.847337860Z"}
{"message":"  route: '/api/studio/mcp/commands/next',","level":"info","timestamp":"2026-09-06T07:14:24.010258510Z"}
{"timestamp":"2026-09-06T07:14:24.010269810Z","message":"  status: 204,","level":"info"}
{"message":"  durationMs: 5520","timestamp":"2026-09-06T07:14:24.010279180Z","level":"info"}
{"level":"info","message":"[ops] {","timestamp":"2026-09-06T07:14:24.010279700Z"}
{"level":"info","timestamp":"2026-09-06T07:14:24.010285540Z","message":"}"}
{"message":"  event: 'studio.command_polled',","timestamp":"2026-09-06T07:14:24.010296959Z","level":"info"}
{"level":"info","message":"  ts: '2026-09-06T07:14:24.006Z',","timestamp":"2026-09-06T07:14:24.010303749Z"}
{"message":"  requestId: 'e8140e42-335b-4bb6-a864-370115b0b531',","timestamp":"2026-09-06T07:14:24.010308519Z","level":"info"}
{"level":"info","message":"  sessionId: 'DlvFpLpN0vX1CB5Fvwv9',","timestamp":"2026-09-06T07:14:24.010312729Z"}
{"message":"  status: 'empty'","timestamp":"2026-09-06T07:14:24.010317969Z","level":"info"}
{"level":"info","timestamp":"2026-09-06T07:14:24.010322169Z","message":"}"}
{"message":"[ops] {","timestamp":"2026-09-06T07:14:24.010326749Z","level":"info"}
{"level":"info","message":"  event: 'http_request',","timestamp":"2026-09-06T07:14:24.010330949Z"}
{"message":"  ts: '2026-09-06T07:14:24.006Z',","timestamp":"2026-09-06T07:14:24.010335879Z","level":"info"}
{"level":"info","timestamp":"2026-09-06T07:14:24.010340228Z","message":"  requestId: 'e8140e42-335b-4bb6-a864-370115b0b531',"}
{"timestamp":"2026-09-06T07:14:24.010344718Z","level":"info","message":"  method: 'GET',"}
{"message":"[ops] {","timestamp":"2026-09-06T07:14:24.762032794Z","level":"info"}
{"message":"  event: 'http_request',","timestamp":"2026-09-06T07:14:24.762036434Z","level":"info"}
{"timestamp":"2026-09-06T07:14:24.762039264Z","level":"info","message":"  ts: '2026-09-06T07:14:24.641Z',"}
{"timestamp":"2026-09-06T07:14:24.762041874Z","message":"  requestId: 'a23ac3a8-8b02-437b-a582-5ef76fef52e4',","level":"info"}
{"timestamp":"2026-09-06T07:14:24.762044574Z","level":"info","message":"  method: 'POST',"}
{"timestamp":"2026-09-06T07:14:24.762048124Z","level":"info","message":"  route: '/api/studio/mcp/session/ping',"}
{"message":"  status: 200,","timestamp":"2026-09-06T07:14:24.762051334Z","level":"info"}
{"message":"  durationMs: 349","timestamp":"2026-09-06T07:14:24.762054644Z","level":"info"}
{"level":"info","message":"}","timestamp":"2026-09-06T07:14:24.762057263Z"}
{"writesPerStudioSessionHour":92,"level":"info","timestamp":"2026-09-06T07:14:24.762060143Z","message":"","type":"firestore_write_metric","ts":1788678864704,"sessionId":"Iog4rWn0F2wcGR9xp3Jq","counter":"studio_session","count":1,"total":96,"jobId":null}
{"counter":"studio_session","jobId":null,"level":"info","sessionId":"Iog4rWn0F2wcGR9xp3Jq","writesPerStudioSessionHour":93,"count":1,"total":97,"ts":1788678864982,"type":"firestore_write_metric","message":"","timestamp":"2026-09-06T07:14:25.023782979Z"}
{"message":"[ops] {","timestamp":"2026-09-06T07:14:25.023788269Z","level":"info"}
{"level":"info","message":"  event: 'studio.plugin_compatibility_handshake',","timestamp":"2026-09-06T07:14:25.023791709Z"}
{"timestamp":"2026-09-06T07:14:25.023794729Z","level":"info","message":"  ts: '2026-09-06T07:14:24.982Z',"}
{"message":"  requestId: 'dd0dc541-0b17-4aeb-adb8-d838c907ede8',","timestamp":"2026-09-06T07:14:25.023797679Z","level":"info"}
{"message":"  sessionId: 'Iog4rWn0F2wcGR9xp3Jq',","timestamp":"2026-09-06T07:14:25.023800699Z","level":"info"}
{"message":"  userId: 'klu6Sv5QeEgYWlHjsgQwMkZCvsb2',","timestamp":"2026-09-06T07:14:25.023803379Z","level":"info"}
{"message":"  status: 'degraded',","timestamp":"2026-09-06T07:14:25.023806879Z","level":"info"}
{"message":"  reasonCodes: [ 'command_unavailable' ],","timestamp":"2026-09-06T07:14:25.023810089Z","level":"info"}
{"message":"  buildId: 'nexusrbx-studio-0.14.0-r15-animation.10-native-value-normalization',","timestamp":"2026-09-06T07:14:25.023812949Z","level":"info"}
{"timestamp":"2026-09-06T07:14:25.023815609Z","level":"info","message":"  attestationWritten: true,"}
{"level":"info","message":"  repairDurationMs: 453","timestamp":"2026-09-06T07:14:25.023818488Z"}
{"level":"info","timestamp":"2026-09-06T07:14:25.023821228Z","message":"}"}
{"level":"info","message":"[ops] {","timestamp":"2026-09-06T07:14:25.023823918Z"}
{"message":"  event: 'http_request',","timestamp":"2026-09-06T07:14:25.023826418Z","level":"info"}
{"timestamp":"2026-09-06T07:14:25.023829058Z","level":"info","message":"  ts: '2026-09-06T07:14:24.982Z',"}
{"message":"  requestId: 'dd0dc541-0b17-4aeb-adb8-d838c907ede8',","timestamp":"2026-09-06T07:14:25.023831428Z","level":"info"}
{"timestamp":"2026-09-06T07:14:25.023834138Z","level":"info","message":"  method: 'POST',"}
{"level":"info","message":"  route: '/api/studio/session/ping',","timestamp":"2026-09-06T07:14:25.023837158Z"}
{"timestamp":"2026-09-06T07:14:25.023839878Z","message":"  status: 200,","level":"info"}
{"level":"info","message":"  durationMs: 514","timestamp":"2026-09-06T07:14:25.023842208Z"}
{"level":"info","message":"}","timestamp":"2026-09-06T07:14:25.023844388Z"}
{"message":"[ops] {","timestamp":"2026-09-06T07:14:25.823783399Z","level":"info"}
{"timestamp":"2026-09-06T07:14:25.823786559Z","message":"  event: 'http_request',","level":"info"}
{"timestamp":"2026-09-06T07:14:25.823789739Z","message":"  ts: '2026-09-06T07:14:25.580Z',","level":"info"}
{"timestamp":"2026-09-06T07:14:25.823793009Z","level":"info","message":"  requestId: '2f081e2e-9bee-4bfc-a7ee-850e5df5da3a',"}
{"timestamp":"2026-09-06T07:14:25.823796179Z","level":"info","message":"  method: 'OPTIONS',"}
{"timestamp":"2026-09-06T07:14:25.823799599Z","level":"info","message":"  route: '/api/v2/events',"}
{"level":"info","message":"  status: 204,","timestamp":"2026-09-06T07:14:25.823802769Z"}
{"message":"  durationMs: 0","timestamp":"2026-09-06T07:14:25.823805728Z","level":"info"}
{"timestamp":"2026-09-06T07:14:25.823808638Z","level":"info","message":"}"}
{"message":"[ops] {","timestamp":"2026-09-06T07:14:25.823811918Z","level":"error"}
{"level":"error","message":"  event: 'security.app_check_rejected',","timestamp":"2026-09-06T07:14:25.823814868Z"}
{"message":"  ts: '2026-09-06T07:14:25.745Z',","level":"error","timestamp":"2026-09-06T07:14:25.823817738Z"}
{"message":"  reason: 'missing_token',","timestamp":"2026-09-06T07:14:25.823821098Z","level":"error"}
{"message":"  mode: 'monitor',","timestamp":"2026-09-06T07:14:25.823824238Z","level":"error"}
{"timestamp":"2026-09-06T07:14:25.823827848Z","level":"error","message":"  route: '/api/v2/events'"}
{"timestamp":"2026-09-06T07:14:25.823832378Z","message":"}","level":"error"}
{"timestamp":"2026-09-06T07:14:26.108609786Z","level":"info","message":"  durationMs: 0"}
{"timestamp":"2026-09-06T07:14:26.108617286Z","level":"info","message":"}"}
{"message":"[ops] {","level":"info","timestamp":"2026-09-06T07:14:26.108621596Z"}
{"message":"  event: 'http_request',","level":"info","timestamp":"2026-09-06T07:14:26.108636985Z"}
{"message":"  requestId: 'd645ebdd-d2b6-433a-ab56-1ff15a95a2a6',","timestamp":"2026-09-06T07:14:26.108639525Z","level":"info"}
{"level":"info","message":"  ts: '2026-09-06T07:14:26.070Z',","timestamp":"2026-09-06T07:14:26.108643985Z"}
{"timestamp":"2026-09-06T07:14:26.108651345Z","message":"  requestId: 'a7669ba6-c0b0-44bc-8df7-059449d2146e',","level":"info"}
{"timestamp":"2026-09-06T07:14:26.108654455Z","level":"info","message":"[ops] {"}
{"message":"  route: '/api/studio/status',","timestamp":"2026-09-06T07:14:26.108654455Z","level":"info"}
{"level":"info","timestamp":"2026-09-06T07:14:26.108657345Z","message":"  method: 'OPTIONS',"}
{"level":"info","message":"  method: 'OPTIONS',","timestamp":"2026-09-06T07:14:26.108660215Z"}
{"message":"  route: '/api/studio/mcp/status',","level":"info","timestamp":"2026-09-06T07:14:26.108668965Z"}
{"message":"  event: 'http_request',","level":"info","timestamp":"2026-09-06T07:14:26.108671135Z"}
{"level":"info","timestamp":"2026-09-06T07:14:26.108672225Z","message":"  status: 204,"}
{"timestamp":"2026-09-06T07:14:26.108676375Z","level":"info","message":"  status: 204,"}
{"level":"info","message":"  ts: '2026-09-06T07:14:26.071Z',","timestamp":"2026-09-06T07:14:26.108679944Z"}
{"level":"info","timestamp":"2026-09-06T07:14:26.108682714Z","message":"  durationMs: 0"}
{"timestamp":"2026-09-06T07:14:26.108687244Z","level":"info","message":"}"}
{"message":"[ops] {","level":"error","timestamp":"2026-09-06T07:14:26.256421419Z"}
{"timestamp":"2026-09-06T07:14:26.256433739Z","level":"error","message":"  event: 'security.app_check_rejected',"}
{"message":"  ts: '2026-09-06T07:14:26.241Z',","timestamp":"2026-09-06T07:14:26.256441329Z","level":"error"}
{"timestamp":"2026-09-06T07:14:26.256446408Z","message":"  reason: 'missing_token',","level":"error"}
{"timestamp":"2026-09-06T07:14:26.256450978Z","level":"error","message":"  mode: 'monitor',"}
{"level":"error","message":"  route: '/api/studio/mcp/status'","timestamp":"2026-09-06T07:14:26.256456898Z"}
{"level":"error","message":"}","timestamp":"2026-09-06T07:14:26.256462388Z"}
{"timestamp":"2026-09-06T07:14:26.402884824Z","level":"info","message":"[ops] {"}
{"level":"info","message":"  event: 'http_request',","timestamp":"2026-09-06T07:14:26.402890154Z"}
{"timestamp":"2026-09-06T07:14:26.402894014Z","message":"  ts: '2026-09-06T07:14:26.374Z',","level":"info"}
{"timestamp":"2026-09-06T07:14:26.402896914Z","level":"info","message":"  requestId: '0fedd7a1-a425-4ea7-b2e6-17a2f765873a',"}
{"level":"info","timestamp":"2026-09-06T07:14:26.402900273Z","message":"  method: 'GET',"}
{"timestamp":"2026-09-06T07:14:26.402903433Z","message":"  route: '/api/v2/events',","level":"info"}
{"message":"  status: 200,","timestamp":"2026-09-06T07:14:26.402906463Z","level":"info"}
{"level":"info","message":"  durationMs: 629","timestamp":"2026-09-06T07:14:26.402909303Z"}
{"message":"}","timestamp":"2026-09-06T07:14:26.402911903Z","level":"info"}
{"count":1,"total":98,"writesPerStudioSessionHour":94,"ts":1788678866428,"type":"firestore_write_metric","counter":"studio_session","jobId":null,"sessionId":"Iog4rWn0F2wcGR9xp3Jq","timestamp":"2026-09-06T07:14:26.445724656Z","level":"info","message":""}
{"message":"  requestId: '59a0c5fe-3ec3-4644-96b9-6aff652f39ce',","level":"info","timestamp":"2026-09-06T07:14:26.915687901Z"}
{"timestamp":"2026-09-06T07:14:26.915695771Z","message":"  sessionId: 'Iog4rWn0F2wcGR9xp3Jq',","level":"info"}
{"level":"info","timestamp":"2026-09-06T07:14:26.915701251Z","message":"  userId: 'klu6Sv5QeEgYWlHjsgQwMkZCvsb2',"}
{"message":"  status: 'degraded',","timestamp":"2026-09-06T07:14:26.915705561Z","level":"info"}
{"message":"  reasonCodes: [ 'command_unavailable' ],","timestamp":"2026-09-06T07:14:26.915709891Z","level":"info"}
{"message":"  buildId: 'nexusrbx-studio-0.14.0-r15-animation.10-native-value-normalization',","level":"info","timestamp":"2026-09-06T07:14:26.915714120Z"}
{"level":"info","message":"  attestationWritten: true,","timestamp":"2026-09-06T07:14:26.915718670Z"}
{"timestamp":"2026-09-06T07:14:26.915724210Z","level":"info","message":"  repairDurationMs: 419"}
{"message":"}","timestamp":"2026-09-06T07:14:26.915728910Z","level":"info"}
{"timestamp":"2026-09-06T07:14:26.915733650Z","message":"[ops] {","level":"info"}
{"level":"info","message":"  event: 'http_request',","timestamp":"2026-09-06T07:14:26.915738060Z"}
{"message":"  ts: '2026-09-06T07:14:26.693Z',","timestamp":"2026-09-06T07:14:26.915742540Z","level":"info"}
{"message":"  requestId: '59a0c5fe-3ec3-4644-96b9-6aff652f39ce',","timestamp":"2026-09-06T07:14:26.915749660Z","level":"info"}
{"timestamp":"2026-09-06T07:14:26.915750620Z","level":"info","message":"[ops] {"}
{"timestamp":"2026-09-06T07:14:26.915755889Z","message":"  event: 'http_request',","level":"info"}
{"message":"  ts: '2026-09-06T07:14:26.603Z',","timestamp":"2026-09-06T07:14:26.915760669Z","level":"info"}
{"message":"  requestId: 'b334060d-a2c0-4e3a-9d53-11c18977d787',","timestamp":"2026-09-06T07:14:26.915764629Z","level":"info"}
{"timestamp":"2026-09-06T07:14:26.915767879Z","message":"  method: 'GET',","level":"info"}
{"timestamp":"2026-09-06T07:14:26.915771589Z","message":"  route: '/api/studio/mcp/status',","level":"info"}
{"message":"  status: 200,","timestamp":"2026-09-06T07:14:26.915775249Z","level":"info"}
{"timestamp":"2026-09-06T07:14:26.915779619Z","level":"info","message":"  durationMs: 363"}
{"timestamp":"2026-09-06T07:14:26.915782949Z","level":"info","message":"}"}
{"ts":1788678866693,"counter":"studio_session","sessionId":"Iog4rWn0F2wcGR9xp3Jq","message":"","count":1,"timestamp":"2026-09-06T07:14:26.915786599Z","writesPerStudioSessionHour":95,"total":99,"level":"info","type":"firestore_write_metric","jobId":null}
{"message":"[ops] {","timestamp":"2026-09-06T07:14:26.915790229Z","level":"info"}
{"message":"  event: 'studio.plugin_compatibility_handshake',","timestamp":"2026-09-06T07:14:26.915793709Z","level":"info"}
{"timestamp":"2026-09-06T07:14:26.915798418Z","level":"info","message":"  ts: '2026-09-06T07:14:26.693Z',"}
{"level":"info","message":"  method: 'POST',","timestamp":"2026-09-06T07:14:26.917241475Z"}
{"timestamp":"2026-09-06T07:14:26.917246544Z","level":"info","message":"  route: '/api/studio/session/ping',"}
{"level":"info","timestamp":"2026-09-06T07:14:26.917261274Z","message":"  status: 200,"}
{"timestamp":"2026-09-06T07:14:26.917264904Z","level":"info","message":"  durationMs: 479"}
{"message":"}","timestamp":"2026-09-06T07:14:26.917268674Z","level":"info"}
{"level":"error","message":"[ops] {","timestamp":"2026-09-06T07:14:26.917272794Z"}
{"level":"error","message":"  event: 'security.app_check_rejected',","timestamp":"2026-09-06T07:14:26.917276614Z"}
{"level":"error","message":"  ts: '2026-09-06T07:14:26.736Z',","timestamp":"2026-09-06T07:14:26.917280314Z"}
{"timestamp":"2026-09-06T07:14:26.917283804Z","message":"  reason: 'missing_token',","level":"error"}
{"level":"error","timestamp":"2026-09-06T07:14:26.917288033Z","message":"  mode: 'monitor',"}
{"message":"  route: '/api/studio/status'","timestamp":"2026-09-06T07:14:26.917291783Z","level":"error"}
{"level":"error","message":"}","timestamp":"2026-09-06T07:14:26.917295463Z"}
{"message":"  status: 200,","level":"info","timestamp":"2026-09-06T07:14:27.523565818Z"}
{"level":"info","message":"  durationMs: 745","timestamp":"2026-09-06T07:14:27.523570858Z"}
{"timestamp":"2026-09-06T07:14:27.523574318Z","level":"info","message":"}"}
{"timestamp":"2026-09-06T07:14:27.523585508Z","message":"[ops] {","level":"info"}
{"timestamp":"2026-09-06T07:14:27.523588808Z","level":"info","message":"  event: 'http_request',"}
{"message":"  ts: '2026-09-06T07:14:27.481Z',","timestamp":"2026-09-06T07:14:27.523592398Z","level":"info"}
{"level":"info","message":"  requestId: 'd53f6705-4d84-47e2-b2a4-98c0c962619e',","timestamp":"2026-09-06T07:14:27.523595608Z"}
{"level":"info","message":"  method: 'GET',","timestamp":"2026-09-06T07:14:27.523598298Z"}
{"message":"  route: '/api/studio/status',","level":"info","timestamp":"2026-09-06T07:14:27.523602578Z"}
{"timestamp":"2026-09-06T07:14:28.101110153Z","level":"info","message":"[ops] {"}
{"timestamp":"2026-09-06T07:14:28.101113083Z","level":"info","message":"  event: 'http_request',"}
{"level":"info","timestamp":"2026-09-06T07:14:28.101115423Z","message":"  ts: '2026-09-06T07:14:28.086Z',"}
{"message":"  requestId: '6579fc1d-02ff-47eb-8561-b0145f92e907',","level":"info","timestamp":"2026-09-06T07:14:28.101117793Z"}
{"timestamp":"2026-09-06T07:14:28.101120433Z","message":"  method: 'OPTIONS',","level":"info"}
{"message":"  route: '/api/v2/events',","level":"info","timestamp":"2026-09-06T07:14:28.101123073Z"}
{"message":"  status: 204,","timestamp":"2026-09-06T07:14:28.101125733Z","level":"info"}
{"timestamp":"2026-09-06T07:14:28.101128343Z","message":"  durationMs: 0","level":"info"}
{"level":"info","timestamp":"2026-09-06T07:14:28.101130763Z","message":"}"}
{"level":"error","timestamp":"2026-09-06T07:14:28.315587624Z","message":"[ops] {"}
{"level":"error","timestamp":"2026-09-06T07:14:28.315592514Z","message":"  event: 'security.app_check_rejected',"}
{"level":"error","message":"  ts: '2026-09-06T07:14:28.249Z',","timestamp":"2026-09-06T07:14:28.315596654Z"}
{"message":"  reason: 'missing_token',","timestamp":"2026-09-06T07:14:28.315600854Z","level":"error"}
{"level":"error","timestamp":"2026-09-06T07:14:28.315606124Z","message":"  mode: 'monitor',"}
{"message":"  route: '/api/v2/events'","timestamp":"2026-09-06T07:14:28.315609524Z","level":"error"}
{"level":"error","message":"}","timestamp":"2026-09-06T07:14:28.315613414Z"}
{"level":"info","timestamp":"2026-09-06T07:14:28.315617123Z","message":"[ops] {"}
{"timestamp":"2026-09-06T07:14:28.315620573Z","message":"  event: 'studio.plugin_compatibility_handshake',","level":"info"}
{"message":"  ts: '2026-09-06T07:14:28.295Z',","timestamp":"2026-09-06T07:14:28.315624303Z","level":"info"}
{"timestamp":"2026-09-06T07:14:28.315628123Z","level":"info","message":"  requestId: '2d7d7827-7fa2-42d8-80e6-f1942592a9d5',"}
{"timestamp":"2026-09-06T07:14:28.315631313Z","level":"info","message":"  sessionId: 'MLq8J3mhz56J6BRsAeQe',"}
{"timestamp":"2026-09-06T07:14:28.315634963Z","message":"  userId: '0VSQotqOXxPXBLeQu1gUNkXELWH3',","level":"info"}
{"message":"  status: 'compatible',","timestamp":"2026-09-06T07:14:28.315638773Z","level":"info"}
{"timestamp":"2026-09-06T07:14:28.315642323Z","level":"info","message":"  reasonCodes: [],"}
{"message":"  buildId: 'nexusrbx-studio-0.14.0-r15-animation.12-toolbox',","timestamp":"2026-09-06T07:14:28.315646023Z","level":"info"}
{"message":"  attestationWritten: false,","level":"info","timestamp":"2026-09-06T07:14:28.315649633Z"}
{"message":"  repairDurationMs: 663","level":"info","timestamp":"2026-09-06T07:14:28.315652733Z"}
{"timestamp":"2026-09-06T07:14:28.315655753Z","message":"}","level":"info"}
{"level":"info","timestamp":"2026-09-06T07:14:28.315659332Z","message":"[ops] {"}
{"message":"  event: 'http_request',","level":"info","timestamp":"2026-09-06T07:14:28.315663022Z"}
{"message":"  ts: '2026-09-06T07:14:28.295Z',","timestamp":"2026-09-06T07:14:28.315666412Z","level":"info"}
{"message":"  requestId: '2d7d7827-7fa2-42d8-80e6-f1942592a9d5',","timestamp":"2026-09-06T07:14:28.315672302Z","level":"info"}
{"message":"  method: 'POST',","timestamp":"2026-09-06T07:14:28.315675252Z","level":"info"}
{"message":"  route: '/api/studio/session/ping',","timestamp":"2026-09-06T07:14:28.315678412Z","level":"info"}
{"level":"info","message":"  status: 200,","timestamp":"2026-09-06T07:14:28.315681842Z"}
{"level":"info","message":"  durationMs: 718","timestamp":"2026-09-06T07:14:28.315684922Z"}
{"timestamp":"2026-09-06T07:14:28.315756060Z","message":"}","level":"info"}
{"timestamp":"2026-09-06T07:14:28.926015003Z","message":"  method: 'GET',","level":"info"}
{"timestamp":"2026-09-06T07:14:28.926020953Z","level":"info","message":"  route: '/api/v2/events',"}
{"level":"info","message":"  status: 200,","timestamp":"2026-09-06T07:14:28.926025262Z"}
{"message":"  durationMs: 599","level":"info","timestamp":"2026-09-06T07:14:28.926028942Z"}
{"timestamp":"2026-09-06T07:14:28.926032212Z","message":"[ops] {","level":"info"}
{"message":"}","level":"info","timestamp":"2026-09-06T07:14:28.926033032Z"}
{"timestamp":"2026-09-06T07:14:28.926037862Z","message":"  event: 'http_request',","level":"info"}
{"message":"  ts: '2026-09-06T07:14:28.848Z',","timestamp":"2026-09-06T07:14:28.926041582Z","level":"info"}
{"level":"info","message":"  requestId: '74552961-7429-462d-86f4-2a400e203ef1',","timestamp":"2026-09-06T07:14:28.926045762Z"}
{"timestamp":"2026-09-06T07:14:29.866594628Z","level":"info","message":"[ops] {"}
{"timestamp":"2026-09-06T07:14:29.866603548Z","level":"info","message":"  event: 'studio.command_polled',"}
{"timestamp":"2026-09-06T07:14:29.866609088Z","level":"info","message":"  ts: '2026-09-06T07:14:29.691Z',"}
{"message":"  requestId: '01668a7a-efff-4d93-8110-c53c78dd6943',","timestamp":"2026-09-06T07:14:29.866614138Z","level":"info"}
{"message":"  sessionId: 'Iog4rWn0F2wcGR9xp3Jq',","timestamp":"2026-09-06T07:14:29.866619438Z","level":"info"}
{"message":"  status: 'empty'","level":"info","timestamp":"2026-09-06T07:14:29.866623947Z"}
{"timestamp":"2026-09-06T07:14:29.866631647Z","message":"}","level":"info"}
{"message":"[ops] {","level":"info","timestamp":"2026-09-06T07:14:29.866637127Z"}
{"timestamp":"2026-09-06T07:14:29.866642357Z","level":"info","message":"  event: 'http_request',"}
{"message":"  ts: '2026-09-06T07:14:29.691Z',","level":"info","timestamp":"2026-09-06T07:14:29.866647627Z"}
{"level":"info","timestamp":"2026-09-06T07:14:29.866710005Z","message":"  requestId: '01668a7a-efff-4d93-8110-c53c78dd6943',"}
{"timestamp":"2026-09-06T07:14:29.866716815Z","level":"info","message":"  method: 'GET',"}
{"message":"  route: '/api/studio/commands/next',","level":"info","timestamp":"2026-09-06T07:14:29.866722185Z"}
{"timestamp":"2026-09-06T07:14:29.866727235Z","level":"info","message":"  status: 204,"}
{"level":"info","timestamp":"2026-09-06T07:14:29.866732205Z","message":"  durationMs: 2324"}
{"timestamp":"2026-09-06T07:14:29.866736665Z","message":"}","level":"info"}
{"message":"[ops] {","timestamp":"2026-09-06T07:14:30.022003560Z","level":"info"}
{"message":"  event: 'http_request',","timestamp":"2026-09-06T07:14:30.022015780Z","level":"info"}
{"message":"  ts: '2026-09-06T07:14:29.997Z',","level":"info","timestamp":"2026-09-06T07:14:30.022021619Z"}
{"timestamp":"2026-09-06T07:14:30.022025649Z","level":"info","message":"  requestId: 'aa35146e-d81d-4063-977b-122ab393118d',"}
{"level":"info","message":"  method: 'POST',","timestamp":"2026-09-06T07:14:30.022029699Z"}
{"timestamp":"2026-09-06T07:14:30.022035029Z","level":"info","message":"  route: '/api/studio/mcp/session/ping',"}
{"message":"  status: 200,","timestamp":"2026-09-06T07:14:30.022039099Z","level":"info"}
{"timestamp":"2026-09-06T07:14:30.022043529Z","level":"info","message":"  durationMs: 408"}
{"level":"info","timestamp":"2026-09-06T07:14:30.022047279Z","message":"}"}
{"message":"  status: 204,","level":"info","timestamp":"2026-09-06T07:14:30.637643824Z"}
{"message":"  durationMs: 0","timestamp":"2026-09-06T07:14:30.637651294Z","level":"info"}
{"level":"info","message":"}","timestamp":"2026-09-06T07:14:30.637658364Z"}
{"message":"  status: 204,","timestamp":"2026-09-06T07:14:30.637671953Z","level":"info"}
{"message":"  durationMs: 0","timestamp":"2026-09-06T07:14:30.637682723Z","level":"info"}
{"level":"info","message":"}","timestamp":"2026-09-06T07:14:30.637688043Z"}
{"level":"info","message":"[ops] {","timestamp":"2026-09-06T07:14:30.637693913Z"}
{"message":"[ops] {","timestamp":"2026-09-06T07:14:30.637696653Z","level":"info"}
{"level":"info","timestamp":"2026-09-06T07:14:30.637702163Z","message":"  event: 'http_request',"}
{"timestamp":"2026-09-06T07:14:30.637705163Z","level":"info","message":"  event: 'http_request',"}
{"level":"info","message":"  ts: '2026-09-06T07:14:30.578Z',","timestamp":"2026-09-06T07:14:30.637708743Z"}
{"message":"  ts: '2026-09-06T07:14:30.577Z',","timestamp":"2026-09-06T07:14:30.637713782Z","level":"info"}
{"level":"info","timestamp":"2026-09-06T07:14:30.637714622Z","message":"  requestId: '2a5bfff2-ac78-4d60-87ca-f22679bbc60f',"}
{"message":"  requestId: '5b69ea2b-b2ad-4882-b228-97aa31c5e2ba',","level":"info","timestamp":"2026-09-06T07:14:30.637722432Z"}
{"level":"info","timestamp":"2026-09-06T07:14:30.637722652Z","message":"  method: 'OPTIONS',"}
{"message":"  method: 'OPTIONS',","timestamp":"2026-09-06T07:14:30.637732202Z","level":"info"}
{"level":"info","message":"  route: '/api/v2/agents/active',","timestamp":"2026-09-06T07:14:30.637733122Z"}
{"level":"info","timestamp":"2026-09-06T07:14:30.637739152Z","message":"  route: '/api/v2/events',"}
{"message":"  ts: '2026-09-06T07:14:30.743Z',","level":"error","timestamp":"2026-09-06T07:14:30.920502586Z"}
{"message":"  reason: 'missing_token',","level":"error","timestamp":"2026-09-06T07:14:30.920514416Z"}
{"message":"  mode: 'monitor',","timestamp":"2026-09-06T07:14:30.920520605Z","level":"error"}
{"timestamp":"2026-09-06T07:14:30.920525135Z","level":"error","message":"  route: '/api/v2/agents/active'"}
{"level":"error","timestamp":"2026-09-06T07:14:30.920529325Z","message":"}"}
{"message":"[ops] {","timestamp":"2026-09-06T07:14:30.920534255Z","level":"error"}
{"timestamp":"2026-09-06T07:14:30.920539085Z","message":"  event: 'security.app_check_rejected',","level":"error"}
{"message":"  ts: '2026-09-06T07:14:30.744Z',","timestamp":"2026-09-06T07:14:30.920544325Z","level":"error"}
{"level":"error","message":"  reason: 'missing_token',","timestamp":"2026-09-06T07:14:30.920549385Z"}
{"timestamp":"2026-09-06T07:14:30.920554875Z","message":"  mode: 'monitor',","level":"error"}
{"level":"error","message":"  route: '/api/v2/events'","timestamp":"2026-09-06T07:14:30.920559705Z"}
{"level":"error","message":"}","timestamp":"2026-09-06T07:14:30.920564404Z"}
{"timestamp":"2026-09-06T07:14:30.920569934Z","level":"info","message":"[ops] {"}
{"message":"  event: 'http_request',","timestamp":"2026-09-06T07:14:30.920574984Z","level":"info"}
{"message":"  ts: '2026-09-06T07:14:30.805Z',","timestamp":"2026-09-06T07:14:30.920579784Z","level":"info"}
{"level":"info","timestamp":"2026-09-06T07:14:30.920585214Z","message":"  requestId: 'd2fe64b1-6e26-4716-82c7-e60fb1281379',"}
{"message":"  method: 'GET',","level":"info","timestamp":"2026-09-06T07:14:30.920590524Z"}
{"message":"  route: '/api/v2/agents/active',","level":"info","timestamp":"2026-09-06T07:14:30.920596264Z"}
{"level":"info","message":"  status: 200,","timestamp":"2026-09-06T07:14:30.920601564Z"}
{"level":"info","message":"  durationMs: 62","timestamp":"2026-09-06T07:14:30.920606063Z"}
{"timestamp":"2026-09-06T07:14:30.920610073Z","message":"}","level":"info"}
{"timestamp":"2026-09-06T07:14:30.920617003Z","level":"error","message":"[ops] {"}
{"message":"  event: 'security.app_check_rejected',","timestamp":"2026-09-06T07:14:30.920620443Z","level":"error"}
{"level":"info","message":"[ops] {","timestamp":"2026-09-06T07:14:31.503982753Z"}
{"level":"info","timestamp":"2026-09-06T07:14:31.503988812Z","message":"  event: 'http_request',"}
{"message":"  ts: '2026-09-06T07:14:31.496Z',","timestamp":"2026-09-06T07:14:31.503992642Z","level":"info"}
{"level":"info","message":"  requestId: 'd80fdef5-185f-418a-b1ca-73be46e4c128',","timestamp":"2026-09-06T07:14:31.503996402Z"}
{"timestamp":"2026-09-06T07:14:31.504000282Z","level":"info","message":"  method: 'GET',"}
{"level":"info","message":"  route: '/api/v2/events',","timestamp":"2026-09-06T07:14:31.504005432Z"}
{"message":"  status: 200,","level":"info","timestamp":"2026-09-06T07:14:31.504009142Z"}
{"timestamp":"2026-09-06T07:14:31.504030931Z","message":"  durationMs: 752","level":"info"}
{"message":"}","timestamp":"2026-09-06T07:14:31.504035251Z","level":"info"}
{"message":"[ops] {","level":"info","timestamp":"2026-09-06T07:14:31.990118493Z"}
{"message":"  event: 'studio.command_polled',","level":"info","timestamp":"2026-09-06T07:14:31.990123323Z"}
{"level":"info","message":"  ts: '2026-09-06T07:14:31.971Z',","timestamp":"2026-09-06T07:14:31.990126302Z"}
{"message":"  requestId: '31fbeae9-425b-415f-b971-a52f9a786116',","timestamp":"2026-09-06T07:14:31.990129412Z","level":"info"}
{"message":"  sessionId: 'DlvFpLpN0vX1CB5Fvwv9',","level":"info","timestamp":"2026-09-06T07:14:31.990132992Z"}
{"level":"info","timestamp":"2026-09-06T07:14:31.990135562Z","message":"  status: 'empty'"}
{"message":"}","timestamp":"2026-09-06T07:14:31.990138282Z","level":"info"}
{"message":"[ops] {","level":"info","timestamp":"2026-09-06T07:14:31.990140962Z"}
{"timestamp":"2026-09-06T07:14:31.990143462Z","message":"  event: 'http_request',","level":"info"}
{"message":"  ts: '2026-09-06T07:14:31.971Z',","timestamp":"2026-09-06T07:14:31.990145852Z","level":"info"}
{"message":"  requestId: '31fbeae9-425b-415f-b971-a52f9a786116',","level":"info","timestamp":"2026-09-06T07:14:31.990148552Z"}
{"timestamp":"2026-09-06T07:14:31.990151282Z","message":"  method: 'GET',","level":"info"}
{"level":"info","message":"  route: '/api/studio/mcp/commands/next',","timestamp":"2026-09-06T07:14:31.990153962Z"}
{"level":"info","timestamp":"2026-09-06T07:14:31.990157582Z","message":"  status: 204,"}
{"message":"  durationMs: 5097","level":"info","timestamp":"2026-09-06T07:14:31.990160152Z"}
{"level":"info","message":"}","timestamp":"2026-09-06T07:14:31.990162652Z"}
{"level":"error","timestamp":"2026-09-06T07:14:32.038128767Z","message":"[ops] {"}
{"timestamp":"2026-09-06T07:14:32.038134407Z","message":"  event: 'security.app_check_rejected',","level":"error"}
{"level":"error","message":"  ts: '2026-09-06T07:14:32.029Z',","timestamp":"2026-09-06T07:14:32.038137787Z"}
{"message":"  reason: 'missing_token',","level":"error","timestamp":"2026-09-06T07:14:32.038140697Z"}
{"message":"  mode: 'monitor',","timestamp":"2026-09-06T07:14:32.038144627Z","level":"error"}
{"timestamp":"2026-09-06T07:14:32.038147697Z","level":"error","message":"  route: '/api/icons/eJKUrAQ1Q1WUAj2g8b1X'"}
{"message":"}","timestamp":"2026-09-06T07:14:32.038150307Z","level":"error"}
{"level":"info","timestamp":"2026-09-06T07:14:32.111208135Z","message":"[ops] {"}
{"level":"info","message":"  event: 'http_request',","timestamp":"2026-09-06T07:14:32.111213595Z"}
{"level":"info","message":"  ts: '2026-09-06T07:14:32.082Z',","timestamp":"2026-09-06T07:14:32.111216825Z"}
{"level":"info","timestamp":"2026-09-06T07:14:32.111219784Z","message":"  requestId: '29e28557-db97-4e58-854e-97f607b0ae5f',"}
{"message":"  method: 'GET',","level":"info","timestamp":"2026-09-06T07:14:32.111222794Z"}
{"message":"  route: '/api/icons/:id',","timestamp":"2026-09-06T07:14:32.111228894Z","level":"info"}
{"message":"  status: 200,","level":"info","timestamp":"2026-09-06T07:14:32.111231614Z"}
{"message":"  durationMs: 53","timestamp":"2026-09-06T07:14:32.111234304Z","level":"info"}
{"level":"info","message":"}","timestamp":"2026-09-06T07:14:32.111239294Z"}
{"level":"info","timestamp":"2026-09-06T07:14:32.898607382Z","message":"[ops] {"}
{"timestamp":"2026-09-06T07:14:32.898613482Z","message":"  event: 'http_request',","level":"info"}
{"message":"  ts: '2026-09-06T07:14:32.703Z',","timestamp":"2026-09-06T07:14:32.898617282Z","level":"info"}
{"message":"  requestId: 'fad85738-c310-41a7-8e7a-e7ff8e57acf3',","timestamp":"2026-09-06T07:14:32.898620722Z","level":"info"}
{"timestamp":"2026-09-06T07:14:32.898624002Z","message":"  method: 'POST',","level":"info"}
{"timestamp":"2026-09-06T07:14:32.898627282Z","message":"  route: '/api/studio/mcp/session/ping',","level":"info"}
{"message":"  status: 200,","level":"info","timestamp":"2026-09-06T07:14:32.898630562Z"}
{"timestamp":"2026-09-06T07:14:32.898634031Z","level":"info","message":"  durationMs: 408"}
{"timestamp":"2026-09-06T07:14:32.898637241Z","message":"}","level":"info"}
{"level":"info","timestamp":"2026-09-06T07:14:33.093989945Z","message":"[ops] {"}
{"message":"  event: 'http_request',","timestamp":"2026-09-06T07:14:33.093994314Z","level":"info"}
{"timestamp":"2026-09-06T07:14:33.093997174Z","message":"  ts: '2026-09-06T07:14:33.090Z',","level":"info"}
{"message":"  requestId: '6c73b363-5d6b-491f-b706-a5ad574176e7',","timestamp":"2026-09-06T07:14:33.094000474Z","level":"info"}
{"level":"info","message":"  method: 'OPTIONS',","timestamp":"2026-09-06T07:14:33.094003514Z"}
{"message":"  route: '/api/v2/events',","timestamp":"2026-09-06T07:14:33.094006544Z","level":"info"}
{"message":"  status: 204,","timestamp":"2026-09-06T07:14:33.094009264Z","level":"info"}
{"level":"info","message":"  durationMs: 0","timestamp":"2026-09-06T07:14:33.094012094Z"}
{"timestamp":"2026-09-06T07:14:33.094014764Z","level":"info","message":"}"}
{"timestamp":"2026-09-06T07:14:33.278918573Z","level":"error","message":"[ops] {"}
{"timestamp":"2026-09-06T07:14:33.278925363Z","level":"error","message":"  event: 'security.app_check_rejected',"}
{"level":"error","message":"  ts: '2026-09-06T07:14:33.261Z',","timestamp":"2026-09-06T07:14:33.278929073Z"}
{"level":"error","message":"  reason: 'missing_token',","timestamp":"2026-09-06T07:14:33.278935113Z"}
{"timestamp":"2026-09-06T07:14:33.278938043Z","level":"error","message":"  mode: 'monitor',"}
{"message":"  route: '/api/v2/events'","timestamp":"2026-09-06T07:14:33.278941283Z","level":"error"}
{"level":"error","timestamp":"2026-09-06T07:14:33.278943863Z","message":"}"}
{"message":"[ops] {","level":"info","timestamp":"2026-09-06T07:14:33.959432176Z"}
{"message":"  event: 'http_request',","timestamp":"2026-09-06T07:14:33.959435945Z","level":"info"}
{"message":"  ts: '2026-09-06T07:14:33.824Z',","timestamp":"2026-09-06T07:14:33.959438745Z","level":"info"}
{"message":"  requestId: 'bf8d8f22-d071-4d05-a6c7-152ba238c8a6',","timestamp":"2026-09-06T07:14:33.959441485Z","level":"info"}
{"level":"info","timestamp":"2026-09-06T07:14:33.959444695Z","message":"  method: 'GET',"}
{"timestamp":"2026-09-06T07:14:33.959447795Z","level":"info","message":"  route: '/api/v2/events',"}
{"message":"  status: 200,","level":"info","timestamp":"2026-09-06T07:14:33.959450545Z"}
{"message":"  durationMs: 564","timestamp":"2026-09-06T07:14:33.959453265Z","level":"info"}
{"timestamp":"2026-09-06T07:14:33.959456065Z","level":"info","message":"}"}
{"level":"info","message":"[ops] {","timestamp":"2026-09-06T07:14:34.654680651Z"}
{"timestamp":"2026-09-06T07:14:34.654683351Z","message":"  event: 'studio.command_polled',","level":"info"}
{"timestamp":"2026-09-06T07:14:34.654685891Z","level":"info","message":"  ts: '2026-09-06T07:14:34.565Z',"}
{"timestamp":"2026-09-06T07:14:34.654688811Z","message":"  requestId: 'fb48d5aa-b5b3-4a5e-985c-3c45a8f50195',","level":"info"}
{"message":"  sessionId: 'Iog4rWn0F2wcGR9xp3Jq',","timestamp":"2026-09-06T07:14:34.654691641Z","level":"info"}
{"timestamp":"2026-09-06T07:14:34.654694761Z","message":"  status: 'empty'","level":"info"}
{"level":"info","message":"}","timestamp":"2026-09-06T07:14:34.654697461Z"}
{"message":"[ops] {","timestamp":"2026-09-06T07:14:34.654700041Z","level":"info"}
{"level":"info","timestamp":"2026-09-06T07:14:34.654702491Z","message":"  event: 'http_request',"}
{"message":"  ts: '2026-09-06T07:14:34.565Z',","timestamp":"2026-09-06T07:14:34.654705110Z","level":"info"}
{"message":"  requestId: 'fb48d5aa-b5b3-4a5e-985c-3c45a8f50195',","level":"info","timestamp":"2026-09-06T07:14:34.654707860Z"}
{"message":"  method: 'GET',","level":"info","timestamp":"2026-09-06T07:14:34.654710840Z"}
{"message":"  route: '/api/studio/commands/next',","timestamp":"2026-09-06T07:14:34.654713490Z","level":"info"}
{"message":"  status: 204,","level":"info","timestamp":"2026-09-06T07:14:34.654716010Z"}
{"level":"info","message":"  durationMs: 4397","timestamp":"2026-09-06T07:14:34.654718390Z"}
{"timestamp":"2026-09-06T07:14:34.654721150Z","level":"info","message":"}"}
{"type":"firestore_write_metric","level":"info","count":1,"message":"","total":100,"jobId":null,"timestamp":"2026-09-06T07:14:34.964434601Z","writesPerStudioSessionHour":96,"sessionId":"Iog4rWn0F2wcGR9xp3Jq","counter":"studio_session","ts":1788678874931}
{"type":"firestore_write_metric","writesPerStudioSessionHour":97,"total":101,"sessionId":"Iog4rWn0F2wcGR9xp3Jq","message":"","level":"info","count":1,"ts":1788678875219,"jobId":null,"timestamp":"2026-09-06T07:14:35.413698222Z","counter":"studio_session"}
{"message":"[ops] {","level":"info","timestamp":"2026-09-06T07:14:35.413702992Z"}
{"message":"  event: 'studio.plugin_compatibility_handshake',","level":"info","timestamp":"2026-09-06T07:14:35.413707181Z"}
{"timestamp":"2026-09-06T07:14:35.413712521Z","message":"  ts: '2026-09-06T07:14:35.219Z',","level":"info"}
{"level":"info","message":"  requestId: '3c0105b7-6a3e-4498-9a97-4d3dd85c33d1',","timestamp":"2026-09-06T07:14:35.413721341Z"}
{"message":"  sessionId: 'Iog4rWn0F2wcGR9xp3Jq',","timestamp":"2026-09-06T07:14:35.413725431Z","level":"info"}
{"level":"info","timestamp":"2026-09-06T07:14:35.413730611Z","message":"  userId: 'klu6Sv5QeEgYWlHjsgQwMkZCvsb2',"}
{"message":"  status: 'degraded',","timestamp":"2026-09-06T07:14:35.413735331Z","level":"info"}
{"timestamp":"2026-09-06T07:14:35.413738861Z","message":"  reasonCodes: [ 'command_unavailable' ],","level":"info"}
{"message":"  buildId: 'nexusrbx-studio-0.14.0-r15-animation.10-native-value-normalization',","timestamp":"2026-09-06T07:14:35.413742271Z","level":"info"}
{"message":"  attestationWritten: true,","timestamp":"2026-09-06T07:14:35.413745921Z","level":"info"}
{"message":"  repairDurationMs: 431","timestamp":"2026-09-06T07:14:35.413749350Z","level":"info"}
{"timestamp":"2026-09-06T07:14:35.413755120Z","message":"}","level":"info"}
{"level":"info","timestamp":"2026-09-06T07:14:35.413759080Z","message":"[ops] {"}
{"message":"  event: 'http_request',","timestamp":"2026-09-06T07:14:35.413762790Z","level":"info"}
{"message":"  ts: '2026-09-06T07:14:35.220Z',","level":"info","timestamp":"2026-09-06T07:14:35.413766220Z"}
{"message":"  requestId: '3c0105b7-6a3e-4498-9a97-4d3dd85c33d1',","timestamp":"2026-09-06T07:14:35.413769680Z","level":"info"}
{"message":"  method: 'POST',","timestamp":"2026-09-06T07:14:35.413773980Z","level":"info"}
{"level":"info","message":"  route: '/api/studio/session/ping',","timestamp":"2026-09-06T07:14:35.413777480Z"}
{"level":"info","timestamp":"2026-09-06T07:14:35.413780690Z","message":"  status: 200,"}
{"message":"  durationMs: 485","timestamp":"2026-09-06T07:14:35.413783680Z","level":"info"}
{"timestamp":"2026-09-06T07:14:35.413788740Z","level":"info","message":"}"}
{"level":"info","message":"[ops] {","timestamp":"2026-09-06T07:14:35.587809439Z"}
{"message":"  event: 'http_request',","timestamp":"2026-09-06T07:14:35.587816089Z","level":"info"}
{"message":"  ts: '2026-09-06T07:14:35.583Z',","level":"info","timestamp":"2026-09-06T07:14:35.587821459Z"}
{"message":"  requestId: 'a11168c0-fd70-4777-b864-2a8d23067f4f',","timestamp":"2026-09-06T07:14:35.587825698Z","level":"info"}
{"timestamp":"2026-09-06T07:14:35.587829508Z","message":"  method: 'OPTIONS',","level":"info"}
{"timestamp":"2026-09-06T07:14:35.587832968Z","message":"  route: '/api/v2/events',","level":"info"}
{"timestamp":"2026-09-06T07:14:35.587836498Z","level":"info","message":"  status: 204,"}
{"message":"  durationMs: 0","timestamp":"2026-09-06T07:14:35.587840118Z","level":"info"}
{"message":"}","timestamp":"2026-09-06T07:14:35.587843498Z","level":"info"}
{"message":"[ops] {","timestamp":"2026-09-06T07:14:36.052681275Z","level":"error"}
{"message":"  event: 'security.app_check_rejected',","timestamp":"2026-09-06T07:14:36.052685635Z","level":"error"}
{"message":"  ts: '2026-09-06T07:14:35.749Z',","timestamp":"2026-09-06T07:14:36.052690265Z","level":"error"}
{"message":"  reason: 'missing_token',","timestamp":"2026-09-06T07:14:36.052694105Z","level":"error"}
{"level":"error","message":"  mode: 'monitor',","timestamp":"2026-09-06T07:14:36.052697465Z"}
{"timestamp":"2026-09-06T07:14:36.052702195Z","message":"  route: '/api/v2/events'","level":"error"}
{"message":"}","timestamp":"2026-09-06T07:14:36.052989018Z","level":"error"}
{"timestamp":"2026-09-06T07:14:36.584097223Z","message":"[ops] {","level":"info"}
{"message":"  event: 'http_request',","timestamp":"2026-09-06T07:14:36.584100453Z","level":"info"}
{"level":"info","message":"  ts: '2026-09-06T07:14:36.342Z',","timestamp":"2026-09-06T07:14:36.584103373Z"}
{"message":"  requestId: 'a4333c50-f75f-4c15-9b40-1dfcd2732e93',","timestamp":"2026-09-06T07:14:36.584106393Z","level":"info"}
{"level":"info","message":"  method: 'GET',","timestamp":"2026-09-06T07:14:36.584109503Z"}
{"level":"info","message":"  route: '/api/v2/events',","timestamp":"2026-09-06T07:14:36.584112163Z"}
{"level":"info","timestamp":"2026-09-06T07:14:36.584114712Z","message":"  status: 200,"}
{"level":"info","timestamp":"2026-09-06T07:14:36.584117192Z","message":"  durationMs: 593"}
{"message":"}","timestamp":"2026-09-06T07:14:36.584120732Z","level":"info"}
{"message":"[ops] {","timestamp":"2026-09-06T07:14:38.116589335Z","level":"info"}
{"timestamp":"2026-09-06T07:14:38.116596665Z","message":"  event: 'http_request',","level":"info"}
{"message":"  ts: '2026-09-06T07:14:38.088Z',","timestamp":"2026-09-06T07:14:38.116601535Z","level":"info"}
{"timestamp":"2026-09-06T07:14:38.116610015Z","level":"info","message":"  requestId: 'ab201fc6-964f-48df-9fee-17db76f13091',"}
{"message":"  method: 'OPTIONS',","timestamp":"2026-09-06T07:14:38.116615525Z","level":"info"}
{"timestamp":"2026-09-06T07:14:38.116620955Z","level":"info","message":"  route: '/api/v2/events',"}
{"level":"info","timestamp":"2026-09-06T07:14:38.116626934Z","message":"  status: 204,"}
{"timestamp":"2026-09-06T07:14:38.116631664Z","message":"  durationMs: 1","level":"info"}
{"timestamp":"2026-09-06T07:14:38.116637284Z","level":"info","message":"}"}
{"message":"[ops] {","timestamp":"2026-09-06T07:14:38.285561030Z","level":"error"}
{"timestamp":"2026-09-06T07:14:38.285567340Z","message":"  event: 'security.app_check_rejected',","level":"error"}
{"message":"  ts: '2026-09-06T07:14:38.271Z',","timestamp":"2026-09-06T07:14:38.285571620Z","level":"error"}
{"timestamp":"2026-09-06T07:14:38.285575840Z","message":"  reason: 'missing_token',","level":"error"}
{"message":"  mode: 'monitor',","timestamp":"2026-09-06T07:14:38.285579650Z","level":"error"}
{"message":"  route: '/api/v2/events'","timestamp":"2026-09-06T07:14:38.285584690Z","level":"error"}
{"level":"error","message":"}","timestamp":"2026-09-06T07:14:38.285588540Z"}
{"level":"info","timestamp":"2026-09-06T07:14:39.064895405Z","message":"[ops] {"}
{"message":"  event: 'http_request',","level":"info","timestamp":"2026-09-06T07:14:39.064900925Z"}
{"timestamp":"2026-09-06T07:14:39.064904355Z","message":"  ts: '2026-09-06T07:14:38.835Z',","level":"info"}
{"level":"info","timestamp":"2026-09-06T07:14:39.064907705Z","message":"  requestId: '867d6f32-b295-4bd8-aa2b-b29b62428d24',"}
{"message":"  method: 'GET',","level":"info","timestamp":"2026-09-06T07:14:39.064910795Z"}
{"level":"info","message":"  route: '/api/v2/events',","timestamp":"2026-09-06T07:14:39.064913895Z"}
{"level":"info","message":"  status: 200,","timestamp":"2026-09-06T07:14:39.064917205Z"}
{"message":"  durationMs: 564","timestamp":"2026-09-06T07:14:39.064920685Z","level":"info"}
{"level":"info","timestamp":"2026-09-06T07:14:39.064925095Z","message":"}"}
{"timestamp":"2026-09-06T07:14:40.391915757Z","level":"info","message":"  ts: '2026-09-06T07:14:40.377Z',"}
{"timestamp":"2026-09-06T07:14:40.391921557Z","level":"info","message":"  requestId: 'd9a097ef-a35f-4b57-a487-29b1201e4329',"}
{"message":"  method: 'GET',","timestamp":"2026-09-06T07:14:40.391926217Z","level":"info"}
{"message":"  route: '/api/studio/mcp/commands/next',","level":"info","timestamp":"2026-09-06T07:14:40.391930507Z"}
{"level":"info","message":"  status: 204,","timestamp":"2026-09-06T07:14:40.391935547Z"}
{"message":"[ops] {","level":"info","timestamp":"2026-09-06T07:14:40.391935617Z"}
{"message":"  durationMs: 5449","timestamp":"2026-09-06T07:14:40.391941077Z","level":"info"}
{"level":"info","message":"}","timestamp":"2026-09-06T07:14:40.391948736Z"}
{"message":"  event: 'studio.command_polled',","timestamp":"2026-09-06T07:14:40.391949636Z","level":"info"}
{"timestamp":"2026-09-06T07:14:40.391956766Z","level":"info","message":"  ts: '2026-09-06T07:14:40.377Z',"}
{"timestamp":"2026-09-06T07:14:40.391960776Z","level":"info","message":"  requestId: 'd9a097ef-a35f-4b57-a487-29b1201e4329',"}
{"level":"info","message":"  sessionId: 'DlvFpLpN0vX1CB5Fvwv9',","timestamp":"2026-09-06T07:14:40.391964646Z"}
{"message":"  status: 'empty'","timestamp":"2026-09-06T07:14:40.391968566Z","level":"info"}
{"level":"info","message":"}","timestamp":"2026-09-06T07:14:40.391973716Z"}
{"level":"info","timestamp":"2026-09-06T07:14:40.391977646Z","message":"[ops] {"}
{"timestamp":"2026-09-06T07:14:40.391981076Z","message":"  event: 'http_request',","level":"info"}
{"message":"  event: 'http_request',","timestamp":"2026-09-06T07:14:40.588083943Z","level":"info"}
{"timestamp":"2026-09-06T07:14:40.588090093Z","level":"info","message":"  ts: '2026-09-06T07:14:40.583Z',"}
{"timestamp":"2026-09-06T07:14:40.588093483Z","message":"[ops] {","level":"info"}
{"level":"info","message":"  requestId: '097dd4a3-8494-4a61-bd6a-4be2a0f0f654',","timestamp":"2026-09-06T07:14:40.588094352Z"}
{"timestamp":"2026-09-06T07:14:40.588097692Z","level":"info","message":"  method: 'OPTIONS',"}
{"timestamp":"2026-09-06T07:14:40.588098712Z","message":"  event: 'http_request',","level":"info"}
{"message":"  route: '/api/v2/agents/active',","timestamp":"2026-09-06T07:14:40.588101252Z","level":"info"}
{"message":"  ts: '2026-09-06T07:14:40.582Z',","timestamp":"2026-09-06T07:14:40.588103072Z","level":"info"}
{"message":"  status: 204,","level":"info","timestamp":"2026-09-06T07:14:40.588104812Z"}
{"timestamp":"2026-09-06T07:14:40.588107062Z","level":"info","message":"  requestId: '69daf665-f565-4013-86d5-a092721c8a88',"}
{"level":"info","message":"  durationMs: 0","timestamp":"2026-09-06T07:14:40.588107642Z"}
{"timestamp":"2026-09-06T07:14:40.588110852Z","message":"  method: 'OPTIONS',","level":"info"}
{"message":"}","timestamp":"2026-09-06T07:14:40.588113462Z","level":"info"}
{"timestamp":"2026-09-06T07:14:40.588114582Z","level":"info","message":"  route: '/api/v2/events',"}
{"message":"  status: 204,","level":"info","timestamp":"2026-09-06T07:14:40.588118262Z"}
{"timestamp":"2026-09-06T07:14:40.588122042Z","level":"info","message":"  durationMs: 0"}
{"message":"}","timestamp":"2026-09-06T07:14:40.588125572Z","level":"info"}
{"timestamp":"2026-09-06T07:14:40.588128482Z","message":"[ops] {","level":"info"}
{"timestamp":"2026-09-06T07:14:40.609336707Z","message":"}","level":"info"}
{"level":"info","timestamp":"2026-09-06T07:14:40.609346257Z","message":"  status: 204,"}
{"level":"info","message":"  durationMs: 24465","timestamp":"2026-09-06T07:14:40.609351157Z"}
{"timestamp":"2026-09-06T07:14:40.609359437Z","level":"info","message":"[ops] {"}
{"level":"info","timestamp":"2026-09-06T07:14:40.609363056Z","message":"}"}
{"timestamp":"2026-09-06T07:14:40.609364056Z","level":"info","message":"  event: 'studio.command_polled',"}
{"message":"  ts: '2026-09-06T07:14:40.599Z',","timestamp":"2026-09-06T07:14:40.609368506Z","level":"info"}
{"message":"  requestId: 'e6c6b138-ab9c-4ba7-ab50-42a889a551a5',","timestamp":"2026-09-06T07:14:40.609372566Z","level":"info"}
{"level":"info","timestamp":"2026-09-06T07:14:40.609377406Z","message":"[ops] {"}
{"level":"info","message":"  sessionId: 'Iog4rWn0F2wcGR9xp3Jq',","timestamp":"2026-09-06T07:14:40.609380496Z"}
{"level":"info","timestamp":"2026-09-06T07:14:40.609387646Z","message":"  status: 'empty'"}
{"level":"info","message":"  event: 'http_request',","timestamp":"2026-09-06T07:14:40.609388406Z"}
{"message":"  ts: '2026-09-06T07:14:40.599Z',","level":"info","timestamp":"2026-09-06T07:14:40.609395316Z"}
{"message":"  requestId: 'e6c6b138-ab9c-4ba7-ab50-42a889a551a5',","timestamp":"2026-09-06T07:14:40.609399676Z","level":"info"}
{"timestamp":"2026-09-06T07:14:40.609404516Z","level":"info","message":"  method: 'GET',"}
{"message":"  route: '/api/studio/commands/next',","level":"info","timestamp":"2026-09-06T07:14:40.609411035Z"}
{"timestamp":"2026-09-06T07:14:41.117844511Z","message":"  route: '/api/studio/mcp/session/ping',","level":"info"}
{"level":"info","message":"  status: 200,","timestamp":"2026-09-06T07:14:41.117857741Z"}
{"timestamp":"2026-09-06T07:14:41.117862940Z","level":"info","message":"  durationMs: 308"}
{"message":"[ops] {","timestamp":"2026-09-06T07:14:41.117903679Z","level":"error"}
{"timestamp":"2026-09-06T07:14:41.117908099Z","level":"error","message":"  event: 'security.app_check_rejected',"}
{"timestamp":"2026-09-06T07:14:41.117912999Z","level":"error","message":"  ts: '2026-09-06T07:14:40.776Z',"}
{"timestamp":"2026-09-06T07:14:41.117917529Z","message":"  reason: 'missing_token',","level":"error"}
{"timestamp":"2026-09-06T07:14:41.117922489Z","message":"  mode: 'monitor',","level":"error"}
{"level":"error","message":"  route: '/api/v2/events'","timestamp":"2026-09-06T07:14:41.117926119Z"}
{"timestamp":"2026-09-06T07:14:41.117930289Z","message":"}","level":"error"}
{"timestamp":"2026-09-06T07:14:41.117934159Z","level":"error","message":"[ops] {"}
{"message":"  event: 'security.app_check_rejected',","timestamp":"2026-09-06T07:14:41.117937919Z","level":"error"}
{"timestamp":"2026-09-06T07:14:41.117941489Z","message":"  ts: '2026-09-06T07:14:40.777Z',","level":"error"}
{"level":"error","timestamp":"2026-09-06T07:14:41.117945638Z","message":"  reason: 'missing_token',"}
{"message":"  mode: 'monitor',","timestamp":"2026-09-06T07:14:41.117949298Z","level":"error"}
{"message":"  route: '/api/v2/agents/active'","level":"error","timestamp":"2026-09-06T07:14:41.117953718Z"}
{"timestamp":"2026-09-06T07:14:41.117959548Z","level":"error","message":"}"}
{"level":"info","message":"[ops] {","timestamp":"2026-09-06T07:14:41.117963268Z"}
{"message":"  event: 'http_request',","timestamp":"2026-09-06T07:14:41.117966818Z","level":"info"}
{"timestamp":"2026-09-06T07:14:41.117970388Z","level":"info","message":"  ts: '2026-09-06T07:14:40.848Z',"}
{"timestamp":"2026-09-06T07:14:41.117974218Z","message":"  requestId: '68fcde1d-bf14-4f2c-b797-f4dc1054903e',","level":"info"}
{"message":"  method: 'GET',","timestamp":"2026-09-06T07:14:41.117978178Z","level":"info"}
{"level":"info","message":"  route: '/api/v2/agents/active',","timestamp":"2026-09-06T07:14:41.117981898Z"}
{"timestamp":"2026-09-06T07:14:41.117985448Z","message":"  status: 200,","level":"info"}
{"message":"  durationMs: 71","timestamp":"2026-09-06T07:14:41.117988987Z","level":"info"}
{"level":"info","message":"}","timestamp":"2026-09-06T07:14:41.117992727Z"}
{"level":"info","timestamp":"2026-09-06T07:14:41.117996547Z","message":"[ops] {"}
{"timestamp":"2026-09-06T07:14:41.118000327Z","message":"  event: 'http_request',","level":"info"}
{"level":"info","message":"  ts: '2026-09-06T07:14:40.980Z',","timestamp":"2026-09-06T07:14:41.118003827Z"}
{"timestamp":"2026-09-06T07:14:41.118008617Z","message":"  requestId: '5ded5937-bc59-49aa-b910-ef2f011b8d8d',","level":"info"}
{"timestamp":"2026-09-06T07:14:41.118013597Z","message":"  method: 'POST',","level":"info"}
{"message":"}","level":"info","timestamp":"2026-09-06T07:14:41.118261671Z"}
{"message":"[ops] {","timestamp":"2026-09-06T07:14:41.259961509Z","level":"info"}
{"message":"  event: 'studio.command_polled',","timestamp":"2026-09-06T07:14:41.259966289Z","level":"info"}
{"level":"info","message":"  ts: '2026-09-06T07:14:41.196Z',","timestamp":"2026-09-06T07:14:41.259969169Z"}
{"timestamp":"2026-09-06T07:14:41.259972208Z","message":"  requestId: '64a51d85-b6b5-4a40-bea1-a83eefdb8e50',","level":"info"}
{"timestamp":"2026-09-06T07:14:41.259975188Z","level":"info","message":"  sessionId: 'Iog4rWn0F2wcGR9xp3Jq',"}
{"timestamp":"2026-09-06T07:14:41.259978008Z","level":"info","message":"  status: 'empty'"}
{"message":"}","timestamp":"2026-09-06T07:14:41.259980898Z","level":"info"}
{"timestamp":"2026-09-06T07:14:41.259983468Z","message":"[ops] {","level":"info"}
{"message":"  event: 'http_request',","timestamp":"2026-09-06T07:14:41.259986408Z","level":"info"}
{"level":"info","message":"  ts: '2026-09-06T07:14:41.197Z',","timestamp":"2026-09-06T07:14:41.259988978Z"}
{"level":"info","message":"  requestId: '64a51d85-b6b5-4a40-bea1-a83eefdb8e50',","timestamp":"2026-09-06T07:14:41.259991468Z"}
{"timestamp":"2026-09-06T07:14:41.259995438Z","level":"info","message":"  method: 'GET',"}
{"message":"  route: '/api/studio/commands/next',","level":"info","timestamp":"2026-09-06T07:14:41.259998648Z"}
{"message":"  status: 204,","timestamp":"2026-09-06T07:14:41.260001548Z","level":"info"}
{"message":"  durationMs: 6152","timestamp":"2026-09-06T07:14:41.260005068Z","level":"info"}
{"message":"}","level":"info","timestamp":"2026-09-06T07:14:41.260007838Z"}
{"timestamp":"2026-09-06T07:14:41.531361783Z","level":"info","message":"[ops] {"}
{"message":"  event: 'http_request',","timestamp":"2026-09-06T07:14:41.531366293Z","level":"info"}
{"level":"info","message":"  ts: '2026-09-06T07:14:41.417Z',","timestamp":"2026-09-06T07:14:41.531369623Z"}
{"timestamp":"2026-09-06T07:14:41.531373123Z","level":"info","message":"  requestId: 'bfb773f0-d6d7-4649-b6f1-d98a0487177b',"}
{"message":"  method: 'GET',","timestamp":"2026-09-06T07:14:41.531377403Z","level":"info"}
{"timestamp":"2026-09-06T07:14:41.531380653Z","level":"info","message":"  route: '/api/v2/events',"}
{"message":"  status: 200,","timestamp":"2026-09-06T07:14:41.531383803Z","level":"info"}
{"message":"  durationMs: 641","level":"info","timestamp":"2026-09-06T07:14:41.531388872Z"}
{"timestamp":"2026-09-06T07:14:41.531391972Z","level":"info","message":"}"}
{"message":"  durationMs: 0","level":"info","timestamp":"2026-09-06T07:14:43.179582791Z"}
{"message":"}","timestamp":"2026-09-06T07:14:43.179589941Z","level":"info"}
{"message":"  method: 'OPTIONS',","level":"info","timestamp":"2026-09-06T07:14:43.179599021Z"}
{"message":"  ts: '2026-09-06T07:14:43.144Z',","timestamp":"2026-09-06T07:14:43.179604691Z","level":"info"}
{"message":"  route: '/api/studio/mcp/status',","timestamp":"2026-09-06T07:14:43.179605531Z","level":"info"}
{"message":"  event: 'http_request',","timestamp":"2026-09-06T07:14:43.179608240Z","level":"info"}
{"level":"info","timestamp":"2026-09-06T07:14:43.179613090Z","message":"  status: 204,"}
{"level":"info","timestamp":"2026-09-06T07:14:43.179617380Z","message":"  requestId: '8c36227a-890e-42da-84ea-d4ccb95e10bf',"}
{"message":"  ts: '2026-09-06T07:14:43.163Z',","timestamp":"2026-09-06T07:14:43.179617950Z","level":"info"}
{"level":"info","timestamp":"2026-09-06T07:14:43.179626510Z","message":"  requestId: '9148281a-7198-4b44-bf1e-d1fc10f2b5a0',"}
{"timestamp":"2026-09-06T07:14:43.179626530Z","message":"  method: 'OPTIONS',","level":"info"}
{"level":"info","message":"[ops] {","timestamp":"2026-09-06T07:14:43.179626850Z"}
{"timestamp":"2026-09-06T07:14:43.179633680Z","level":"info","message":"[ops] {"}
{"level":"info","message":"  route: '/api/studio/status',","timestamp":"2026-09-06T07:14:43.179637270Z"}
{"level":"info","message":"  event: 'http_request',","timestamp":"2026-09-06T07:14:43.179642450Z"}
{"level":"info","message":"  ts: '2026-09-06T07:14:43.079Z',","timestamp":"2026-09-06T07:14:43.179649800Z"}
{"message":"  requestId: '209d9008-2568-4184-8034-28d9a4559f14',","level":"info","timestamp":"2026-09-06T07:14:43.179668899Z"}
{"level":"info","timestamp":"2026-09-06T07:14:43.179672159Z","message":"  status: 204,"}
{"level":"info","message":"  durationMs: 0","timestamp":"2026-09-06T07:14:43.179688249Z"}
{"message":"  method: 'OPTIONS',","timestamp":"2026-09-06T07:14:43.179689889Z","level":"info"}
{"timestamp":"2026-09-06T07:14:43.179698528Z","message":"}","level":"info"}
{"message":"  route: '/api/v2/events',","timestamp":"2026-09-06T07:14:43.179699038Z","level":"info"}
{"message":"  status: 204,","timestamp":"2026-09-06T07:14:43.179705878Z","level":"info"}
{"level":"info","message":"  durationMs: 0","timestamp":"2026-09-06T07:14:43.179710468Z"}
{"level":"info","message":"}","timestamp":"2026-09-06T07:14:43.179715268Z"}
{"message":"[ops] {","timestamp":"2026-09-06T07:14:43.179719648Z","level":"info"}
{"timestamp":"2026-09-06T07:14:43.179723498Z","level":"info","message":"  event: 'http_request',"}
{"timestamp":"2026-09-06T07:14:43.253282956Z","message":"[ops] {","level":"error"}
{"message":"  event: 'security.app_check_rejected',","timestamp":"2026-09-06T07:14:43.253288966Z","level":"error"}
{"message":"  ts: '2026-09-06T07:14:43.245Z',","level":"error","timestamp":"2026-09-06T07:14:43.253292896Z"}
{"level":"error","message":"  reason: 'missing_token',","timestamp":"2026-09-06T07:14:43.253296646Z"}
{"timestamp":"2026-09-06T07:14:43.253299735Z","message":"  mode: 'monitor',","level":"error"}
{"level":"error","message":"  route: '/api/v2/events'","timestamp":"2026-09-06T07:14:43.253303095Z"}
{"message":"}","level":"error","timestamp":"2026-09-06T07:14:43.253309625Z"}
{"level":"error","message":"[ops] {","timestamp":"2026-09-06T07:14:43.326429563Z"}
{"message":"  event: 'security.app_check_rejected',","level":"error","timestamp":"2026-09-06T07:14:43.326443293Z"}
{"level":"error","timestamp":"2026-09-06T07:14:43.326451443Z","message":"  ts: '2026-09-06T07:14:43.319Z',"}
{"message":"  reason: 'missing_token',","level":"error","timestamp":"2026-09-06T07:14:43.326457532Z"}
{"level":"error","message":"  mode: 'monitor',","timestamp":"2026-09-06T07:14:43.326463132Z"}
{"timestamp":"2026-09-06T07:14:43.326467782Z","level":"error","message":"  route: '/api/studio/status'"}
{"timestamp":"2026-09-06T07:14:43.326472552Z","message":"}","level":"error"}
{"message":"[ops] {","timestamp":"2026-09-06T07:14:43.342925919Z","level":"error"}
{"level":"error","timestamp":"2026-09-06T07:14:43.342932799Z","message":"  event: 'security.app_check_rejected',"}
{"message":"  ts: '2026-09-06T07:14:43.338Z',","timestamp":"2026-09-06T07:14:43.342937839Z","level":"error"}
{"message":"  reason: 'missing_token',","level":"error","timestamp":"2026-09-06T07:14:43.342940839Z"}
{"message":"  mode: 'monitor',","timestamp":"2026-09-06T07:14:43.342943849Z","level":"error"}
{"timestamp":"2026-09-06T07:14:43.342947149Z","level":"error","message":"  route: '/api/studio/mcp/status'"}
{"message":"}","level":"error","timestamp":"2026-09-06T07:14:43.342949989Z"}
{"timestamp":"2026-09-06T07:14:43.803036830Z","level":"info","message":"[ops] {"}
{"timestamp":"2026-09-06T07:14:43.803047500Z","message":"  event: 'http_request',","level":"info"}
{"level":"info","message":"  ts: '2026-09-06T07:14:43.801Z',","timestamp":"2026-09-06T07:14:43.803052970Z"}
{"message":"  requestId: 'eafd893b-7f87-4f03-8eb5-71a2b68f3d1e',","level":"info","timestamp":"2026-09-06T07:14:43.803056969Z"}
{"timestamp":"2026-09-06T07:14:43.803060489Z","message":"  method: 'GET',","level":"info"}
{"timestamp":"2026-09-06T07:14:43.803064819Z","level":"info","message":"  route: '/api/studio/mcp/status',"}
{"level":"info","message":"  status: 200,","timestamp":"2026-09-06T07:14:43.803068509Z"}
{"level":"info","message":"  durationMs: 463","timestamp":"2026-09-06T07:14:43.803072419Z"}
{"timestamp":"2026-09-06T07:14:43.803076459Z","level":"info","message":"}"}
{"message":"[ops] {","timestamp":"2026-09-06T07:14:43.844282900Z","level":"info"}
{"level":"info","timestamp":"2026-09-06T07:14:43.844294299Z","message":"  event: 'http_request',"}
{"timestamp":"2026-09-06T07:14:43.844297579Z","level":"info","message":"  ts: '2026-09-06T07:14:43.830Z',"}
{"level":"info","message":"  requestId: '66cf9f39-2946-41fc-91c7-001bd1862181',","timestamp":"2026-09-06T07:14:43.844311429Z"}
{"timestamp":"2026-09-06T07:14:43.844314709Z","level":"info","message":"  method: 'GET',"}
{"message":"  route: '/api/v2/events',","timestamp":"2026-09-06T07:14:43.844317879Z","level":"info"}
{"level":"info","timestamp":"2026-09-06T07:14:43.844330069Z","message":"  status: 200,"}
{"timestamp":"2026-09-06T07:14:43.844333228Z","message":"  durationMs: 585","level":"info"}
{"level":"info","message":"}","timestamp":"2026-09-06T07:14:43.844335968Z"}
{"timestamp":"2026-09-06T07:14:44.217769349Z","message":"[ops] {","level":"info"}
{"message":"  event: 'http_request',","level":"info","timestamp":"2026-09-06T07:14:44.217774479Z"}
{"timestamp":"2026-09-06T07:14:44.217777899Z","level":"info","message":"  ts: '2026-09-06T07:14:43.979Z',"}
{"message":"  requestId: '95f363b9-f682-4f48-881f-fd2e88c5c800',","timestamp":"2026-09-06T07:14:44.217782029Z","level":"info"}
{"message":"  method: 'GET',","timestamp":"2026-09-06T07:14:44.217785629Z","level":"info"}
{"message":"  route: '/api/studio/status',","level":"info","timestamp":"2026-09-06T07:14:44.217789209Z"}
{"timestamp":"2026-09-06T07:14:44.217792249Z","level":"info","message":"  status: 200,"}
{"timestamp":"2026-09-06T07:14:44.217795769Z","level":"info","message":"  durationMs: 660"}
{"timestamp":"2026-09-06T07:14:44.217799619Z","level":"info","message":"}"}
{"level":"info","message":"  method: 'POST',","timestamp":"2026-09-06T07:14:44.299328242Z"}
{"message":"[ops] {","timestamp":"2026-09-06T07:14:44.299334192Z","level":"info"}
{"message":"  event: 'studio.plugin_compatibility_handshake',","timestamp":"2026-09-06T07:14:44.299346842Z","level":"info"}
{"message":"  route: '/api/studio/session/ping',","timestamp":"2026-09-06T07:14:44.299352232Z","level":"info"}
{"message":"  ts: '2026-09-06T07:14:44.275Z',","level":"info","timestamp":"2026-09-06T07:14:44.299356632Z"}
{"message":"  requestId: 'e50ebb87-2839-49bc-8eda-b5adb835c2de',","timestamp":"2026-09-06T07:14:44.299364652Z","level":"info"}
{"timestamp":"2026-09-06T07:14:44.299370311Z","message":"  repairDurationMs: 641","level":"info"}
{"timestamp":"2026-09-06T07:14:44.299371251Z","level":"info","message":"  sessionId: 'MLq8J3mhz56J6BRsAeQe',"}
{"timestamp":"2026-09-06T07:14:44.299375871Z","level":"info","message":"  status: 200,"}
{"level":"info","timestamp":"2026-09-06T07:14:44.299379091Z","message":"  userId: '0VSQotqOXxPXBLeQu1gUNkXELWH3',"}
{"level":"info","message":"}","timestamp":"2026-09-06T07:14:44.299384921Z"}
{"timestamp":"2026-09-06T07:14:44.299386491Z","message":"  durationMs: 729","level":"info"}
{"timestamp":"2026-09-06T07:14:44.299389101Z","message":"  status: 'compatible',","level":"info"}
{"message":"}","timestamp":"2026-09-06T07:14:44.299396071Z","level":"info"}
{"timestamp":"2026-09-06T07:14:44.299396401Z","level":"info","message":"[ops] {"}
{"level":"info","message":"  reasonCodes: [],","timestamp":"2026-09-06T07:14:44.299399791Z"}
{"timestamp":"2026-09-06T07:14:44.299403351Z","level":"info","message":"  event: 'http_request',"}
{"level":"info","timestamp":"2026-09-06T07:14:44.299407561Z","message":"  buildId: 'nexusrbx-studio-0.14.0-r15-animation.12-toolbox',"}
{"level":"info","timestamp":"2026-09-06T07:14:44.299412240Z","message":"  ts: '2026-09-06T07:14:44.275Z',"}
{"message":"  attestationWritten: false,","level":"info","timestamp":"2026-09-06T07:14:44.299415260Z"}
{"level":"info","message":"  requestId: 'e50ebb87-2839-49bc-8eda-b5adb835c2de',","timestamp":"2026-09-06T07:14:44.299419220Z"}
{"message":"[ops] {","level":"info","timestamp":"2026-09-06T07:14:45.615879285Z"}
{"message":"  event: 'http_request',","level":"info","timestamp":"2026-09-06T07:14:45.615882545Z"}
{"level":"info","message":"  ts: '2026-09-06T07:14:45.590Z',","timestamp":"2026-09-06T07:14:45.615886115Z"}
{"timestamp":"2026-09-06T07:14:45.615888835Z","level":"info","message":"  requestId: '22dbcd44-db86-4dda-9f48-d73107af39ac',"}
{"level":"info","message":"  method: 'OPTIONS',","timestamp":"2026-09-06T07:14:45.615891805Z"}
{"message":"  route: '/api/v2/events',","timestamp":"2026-09-06T07:14:45.615894335Z","level":"info"}
{"message":"  status: 204,","timestamp":"2026-09-06T07:14:45.615897415Z","level":"info"}
{"timestamp":"2026-09-06T07:14:45.615900494Z","message":"  durationMs: 0","level":"info"}
{"level":"info","message":"}","timestamp":"2026-09-06T07:14:45.615903414Z"}
{"level":"error","timestamp":"2026-09-06T07:14:45.829859091Z","message":"[ops] {"}
{"message":"  event: 'security.app_check_rejected',","timestamp":"2026-09-06T07:14:45.829864151Z","level":"error"}
{"message":"  ts: '2026-09-06T07:14:45.827Z',","timestamp":"2026-09-06T07:14:45.829867581Z","level":"error"}
{"timestamp":"2026-09-06T07:14:45.829870360Z","message":"  reason: 'missing_token',","level":"error"}
{"timestamp":"2026-09-06T07:14:45.829873620Z","message":"  mode: 'monitor',","level":"error"}
{"level":"error","timestamp":"2026-09-06T07:14:45.829877370Z","message":"  route: '/api/v2/events'"}
{"message":"}","level":"error","timestamp":"2026-09-06T07:14:45.829880720Z"}
{"timestamp":"2026-09-06T07:14:46.432757391Z","message":"  method: 'GET',","level":"info"}
{"level":"info","message":"  route: '/api/v2/events',","timestamp":"2026-09-06T07:14:46.432768841Z"}
{"message":"  status: 200,","timestamp":"2026-09-06T07:14:46.432773031Z","level":"info"}
{"message":"  durationMs: 604","timestamp":"2026-09-06T07:14:46.432777271Z","level":"info"}
{"message":"}","level":"info","timestamp":"2026-09-06T07:14:46.432781801Z"}
{"level":"info","message":"[ops] {","timestamp":"2026-09-06T07:14:46.432799480Z"}
{"message":"  event: 'http_request',","level":"info","timestamp":"2026-09-06T07:14:46.432802760Z"}
{"level":"info","message":"  ts: '2026-09-06T07:14:46.234Z',","timestamp":"2026-09-06T07:14:46.432806460Z"}
{"level":"info","timestamp":"2026-09-06T07:14:46.432809830Z","message":"  requestId: 'c8ddfc88-3a01-4883-9483-e54b875957eb',"}
{"level":"info","timestamp":"2026-09-06T07:14:46.432812720Z","message":"  method: 'POST',"}
{"level":"info","message":"  route: '/api/studio/mcp/session/ping',","timestamp":"2026-09-06T07:14:46.432815590Z"}
{"timestamp":"2026-09-06T07:14:46.432818860Z","message":"  status: 200,","level":"info"}
{"message":"  durationMs: 291","timestamp":"2026-09-06T07:14:46.432821450Z","level":"info"}
{"timestamp":"2026-09-06T07:14:46.432824300Z","level":"info","message":"}"}
{"timestamp":"2026-09-06T07:14:46.432827250Z","level":"info","message":"[ops] {"}
{"timestamp":"2026-09-06T07:14:46.432830070Z","message":"  event: 'http_request',","level":"info"}
{"message":"  ts: '2026-09-06T07:14:46.431Z',","timestamp":"2026-09-06T07:14:46.432833229Z","level":"info"}
{"message":"  requestId: '8198ee43-9abc-4a1a-8109-07ecdccb05b1',","timestamp":"2026-09-06T07:14:46.432836259Z","level":"info"}
{"message":"[ops] {","level":"info","timestamp":"2026-09-06T07:14:48.093095883Z"}
{"level":"info","message":"  event: 'http_request',","timestamp":"2026-09-06T07:14:48.093105613Z"}
{"timestamp":"2026-09-06T07:14:48.093110073Z","message":"  ts: '2026-09-06T07:14:48.083Z',","level":"info"}
{"timestamp":"2026-09-06T07:14:48.093113413Z","level":"info","message":"  requestId: '0beb0df9-6b07-4add-bac3-f255b8fd0999',"}
{"message":"  method: 'OPTIONS',","timestamp":"2026-09-06T07:14:48.093117003Z","level":"info"}
{"message":"  route: '/api/v2/events',","level":"info","timestamp":"2026-09-06T07:14:48.093120702Z"}
{"level":"info","message":"  status: 204,","timestamp":"2026-09-06T07:14:48.093123822Z"}
{"message":"  durationMs: 0","timestamp":"2026-09-06T07:14:48.093127762Z","level":"info"}
{"timestamp":"2026-09-06T07:14:48.093131372Z","level":"info","message":"}"}
{"timestamp":"2026-09-06T07:14:48.538402600Z","level":"error","message":"[ops] {"}
{"timestamp":"2026-09-06T07:14:48.538407020Z","level":"error","message":"  event: 'security.app_check_rejected',"}
{"message":"  ts: '2026-09-06T07:14:48.271Z',","timestamp":"2026-09-06T07:14:48.538411350Z","level":"error"}
{"timestamp":"2026-09-06T07:14:48.538415230Z","message":"  reason: 'missing_token',","level":"error"}
{"message":"  mode: 'monitor',","timestamp":"2026-09-06T07:14:48.538418870Z","level":"error"}
{"message":"  route: '/api/v2/events'","level":"error","timestamp":"2026-09-06T07:14:48.538422499Z"}
{"message":"}","timestamp":"2026-09-06T07:14:48.538429689Z","level":"error"}
{"level":"info","timestamp":"2026-09-06T07:14:48.538432999Z","message":"[ops] {"}
{"message":"  event: 'studio.command_polled',","level":"info","timestamp":"2026-09-06T07:14:48.538436589Z"}
{"timestamp":"2026-09-06T07:14:48.538440119Z","message":"  ts: '2026-09-06T07:14:48.331Z',","level":"info"}
{"timestamp":"2026-09-06T07:14:48.538443519Z","level":"info","message":"  requestId: '9f3b3f58-2b9c-4355-8506-09143217df6a',"}
{"message":"  sessionId: 'DlvFpLpN0vX1CB5Fvwv9',","level":"info","timestamp":"2026-09-06T07:14:48.538448809Z"}
{"level":"info","timestamp":"2026-09-06T07:14:48.538452559Z","message":"  status: 'empty'"}
{"timestamp":"2026-09-06T07:14:48.538456379Z","level":"info","message":"}"}
{"timestamp":"2026-09-06T07:14:48.538459949Z","level":"info","message":"[ops] {"}
{"message":"  event: 'http_request',","level":"info","timestamp":"2026-09-06T07:14:48.538463399Z"}
{"message":"  ts: '2026-09-06T07:14:48.332Z',","level":"info","timestamp":"2026-09-06T07:14:48.538466378Z"}
{"timestamp":"2026-09-06T07:14:48.538469668Z","level":"info","message":"  requestId: '9f3b3f58-2b9c-4355-8506-09143217df6a',"}
{"level":"info","message":"  method: 'GET',","timestamp":"2026-09-06T07:14:48.538472768Z"}
{"level":"info","message":"  route: '/api/studio/mcp/commands/next',","timestamp":"2026-09-06T07:14:48.538477288Z"}
{"level":"info","message":"  status: 204,","timestamp":"2026-09-06T07:14:48.538482038Z"}
{"timestamp":"2026-09-06T07:14:48.538486378Z","message":"  durationMs: 5064","level":"info"}
{"message":"}","level":"info","timestamp":"2026-09-06T07:14:48.538491038Z"}
{"level":"info","timestamp":"2026-09-06T07:14:48.968865700Z","message":"[ops] {"}
{"level":"info","message":"  event: 'http_request',","timestamp":"2026-09-06T07:14:48.968869210Z"}
{"level":"info","timestamp":"2026-09-06T07:14:48.968872160Z","message":"  ts: '2026-09-06T07:14:48.957Z',"}
{"level":"info","timestamp":"2026-09-06T07:14:48.968875910Z","message":"  requestId: '232f81a9-4038-4b7f-a983-3df3b3462ade',"}
{"message":"  method: 'POST',","level":"info","timestamp":"2026-09-06T07:14:48.968878810Z"}
{"message":"  route: '/api/studio/mcp/session/ping',","timestamp":"2026-09-06T07:14:48.968881730Z","level":"info"}
{"message":"  status: 200,","timestamp":"2026-09-06T07:14:48.968884770Z","level":"info"}
{"level":"info","message":"  durationMs: 336","timestamp":"2026-09-06T07:14:48.968888129Z"}
{"timestamp":"2026-09-06T07:14:48.968890829Z","message":"}","level":"info"}
{"message":"[ops] {","timestamp":"2026-09-06T07:14:48.974937379Z","level":"info"}
{"timestamp":"2026-09-06T07:14:48.974942749Z","message":"  event: 'http_request',","level":"info"}
{"timestamp":"2026-09-06T07:14:48.974946079Z","message":"  ts: '2026-09-06T07:14:48.973Z',","level":"info"}
{"message":"  requestId: 'a61c6a59-d343-4411-8a4a-e5828bad758f',","timestamp":"2026-09-06T07:14:48.974949049Z","level":"info"}
{"message":"  method: 'GET',","timestamp":"2026-09-06T07:14:48.974951699Z","level":"info"}
{"timestamp":"2026-09-06T07:14:48.974955629Z","message":"  route: '/api/v2/events',","level":"info"}
{"message":"  status: 200,","timestamp":"2026-09-06T07:14:48.974958459Z","level":"info"}
{"message":"  durationMs: 702","timestamp":"2026-09-06T07:14:48.974961319Z","level":"info"}
{"level":"info","message":"}","timestamp":"2026-09-06T07:14:48.974964119Z"}
{"timestamp":"2026-09-06T07:14:50.648160765Z","message":"  status: 204,","level":"info"}
{"message":"  status: 204,","timestamp":"2026-09-06T07:14:50.648164115Z","level":"info"}
{"timestamp":"2026-09-06T07:14:50.648173825Z","level":"info","message":"  durationMs: 0"}
{"timestamp":"2026-09-06T07:14:50.648173835Z","message":"  durationMs: 0","level":"info"}
{"level":"info","message":"}","timestamp":"2026-09-06T07:14:50.648181614Z"}
{"message":"}","timestamp":"2026-09-06T07:14:50.648181664Z","level":"info"}
{"message":"  requestId: '269993fa-b4b6-4829-93b1-1900ba4a8445',","timestamp":"2026-09-06T07:14:50.648181834Z","level":"info"}
{"level":"info","message":"[ops] {","timestamp":"2026-09-06T07:14:50.648189324Z"}
{"message":"  mode: 'monitor',","timestamp":"2026-09-06T07:14:50.648199614Z","level":"error"}
{"timestamp":"2026-09-06T07:14:50.648199644Z","message":"  event: 'http_request',","level":"info"}
{"level":"info","message":"  method: 'OPTIONS',","timestamp":"2026-09-06T07:14:50.648201054Z"}
{"level":"error","timestamp":"2026-09-06T07:14:50.648206634Z","message":"[ops] {"}
{"level":"info","message":"  ts: '2026-09-06T07:14:50.584Z',","timestamp":"2026-09-06T07:14:50.648212054Z"}
{"level":"info","message":"  route: '/api/v2/agents/active',","timestamp":"2026-09-06T07:14:50.648215354Z"}
{"message":"  event: 'security.app_check_rejected',","timestamp":"2026-09-06T07:14:50.648217254Z","level":"error"}
{"message":"  route: '/api/studio/chat/bootstrap'","level":"error","timestamp":"2026-09-06T07:14:50.648221053Z"}
{"message":"  ts: '2026-09-06T07:14:50.118Z',","timestamp":"2026-09-06T07:14:50.648224253Z","level":"error"}
{"timestamp":"2026-09-06T07:14:50.648230253Z","level":"error","message":"}"}
{"message":"  reason: 'missing_token',","level":"error","timestamp":"2026-09-06T07:14:50.648231163Z"}
{"type":"firestore_write_metric","counter":"studio_session","timestamp":"2026-09-06T07:14:50.648237413Z","count":1,"message":"","jobId":null,"sessionId":"Iog4rWn0F2wcGR9xp3Jq","total":102,"level":"info","writesPerStudioSessionHour":98,"ts":1788678890357}
{"timestamp":"2026-09-06T07:14:50.648241473Z","message":"[ops] {","level":"info"}
{"message":"  event: 'http_request',","timestamp":"2026-09-06T07:14:50.648245623Z","level":"info"}
{"level":"info","timestamp":"2026-09-06T07:14:50.648250123Z","message":"  ts: '2026-09-06T07:14:50.479Z',"}
{"message":"  requestId: 'e9dd0f3f-ce65-4cc1-993c-1e6edbbb31df',","timestamp":"2026-09-06T07:14:50.648254423Z","level":"info"}
{"message":"  method: 'GET',","timestamp":"2026-09-06T07:14:50.648258113Z","level":"info"}
{"level":"info","timestamp":"2026-09-06T07:14:50.648262163Z","message":"  route: '/api/studio/chat/bootstrap',"}
{"level":"info","message":"  status: 200,","timestamp":"2026-09-06T07:14:50.648266492Z"}
{"timestamp":"2026-09-06T07:14:50.648270172Z","message":"  durationMs: 361","level":"info"}
{"timestamp":"2026-09-06T07:14:50.648273592Z","message":"}","level":"info"}
{"timestamp":"2026-09-06T07:14:50.648277612Z","message":"[ops] {","level":"info"}
{"timestamp":"2026-09-06T07:14:50.648281432Z","message":"  event: 'http_request',","level":"info"}
{"message":"  ts: '2026-09-06T07:14:50.582Z',","level":"info","timestamp":"2026-09-06T07:14:50.648285552Z"}
{"level":"info","message":"  requestId: '165b2f1e-7845-4a9d-b93b-bc4bf40573e2',","timestamp":"2026-09-06T07:14:50.648290842Z"}
{"message":"  method: 'OPTIONS',","timestamp":"2026-09-06T07:14:50.648297052Z","level":"info"}
{"timestamp":"2026-09-06T07:14:50.648302372Z","level":"info","message":"  route: '/api/v2/events',"}
{"timestamp":"2026-09-06T07:14:50.700628869Z","level":"info","sessionId":"Iog4rWn0F2wcGR9xp3Jq","total":103,"counter":"studio_session","jobId":null,"writesPerStudioSessionHour":99,"count":1,"type":"firestore_write_metric","message":"","ts":1788678890676}
{"timestamp":"2026-09-06T07:14:50.700631119Z","message":"[ops] {","level":"info"}
{"level":"info","message":"  event: 'studio.plugin_compatibility_handshake',","timestamp":"2026-09-06T07:14:50.700634099Z"}
{"level":"info","message":"  ts: '2026-09-06T07:14:50.676Z',","timestamp":"2026-09-06T07:14:50.700636779Z"}
{"level":"info","message":"  requestId: '43fbf63c-3192-4e2c-8a2a-c2710e2d6cf3',","timestamp":"2026-09-06T07:14:50.700639129Z"}
{"level":"info","message":"  sessionId: 'Iog4rWn0F2wcGR9xp3Jq',","timestamp":"2026-09-06T07:14:50.700641489Z"}
{"timestamp":"2026-09-06T07:14:50.700644039Z","level":"info","message":"  userId: 'klu6Sv5QeEgYWlHjsgQwMkZCvsb2',"}
{"message":"  status: 'degraded',","level":"info","timestamp":"2026-09-06T07:14:50.700646869Z"}
{"message":"  reasonCodes: [ 'command_unavailable' ],","level":"info","timestamp":"2026-09-06T07:14:50.700649279Z"}
{"timestamp":"2026-09-06T07:14:50.700651788Z","level":"info","message":"  buildId: 'nexusrbx-studio-0.14.0-r15-animation.10-native-value-normalization',"}
{"message":"  attestationWritten: true,","level":"info","timestamp":"2026-09-06T07:14:50.700654368Z"}
{"level":"info","message":"  repairDurationMs: 504","timestamp":"2026-09-06T07:14:50.700656748Z"}
{"level":"info","timestamp":"2026-09-06T07:14:50.700659108Z","message":"}"}
{"timestamp":"2026-09-06T07:14:50.700661648Z","message":"[ops] {","level":"info"}
{"message":"  event: 'http_request',","timestamp":"2026-09-06T07:14:50.700664038Z","level":"info"}
{"timestamp":"2026-09-06T07:14:50.700666608Z","level":"info","message":"  ts: '2026-09-06T07:14:50.676Z',"}
{"message":"  requestId: '43fbf63c-3192-4e2c-8a2a-c2710e2d6cf3',","level":"info","timestamp":"2026-09-06T07:14:50.700669208Z"}
{"message":"  method: 'POST',","timestamp":"2026-09-06T07:14:50.700671508Z","level":"info"}
{"timestamp":"2026-09-06T07:14:50.700674268Z","level":"info","message":"  route: '/api/studio/session/ping',"}
{"level":"info","message":"  status: 200,","timestamp":"2026-09-06T07:14:50.700676908Z"}
{"timestamp":"2026-09-06T07:14:50.700679538Z","level":"info","message":"  durationMs: 559"}
{"level":"info","message":"}","timestamp":"2026-09-06T07:14:50.700681938Z"}
{"message":"[ops] {","level":"error","timestamp":"2026-09-06T07:14:50.856046837Z"}
{"message":"  event: 'security.app_check_rejected',","level":"error","timestamp":"2026-09-06T07:14:50.856053596Z"}
{"timestamp":"2026-09-06T07:14:50.856057156Z","message":"  ts: '2026-09-06T07:14:50.830Z',","level":"error"}
{"timestamp":"2026-09-06T07:14:50.856059736Z","message":"  reason: 'missing_token',","level":"error"}
{"timestamp":"2026-09-06T07:14:50.856062496Z","message":"  mode: 'monitor',","level":"error"}
{"message":"  route: '/api/v2/agents/active'","level":"error","timestamp":"2026-09-06T07:14:50.856067446Z"}
{"level":"error","message":"}","timestamp":"2026-09-06T07:14:50.856070866Z"}
{"message":"[ops] {","timestamp":"2026-09-06T07:14:50.856073726Z","level":"error"}
{"message":"  event: 'security.app_check_rejected',","timestamp":"2026-09-06T07:14:50.856076516Z","level":"error"}
{"level":"error","timestamp":"2026-09-06T07:14:50.856079236Z","message":"  ts: '2026-09-06T07:14:50.832Z',"}
{"timestamp":"2026-09-06T07:14:50.856083726Z","level":"error","message":"  reason: 'missing_token',"}
{"timestamp":"2026-09-06T07:14:50.856086606Z","message":"  mode: 'monitor',","level":"error"}
{"timestamp":"2026-09-06T07:14:50.856089486Z","message":"  route: '/api/v2/events'","level":"error"}
{"message":"}","timestamp":"2026-09-06T07:14:50.856093626Z","level":"error"}
{"level":"info","message":"[ops] {","timestamp":"2026-09-06T07:14:50.896538178Z"}
{"message":"  event: 'http_request',","timestamp":"2026-09-06T07:14:50.896544238Z","level":"info"}
{"message":"  ts: '2026-09-06T07:14:50.888Z',","level":"info","timestamp":"2026-09-06T07:14:50.896547548Z"}
{"level":"info","message":"  requestId: '16c1d30e-de94-4cc7-9a92-62d152e00cb5',","timestamp":"2026-09-06T07:14:50.896550778Z"}
{"timestamp":"2026-09-06T07:14:50.896557238Z","level":"info","message":"  method: 'GET',"}
{"message":"  route: '/api/v2/agents/active',","level":"info","timestamp":"2026-09-06T07:14:50.896561008Z"}
{"message":"  status: 200,","timestamp":"2026-09-06T07:14:50.896565108Z","level":"info"}
{"message":"  durationMs: 58","timestamp":"2026-09-06T07:14:50.896569118Z","level":"info"}
{"level":"info","message":"}","timestamp":"2026-09-06T07:14:50.896573017Z"}
{"writesPerStudioSessionHour":100,"level":"info","total":104,"message":"","type":"firestore_write_metric","jobId":null,"count":1,"counter":"studio_session","timestamp":"2026-09-06T07:14:51.621984174Z","ts":1788678891355,"sessionId":"Iog4rWn0F2wcGR9xp3Jq"}
{"message":"[ops] {","timestamp":"2026-09-06T07:14:51.621989944Z","level":"info"}
{"message":"  event: 'http_request',","timestamp":"2026-09-06T07:14:51.621993264Z","level":"info"}
{"level":"info","message":"  ts: '2026-09-06T07:14:51.511Z',","timestamp":"2026-09-06T07:14:51.621997434Z"}
{"level":"info","message":"  requestId: '3197a0e7-5b90-4b4b-a994-01a5c9a1bb04',","timestamp":"2026-09-06T07:14:51.622000463Z"}
{"level":"info","message":"  method: 'GET',","timestamp":"2026-09-06T07:14:51.622003913Z"}
{"timestamp":"2026-09-06T07:14:51.622007333Z","level":"info","message":"  route: '/api/v2/events',"}
{"level":"info","message":"  status: 200,","timestamp":"2026-09-06T07:14:51.622010833Z"}
{"timestamp":"2026-09-06T07:14:51.622013953Z","message":"  durationMs: 680","level":"info"}
{"level":"info","timestamp":"2026-09-06T07:14:51.622017983Z","message":"}"}
{"sessionId":"Iog4rWn0F2wcGR9xp3Jq","type":"firestore_write_metric","jobId":null,"message":"","writesPerStudioSessionHour":101,"ts":1788678891651,"count":1,"level":"info","timestamp":"2026-09-06T07:14:51.661575347Z","counter":"studio_session","total":105}
{"timestamp":"2026-09-06T07:14:51.661586817Z","level":"info","message":"[ops] {"}
{"level":"info","message":"  event: 'studio.plugin_compatibility_handshake',","timestamp":"2026-09-06T07:14:51.661592296Z"}
{"timestamp":"2026-09-06T07:14:51.661597646Z","message":"  ts: '2026-09-06T07:14:51.651Z',","level":"info"}
{"timestamp":"2026-09-06T07:14:51.661601466Z","level":"info","message":"  requestId: '5f66bafc-80fa-4319-b114-8891d77ea7ad',"}
{"timestamp":"2026-09-06T07:14:51.661607036Z","message":"  sessionId: 'Iog4rWn0F2wcGR9xp3Jq',","level":"info"}
{"level":"info","timestamp":"2026-09-06T07:14:51.661610866Z","message":"  userId: 'klu6Sv5QeEgYWlHjsgQwMkZCvsb2',"}
{"timestamp":"2026-09-06T07:14:51.661614646Z","message":"  status: 'degraded',","level":"info"}
{"message":"  reasonCodes: [ 'command_unavailable' ],","timestamp":"2026-09-06T07:14:51.661618246Z","level":"info"}
{"timestamp":"2026-09-06T07:14:51.661622386Z","level":"info","message":"  buildId: 'nexusrbx-studio-0.14.0-r15-animation.10-native-value-normalization',"}
{"level":"info","timestamp":"2026-09-06T07:14:51.661626236Z","message":"  attestationWritten: true,"}
{"timestamp":"2026-09-06T07:14:51.661630116Z","level":"info","message":"  repairDurationMs: 447"}
{"level":"info","message":"}","timestamp":"2026-09-06T07:14:51.661634015Z"}
{"message":"[ops] {","level":"info","timestamp":"2026-09-06T07:14:51.661637725Z"}
{"message":"  event: 'http_request',","timestamp":"2026-09-06T07:14:51.661641275Z","level":"info"}
{"message":"  ts: '2026-09-06T07:14:51.651Z',","timestamp":"2026-09-06T07:14:51.661644875Z","level":"info"}
{"message":"  requestId: '5f66bafc-80fa-4319-b114-8891d77ea7ad',","timestamp":"2026-09-06T07:14:51.661648095Z","level":"info"}
{"message":"  method: 'POST',","timestamp":"2026-09-06T07:14:51.661652125Z","level":"info"}
{"message":"  route: '/api/studio/session/ping',","timestamp":"2026-09-06T07:14:51.661655635Z","level":"info"}
{"timestamp":"2026-09-06T07:14:51.661659095Z","message":"  status: 200,","level":"info"}
{"message":"  durationMs: 503","timestamp":"2026-09-06T07:14:51.661662055Z","level":"info"}
{"level":"info","timestamp":"2026-09-06T07:14:51.661665085Z","message":"}"}
{"level":"error","message":"[ops] {","timestamp":"2026-09-06T07:14:51.872492181Z"}
{"message":"  event: 'security.app_check_rejected',","level":"error","timestamp":"2026-09-06T07:14:51.872499861Z"}
{"level":"error","timestamp":"2026-09-06T07:14:51.872505351Z","message":"  ts: '2026-09-06T07:14:51.843Z',"}
{"timestamp":"2026-09-06T07:14:51.872510071Z","level":"error","message":"  reason: 'missing_token',"}
{"timestamp":"2026-09-06T07:14:51.872514781Z","message":"  mode: 'monitor',","level":"error"}
{"message":"  route: '/api/studio/chat/conversations/WlRLYGx4jXSoDHlCl5WW/messages'","level":"error","timestamp":"2026-09-06T07:14:51.872520191Z"}
{"level":"error","timestamp":"2026-09-06T07:14:51.872525221Z","message":"}"}
{"message":"[ops] {","timestamp":"2026-09-06T07:14:52.150612342Z","level":"info"}
{"level":"info","timestamp":"2026-09-06T07:14:52.150617942Z","message":"  event: 'http_request',"}
{"message":"  ts: '2026-09-06T07:14:52.110Z',","level":"info","timestamp":"2026-09-06T07:14:52.150622521Z"}
{"message":"  requestId: 'df3f7329-4d05-423d-a5d1-2fc8e42becc1',","timestamp":"2026-09-06T07:14:52.150625641Z","level":"info"}
{"message":"  method: 'GET',","timestamp":"2026-09-06T07:14:52.150628351Z","level":"info"}
{"level":"info","message":"  route: '/api/studio/chat/conversations/:chatId/messages',","timestamp":"2026-09-06T07:14:52.150631111Z"}
{"level":"info","message":"  status: 200,","timestamp":"2026-09-06T07:14:52.150634031Z"}
{"timestamp":"2026-09-06T07:14:52.150637051Z","level":"info","message":"  durationMs: 267"}
{"timestamp":"2026-09-06T07:14:52.150639871Z","level":"info","message":"}"}
{"type":"firestore_write_metric","jobId":null,"sessionId":"Iog4rWn0F2wcGR9xp3Jq","level":"info","writesPerStudioSessionHour":102,"counter":"studio_session","total":106,"timestamp":"2026-09-06T07:14:52.754521841Z","message":"","ts":1788678892538,"count":1}
{"counter":"studio_session","ts":1788678892824,"total":107,"message":"","timestamp":"2026-09-06T07:14:52.838304242Z","level":"info","type":"firestore_write_metric","count":1,"jobId":null,"sessionId":"Iog4rWn0F2wcGR9xp3Jq","writesPerStudioSessionHour":103}
{"timestamp":"2026-09-06T07:14:52.838315181Z","message":"[ops] {","level":"info"}
{"message":"  event: 'studio.plugin_compatibility_handshake',","level":"info","timestamp":"2026-09-06T07:14:52.838322241Z"}
{"timestamp":"2026-09-06T07:14:52.838326871Z","message":"  ts: '2026-09-06T07:14:52.824Z',","level":"info"}
{"message":"  requestId: '9d701679-d3eb-4152-8c21-bd0b41f679b6',","timestamp":"2026-09-06T07:14:52.838331101Z","level":"info"}
{"level":"info","message":"  sessionId: 'Iog4rWn0F2wcGR9xp3Jq',","timestamp":"2026-09-06T07:14:52.838335641Z"}
{"message":"  userId: 'klu6Sv5QeEgYWlHjsgQwMkZCvsb2',","timestamp":"2026-09-06T07:14:52.838339801Z","level":"info"}
{"message":"  status: 'degraded',","level":"info","timestamp":"2026-09-06T07:14:52.838343951Z"}
{"timestamp":"2026-09-06T07:14:52.838352080Z","level":"info","message":"  reasonCodes: [ 'command_unavailable' ],"}
{"timestamp":"2026-09-06T07:14:52.838356090Z","message":"  buildId: 'nexusrbx-studio-0.14.0-r15-animation.10-native-value-normalization',","level":"info"}
{"level":"info","message":"  attestationWritten: true,","timestamp":"2026-09-06T07:14:52.838363110Z"}
{"timestamp":"2026-09-06T07:14:52.838367000Z","level":"info","message":"  repairDurationMs: 430"}
{"timestamp":"2026-09-06T07:14:52.838370880Z","message":"}","level":"info"}
{"level":"info","timestamp":"2026-09-06T07:14:52.838374140Z","message":"[ops] {"}
{"message":"  event: 'http_request',","level":"info","timestamp":"2026-09-06T07:14:52.838377800Z"}
{"level":"info","timestamp":"2026-09-06T07:14:52.838381060Z","message":"  ts: '2026-09-06T07:14:52.825Z',"}
{"level":"info","message":"  requestId: '9d701679-d3eb-4152-8c21-bd0b41f679b6',","timestamp":"2026-09-06T07:14:52.838384380Z"}
{"timestamp":"2026-09-06T07:14:52.838389220Z","level":"info","message":"  method: 'POST',"}
{"level":"info","message":"  route: '/api/studio/session/ping',","timestamp":"2026-09-06T07:14:52.838392620Z"}
{"timestamp":"2026-09-06T07:14:52.838395819Z","level":"info","message":"  status: 200,"}
{"message":"  durationMs: 484","timestamp":"2026-09-06T07:14:52.838399209Z","level":"info"}
{"level":"info","timestamp":"2026-09-06T07:14:52.838402599Z","message":"}"}
{"timestamp":"2026-09-06T07:14:53.102479928Z","message":"[ops] {","level":"info"}
{"timestamp":"2026-09-06T07:14:53.102485498Z","level":"info","message":"  event: 'http_request',"}
{"level":"info","message":"  ts: '2026-09-06T07:14:53.099Z',","timestamp":"2026-09-06T07:14:53.102489117Z"}
{"message":"  requestId: '6bdd6c56-8848-499b-9f69-eee397e39862',","timestamp":"2026-09-06T07:14:53.102492007Z","level":"info"}
{"message":"  method: 'OPTIONS',","timestamp":"2026-09-06T07:14:53.102494557Z","level":"info"}
{"message":"  route: '/api/v2/events',","timestamp":"2026-09-06T07:14:53.102497317Z","level":"info"}
{"timestamp":"2026-09-06T07:14:53.102500387Z","message":"  status: 204,","level":"info"}
{"message":"  durationMs: 0","level":"info","timestamp":"2026-09-06T07:14:53.102503467Z"}
{"message":"}","timestamp":"2026-09-06T07:14:53.102505997Z","level":"info"}
{"timestamp":"2026-09-06T07:14:53.335751741Z","level":"error","message":"[ops] {"}
{"level":"error","message":"  event: 'security.app_check_rejected',","timestamp":"2026-09-06T07:14:53.335754521Z"}
{"level":"error","timestamp":"2026-09-06T07:14:53.335757451Z","message":"  ts: '2026-09-06T07:14:53.271Z',"}
{"message":"  reason: 'missing_token',","timestamp":"2026-09-06T07:14:53.335775181Z","level":"error"}
{"level":"error","message":"  mode: 'monitor',","timestamp":"2026-09-06T07:14:53.335777841Z"}
{"message":"  route: '/api/v2/events'","timestamp":"2026-09-06T07:14:53.335780721Z","level":"error"}
{"message":"}","timestamp":"2026-09-06T07:14:53.335783481Z","level":"error"}
{"timestamp":"2026-09-06T07:14:53.993234091Z","level":"info","message":"[ops] {"}
{"message":"  event: 'http_request',","timestamp":"2026-09-06T07:14:53.993240131Z","level":"info"}
{"timestamp":"2026-09-06T07:14:53.993244771Z","message":"  ts: '2026-09-06T07:14:53.889Z',","level":"info"}
{"message":"  requestId: '5809a2c6-015e-4171-8801-8d0bcc6219b2',","timestamp":"2026-09-06T07:14:53.993257270Z","level":"info"}
{"message":"  method: 'GET',","timestamp":"2026-09-06T07:14:53.993260790Z","level":"info"}
{"level":"info","message":"  route: '/api/v2/events',","timestamp":"2026-09-06T07:14:53.993263450Z"}
{"message":"  status: 200,","level":"info","timestamp":"2026-09-06T07:14:53.993266250Z"}
{"message":"  durationMs: 619","level":"info","timestamp":"2026-09-06T07:14:53.993268780Z"}
{"timestamp":"2026-09-06T07:14:53.993271360Z","level":"info","message":"}"}
{"sessionId":"Iog4rWn0F2wcGR9xp3Jq","total":108,"jobId":null,"writesPerStudioSessionHour":104,"level":"info","message":"","type":"firestore_write_metric","count":1,"ts":1788678894242,"timestamp":"2026-09-06T07:14:54.412508198Z","counter":"studio_session"}
{"sessionId":"Iog4rWn0F2wcGR9xp3Jq","count":1,"level":"info","counter":"studio_session","total":109,"ts":1788678894538,"message":"","timestamp":"2026-09-06T07:14:54.741747096Z","type":"firestore_write_metric","writesPerStudioSessionHour":105,"jobId":null}
{"message":"[ops] {","level":"info","timestamp":"2026-09-06T07:14:54.741750456Z"}
{"timestamp":"2026-09-06T07:14:54.741754015Z","message":"  event: 'studio.plugin_compatibility_handshake',","level":"info"}
{"message":"  ts: '2026-09-06T07:14:54.539Z',","timestamp":"2026-09-06T07:14:54.741757145Z","level":"info"}
{"timestamp":"2026-09-06T07:14:54.741760245Z","message":"  requestId: '13734f84-c1d4-4df7-a0c8-ae09585c3474',","level":"info"}
{"timestamp":"2026-09-06T07:14:54.741763135Z","message":"  sessionId: 'Iog4rWn0F2wcGR9xp3Jq',","level":"info"}
{"level":"info","message":"  userId: 'klu6Sv5QeEgYWlHjsgQwMkZCvsb2',","timestamp":"2026-09-06T07:14:54.741766735Z"}
{"message":"  status: 'degraded',","timestamp":"2026-09-06T07:14:54.741770245Z","level":"info"}
{"message":"  reasonCodes: [ 'command_unavailable' ],","level":"info","timestamp":"2026-09-06T07:14:54.741773705Z"}
{"level":"info","timestamp":"2026-09-06T07:14:54.741776855Z","message":"  buildId: 'nexusrbx-studio-0.14.0-r15-animation.10-native-value-normalization',"}
{"message":"  attestationWritten: true,","timestamp":"2026-09-06T07:14:54.741779965Z","level":"info"}
{"timestamp":"2026-09-06T07:14:54.741783385Z","level":"info","message":"  repairDurationMs: 445"}
{"message":"}","level":"info","timestamp":"2026-09-06T07:14:54.741787075Z"}
{"message":"[ops] {","timestamp":"2026-09-06T07:14:54.741790175Z","level":"info"}
{"timestamp":"2026-09-06T07:14:54.741792975Z","message":"  event: 'http_request',","level":"info"}
{"level":"info","message":"  ts: '2026-09-06T07:14:54.539Z',","timestamp":"2026-09-06T07:14:54.741796364Z"}
{"message":"  requestId: '13734f84-c1d4-4df7-a0c8-ae09585c3474',","timestamp":"2026-09-06T07:14:54.741799604Z","level":"info"}
{"timestamp":"2026-09-06T07:14:54.741803324Z","level":"info","message":"  method: 'POST',"}
{"timestamp":"2026-09-06T07:14:54.741806574Z","level":"info","message":"  route: '/api/studio/session/ping',"}
{"message":"  status: 200,","timestamp":"2026-09-06T07:14:54.741809714Z","level":"info"}
{"timestamp":"2026-09-06T07:14:54.741812604Z","level":"info","message":"  durationMs: 497"}
{"message":"}","level":"info","timestamp":"2026-09-06T07:14:54.741815724Z"}
{"timestamp":"2026-09-06T07:14:55.751905760Z","message":"[ops] {","level":"info"}
{"message":"  event: 'http_request',","level":"info","timestamp":"2026-09-06T07:14:55.751909720Z"}
{"message":"  ts: '2026-09-06T07:14:55.582Z',","timestamp":"2026-09-06T07:14:55.751913560Z","level":"info"}
{"message":"  requestId: 'bd8730f4-8ffa-460e-ace4-0f3c83f90841',","timestamp":"2026-09-06T07:14:55.751917099Z","level":"info"}
{"timestamp":"2026-09-06T07:14:55.751920189Z","level":"info","message":"  method: 'OPTIONS',"}
{"timestamp":"2026-09-06T07:14:55.751923249Z","message":"  route: '/api/v2/events',","level":"info"}
{"message":"  status: 204,","level":"info","timestamp":"2026-09-06T07:14:55.751926649Z"}
{"timestamp":"2026-09-06T07:14:55.751930119Z","message":"  durationMs: 0","level":"info"}
{"message":"}","timestamp":"2026-09-06T07:14:55.751932949Z","level":"info"}
{"timestamp":"2026-09-06T07:14:55.793657565Z","message":"[ops] {","level":"error"}
{"level":"error","timestamp":"2026-09-06T07:14:55.793667775Z","message":"  event: 'security.app_check_rejected',"}
{"level":"error","timestamp":"2026-09-06T07:14:55.793673595Z","message":"  ts: '2026-09-06T07:14:55.788Z',"}
{"timestamp":"2026-09-06T07:14:55.793677845Z","message":"  reason: 'missing_token',","level":"error"}
{"timestamp":"2026-09-06T07:14:55.793685774Z","message":"  mode: 'monitor',","level":"error"}
{"level":"error","message":"  route: '/api/v2/events'","timestamp":"2026-09-06T07:14:55.793690694Z"}
{"timestamp":"2026-09-06T07:14:55.793695324Z","message":"}","level":"error"}
{"count":1,"total":110,"level":"info","ts":1788678895982,"message":"","type":"firestore_write_metric","jobId":null,"timestamp":"2026-09-06T07:14:56.011706717Z","sessionId":"Iog4rWn0F2wcGR9xp3Jq","writesPerStudioSessionHour":106,"counter":"studio_session"}
{"type":"firestore_write_metric","timestamp":"2026-09-06T07:14:56.297765261Z","total":111,"count":1,"counter":"studio_session","jobId":null,"message":"","ts":1788678896279,"sessionId":"Iog4rWn0F2wcGR9xp3Jq","writesPerStudioSessionHour":107,"level":"info"}
{"timestamp":"2026-09-06T07:14:56.297771421Z","level":"info","message":"[ops] {"}
{"level":"info","message":"  event: 'studio.plugin_compatibility_handshake',","timestamp":"2026-09-06T07:14:56.297775091Z"}
{"timestamp":"2026-09-06T07:14:56.297779021Z","level":"info","message":"  ts: '2026-09-06T07:14:56.279Z',"}
{"level":"info","message":"  requestId: '77b5c1c6-81cd-40fa-ad41-3f12aa4af536',","timestamp":"2026-09-06T07:14:56.297781671Z"}
{"message":"  sessionId: 'Iog4rWn0F2wcGR9xp3Jq',","timestamp":"2026-09-06T07:14:56.297784431Z","level":"info"}
{"level":"info","timestamp":"2026-09-06T07:14:56.297787331Z","message":"  userId: 'klu6Sv5QeEgYWlHjsgQwMkZCvsb2',"}
{"message":"  status: 'degraded',","timestamp":"2026-09-06T07:14:56.297790090Z","level":"info"}
{"level":"info","message":"  reasonCodes: [ 'command_unavailable' ],","timestamp":"2026-09-06T07:14:56.297793120Z"}
{"level":"info","timestamp":"2026-09-06T07:14:56.297796320Z","message":"  buildId: 'nexusrbx-studio-0.14.0-r15-animation.10-native-value-normalization',"}
{"level":"info","timestamp":"2026-09-06T07:14:56.297799540Z","message":"  attestationWritten: true,"}
{"timestamp":"2026-09-06T07:14:56.297802390Z","level":"info","message":"  repairDurationMs: 455"}
{"timestamp":"2026-09-06T07:14:56.297805130Z","level":"info","message":"}"}
{"message":"[ops] {","level":"info","timestamp":"2026-09-06T07:14:56.297807310Z"}
{"timestamp":"2026-09-06T07:14:56.297810110Z","message":"  event: 'http_request',","level":"info"}
{"timestamp":"2026-09-06T07:14:56.297812770Z","level":"info","message":"  ts: '2026-09-06T07:14:56.280Z',"}
{"timestamp":"2026-09-06T07:14:56.297816470Z","level":"info","message":"  requestId: '77b5c1c6-81cd-40fa-ad41-3f12aa4af536',"}
{"timestamp":"2026-09-06T07:14:56.297818810Z","message":"  method: 'POST',","level":"info"}
{"timestamp":"2026-09-06T07:14:56.297823560Z","level":"info","message":"  route: '/api/studio/session/ping',"}
{"level":"info","timestamp":"2026-09-06T07:14:56.297825930Z","message":"  status: 200,"}
{"level":"info","timestamp":"2026-09-06T07:14:56.297828840Z","message":"  durationMs: 522"}
{"message":"}","timestamp":"2026-09-06T07:14:56.297831640Z","level":"info"}
{"message":"[ops] {","timestamp":"2026-09-06T07:14:56.381519987Z","level":"info"}
{"message":"  event: 'http_request',","timestamp":"2026-09-06T07:14:56.381523067Z","level":"info"}
{"message":"  ts: '2026-09-06T07:14:56.377Z',","timestamp":"2026-09-06T07:14:56.381525627Z","level":"info"}
{"timestamp":"2026-09-06T07:14:56.381528487Z","level":"info","message":"  requestId: '40c8595a-083d-40fc-9476-26e1cfc2d5ed',"}
{"message":"  method: 'GET',","level":"info","timestamp":"2026-09-06T07:14:56.381531477Z"}
{"message":"  route: '/api/v2/events',","timestamp":"2026-09-06T07:14:56.381535047Z","level":"info"}
{"timestamp":"2026-09-06T07:14:56.381537767Z","message":"  status: 200,","level":"info"}
{"level":"info","timestamp":"2026-09-06T07:14:56.381540637Z","message":"  durationMs: 589"}
{"level":"info","message":"}","timestamp":"2026-09-06T07:14:56.381543577Z"}
{"timestamp":"2026-09-06T07:14:56.747254591Z","message":"[ops] {","level":"info"}
{"level":"info","timestamp":"2026-09-06T07:14:56.747258991Z","message":"  event: 'studio.command_polled',"}
{"message":"  ts: '2026-09-06T07:14:56.693Z',","level":"info","timestamp":"2026-09-06T07:14:56.747263641Z"}
{"timestamp":"2026-09-06T07:14:56.747267941Z","level":"info","message":"  requestId: 'c43fe926-bc97-42a1-990d-3a0048370ee5',"}
{"timestamp":"2026-09-06T07:14:56.747272791Z","message":"  sessionId: 'DlvFpLpN0vX1CB5Fvwv9',","level":"info"}
{"timestamp":"2026-09-06T07:14:56.747278011Z","message":"  status: 'empty'","level":"info"}
{"level":"info","message":"}","timestamp":"2026-09-06T07:14:56.747282241Z"}
{"timestamp":"2026-09-06T07:14:56.747286480Z","message":"[ops] {","level":"info"}
{"message":"  event: 'http_request',","timestamp":"2026-09-06T07:14:56.747290350Z","level":"info"}
{"message":"  ts: '2026-09-06T07:14:56.694Z',","level":"info","timestamp":"2026-09-06T07:14:56.747294000Z"}
{"level":"info","timestamp":"2026-09-06T07:14:56.747298530Z","message":"  requestId: 'c43fe926-bc97-42a1-990d-3a0048370ee5',"}
{"message":"  method: 'GET',","timestamp":"2026-09-06T07:14:56.747303320Z","level":"info"}
{"message":"  route: '/api/studio/mcp/commands/next',","timestamp":"2026-09-06T07:14:56.747307310Z","level":"info"}
{"level":"info","message":"  status: 204,","timestamp":"2026-09-06T07:14:56.747311110Z"}
{"level":"info","message":"  durationMs: 5475","timestamp":"2026-09-06T07:14:56.747314590Z"}
{"message":"}","timestamp":"2026-09-06T07:14:56.747318370Z","level":"info"}
{"level":"info","message":"[ops] {","timestamp":"2026-09-06T07:14:57.333661535Z"}
{"timestamp":"2026-09-06T07:14:57.333667414Z","message":"  event: 'http_request',","level":"info"}
{"message":"  ts: '2026-09-06T07:14:57.305Z',","timestamp":"2026-09-06T07:14:57.333671264Z","level":"info"}
{"level":"info","message":"  requestId: '38774026-512e-4846-933a-68d31c3d30fc',","timestamp":"2026-09-06T07:14:57.333674824Z"}
{"message":"  method: 'POST',","timestamp":"2026-09-06T07:14:57.333678904Z","level":"info"}
{"message":"  route: '/api/studio/mcp/session/ping',","level":"info","timestamp":"2026-09-06T07:14:57.333682544Z"}
{"level":"info","timestamp":"2026-09-06T07:14:57.333685594Z","message":"  status: 200,"}
{"message":"  durationMs: 313","timestamp":"2026-09-06T07:14:57.333688484Z","level":"info"}
{"timestamp":"2026-09-06T07:14:57.333691934Z","level":"info","message":"}"}
{"message":"[ops] {","level":"info","timestamp":"2026-09-06T07:14:58.170697679Z"}
{"message":"  event: 'http_request',","timestamp":"2026-09-06T07:14:58.170702999Z","level":"info"}
{"message":"  ts: '2026-09-06T07:14:58.082Z',","timestamp":"2026-09-06T07:14:58.170707439Z","level":"info"}
{"level":"info","timestamp":"2026-09-06T07:14:58.170711499Z","message":"  requestId: '03a16322-d015-4317-84e6-841d206bd480',"}
{"level":"info","timestamp":"2026-09-06T07:14:58.170716049Z","message":"  method: 'OPTIONS',"}
{"message":"  route: '/api/v2/events',","timestamp":"2026-09-06T07:14:58.170720169Z","level":"info"}
{"timestamp":"2026-09-06T07:14:58.170724269Z","message":"  status: 204,","level":"info"}
{"message":"  durationMs: 0","timestamp":"2026-09-06T07:14:58.170728538Z","level":"info"}
{"timestamp":"2026-09-06T07:14:58.170732908Z","level":"info","message":"}"}
{"level":"error","timestamp":"2026-09-06T07:14:58.476508376Z","message":"[ops] {"}
{"timestamp":"2026-09-06T07:14:58.476511966Z","message":"  event: 'security.app_check_rejected',","level":"error"}
{"message":"  ts: '2026-09-06T07:14:58.266Z',","timestamp":"2026-09-06T07:14:58.476515586Z","level":"error"}
{"level":"error","timestamp":"2026-09-06T07:14:58.476519816Z","message":"  reason: 'missing_token',"}
{"message":"  mode: 'monitor',","timestamp":"2026-09-06T07:14:58.476523665Z","level":"error"}
{"message":"  route: '/api/v2/events'","timestamp":"2026-09-06T07:14:58.476719501Z","level":"error"}
{"message":"}","timestamp":"2026-09-06T07:14:58.476723811Z","level":"error"}
{"level":"info","timestamp":"2026-09-06T07:14:58.913999665Z","message":"[ops] {"}
{"message":"  event: 'http_request',","level":"info","timestamp":"2026-09-06T07:14:58.914002825Z"}
{"timestamp":"2026-09-06T07:14:58.914005785Z","level":"info","message":"  ts: '2026-09-06T07:14:58.818Z',"}
{"timestamp":"2026-09-06T07:14:58.914008575Z","message":"  requestId: '9a34b025-03f2-4dd3-85b7-b5efb618aeec',","level":"info"}
{"level":"info","message":"  method: 'GET',","timestamp":"2026-09-06T07:14:58.914011165Z"}
{"message":"  route: '/api/v2/events',","timestamp":"2026-09-06T07:14:58.914014555Z","level":"info"}
{"timestamp":"2026-09-06T07:14:58.914018045Z","level":"info","message":"  status: 200,"}
{"message":"  durationMs: 552","timestamp":"2026-09-06T07:14:58.914021205Z","level":"info"}
{"timestamp":"2026-09-06T07:14:58.914024205Z","level":"info","message":"}"}
{"timestamp":"2026-09-06T07:14:59.202169022Z","level":"info","message":"  method: 'GET',"}
{"level":"info","timestamp":"2026-09-06T07:14:59.202171962Z","message":"[ops] {"}
{"timestamp":"2026-09-06T07:14:59.202174752Z","level":"info","message":"  route: '/api/studio/commands/next',"}
{"message":"  event: 'studio.command_polled',","level":"info","timestamp":"2026-09-06T07:14:59.202178261Z"}
{"timestamp":"2026-09-06T07:14:59.202178811Z","level":"info","message":"  status: 204,"}
{"level":"info","message":"  ts: '2026-09-06T07:14:59.186Z',","timestamp":"2026-09-06T07:14:59.202182081Z"}
{"level":"info","timestamp":"2026-09-06T07:14:59.202182271Z","message":"  durationMs: 2221"}
{"timestamp":"2026-09-06T07:14:59.202185991Z","level":"info","message":"}"}
{"timestamp":"2026-09-06T07:14:59.202187741Z","message":"  requestId: '7b734587-a15c-47b9-a65b-e3ad2f13d561',","level":"info"}
{"timestamp":"2026-09-06T07:14:59.202191041Z","message":"  sessionId: 'Iog4rWn0F2wcGR9xp3Jq',","level":"info"}
{"timestamp":"2026-09-06T07:14:59.202194381Z","level":"info","message":"  status: 'empty'"}
{"level":"info","timestamp":"2026-09-06T07:14:59.202197631Z","message":"}"}
{"level":"info","message":"[ops] {","timestamp":"2026-09-06T07:14:59.202200561Z"}
{"message":"  event: 'http_request',","timestamp":"2026-09-06T07:14:59.202203811Z","level":"info"}
{"level":"info","timestamp":"2026-09-06T07:14:59.202207151Z","message":"  ts: '2026-09-06T07:14:59.186Z',"}
{"level":"info","message":"  requestId: '7b734587-a15c-47b9-a65b-e3ad2f13d561',","timestamp":"2026-09-06T07:14:59.202209971Z"}
{"level":"info","timestamp":"2026-09-06T07:14:59.632856673Z","message":"[ops] {"}
{"timestamp":"2026-09-06T07:14:59.632870263Z","message":"  event: 'http_request',","level":"info"}
{"timestamp":"2026-09-06T07:14:59.632878213Z","level":"info","message":"  ts: '2026-09-06T07:14:59.604Z',"}
{"level":"info","message":"  requestId: '077c016b-654b-4df6-ad5d-bafa0c1ee48b',","timestamp":"2026-09-06T07:14:59.632883483Z"}
{"message":"  method: 'OPTIONS',","timestamp":"2026-09-06T07:14:59.632888773Z","level":"info"}
{"timestamp":"2026-09-06T07:14:59.632893492Z","message":"  route: '/api/studio/status',","level":"info"}
{"message":"  status: 204,","timestamp":"2026-09-06T07:14:59.632897962Z","level":"info"}
{"timestamp":"2026-09-06T07:14:59.632901982Z","level":"info","message":"  durationMs: 0"}
{"message":"}","level":"info","timestamp":"2026-09-06T07:14:59.632906712Z"}
{"timestamp":"2026-09-06T07:14:59.632911242Z","level":"info","message":"[ops] {"}
{"message":"  event: 'http_request',","timestamp":"2026-09-06T07:14:59.632921142Z","level":"info"}
{"message":"  ts: '2026-09-06T07:14:59.606Z',","timestamp":"2026-09-06T07:14:59.632926162Z","level":"info"}
{"timestamp":"2026-09-06T07:14:59.632931092Z","level":"info","message":"  requestId: '24ca0a40-d459-4772-a03a-b163def5f209',"}
{"message":"  method: 'OPTIONS',","timestamp":"2026-09-06T07:14:59.632935311Z","level":"info"}
{"message":"  route: '/api/studio/mcp/status',","timestamp":"2026-09-06T07:14:59.632940491Z","level":"info"}
{"message":"  status: 204,","level":"info","timestamp":"2026-09-06T07:14:59.632944601Z"}
{"timestamp":"2026-09-06T07:14:59.632948711Z","message":"  durationMs: 0","level":"info"}
{"timestamp":"2026-09-06T07:14:59.632953451Z","message":"}","level":"info"}
{"timestamp":"2026-09-06T07:14:59.827253872Z","level":"error","message":"[ops] {"}
{"timestamp":"2026-09-06T07:14:59.827258842Z","level":"error","message":"  event: 'security.app_check_rejected',"}
{"level":"error","timestamp":"2026-09-06T07:14:59.827261952Z","message":"  ts: '2026-09-06T07:14:59.787Z',"}
{"level":"error","message":"  reason: 'missing_token',","timestamp":"2026-09-06T07:14:59.827264742Z"}
{"message":"  mode: 'monitor',","level":"error","timestamp":"2026-09-06T07:14:59.827267342Z"}
{"timestamp":"2026-09-06T07:14:59.827269892Z","message":"  route: '/api/studio/status'","level":"error"}
{"level":"error","timestamp":"2026-09-06T07:14:59.827272732Z","message":"}"}
{"timestamp":"2026-09-06T07:14:59.827275242Z","level":"error","message":"[ops] {"}
{"message":"  event: 'security.app_check_rejected',","timestamp":"2026-09-06T07:14:59.827277832Z","level":"error"}
{"timestamp":"2026-09-06T07:14:59.827280392Z","level":"error","message":"  ts: '2026-09-06T07:14:59.795Z',"}
{"message":"  reason: 'missing_token',","level":"error","timestamp":"2026-09-06T07:14:59.827282922Z"}
{"message":"  mode: 'monitor',","timestamp":"2026-09-06T07:14:59.827285551Z","level":"error"}
{"message":"  route: '/api/studio/mcp/status'","timestamp":"2026-09-06T07:14:59.827288421Z","level":"error"}
{"timestamp":"2026-09-06T07:14:59.827291351Z","level":"error","message":"}"}
{"level":"info","timestamp":"2026-09-06T07:15:00.197793914Z","message":"[ops] {"}
{"timestamp":"2026-09-06T07:15:00.197797504Z","message":"  event: 'http_request',","level":"info"}
{"message":"  ts: '2026-09-06T07:15:00.190Z',","timestamp":"2026-09-06T07:15:00.197801444Z","level":"info"}
{"message":"  requestId: '00106ad5-4cc5-4424-b564-5a75395c469c',","timestamp":"2026-09-06T07:15:00.197805734Z","level":"info"}
{"message":"  method: 'GET',","timestamp":"2026-09-06T07:15:00.197809004Z","level":"info"}
{"timestamp":"2026-09-06T07:15:00.197812373Z","level":"info","message":"  route: '/api/studio/mcp/status',"}
{"level":"info","message":"  status: 200,","timestamp":"2026-09-06T07:15:00.197815943Z"}
{"message":"  durationMs: 395","timestamp":"2026-09-06T07:15:00.197819463Z","level":"info"}
{"timestamp":"2026-09-06T07:15:00.197822783Z","message":"}","level":"info"}
{"timestamp":"2026-09-06T07:15:00.473572151Z","message":"  method: 'POST',","level":"info"}
{"timestamp":"2026-09-06T07:15:00.473578031Z","message":"  route: '/api/studio/session/ping',","level":"info"}
{"timestamp":"2026-09-06T07:15:00.473582340Z","message":"  status: 200,","level":"info"}
{"message":"  durationMs: 884","timestamp":"2026-09-06T07:15:00.473586450Z","level":"info"}
{"level":"info","timestamp":"2026-09-06T07:15:00.473590850Z","message":"}"}
{"level":"info","message":"  buildId: 'nexusrbx-studio-0.14.0-r15-animation.12-toolbox',","timestamp":"2026-09-06T07:15:00.473599580Z"}
{"timestamp":"2026-09-06T07:15:00.473611280Z","level":"info","message":"  attestationWritten: false,"}
{"timestamp":"2026-09-06T07:15:00.473618000Z","message":"[ops] {","level":"info"}
{"timestamp":"2026-09-06T07:15:00.473619540Z","message":"  repairDurationMs: 783","level":"info"}
{"level":"info","message":"  event: 'studio.plugin_compatibility_handshake',","timestamp":"2026-09-06T07:15:00.473625869Z"}
{"level":"info","message":"}","timestamp":"2026-09-06T07:15:00.473627519Z"}
{"message":"  ts: '2026-09-06T07:15:00.397Z',","level":"info","timestamp":"2026-09-06T07:15:00.473633829Z"}
{"level":"info","message":"[ops] {","timestamp":"2026-09-06T07:15:00.473634909Z"}
{"level":"info","message":"  event: 'http_request',","timestamp":"2026-09-06T07:15:00.473641969Z"}
{"level":"info","message":"  requestId: '85a1c23c-9f8c-483d-b1b7-fd58e36943f6',","timestamp":"2026-09-06T07:15:00.473642369Z"}
{"message":"  ts: '2026-09-06T07:15:00.397Z',","timestamp":"2026-09-06T07:15:00.473649979Z","level":"info"}
{"level":"info","message":"  sessionId: 'MLq8J3mhz56J6BRsAeQe',","timestamp":"2026-09-06T07:15:00.473650259Z"}
{"level":"info","message":"  requestId: '85a1c23c-9f8c-483d-b1b7-fd58e36943f6',","timestamp":"2026-09-06T07:15:00.473658139Z"}
{"timestamp":"2026-09-06T07:15:00.473658249Z","level":"info","message":"  userId: '0VSQotqOXxPXBLeQu1gUNkXELWH3',"}
{"level":"info","message":"  status: 'compatible',","timestamp":"2026-09-06T07:15:00.473663499Z"}
{"timestamp":"2026-09-06T07:15:00.473667238Z","message":"  reasonCodes: [],","level":"info"}
{"timestamp":"2026-09-06T07:15:00.596700374Z","message":"  durationMs: 0","level":"info"}
{"message":"}","level":"info","timestamp":"2026-09-06T07:15:00.596708074Z"}
{"timestamp":"2026-09-06T07:15:00.596727284Z","level":"info","message":"[ops] {"}
{"level":"info","timestamp":"2026-09-06T07:15:00.596738033Z","message":"  event: 'http_request',"}
{"message":"  ts: '2026-09-06T07:15:00.581Z',","timestamp":"2026-09-06T07:15:00.596742913Z","level":"info"}
{"message":"  requestId: 'e76a7f93-23c2-4640-96fe-554b5c6d7abd',","timestamp":"2026-09-06T07:15:00.596747333Z","level":"info"}
{"timestamp":"2026-09-06T07:15:00.596751613Z","level":"info","message":"  method: 'OPTIONS',"}
{"level":"info","message":"  route: '/api/v2/agents/active',","timestamp":"2026-09-06T07:15:00.596756313Z"}
{"timestamp":"2026-09-06T07:15:00.596759983Z","message":"  status: 204,","level":"info"}
{"level":"info","timestamp":"2026-09-06T07:15:00.596764013Z","message":"  durationMs: 1"}
{"timestamp":"2026-09-06T07:15:00.596768063Z","level":"info","message":"}"}
{"timestamp":"2026-09-06T07:15:00.596772353Z","level":"info","message":"[ops] {"}
{"level":"info","timestamp":"2026-09-06T07:15:00.596775973Z","message":"  event: 'http_request',"}
{"level":"info","timestamp":"2026-09-06T07:15:00.596844831Z","message":"  ts: '2026-09-06T07:15:00.581Z',"}
{"timestamp":"2026-09-06T07:15:00.596848821Z","level":"info","message":"  requestId: '2c73651c-0729-4e85-b418-3055273127f0',"}
{"timestamp":"2026-09-06T07:15:00.596861791Z","message":"  method: 'GET',","level":"info"}
{"level":"info","timestamp":"2026-09-06T07:15:00.596865510Z","message":"  route: '/api/studio/status',"}
{"message":"  status: 200,","timestamp":"2026-09-06T07:15:00.596880270Z","level":"info"}
{"message":"  durationMs: 794","timestamp":"2026-09-06T07:15:00.596884070Z","level":"info"}
{"message":"}","level":"info","timestamp":"2026-09-06T07:15:00.596898610Z"}
{"level":"info","timestamp":"2026-09-06T07:15:00.596904330Z","message":"[ops] {"}
{"timestamp":"2026-09-06T07:15:00.596923569Z","level":"info","message":"  event: 'http_request',"}
{"message":"  ts: '2026-09-06T07:15:00.587Z',","timestamp":"2026-09-06T07:15:00.596927579Z","level":"info"}
{"level":"info","message":"  requestId: '6f4fd1b6-b016-4a53-a910-fae27ad4b07d',","timestamp":"2026-09-06T07:15:00.596931199Z"}
{"timestamp":"2026-09-06T07:15:00.596935389Z","message":"  method: 'OPTIONS',","level":"info"}
{"message":"  route: '/api/v2/events',","level":"info","timestamp":"2026-09-06T07:15:00.596939599Z"}
{"level":"info","message":"  status: 204,","timestamp":"2026-09-06T07:15:00.596943169Z"}
{"message":"[ops] {","timestamp":"2026-09-06T07:15:00.986617202Z","level":"info"}
{"message":"  event: 'http_request',","timestamp":"2026-09-06T07:15:00.986622572Z","level":"info"}
{"level":"info","message":"  ts: '2026-09-06T07:15:00.859Z',","timestamp":"2026-09-06T07:15:00.986626002Z"}
{"message":"  requestId: '564b6c97-903b-4752-a206-24eb9ec62dd6',","timestamp":"2026-09-06T07:15:00.986629901Z","level":"info"}
{"timestamp":"2026-09-06T07:15:00.986632401Z","level":"info","message":"  method: 'GET',"}
{"message":"  route: '/api/v2/agents/active',","timestamp":"2026-09-06T07:15:00.986635271Z","level":"info"}
{"level":"info","timestamp":"2026-09-06T07:15:00.986637821Z","message":"  status: 200,"}
{"timestamp":"2026-09-06T07:15:00.986640511Z","level":"info","message":"  durationMs: 103"}
{"level":"info","message":"}","timestamp":"2026-09-06T07:15:00.986643401Z"}
{"message":"[ops] {","timestamp":"2026-09-06T07:15:00.986734109Z","level":"error"}
{"message":"  event: 'security.app_check_rejected',","timestamp":"2026-09-06T07:15:00.986740549Z","level":"error"}
{"level":"error","message":"  ts: '2026-09-06T07:15:00.754Z',","timestamp":"2026-09-06T07:15:00.986746249Z"}
{"level":"error","timestamp":"2026-09-06T07:15:00.986751079Z","message":"  reason: 'missing_token',"}
{"message":"  mode: 'monitor',","timestamp":"2026-09-06T07:15:00.986757199Z","level":"error"}
{"message":"  route: '/api/v2/events'","timestamp":"2026-09-06T07:15:00.986763198Z","level":"error"}
{"timestamp":"2026-09-06T07:15:00.986767858Z","message":"}","level":"error"}
{"timestamp":"2026-09-06T07:15:00.986773148Z","level":"error","message":"[ops] {"}
{"timestamp":"2026-09-06T07:15:00.986778108Z","level":"error","message":"  event: 'security.app_check_rejected',"}
{"level":"error","message":"  ts: '2026-09-06T07:15:00.755Z',","timestamp":"2026-09-06T07:15:00.986783508Z"}
{"message":"  reason: 'missing_token',","timestamp":"2026-09-06T07:15:00.986789108Z","level":"error"}
{"message":"  mode: 'monitor',","level":"error","timestamp":"2026-09-06T07:15:00.986794178Z"}
{"message":"  route: '/api/v2/agents/active'","timestamp":"2026-09-06T07:15:00.986799268Z","level":"error"}
{"timestamp":"2026-09-06T07:15:00.986803797Z","level":"error","message":"}"}
{"timestamp":"2026-09-06T07:15:01.419430227Z","message":"[ops] {","level":"info"}
{"message":"  event: 'http_request',","timestamp":"2026-09-06T07:15:01.419440177Z","level":"info"}
{"timestamp":"2026-09-06T07:15:01.419445037Z","level":"info","message":"  ts: '2026-09-06T07:15:01.357Z',"}
{"level":"info","timestamp":"2026-09-06T07:15:01.419456536Z","message":"  requestId: '8c2d9083-2a86-4904-87f7-e7691d1618df',"}
{"message":"  method: 'GET',","timestamp":"2026-09-06T07:15:01.419460096Z","level":"info"}
{"message":"  route: '/api/v2/events',","timestamp":"2026-09-06T07:15:01.419463906Z","level":"info"}
{"level":"info","message":"  status: 200,","timestamp":"2026-09-06T07:15:01.419468166Z"}
{"message":"  durationMs: 603","timestamp":"2026-09-06T07:15:01.419472076Z","level":"info"}
{"message":"}","timestamp":"2026-09-06T07:15:01.419476096Z","level":"info"}
{"message":"[ops] {","timestamp":"2026-09-06T07:15:02.897479679Z","level":"info"}
{"timestamp":"2026-09-06T07:15:02.897483579Z","level":"info","message":"  event: 'http_request',"}
{"timestamp":"2026-09-06T07:15:02.897487429Z","level":"info","message":"  ts: '2026-09-06T07:15:02.727Z',"}
{"timestamp":"2026-09-06T07:15:02.897491339Z","level":"info","message":"  requestId: '8a01d191-11cf-4816-af3b-db79a3ec6950',"}
{"timestamp":"2026-09-06T07:15:02.897711294Z","level":"info","message":"  method: 'POST',"}
{"message":"  route: '/api/studio/mcp/session/ping',","timestamp":"2026-09-06T07:15:02.897723184Z","level":"info"}
{"timestamp":"2026-09-06T07:15:02.897728273Z","message":"  status: 200,","level":"info"}
{"message":"  durationMs: 426","level":"info","timestamp":"2026-09-06T07:15:02.897731703Z"}
{"timestamp":"2026-09-06T07:15:02.897735573Z","level":"info","message":"}"}
{"timestamp":"2026-09-06T07:15:03.113600849Z","level":"info","message":"[ops] {"}
{"timestamp":"2026-09-06T07:15:03.113604598Z","level":"info","message":"  event: 'http_request',"}
{"level":"info","message":"  ts: '2026-09-06T07:15:03.078Z',","timestamp":"2026-09-06T07:15:03.113608068Z"}
{"level":"info","message":"  requestId: 'fd54cbd4-ca22-47b0-aa80-9c43b102838d',","timestamp":"2026-09-06T07:15:03.113611208Z"}
{"message":"  method: 'OPTIONS',","timestamp":"2026-09-06T07:15:03.113614648Z","level":"info"}
{"timestamp":"2026-09-06T07:15:03.113618418Z","message":"  route: '/api/v2/events',","level":"info"}
{"timestamp":"2026-09-06T07:15:03.113621948Z","message":"  status: 204,","level":"info"}
{"timestamp":"2026-09-06T07:15:03.113625278Z","level":"info","message":"  durationMs: 0"}
{"message":"}","timestamp":"2026-09-06T07:15:03.113628738Z","level":"info"}
{"level":"error","timestamp":"2026-09-06T07:15:03.317271945Z","message":"[ops] {"}
{"level":"error","timestamp":"2026-09-06T07:15:03.317283095Z","message":"  event: 'security.app_check_rejected',"}
{"timestamp":"2026-09-06T07:15:03.317288795Z","message":"  ts: '2026-09-06T07:15:03.253Z',","level":"error"}
{"timestamp":"2026-09-06T07:15:03.317292485Z","level":"error","message":"  reason: 'missing_token',"}
{"message":"  mode: 'monitor',","timestamp":"2026-09-06T07:15:03.317297614Z","level":"error"}
{"message":"  route: '/api/v2/events'","level":"error","timestamp":"2026-09-06T07:15:03.317301214Z"}
{"message":"}","timestamp":"2026-09-06T07:15:03.317305594Z","level":"error"}
{"level":"info","timestamp":"2026-09-06T07:15:03.904788705Z","message":"[ops] {"}
{"message":"  event: 'http_request',","level":"info","timestamp":"2026-09-06T07:15:03.904792325Z"}
{"timestamp":"2026-09-06T07:15:03.904796525Z","level":"info","message":"  ts: '2026-09-06T07:15:03.818Z',"}
{"timestamp":"2026-09-06T07:15:03.904799565Z","level":"info","message":"  requestId: '15c8cb40-19c8-4226-aab0-e2f3acc152bc',"}
{"timestamp":"2026-09-06T07:15:03.904802705Z","level":"info","message":"  method: 'GET',"}
{"level":"info","message":"  route: '/api/v2/events',","timestamp":"2026-09-06T07:15:03.904805505Z"}
{"message":"  status: 200,","timestamp":"2026-09-06T07:15:03.904808384Z","level":"info"}
{"level":"info","timestamp":"2026-09-06T07:15:03.904812364Z","message":"  durationMs: 565"}
{"message":"}","level":"info","timestamp":"2026-09-06T07:15:03.904815094Z"}
{"message":"  sessionId: 'Iog4rWn0F2wcGR9xp3Jq',","timestamp":"2026-09-06T07:15:04.058670717Z","level":"info"}
{"timestamp":"2026-09-06T07:15:04.058680097Z","level":"info","message":"  status: 'empty'"}
{"timestamp":"2026-09-06T07:15:04.058685047Z","level":"info","message":"}"}
{"message":"[ops] {","level":"info","timestamp":"2026-09-06T07:15:04.058688347Z"}
{"level":"info","message":"  event: 'http_request',","timestamp":"2026-09-06T07:15:04.058693487Z"}
{"timestamp":"2026-09-06T07:15:04.058698197Z","level":"info","message":"  ts: '2026-09-06T07:15:04.039Z',"}
{"message":"  requestId: 'c8de6349-bb72-4893-8d93-c95fbb9def28',","timestamp":"2026-09-06T07:15:04.058702976Z","level":"info"}
{"timestamp":"2026-09-06T07:15:04.058708796Z","level":"info","message":"  method: 'GET',"}
{"timestamp":"2026-09-06T07:15:04.058716286Z","level":"info","message":"[ops] {"}
{"message":"  route: '/api/studio/commands/next',","timestamp":"2026-09-06T07:15:04.058716446Z","level":"info"}
{"message":"  status: 204,","timestamp":"2026-09-06T07:15:04.058723256Z","level":"info"}
{"level":"info","timestamp":"2026-09-06T07:15:04.058731096Z","message":"  event: 'studio.command_polled',"}
{"timestamp":"2026-09-06T07:15:04.058731496Z","message":"  durationMs: 4312","level":"info"}
{"level":"info","message":"}","timestamp":"2026-09-06T07:15:04.058738636Z"}
{"timestamp":"2026-09-06T07:15:04.058741576Z","level":"info","message":"  ts: '2026-09-06T07:15:04.038Z',"}
{"level":"info","timestamp":"2026-09-06T07:15:04.058746585Z","message":"  requestId: 'c8de6349-bb72-4893-8d93-c95fbb9def28',"}
{"message":"[ops] {","timestamp":"2026-09-06T07:15:05.080915735Z","level":"info"}
{"level":"info","message":"  event: 'studio.command_polled',","timestamp":"2026-09-06T07:15:05.080922165Z"}
{"message":"  ts: '2026-09-06T07:15:05.034Z',","timestamp":"2026-09-06T07:15:05.080928275Z","level":"info"}
{"message":"  requestId: 'd735e7b7-7ea9-4644-9e44-671a28bdd9d8',","timestamp":"2026-09-06T07:15:05.080932625Z","level":"info"}
{"level":"info","message":"  sessionId: 'DlvFpLpN0vX1CB5Fvwv9',","timestamp":"2026-09-06T07:15:05.080936445Z"}
{"message":"  status: 'empty'","timestamp":"2026-09-06T07:15:05.080940645Z","level":"info"}
{"message":"}","timestamp":"2026-09-06T07:15:05.080944955Z","level":"info"}
{"level":"info","message":"[ops] {","timestamp":"2026-09-06T07:15:05.080949184Z"}
{"message":"  event: 'http_request',","level":"info","timestamp":"2026-09-06T07:15:05.080953574Z"}
{"timestamp":"2026-09-06T07:15:05.080957674Z","message":"  ts: '2026-09-06T07:15:05.034Z',","level":"info"}
{"level":"info","message":"  requestId: 'd735e7b7-7ea9-4644-9e44-671a28bdd9d8',","timestamp":"2026-09-06T07:15:05.080961564Z"}
{"message":"  method: 'GET',","level":"info","timestamp":"2026-09-06T07:15:05.080965504Z"}
{"timestamp":"2026-09-06T07:15:05.080970544Z","message":"  route: '/api/studio/mcp/commands/next',","level":"info"}
{"timestamp":"2026-09-06T07:15:05.080974624Z","message":"  status: 204,","level":"info"}
{"level":"info","timestamp":"2026-09-06T07:15:05.080978454Z","message":"  durationMs: 5435"}
{"level":"info","timestamp":"2026-09-06T07:15:05.080983054Z","message":"}"}
{"level":"info","message":"  status: 204,","timestamp":"2026-09-06T07:15:05.453298042Z"}
{"level":"info","message":"  durationMs: 24373","timestamp":"2026-09-06T07:15:05.453308862Z"}
{"message":"}","timestamp":"2026-09-06T07:15:05.453313382Z","level":"info"}
{"level":"info","message":"[ops] {","timestamp":"2026-09-06T07:15:05.453355391Z"}
{"timestamp":"2026-09-06T07:15:05.453359701Z","level":"info","message":"  event: 'studio.command_polled',"}
{"message":"  ts: '2026-09-06T07:15:05.448Z',","timestamp":"2026-09-06T07:15:05.453363011Z","level":"info"}
{"timestamp":"2026-09-06T07:15:05.453367131Z","message":"  requestId: '1e5d86de-4c96-4d8f-a915-ea3be9b249bc',","level":"info"}
{"timestamp":"2026-09-06T07:15:05.453371201Z","message":"  sessionId: 'Iog4rWn0F2wcGR9xp3Jq',","level":"info"}
{"message":"  status: 'empty'","timestamp":"2026-09-06T07:15:05.453374641Z","level":"info"}
{"timestamp":"2026-09-06T07:15:05.453377811Z","message":"}","level":"info"}
{"level":"info","message":"[ops] {","timestamp":"2026-09-06T07:15:05.453381081Z"}
{"level":"info","timestamp":"2026-09-06T07:15:05.453386980Z","message":"  event: 'http_request',"}
{"timestamp":"2026-09-06T07:15:05.453390450Z","level":"info","message":"  ts: '2026-09-06T07:15:05.449Z',"}
{"message":"  requestId: '1e5d86de-4c96-4d8f-a915-ea3be9b249bc',","timestamp":"2026-09-06T07:15:05.453393920Z","level":"info"}
{"level":"info","message":"  method: 'GET',","timestamp":"2026-09-06T07:15:05.453397140Z"}
{"level":"info","timestamp":"2026-09-06T07:15:05.453400860Z","message":"  route: '/api/studio/commands/next',"}
{"level":"info","timestamp":"2026-09-06T07:15:05.600267417Z","message":"[ops] {"}
{"message":"  event: 'http_request',","timestamp":"2026-09-06T07:15:05.600274417Z","level":"info"}
{"message":"  ts: '2026-09-06T07:15:05.589Z',","timestamp":"2026-09-06T07:15:05.600278627Z","level":"info"}
{"timestamp":"2026-09-06T07:15:05.600281967Z","level":"info","message":"  requestId: 'bc81c667-1052-4d82-ba82-b4da7eda1660',"}
{"level":"info","timestamp":"2026-09-06T07:15:05.600284867Z","message":"  method: 'OPTIONS',"}
{"level":"info","message":"  route: '/api/v2/events',","timestamp":"2026-09-06T07:15:05.600288497Z"}
{"message":"  status: 204,","timestamp":"2026-09-06T07:15:05.600292766Z","level":"info"}
{"message":"  durationMs: 0","level":"info","timestamp":"2026-09-06T07:15:05.600296166Z"}
{"timestamp":"2026-09-06T07:15:05.600298976Z","level":"info","message":"}"}
{"message":"[ops] {","timestamp":"2026-09-06T07:15:05.969280992Z","level":"error"}
{"level":"error","message":"  event: 'security.app_check_rejected',","timestamp":"2026-09-06T07:15:05.969285051Z"}
{"timestamp":"2026-09-06T07:15:05.969289861Z","message":"  ts: '2026-09-06T07:15:05.756Z',","level":"error"}
{"timestamp":"2026-09-06T07:15:05.969293951Z","message":"  reason: 'missing_token',","level":"error"}
{"message":"  mode: 'monitor',","level":"error","timestamp":"2026-09-06T07:15:05.969298401Z"}
{"level":"error","timestamp":"2026-09-06T07:15:05.969302161Z","message":"  route: '/api/v2/events'"}
{"level":"error","message":"}","timestamp":"2026-09-06T07:15:05.969306081Z"}
{"message":"[ops] {","timestamp":"2026-09-06T07:15:05.969311681Z","level":"info"}
{"level":"info","timestamp":"2026-09-06T07:15:05.969315511Z","message":"  event: 'http_request',"}
{"level":"info","timestamp":"2026-09-06T07:15:05.969319181Z","message":"  ts: '2026-09-06T07:15:05.772Z',"}
{"timestamp":"2026-09-06T07:15:05.969322981Z","level":"info","message":"  requestId: 'b317d2ab-4b7a-4ae8-81aa-9a64f7c51d93',"}
{"timestamp":"2026-09-06T07:15:05.969327530Z","message":"  method: 'POST',","level":"info"}
{"timestamp":"2026-09-06T07:15:05.969331570Z","message":"  route: '/api/studio/mcp/session/ping',","level":"info"}
{"level":"info","timestamp":"2026-09-06T07:15:05.969335920Z","message":"  status: 200,"}
{"message":"  durationMs: 363","timestamp":"2026-09-06T07:15:05.969340120Z","level":"info"}
{"level":"info","message":"}","timestamp":"2026-09-06T07:15:05.969343840Z"}
{"timestamp":"2026-09-06T07:15:06.704928534Z","level":"info","message":"[ops] {"}
{"timestamp":"2026-09-06T07:15:06.704933734Z","level":"info","message":"  event: 'http_request',"}
{"timestamp":"2026-09-06T07:15:06.704936864Z","level":"info","message":"  ts: '2026-09-06T07:15:06.557Z',"}
{"level":"info","message":"  requestId: '2245a9f9-886d-4f26-9ba0-2ba2808fd723',","timestamp":"2026-09-06T07:15:06.704942364Z"}
{"message":"  method: 'GET',","level":"info","timestamp":"2026-09-06T07:15:06.704945194Z"}
{"timestamp":"2026-09-06T07:15:06.704950743Z","message":"  route: '/api/v2/events',","level":"info"}
{"timestamp":"2026-09-06T07:15:06.705092580Z","level":"info","message":"  status: 200,"}
{"level":"info","timestamp":"2026-09-06T07:15:06.705095700Z","message":"  durationMs: 801"}
{"message":"}","timestamp":"2026-09-06T07:15:06.705101060Z","level":"info"}
{"level":"info","message":"","sessionId":"Iog4rWn0F2wcGR9xp3Jq","type":"firestore_write_metric","counter":"studio_session","count":1,"total":112,"timestamp":"2026-09-06T07:15:07.633170085Z","jobId":null,"ts":1788678907574,"writesPerStudioSessionHour":108}
{"level":"info","message":"","type":"firestore_write_metric","sessionId":null,"timestamp":"2026-09-06T07:15:07.633278073Z","jobId":"artifact_job_b8e08b840554ff094ae4bc80380bab8effe586ba0971de96","total":10,"ts":1788678907578,"counter":"job_document","count":1}
{"counter":"job_event_document","sessionId":null,"jobId":"artifact_job_b8e08b840554ff094ae4bc80380bab8effe586ba0971de96","ts":1788678907579,"message":"","count":1,"level":"info","total":8,"timestamp":"2026-09-06T07:15:07.633281593Z","type":"firestore_write_metric"}
{"level":"info","message":"  ts: '2026-09-06T07:15:07.891Z',","timestamp":"2026-09-06T07:15:08.037442272Z"}
{"level":"info","timestamp":"2026-09-06T07:15:08.037452511Z","message":"  requestId: 'cd67219c-9570-4825-a5b3-2d2a45c93ac2',"}
{"message":"  sessionId: 'Iog4rWn0F2wcGR9xp3Jq',","timestamp":"2026-09-06T07:15:08.037456631Z","level":"info"}
{"level":"info","message":"  userId: 'klu6Sv5QeEgYWlHjsgQwMkZCvsb2',","timestamp":"2026-09-06T07:15:08.037460551Z"}
{"level":"info","timestamp":"2026-09-06T07:15:08.037464301Z","message":"  status: 'degraded',"}
{"level":"info","timestamp":"2026-09-06T07:15:08.037469281Z","message":"  reasonCodes: [ 'command_unavailable' ],"}
{"message":"  buildId: 'nexusrbx-studio-0.14.0-r15-animation.10-native-value-normalization',","level":"info","timestamp":"2026-09-06T07:15:08.037473451Z"}
{"timestamp":"2026-09-06T07:15:08.037477741Z","level":"info","message":"  attestationWritten: true,"}
{"message":"  repairDurationMs: 467","level":"info","timestamp":"2026-09-06T07:15:08.037481451Z"}
{"message":"}","timestamp":"2026-09-06T07:15:08.037484921Z","level":"info"}
{"level":"info","message":"[ops] {","timestamp":"2026-09-06T07:15:08.037488850Z"}
{"message":"  event: 'http_request',","timestamp":"2026-09-06T07:15:08.037492790Z","level":"info"}
{"level":"info","message":"  ts: '2026-09-06T07:15:07.891Z',","timestamp":"2026-09-06T07:15:08.037496530Z"}
{"timestamp":"2026-09-06T07:15:08.037499750Z","level":"info","message":"  requestId: 'cd67219c-9570-4825-a5b3-2d2a45c93ac2',"}
{"timestamp":"2026-09-06T07:15:08.037502920Z","level":"info","message":"  method: 'POST',"}
{"message":"  route: '/api/studio/session/ping',","timestamp":"2026-09-06T07:15:08.037506670Z","level":"info"}
{"timestamp":"2026-09-06T07:15:08.037510700Z","level":"info","message":"  status: 200,"}
{"timestamp":"2026-09-06T07:15:08.037517730Z","message":"  durationMs: 521","level":"info"}
{"message":"}","timestamp":"2026-09-06T07:15:08.037522220Z","level":"info"}
{"type":"firestore_write_metric","timestamp":"2026-09-06T07:15:08.037608538Z","ts":1788678907891,"jobId":null,"message":"","total":113,"writesPerStudioSessionHour":109,"counter":"studio_session","level":"info","count":1,"sessionId":"Iog4rWn0F2wcGR9xp3Jq"}
{"timestamp":"2026-09-06T07:15:08.037612938Z","level":"info","message":"[ops] {"}
{"message":"  event: 'studio.plugin_compatibility_handshake',","level":"info","timestamp":"2026-09-06T07:15:08.037616558Z"}
{"timestamp":"2026-09-06T07:15:08.107441697Z","level":"info","message":"[ops] {"}
{"level":"info","message":"  event: 'http_request',","timestamp":"2026-09-06T07:15:08.107452797Z"}
{"timestamp":"2026-09-06T07:15:08.107456837Z","message":"  ts: '2026-09-06T07:15:08.098Z',","level":"info"}
{"level":"info","timestamp":"2026-09-06T07:15:08.107460137Z","message":"  requestId: 'bd015583-6948-428a-8619-eefc54d5ff85',"}
{"level":"info","timestamp":"2026-09-06T07:15:08.107463116Z","message":"  method: 'OPTIONS',"}
{"level":"info","timestamp":"2026-09-06T07:15:08.107466176Z","message":"  route: '/api/v2/events',"}
{"message":"  status: 204,","level":"info","timestamp":"2026-09-06T07:15:08.107469036Z"}
{"level":"info","message":"  durationMs: 0","timestamp":"2026-09-06T07:15:08.107471966Z"}
{"timestamp":"2026-09-06T07:15:08.107474736Z","level":"info","message":"}"}
{"message":"[ops] {","timestamp":"2026-09-06T07:15:08.113686434Z","level":"info"}
{"level":"info","message":"  event: 'http_request',","timestamp":"2026-09-06T07:15:08.113696583Z"}
{"message":"  ts: '2026-09-06T07:15:08.111Z',","timestamp":"2026-09-06T07:15:08.113702493Z","level":"info"}
{"timestamp":"2026-09-06T07:15:08.113706933Z","level":"info","message":"  requestId: '214169af-8b51-454f-80ba-d2683a895668',"}
{"timestamp":"2026-09-06T07:15:08.113712163Z","message":"  method: 'POST',","level":"info"}
{"level":"info","timestamp":"2026-09-06T07:15:08.113717003Z","message":"  route: '/api/studio/commands/:commandId/ack',"}
{"message":"  status: 200,","timestamp":"2026-09-06T07:15:08.113721263Z","level":"info"}
{"message":"  durationMs: 64864","timestamp":"2026-09-06T07:15:08.113725023Z","level":"info"}
{"message":"}","level":"info","timestamp":"2026-09-06T07:15:08.113729233Z"}
{"message":"[ops] {","timestamp":"2026-09-06T07:15:08.271153913Z","level":"error"}
{"timestamp":"2026-09-06T07:15:08.271159893Z","message":"  event: 'security.app_check_rejected',","level":"error"}
{"level":"error","message":"  ts: '2026-09-06T07:15:08.262Z',","timestamp":"2026-09-06T07:15:08.271163723Z"}
{"timestamp":"2026-09-06T07:15:08.271167383Z","message":"  reason: 'missing_token',","level":"error"}
{"timestamp":"2026-09-06T07:15:08.271170633Z","message":"  mode: 'monitor',","level":"error"}
{"message":"  route: '/api/v2/events'","timestamp":"2026-09-06T07:15:08.271173723Z","level":"error"}
{"level":"error","message":"}","timestamp":"2026-09-06T07:15:08.271176853Z"}
{"level":"info","message":"  method: 'GET',","timestamp":"2026-09-06T07:15:08.997128839Z"}
{"timestamp":"2026-09-06T07:15:08.997138289Z","message":"  route: '/api/v2/events',","level":"info"}
{"message":"  status: 200,","timestamp":"2026-09-06T07:15:08.997143459Z","level":"info"}
{"level":"info","message":"  durationMs: 661","timestamp":"2026-09-06T07:15:08.997146989Z"}
{"level":"info","timestamp":"2026-09-06T07:15:08.997150529Z","message":"}"}
{"timestamp":"2026-09-06T07:15:08.997177358Z","message":"[ops] {","level":"info"}
{"message":"  event: 'http_request',","timestamp":"2026-09-06T07:15:08.997181988Z","level":"info"}
{"timestamp":"2026-09-06T07:15:08.997185818Z","level":"info","message":"  ts: '2026-09-06T07:15:08.922Z',"}
{"message":"  requestId: '1d118022-ed81-4b4c-9efd-6492fb01fba6',","timestamp":"2026-09-06T07:15:08.997189518Z","level":"info"}
{"level":"info","message":"[ops] {","timestamp":"2026-09-06T07:15:10.603114338Z"}
{"message":"  event: 'http_request',","level":"info","timestamp":"2026-09-06T07:15:10.603117968Z"}
{"level":"info","timestamp":"2026-09-06T07:15:10.603120838Z","message":"  ts: '2026-09-06T07:15:10.584Z',"}
{"timestamp":"2026-09-06T07:15:10.603123578Z","level":"info","message":"  requestId: '964da8ac-dcd8-4ddd-970c-e7b321b2707d',"}
{"message":"  method: 'OPTIONS',","timestamp":"2026-09-06T07:15:10.603126548Z","level":"info"}
{"timestamp":"2026-09-06T07:15:10.603129128Z","level":"info","message":"  route: '/api/v2/events',"}
{"message":"  status: 204,","level":"info","timestamp":"2026-09-06T07:15:10.603132008Z"}
{"message":"  durationMs: 0","level":"info","timestamp":"2026-09-06T07:15:10.603134627Z"}
{"message":"}","level":"info","timestamp":"2026-09-06T07:15:10.603139627Z"}
{"timestamp":"2026-09-06T07:15:10.603142447Z","message":"[ops] {","level":"info"}
{"timestamp":"2026-09-06T07:15:10.603145337Z","level":"info","message":"  event: 'http_request',"}
{"level":"info","message":"  ts: '2026-09-06T07:15:10.585Z',","timestamp":"2026-09-06T07:15:10.603148217Z"}
{"timestamp":"2026-09-06T07:15:10.603151447Z","level":"info","message":"  requestId: '29ce802f-e578-40ab-984c-6ba4ac76a7a4',"}
{"timestamp":"2026-09-06T07:15:10.603154327Z","message":"  method: 'OPTIONS',","level":"info"}
{"timestamp":"2026-09-06T07:15:10.603157007Z","level":"info","message":"  route: '/api/v2/agents/active',"}
{"level":"info","message":"  status: 204,","timestamp":"2026-09-06T07:15:10.603159727Z"}
{"timestamp":"2026-09-06T07:15:10.603162507Z","level":"info","message":"  durationMs: 0"}
{"message":"}","level":"info","timestamp":"2026-09-06T07:15:10.603165267Z"}
{"level":"info","timestamp":"2026-09-06T07:15:10.616564420Z","message":"  method: 'GET',"}
{"message":"[ops] {","level":"info","timestamp":"2026-09-06T07:15:10.616567370Z"}
{"timestamp":"2026-09-06T07:15:10.616571019Z","message":"  route: '/api/studio/commands/next',","level":"info"}
{"timestamp":"2026-09-06T07:15:10.616572549Z","message":"  event: 'studio.command_polled',","level":"info"}
{"timestamp":"2026-09-06T07:15:10.616575469Z","message":"  status: 204,","level":"info"}
{"level":"info","message":"  durationMs: 6095","timestamp":"2026-09-06T07:15:10.616578399Z"}
{"timestamp":"2026-09-06T07:15:10.616584819Z","level":"info","message":"}"}
{"level":"info","message":"  ts: '2026-09-06T07:15:10.610Z',","timestamp":"2026-09-06T07:15:10.616586559Z"}
{"level":"info","message":"  requestId: '52390831-9011-450d-aa0a-499eb9dc94cd',","timestamp":"2026-09-06T07:15:10.616589979Z"}
{"message":"  sessionId: 'Iog4rWn0F2wcGR9xp3Jq',","timestamp":"2026-09-06T07:15:10.616592889Z","level":"info"}
{"message":"  status: 'empty'","timestamp":"2026-09-06T07:15:10.616596829Z","level":"info"}
{"timestamp":"2026-09-06T07:15:10.616599389Z","message":"}","level":"info"}
{"timestamp":"2026-09-06T07:15:10.616602169Z","level":"info","message":"[ops] {"}
{"level":"info","message":"  event: 'http_request',","timestamp":"2026-09-06T07:15:10.616612978Z"}
{"level":"info","message":"  ts: '2026-09-06T07:15:10.610Z',","timestamp":"2026-09-06T07:15:10.616616508Z"}
{"message":"  requestId: '52390831-9011-450d-aa0a-499eb9dc94cd',","level":"info","timestamp":"2026-09-06T07:15:10.616627918Z"}
{"timestamp":"2026-09-06T07:15:10.728444398Z","message":"[ops] {","level":"info"}
{"level":"info","message":"  event: 'studio.command_polled',","timestamp":"2026-09-06T07:15:10.728447748Z"}
{"message":"  ts: '2026-09-06T07:15:10.694Z',","timestamp":"2026-09-06T07:15:10.728450468Z","level":"info"}
{"level":"info","message":"  requestId: '10734c10-28ec-4087-92e7-5e278b2e99ea',","timestamp":"2026-09-06T07:15:10.728453788Z"}
{"message":"  sessionId: 'MLq8J3mhz56J6BRsAeQe',","timestamp":"2026-09-06T07:15:10.728457088Z","level":"info"}
{"timestamp":"2026-09-06T07:15:10.728459618Z","message":"  status: 'empty'","level":"info"}
{"timestamp":"2026-09-06T07:15:10.728462067Z","level":"info","message":"}"}
{"timestamp":"2026-09-06T07:15:10.728464807Z","level":"info","message":"[ops] {"}
{"timestamp":"2026-09-06T07:15:10.728467527Z","level":"info","message":"  event: 'http_request',"}
{"message":"  ts: '2026-09-06T07:15:10.694Z',","timestamp":"2026-09-06T07:15:10.728470447Z","level":"info"}
{"level":"info","timestamp":"2026-09-06T07:15:10.728473107Z","message":"  requestId: '10734c10-28ec-4087-92e7-5e278b2e99ea',"}
{"timestamp":"2026-09-06T07:15:10.728476477Z","level":"info","message":"  method: 'GET',"}
{"level":"info","message":"  route: '/api/studio/commands/next',","timestamp":"2026-09-06T07:15:10.728479487Z"}
{"level":"info","message":"  status: 204,","timestamp":"2026-09-06T07:15:10.728482477Z"}
{"timestamp":"2026-09-06T07:15:10.728485617Z","message":"  durationMs: 2244","level":"info"}
{"level":"info","timestamp":"2026-09-06T07:15:10.728488787Z","message":"}"}
{"message":"[ops] {","timestamp":"2026-09-06T07:15:10.787798778Z","level":"error"}
{"timestamp":"2026-09-06T07:15:10.787804018Z","message":"  event: 'security.app_check_rejected',","level":"error"}
{"timestamp":"2026-09-06T07:15:10.787807478Z","level":"error","message":"  ts: '2026-09-06T07:15:10.783Z',"}
{"timestamp":"2026-09-06T07:15:10.787811078Z","message":"  reason: 'missing_token',","level":"error"}
{"timestamp":"2026-09-06T07:15:10.787816208Z","level":"error","message":"  mode: 'monitor',"}
{"timestamp":"2026-09-06T07:15:10.787819838Z","level":"error","message":"  route: '/api/v2/events'"}
{"message":"}","timestamp":"2026-09-06T07:15:10.787823788Z","level":"error"}
{"level":"error","timestamp":"2026-09-06T07:15:10.789078579Z","message":"[ops] {"}
{"level":"error","message":"  event: 'security.app_check_rejected',","timestamp":"2026-09-06T07:15:10.789084279Z"}
{"message":"  ts: '2026-09-06T07:15:10.787Z',","level":"error","timestamp":"2026-09-06T07:15:10.789088479Z"}
{"message":"  reason: 'missing_token',","timestamp":"2026-09-06T07:15:10.789092629Z","level":"error"}
{"level":"error","message":"  mode: 'monitor',","timestamp":"2026-09-06T07:15:10.789096309Z"}
{"message":"  route: '/api/v2/agents/active'","level":"error","timestamp":"2026-09-06T07:15:10.789100009Z"}
{"level":"error","timestamp":"2026-09-06T07:15:10.789103858Z","message":"}"}
{"level":"info","message":"[ops] {","timestamp":"2026-09-06T07:15:11.041264055Z"}
{"message":"  event: 'http_request',","timestamp":"2026-09-06T07:15:11.041266805Z","level":"info"}
{"message":"  ts: '2026-09-06T07:15:10.859Z',","timestamp":"2026-09-06T07:15:11.041269165Z","level":"info"}
{"message":"  requestId: '586413a8-b211-4c7c-9ba6-43b29d8c5082',","timestamp":"2026-09-06T07:15:11.041272035Z","level":"info"}
{"message":"  method: 'GET',","level":"info","timestamp":"2026-09-06T07:15:11.041274865Z"}
{"level":"info","message":"  route: '/api/v2/agents/active',","timestamp":"2026-09-06T07:15:11.041277275Z"}
{"timestamp":"2026-09-06T07:15:11.041279635Z","level":"info","message":"  status: 200,"}
{"timestamp":"2026-09-06T07:15:11.041282555Z","level":"info","message":"  durationMs: 72"}
{"message":"}","timestamp":"2026-09-06T07:15:11.041285364Z","level":"info"}
{"timestamp":"2026-09-06T07:15:11.459476084Z","message":"[ops] {","level":"info"}
{"level":"info","timestamp":"2026-09-06T07:15:11.459485624Z","message":"  event: 'http_request',"}
{"message":"  ts: '2026-09-06T07:15:11.382Z',","timestamp":"2026-09-06T07:15:11.459490784Z","level":"info"}
{"level":"info","message":"  requestId: 'f1b5969b-a610-486f-8545-2e311a7d308d',","timestamp":"2026-09-06T07:15:11.459496754Z"}
{"level":"info","timestamp":"2026-09-06T07:15:11.459502453Z","message":"  method: 'GET',"}
{"level":"info","timestamp":"2026-09-06T07:15:11.459507673Z","message":"  route: '/api/v2/events',"}
{"timestamp":"2026-09-06T07:15:11.459512623Z","level":"info","message":"  status: 200,"}
{"message":"  durationMs: 599","timestamp":"2026-09-06T07:15:11.459517623Z","level":"info"}
{"message":"}","level":"info","timestamp":"2026-09-06T07:15:11.459522593Z"}
{"level":"info","jobId":null,"writesPerStudioSessionHour":110,"sessionId":"Iog4rWn0F2wcGR9xp3Jq","type":"firestore_write_metric","timestamp":"2026-09-06T07:15:11.805168693Z","total":114,"message":"","counter":"studio_session","count":1,"ts":1788678911790}
{"total":115,"sessionId":"Iog4rWn0F2wcGR9xp3Jq","level":"info","message":"","counter":"studio_session","timestamp":"2026-09-06T07:15:12.135839156Z","type":"firestore_write_metric","ts":1788678912118,"jobId":null,"count":1,"writesPerStudioSessionHour":111}
{"level":"info","timestamp":"2026-09-06T07:15:12.135842236Z","message":"[ops] {"}
{"timestamp":"2026-09-06T07:15:12.135845466Z","message":"  event: 'studio.plugin_compatibility_handshake',","level":"info"}
{"level":"info","message":"  ts: '2026-09-06T07:15:12.118Z',","timestamp":"2026-09-06T07:15:12.135848696Z"}
{"level":"info","timestamp":"2026-09-06T07:15:12.135851816Z","message":"  requestId: '4f56621c-4f57-46b6-89c8-cf2d7f60d39f',"}
{"level":"info","message":"  sessionId: 'Iog4rWn0F2wcGR9xp3Jq',","timestamp":"2026-09-06T07:15:12.135855196Z"}
{"message":"  userId: 'klu6Sv5QeEgYWlHjsgQwMkZCvsb2',","timestamp":"2026-09-06T07:15:12.135858266Z","level":"info"}
{"level":"info","message":"  status: 'degraded',","timestamp":"2026-09-06T07:15:12.135861286Z"}
{"message":"  reasonCodes: [ 'command_unavailable' ],","timestamp":"2026-09-06T07:15:12.135864196Z","level":"info"}
{"level":"info","timestamp":"2026-09-06T07:15:12.135866886Z","message":"  buildId: 'nexusrbx-studio-0.14.0-r15-animation.10-native-value-normalization',"}
{"timestamp":"2026-09-06T07:15:12.135869726Z","message":"  attestationWritten: true,","level":"info"}
{"timestamp":"2026-09-06T07:15:12.135872696Z","message":"  repairDurationMs: 512","level":"info"}
{"timestamp":"2026-09-06T07:15:12.135875465Z","level":"info","message":"}"}
{"level":"info","timestamp":"2026-09-06T07:15:12.135878835Z","message":"[ops] {"}
{"message":"  event: 'http_request',","timestamp":"2026-09-06T07:15:12.135882085Z","level":"info"}
{"timestamp":"2026-09-06T07:15:12.135885085Z","level":"info","message":"  ts: '2026-09-06T07:15:12.118Z',"}
{"message":"  requestId: '4f56621c-4f57-46b6-89c8-cf2d7f60d39f',","timestamp":"2026-09-06T07:15:12.135888225Z","level":"info"}
{"message":"  method: 'POST',","timestamp":"2026-09-06T07:15:12.135890925Z","level":"info"}
{"message":"  route: '/api/studio/session/ping',","timestamp":"2026-09-06T07:15:12.135893545Z","level":"info"}
{"message":"  status: 200,","timestamp":"2026-09-06T07:15:12.135896035Z","level":"info"}
{"level":"info","message":"  durationMs: 564","timestamp":"2026-09-06T07:15:12.135898445Z"}
{"level":"info","message":"}","timestamp":"2026-09-06T07:15:12.135901215Z"}
{"level":"info","message":"[ops] {","timestamp":"2026-09-06T07:15:13.163396515Z"}
{"level":"info","message":"  event: 'http_request',","timestamp":"2026-09-06T07:15:13.163400925Z"}
{"timestamp":"2026-09-06T07:15:13.163482993Z","message":"  ts: '2026-09-06T07:15:13.082Z',","level":"info"}
{"message":"  requestId: 'a400635c-db3d-4053-9b63-86d46df4e887',","timestamp":"2026-09-06T07:15:13.163486253Z","level":"info"}
{"level":"info","message":"  method: 'OPTIONS',","timestamp":"2026-09-06T07:15:13.163489553Z"}
{"level":"info","message":"  route: '/api/v2/events',","timestamp":"2026-09-06T07:15:13.163493213Z"}
{"level":"info","message":"  status: 204,","timestamp":"2026-09-06T07:15:13.163496543Z"}
{"message":"  durationMs: 0","level":"info","timestamp":"2026-09-06T07:15:13.163499973Z"}
{"message":"}","level":"info","timestamp":"2026-09-06T07:15:13.163503133Z"}
{"level":"error","message":"[ops] {","timestamp":"2026-09-06T07:15:13.257687550Z"}
{"message":"  event: 'security.app_check_rejected',","timestamp":"2026-09-06T07:15:13.257692040Z","level":"error"}
{"timestamp":"2026-09-06T07:15:13.257695280Z","level":"error","message":"  ts: '2026-09-06T07:15:13.251Z',"}
{"level":"error","timestamp":"2026-09-06T07:15:13.257698850Z","message":"  reason: 'missing_token',"}
{"level":"error","message":"  mode: 'monitor',","timestamp":"2026-09-06T07:15:13.257702260Z"}
{"level":"error","message":"  route: '/api/v2/events'","timestamp":"2026-09-06T07:15:13.257706380Z"}
{"level":"error","timestamp":"2026-09-06T07:15:13.257709350Z","message":"}"}
{"message":"[ops] {","level":"info","timestamp":"2026-09-06T07:15:13.502697290Z"}
{"message":"  event: 'studio.command_polled',","timestamp":"2026-09-06T07:15:13.502701340Z","level":"info"}
{"level":"info","timestamp":"2026-09-06T07:15:13.502704779Z","message":"  ts: '2026-09-06T07:15:13.397Z',"}
{"message":"  requestId: 'ade05190-eb5e-42d3-b61c-ecf6c0ee873c',","timestamp":"2026-09-06T07:15:13.502709839Z","level":"info"}
{"message":"  sessionId: 'DlvFpLpN0vX1CB5Fvwv9',","timestamp":"2026-09-06T07:15:13.502713349Z","level":"info"}
{"message":"  status: 'empty'","timestamp":"2026-09-06T07:15:13.502717229Z","level":"info"}
{"timestamp":"2026-09-06T07:15:13.502721039Z","message":"}","level":"info"}
{"message":"[ops] {","timestamp":"2026-09-06T07:15:13.502724889Z","level":"info"}
{"timestamp":"2026-09-06T07:15:13.502728789Z","level":"info","message":"  event: 'http_request',"}
{"message":"  ts: '2026-09-06T07:15:13.397Z',","timestamp":"2026-09-06T07:15:13.502732039Z","level":"info"}
{"timestamp":"2026-09-06T07:15:13.502736239Z","level":"info","message":"  requestId: 'ade05190-eb5e-42d3-b61c-ecf6c0ee873c',"}
{"message":"  method: 'GET',","timestamp":"2026-09-06T07:15:13.502740849Z","level":"info"}
{"message":"  route: '/api/studio/mcp/commands/next',","timestamp":"2026-09-06T07:15:13.502750828Z","level":"info"}
{"message":"  status: 204,","timestamp":"2026-09-06T07:15:13.502754388Z","level":"info"}
{"level":"info","timestamp":"2026-09-06T07:15:13.502757688Z","message":"  durationMs: 5384"}
{"level":"info","message":"}","timestamp":"2026-09-06T07:15:13.502761088Z"}
{"level":"info","message":"[ops] {","timestamp":"2026-09-06T07:15:13.911265559Z"}
{"message":"  event: 'http_request',","timestamp":"2026-09-06T07:15:13.911270769Z","level":"info"}
{"timestamp":"2026-09-06T07:15:13.911274389Z","message":"  ts: '2026-09-06T07:15:13.901Z',","level":"info"}
{"level":"info","timestamp":"2026-09-06T07:15:13.911277119Z","message":"  requestId: 'b15aa96c-b9f0-4b35-b6d4-dfb60f11b6e5',"}
{"level":"info","message":"  method: 'GET',","timestamp":"2026-09-06T07:15:13.911279889Z"}
{"level":"info","timestamp":"2026-09-06T07:15:13.911282519Z","message":"  route: '/api/v2/events',"}
{"timestamp":"2026-09-06T07:15:13.911285419Z","level":"info","message":"  status: 200,"}
{"message":"  durationMs: 651","timestamp":"2026-09-06T07:15:13.911287839Z","level":"info"}
{"timestamp":"2026-09-06T07:15:13.911290489Z","message":"}","level":"info"}
{"timestamp":"2026-09-06T07:15:14.121428946Z","message":"[ops] {","level":"info"}
{"message":"  event: 'http_request',","timestamp":"2026-09-06T07:15:14.121433086Z","level":"info"}
{"message":"  ts: '2026-09-06T07:15:14.004Z',","timestamp":"2026-09-06T07:15:14.121436916Z","level":"info"}
{"timestamp":"2026-09-06T07:15:14.121441466Z","message":"  requestId: 'fa86274a-0998-4dc0-9f19-0865a1ac5fe2',","level":"info"}
{"level":"info","timestamp":"2026-09-06T07:15:14.121445176Z","message":"  method: 'POST',"}
{"timestamp":"2026-09-06T07:15:14.121448406Z","level":"info","message":"  route: '/api/studio/mcp/session/ping',"}
{"message":"  status: 200,","timestamp":"2026-09-06T07:15:14.121451916Z","level":"info"}
{"message":"  durationMs: 275","timestamp":"2026-09-06T07:15:14.121454876Z","level":"info"}
{"level":"info","message":"}","timestamp":"2026-09-06T07:15:14.121458436Z"}
{"message":"[ops] {","timestamp":"2026-09-06T07:15:15.379102789Z","level":"info"}
{"message":"  event: 'studio.command_polled',","level":"info","timestamp":"2026-09-06T07:15:15.379107549Z"}
{"timestamp":"2026-09-06T07:15:15.379110699Z","level":"info","message":"  ts: '2026-09-06T07:15:15.374Z',"}
{"message":"  requestId: '30f7fedb-9f48-48a4-b4a2-9d4c562c0279',","timestamp":"2026-09-06T07:15:15.379113849Z","level":"info"}
{"message":"  sessionId: 'MLq8J3mhz56J6BRsAeQe',","timestamp":"2026-09-06T07:15:15.379116709Z","level":"info"}
{"message":"  status: 'empty'","level":"info","timestamp":"2026-09-06T07:15:15.379119669Z"}
{"timestamp":"2026-09-06T07:15:15.379122619Z","message":"}","level":"info"}
{"level":"info","message":"[ops] {","timestamp":"2026-09-06T07:15:15.379125278Z"}
{"level":"info","timestamp":"2026-09-06T07:15:15.379127808Z","message":"  event: 'http_request',"}
{"message":"  ts: '2026-09-06T07:15:15.375Z',","timestamp":"2026-09-06T07:15:15.379130368Z","level":"info"}
{"message":"  requestId: '30f7fedb-9f48-48a4-b4a2-9d4c562c0279',","level":"info","timestamp":"2026-09-06T07:15:15.379132798Z"}
{"level":"info","message":"  method: 'GET',","timestamp":"2026-09-06T07:15:15.379135398Z"}
{"message":"  route: '/api/studio/commands/next',","level":"info","timestamp":"2026-09-06T07:15:15.379137918Z"}
{"timestamp":"2026-09-06T07:15:15.379140788Z","message":"  status: 204,","level":"info"}
{"message":"  durationMs: 4159","level":"info","timestamp":"2026-09-06T07:15:15.379143178Z"}
{"level":"info","message":"}","timestamp":"2026-09-06T07:15:15.379146018Z"}
{"message":"[ops] {","level":"info","timestamp":"2026-09-06T07:15:15.597413445Z"}
{"message":"  event: 'http_request',","timestamp":"2026-09-06T07:15:15.597416524Z","level":"info"}
{"message":"  ts: '2026-09-06T07:15:15.582Z',","level":"info","timestamp":"2026-09-06T07:15:15.597419474Z"}
{"message":"  requestId: '64b28a8b-b32a-4250-be26-165bac5f83c5',","timestamp":"2026-09-06T07:15:15.597422204Z","level":"info"}
{"timestamp":"2026-09-06T07:15:15.597431044Z","level":"info","message":"  method: 'OPTIONS',"}
{"timestamp":"2026-09-06T07:15:15.597434074Z","level":"info","message":"  route: '/api/v2/events',"}
{"timestamp":"2026-09-06T07:15:15.597436824Z","level":"info","message":"  status: 204,"}
{"level":"info","timestamp":"2026-09-06T07:15:15.597439514Z","message":"  durationMs: 0"}
{"message":"}","timestamp":"2026-09-06T07:15:15.597442644Z","level":"info"}
{"message":"  mode: 'monitor',","timestamp":"2026-09-06T07:15:15.832145085Z","level":"error"}
{"message":"  route: '/api/v2/events'","timestamp":"2026-09-06T07:15:15.832151845Z","level":"error"}
{"timestamp":"2026-09-06T07:15:15.832155855Z","message":"}","level":"error"}
{"message":"[ops] {","timestamp":"2026-09-06T07:15:15.832162815Z","level":"error"}
{"message":"  event: 'security.app_check_rejected',","timestamp":"2026-09-06T07:15:15.832175544Z","level":"error"}
{"timestamp":"2026-09-06T07:15:15.832179284Z","level":"error","message":"  ts: '2026-09-06T07:15:15.794Z',"}
{"message":"  reason: 'missing_token',","level":"error","timestamp":"2026-09-06T07:15:15.832183094Z"}
{"timestamp":"2026-09-06T07:15:16.197510066Z","message":"[ops] {","level":"info"}
{"timestamp":"2026-09-06T07:15:16.197513735Z","level":"info","message":"  event: 'http_request',"}
{"message":"  ts: '2026-09-06T07:15:16.069Z',","timestamp":"2026-09-06T07:15:16.197517615Z","level":"info"}
{"level":"info","message":"  requestId: 'd88c9bc5-a6a2-4908-bf91-7704d925eb04',","timestamp":"2026-09-06T07:15:16.197521345Z"}
{"level":"info","message":"  method: 'OPTIONS',","timestamp":"2026-09-06T07:15:16.197525425Z"}
{"message":"  route: '/api/studio/status',","timestamp":"2026-09-06T07:15:16.197529085Z","level":"info"}
{"timestamp":"2026-09-06T07:15:16.197532265Z","message":"  status: 204,","level":"info"}
{"message":"  durationMs: 0","level":"info","timestamp":"2026-09-06T07:15:16.197536305Z"}
{"message":"}","level":"info","timestamp":"2026-09-06T07:15:16.197544625Z"}
{"message":"[ops] {","timestamp":"2026-09-06T07:15:16.197548545Z","level":"info"}
{"message":"  event: 'http_request',","timestamp":"2026-09-06T07:15:16.197551955Z","level":"info"}
{"message":"  ts: '2026-09-06T07:15:16.070Z',","timestamp":"2026-09-06T07:15:16.197555434Z","level":"info"}
{"timestamp":"2026-09-06T07:15:16.197559504Z","message":"  requestId: 'f201aa85-f6b8-41e8-9cac-82558f51fd2e',","level":"info"}
{"message":"  method: 'OPTIONS',","timestamp":"2026-09-06T07:15:16.197562674Z","level":"info"}
{"message":"  route: '/api/studio/mcp/status',","level":"info","timestamp":"2026-09-06T07:15:16.197565814Z"}
{"message":"  status: 204,","timestamp":"2026-09-06T07:15:16.197569084Z","level":"info"}
{"timestamp":"2026-09-06T07:15:16.197572744Z","level":"info","message":"  durationMs: 0"}
{"timestamp":"2026-09-06T07:15:16.197576294Z","level":"info","message":"}"}
{"count":1,"sessionId":"MLq8J3mhz56J6BRsAeQe","jobId":null,"type":"firestore_write_metric","level":"info","ts":1788678916107,"timestamp":"2026-09-06T07:15:16.197580424Z","message":"","counter":"studio_session","total":116,"writesPerStudioSessionHour":5}
{"message":"[ops] {","timestamp":"2026-09-06T07:15:16.254442796Z","level":"error"}
{"level":"error","timestamp":"2026-09-06T07:15:16.254445786Z","message":"  event: 'security.app_check_rejected',"}
{"level":"error","message":"  ts: '2026-09-06T07:15:16.249Z',","timestamp":"2026-09-06T07:15:16.254448736Z"}
{"timestamp":"2026-09-06T07:15:16.254451526Z","message":"  reason: 'missing_token',","level":"error"}
{"message":"  mode: 'monitor',","timestamp":"2026-09-06T07:15:16.254455416Z","level":"error"}
{"timestamp":"2026-09-06T07:15:16.254458306Z","level":"error","message":"  route: '/api/studio/mcp/status'"}
{"level":"error","timestamp":"2026-09-06T07:15:16.254460896Z","message":"}"}
{"message":"[ops] {","level":"error","timestamp":"2026-09-06T07:15:16.254463516Z"}
{"message":"  event: 'security.app_check_rejected',","timestamp":"2026-09-06T07:15:16.254466336Z","level":"error"}
{"timestamp":"2026-09-06T07:15:16.254469386Z","level":"error","message":"  ts: '2026-09-06T07:15:16.253Z',"}
{"timestamp":"2026-09-06T07:15:16.254473666Z","level":"error","message":"  reason: 'missing_token',"}
{"level":"error","message":"  mode: 'monitor',","timestamp":"2026-09-06T07:15:16.254476416Z"}
{"message":"  route: '/api/studio/status'","timestamp":"2026-09-06T07:15:16.254479175Z","level":"error"}
{"timestamp":"2026-09-06T07:15:16.254481995Z","level":"error","message":"}"}
{"timestamp":"2026-09-06T07:15:16.308721568Z","level":"info","message":"[ops] {"}
{"level":"info","message":"  event: 'studio.plugin_compatibility_handshake',","timestamp":"2026-09-06T07:15:16.308732408Z"}
{"timestamp":"2026-09-06T07:15:16.308736778Z","level":"info","message":"  ts: '2026-09-06T07:15:16.303Z',"}
{"message":"  requestId: 'f53076e7-0a80-4a67-92e1-c0af3789df6d',","timestamp":"2026-09-06T07:15:16.308741027Z","level":"info"}
{"message":"  sessionId: 'MLq8J3mhz56J6BRsAeQe',","timestamp":"2026-09-06T07:15:16.308745027Z","level":"info"}
{"timestamp":"2026-09-06T07:15:16.308749377Z","level":"info","message":"  userId: '0VSQotqOXxPXBLeQu1gUNkXELWH3',"}
{"timestamp":"2026-09-06T07:15:16.308753177Z","message":"  status: 'compatible',","level":"info"}
{"message":"  reasonCodes: [],","timestamp":"2026-09-06T07:15:16.308756567Z","level":"info"}
{"level":"info","timestamp":"2026-09-06T07:15:16.308760117Z","message":"  buildId: 'nexusrbx-studio-0.14.0-r15-animation.12-toolbox',"}
{"timestamp":"2026-09-06T07:15:16.308764847Z","message":"  attestationWritten: false,","level":"info"}
{"level":"info","message":"  repairDurationMs: 553","timestamp":"2026-09-06T07:15:16.308769647Z"}
{"message":"}","timestamp":"2026-09-06T07:15:16.308773057Z","level":"info"}
{"level":"info","timestamp":"2026-09-06T07:15:16.308776737Z","message":"[ops] {"}
{"level":"info","message":"  event: 'http_request',","timestamp":"2026-09-06T07:15:16.308780227Z"}
{"message":"  ts: '2026-09-06T07:15:16.304Z',","timestamp":"2026-09-06T07:15:16.308783687Z","level":"info"}
{"timestamp":"2026-09-06T07:15:16.308787326Z","message":"  requestId: 'f53076e7-0a80-4a67-92e1-c0af3789df6d',","level":"info"}
{"level":"info","message":"  method: 'POST',","timestamp":"2026-09-06T07:15:16.308792056Z"}
{"timestamp":"2026-09-06T07:15:16.308795866Z","level":"info","message":"  route: '/api/studio/session/ping',"}
{"message":"  status: 200,","timestamp":"2026-09-06T07:15:16.308799476Z","level":"info"}
{"message":"  durationMs: 608","timestamp":"2026-09-06T07:15:16.308802996Z","level":"info"}
{"timestamp":"2026-09-06T07:15:16.308806446Z","message":"}","level":"info"}
{"timestamp":"2026-09-06T07:15:16.450505043Z","message":"  requestId: '4c428954-60e6-48b3-999f-ffc202268e3a',","level":"info"}
{"message":"  method: 'GET',","timestamp":"2026-09-06T07:15:16.450514552Z","level":"info"}
{"level":"info","message":"  route: '/api/v2/events',","timestamp":"2026-09-06T07:15:16.450519572Z"}
{"level":"info","timestamp":"2026-09-06T07:15:16.450524662Z","message":"  status: 200,"}
{"timestamp":"2026-09-06T07:15:16.450533742Z","level":"info","message":"  durationMs: 621"}
{"message":"[ops] {","timestamp":"2026-09-06T07:15:16.450540192Z","level":"info"}
{"timestamp":"2026-09-06T07:15:16.450542252Z","message":"}","level":"info"}
{"level":"info","message":"  event: 'http_request',","timestamp":"2026-09-06T07:15:16.450549392Z"}
{"level":"info","message":"  ts: '2026-09-06T07:15:16.415Z',","timestamp":"2026-09-06T07:15:16.450557141Z"}
{"message":"[ops] {","timestamp":"2026-09-06T07:15:16.588500004Z","level":"info"}
{"message":"  event: 'http_request',","level":"info","timestamp":"2026-09-06T07:15:16.588505984Z"}
{"timestamp":"2026-09-06T07:15:16.588511433Z","level":"info","message":"  ts: '2026-09-06T07:15:16.582Z',"}
{"level":"info","timestamp":"2026-09-06T07:15:16.588514303Z","message":"  requestId: 'bf7bb008-67a2-4e09-98c6-f27db3267d88',"}
{"message":"  method: 'GET',","timestamp":"2026-09-06T07:15:16.588516943Z","level":"info"}
{"message":"  route: '/api/studio/mcp/status',","level":"info","timestamp":"2026-09-06T07:15:16.588519923Z"}
{"timestamp":"2026-09-06T07:15:16.588522493Z","level":"info","message":"  status: 200,"}
{"message":"  durationMs: 333","timestamp":"2026-09-06T07:15:16.588525263Z","level":"info"}
{"timestamp":"2026-09-06T07:15:16.588527523Z","level":"info","message":"}"}
{"level":"info","timestamp":"2026-09-06T07:15:17.281115912Z","message":"[ops] {"}
{"message":"  event: 'http_request',","level":"info","timestamp":"2026-09-06T07:15:17.281119882Z"}
{"level":"info","message":"  ts: '2026-09-06T07:15:17.022Z',","timestamp":"2026-09-06T07:15:17.281123292Z"}
{"level":"info","message":"  requestId: 'a7ca5b29-ffcf-4936-9b57-8ff45042ac46',","timestamp":"2026-09-06T07:15:17.281126622Z"}
{"timestamp":"2026-09-06T07:15:17.281129871Z","message":"  method: 'GET',","level":"info"}
{"message":"  route: '/api/studio/status',","timestamp":"2026-09-06T07:15:17.281133811Z","level":"info"}
{"message":"  status: 200,","level":"info","timestamp":"2026-09-06T07:15:17.281137591Z"}
{"message":"  durationMs: 769","timestamp":"2026-09-06T07:15:17.281141421Z","level":"info"}
{"timestamp":"2026-09-06T07:15:17.281145111Z","level":"info","message":"}"}
{"count":1,"total":11,"type":"firestore_write_metric","sessionId":null,"counter":"job_document","timestamp":"2026-09-06T07:15:17.421025211Z","message":"","level":"info","jobId":"artifact_job_b8e08b840554ff094ae4bc80380bab8effe586ba0971de96","ts":1788678917407}
{"timestamp":"2026-09-06T07:15:17.421030011Z","total":9,"message":"","counter":"job_event_document","level":"info","ts":1788678917408,"jobId":"artifact_job_b8e08b840554ff094ae4bc80380bab8effe586ba0971de96","type":"firestore_write_metric","count":1,"sessionId":null}
{"message":"[ops] {","level":"info","timestamp":"2026-09-06T07:15:17.421033951Z"}
{"timestamp":"2026-09-06T07:15:17.421037701Z","level":"info","message":"  event: 'manifest_context_ensure_started',"}
{"message":"  ts: '2026-09-06T07:15:17.411Z',","level":"info","timestamp":"2026-09-06T07:15:17.421040591Z"}
{"level":"info","timestamp":"2026-09-06T07:15:17.421043331Z","message":"  userId: '0VSQotqOXxPXBLeQu1gUNkXELWH3',"}
{"level":"info","message":"  sessionId: 'MLq8J3mhz56J6BRsAeQe',","timestamp":"2026-09-06T07:15:17.421046391Z"}
{"message":"  requireFreshForWrite: false","level":"info","timestamp":"2026-09-06T07:15:17.421049321Z"}
{"timestamp":"2026-09-06T07:15:17.421053691Z","level":"info","message":"}"}
{"timestamp":"2026-09-06T07:15:17.564735754Z","message":"[ops] {","level":"info"}
{"message":"  event: 'manifest_state_read_count',","level":"info","timestamp":"2026-09-06T07:15:17.564740464Z"}
{"message":"  ts: '2026-09-06T07:15:17.531Z',","level":"info","timestamp":"2026-09-06T07:15:17.564743694Z"}
{"timestamp":"2026-09-06T07:15:17.564746574Z","level":"info","message":"  userId: '0VSQotqOXxPXBLeQu1gUNkXELWH3',"}
{"timestamp":"2026-09-06T07:15:17.564749583Z","level":"info","message":"  sessionId: 'MLq8J3mhz56J6BRsAeQe',"}
{"timestamp":"2026-09-06T07:15:17.564752433Z","message":"  value: 1","level":"info"}
{"message":"}","timestamp":"2026-09-06T07:15:17.564755163Z","level":"info"}
{"message":"  ts: '2026-09-06T07:15:17.587Z',","timestamp":"2026-09-06T07:15:17.606236747Z","level":"info"}
{"message":"[ops] {","level":"info","timestamp":"2026-09-06T07:15:17.606248207Z"}
{"timestamp":"2026-09-06T07:15:17.606249257Z","message":"  status: 'fresh',","level":"info"}
{"timestamp":"2026-09-06T07:15:17.606255247Z","level":"info","message":"  blockerCode: 'none',"}
{"timestamp":"2026-09-06T07:15:17.606261887Z","level":"info","message":"  event: 'manifest_cache_hit',"}
{"level":"info","message":"  targetId: 'st_8c5d17e8ee75c6d9aeebd894c2cadbf341aa72d1041774ef',","timestamp":"2026-09-06T07:15:17.606263597Z"}
{"timestamp":"2026-09-06T07:15:17.606270006Z","level":"info","message":"  ts: '2026-09-06T07:15:17.586Z',"}
{"timestamp":"2026-09-06T07:15:17.606270826Z","level":"info","message":"  placeSignature: '3fd89e84',"}
{"timestamp":"2026-09-06T07:15:17.606277796Z","message":"  userId: '0VSQotqOXxPXBLeQu1gUNkXELWH3',","level":"info"}
{"timestamp":"2026-09-06T07:15:17.606278626Z","message":"  revision: 'b7d64df9-4f3b-4953-9e19-1bd6fc98d291',","level":"info"}
{"message":"  sessionId: 'MLq8J3mhz56J6BRsAeQe',","timestamp":"2026-09-06T07:15:17.606285906Z","level":"info"}
{"level":"info","timestamp":"2026-09-06T07:15:17.606286506Z","message":"  refreshQueued: false,"}
{"timestamp":"2026-09-06T07:15:17.606293696Z","level":"info","message":"  revision: 'b7d64df9-4f3b-4953-9e19-1bd6fc98d291',"}
{"level":"info","timestamp":"2026-09-06T07:15:17.606294596Z","message":"  refreshDeduplicated: false"}
{"timestamp":"2026-09-06T07:15:17.606301096Z","message":"}","level":"info"}
{"timestamp":"2026-09-06T07:15:17.606303036Z","message":"  ageMs: 125353","level":"info"}
{"level":"info","timestamp":"2026-09-06T07:15:17.606307046Z","message":"[ops] {"}
{"message":"}","level":"info","timestamp":"2026-09-06T07:15:17.606310966Z"}
{"message":"  event: 'manifest_ensure_ms',","level":"info","timestamp":"2026-09-06T07:15:17.606315445Z"}
{"message":"[ops] {","timestamp":"2026-09-06T07:15:17.606318935Z","level":"info"}
{"message":"  ts: '2026-09-06T07:15:17.587Z',","level":"info","timestamp":"2026-09-06T07:15:17.606323655Z"}
{"level":"info","timestamp":"2026-09-06T07:15:17.606326725Z","message":"  event: 'manifest_context_ensure_completed',"}
{"message":"  status: 'fresh',","level":"info","timestamp":"2026-09-06T07:15:17.606330155Z"}
{"timestamp":"2026-09-06T07:15:17.606334005Z","level":"info","message":"  blockerCode: 'none',"}
{"message":"  targetId: 'st_8c5d17e8ee75c6d9aeebd894c2cadbf341aa72d1041774ef',","timestamp":"2026-09-06T07:15:17.606337635Z","level":"info"}
{"level":"info","timestamp":"2026-09-06T07:15:17.606341405Z","message":"  placeSignature: '3fd89e84',"}
{"timestamp":"2026-09-06T07:15:17.606344985Z","level":"info","message":"  revision: 'b7d64df9-4f3b-4953-9e19-1bd6fc98d291',"}
{"message":"  refreshQueued: false,","timestamp":"2026-09-06T07:15:17.606348715Z","level":"info"}
{"message":"  refreshDeduplicated: false,","timestamp":"2026-09-06T07:15:17.607042099Z","level":"info"}
{"message":"  value: 176","level":"info","timestamp":"2026-09-06T07:15:17.607046349Z"}
{"timestamp":"2026-09-06T07:15:17.607050429Z","level":"info","message":"}"}
{"timestamp":"2026-09-06T07:15:17.607053959Z","message":"[ops] {","level":"info"}
{"message":"  event: 'manifest_first_context_ms',","level":"info","timestamp":"2026-09-06T07:15:17.607057808Z"}
{"message":"  ts: '2026-09-06T07:15:17.587Z',","level":"info","timestamp":"2026-09-06T07:15:17.607061838Z"}
{"timestamp":"2026-09-06T07:15:17.607065878Z","level":"info","message":"  status: 'fresh',"}
{"level":"info","message":"  blockerCode: 'none',","timestamp":"2026-09-06T07:15:17.607069138Z"}
{"level":"info","timestamp":"2026-09-06T07:15:17.607072708Z","message":"  targetId: 'st_8c5d17e8ee75c6d9aeebd894c2cadbf341aa72d1041774ef',"}
{"timestamp":"2026-09-06T07:15:17.607075978Z","level":"info","message":"  placeSignature: '3fd89e84',"}
{"timestamp":"2026-09-06T07:15:17.607079278Z","message":"  revision: 'b7d64df9-4f3b-4953-9e19-1bd6fc98d291',","level":"info"}
{"message":"  refreshQueued: false,","timestamp":"2026-09-06T07:15:17.607082368Z","level":"info"}
{"message":"  refreshDeduplicated: false,","timestamp":"2026-09-06T07:15:17.607085898Z","level":"info"}
{"level":"info","message":"  value: 175","timestamp":"2026-09-06T07:15:17.607090048Z"}
{"message":"}","timestamp":"2026-09-06T07:15:17.607093438Z","level":"info"}
{"message":"[ops] {","timestamp":"2026-09-06T07:15:18.088257966Z","level":"info"}
{"timestamp":"2026-09-06T07:15:18.088261056Z","level":"info","message":"  event: 'http_request',"}
{"timestamp":"2026-09-06T07:15:18.088263756Z","message":"  ts: '2026-09-06T07:15:18.079Z',","level":"info"}
{"level":"info","timestamp":"2026-09-06T07:15:18.088266516Z","message":"  requestId: '08077f2f-ba4e-4c61-939e-4f4f172039aa',"}
{"timestamp":"2026-09-06T07:15:18.088269306Z","message":"  method: 'OPTIONS',","level":"info"}
{"timestamp":"2026-09-06T07:15:18.088272166Z","message":"  route: '/api/v2/events',","level":"info"}
{"level":"info","timestamp":"2026-09-06T07:15:18.088274575Z","message":"  status: 204,"}
{"timestamp":"2026-09-06T07:15:18.088277305Z","level":"info","message":"  durationMs: 0"}
{"level":"info","message":"}","timestamp":"2026-09-06T07:15:18.088280195Z"}
{"timestamp":"2026-09-06T07:15:18.273313918Z","message":"[ops] {","level":"error"}
{"level":"error","timestamp":"2026-09-06T07:15:18.273318498Z","message":"  event: 'security.app_check_rejected',"}
{"level":"error","message":"  ts: '2026-09-06T07:15:18.254Z',","timestamp":"2026-09-06T07:15:18.273322908Z"}
{"timestamp":"2026-09-06T07:15:18.273327158Z","message":"  reason: 'missing_token',","level":"error"}
{"message":"  mode: 'monitor',","timestamp":"2026-09-06T07:15:18.273331618Z","level":"error"}
{"timestamp":"2026-09-06T07:15:18.273336697Z","level":"error","message":"  route: '/api/v2/events'"}
{"timestamp":"2026-09-06T07:15:18.273340837Z","message":"}","level":"error"}
{"message":"[ops] {","timestamp":"2026-09-06T07:15:18.830626856Z","level":"info"}
{"message":"  event: 'http_request',","timestamp":"2026-09-06T07:15:18.830631766Z","level":"info"}
{"level":"info","timestamp":"2026-09-06T07:15:18.830635176Z","message":"  ts: '2026-09-06T07:15:18.825Z',"}
{"level":"info","message":"  requestId: 'd79f8ac2-f7eb-45d9-af6f-13d4af070f96',","timestamp":"2026-09-06T07:15:18.830637716Z"}
{"timestamp":"2026-09-06T07:15:18.830640686Z","message":"  method: 'GET',","level":"info"}
{"message":"  route: '/api/v2/events',","timestamp":"2026-09-06T07:15:18.830643025Z","level":"info"}
{"message":"  status: 200,","level":"info","timestamp":"2026-09-06T07:15:18.830645555Z"}
{"message":"  durationMs: 570","timestamp":"2026-09-06T07:15:18.830648385Z","level":"info"}
{"timestamp":"2026-09-06T07:15:18.830650945Z","message":"}","level":"info"}
{"message":"[ops] {","timestamp":"2026-09-06T07:15:18.869776473Z","level":"info"}
{"message":"  event: 'http_request',","timestamp":"2026-09-06T07:15:18.869780013Z","level":"info"}
{"level":"info","message":"  ts: '2026-09-06T07:15:18.856Z',","timestamp":"2026-09-06T07:15:18.869784583Z"}
{"message":"  requestId: '5d5992c1-81df-4a8f-9a10-808ad9d24a9a',","timestamp":"2026-09-06T07:15:18.869787423Z","level":"info"}
{"timestamp":"2026-09-06T07:15:18.869790113Z","message":"  method: 'POST',","level":"info"}
{"timestamp":"2026-09-06T07:15:18.869792443Z","level":"info","message":"  route: '/api/studio/mcp/session/ping',"}
{"timestamp":"2026-09-06T07:15:18.869795343Z","message":"  status: 200,","level":"info"}
{"message":"  durationMs: 449","timestamp":"2026-09-06T07:15:18.869797783Z","level":"info"}
{"message":"}","timestamp":"2026-09-06T07:15:18.869800433Z","level":"info"}
{"message":"[ops] {","timestamp":"2026-09-06T07:15:19.497625650Z","level":"info"}
{"message":"  event: 'studio.command_polled',","timestamp":"2026-09-06T07:15:19.497630060Z","level":"info"}
{"timestamp":"2026-09-06T07:15:19.497633360Z","level":"info","message":"  ts: '2026-09-06T07:15:19.478Z',"}
{"level":"info","message":"  requestId: 'e7234344-83c8-4899-8759-2f6ba1a2f25b',","timestamp":"2026-09-06T07:15:19.497637900Z"}
{"message":"  sessionId: 'Iog4rWn0F2wcGR9xp3Jq',","timestamp":"2026-09-06T07:15:19.497640920Z","level":"info"}
{"message":"  status: 'empty'","timestamp":"2026-09-06T07:15:19.497643680Z","level":"info"}
{"message":"}","timestamp":"2026-09-06T07:15:19.497646560Z","level":"info"}
{"timestamp":"2026-09-06T07:15:19.497649869Z","level":"info","message":"[ops] {"}
{"timestamp":"2026-09-06T07:15:19.497653519Z","level":"info","message":"  event: 'http_request',"}
{"level":"info","message":"  ts: '2026-09-06T07:15:19.478Z',","timestamp":"2026-09-06T07:15:19.497656699Z"}
{"message":"  requestId: 'e7234344-83c8-4899-8759-2f6ba1a2f25b',","level":"info","timestamp":"2026-09-06T07:15:19.497659959Z"}
{"timestamp":"2026-09-06T07:15:19.497663559Z","message":"  method: 'GET',","level":"info"}
{"timestamp":"2026-09-06T07:15:19.497666619Z","message":"  route: '/api/studio/commands/next',","level":"info"}
{"timestamp":"2026-09-06T07:15:19.497670139Z","message":"  status: 204,","level":"info"}
{"message":"  durationMs: 8389","timestamp":"2026-09-06T07:15:19.497673109Z","level":"info"}
{"message":"}","timestamp":"2026-09-06T07:15:19.497677189Z","level":"info"}
{"timestamp":"2026-09-06T07:15:20.581098638Z","level":"info","message":"[ops] {"}
{"message":"  event: 'http_request',","level":"info","timestamp":"2026-09-06T07:15:20.581103298Z"}
{"message":"  ts: '2026-09-06T07:15:20.575Z',","level":"info","timestamp":"2026-09-06T07:15:20.581106458Z"}
{"timestamp":"2026-09-06T07:15:20.581109298Z","message":"  requestId: 'de76b7f4-70fc-4df7-b773-0777f0ec4c83',","level":"info"}
{"message":"  method: 'OPTIONS',","timestamp":"2026-09-06T07:15:20.581112338Z","level":"info"}
{"timestamp":"2026-09-06T07:15:20.581115318Z","message":"  route: '/api/v2/events',","level":"info"}
{"message":"  status: 204,","level":"info","timestamp":"2026-09-06T07:15:20.581118078Z"}
{"level":"info","timestamp":"2026-09-06T07:15:20.581121198Z","message":"  durationMs: 0"}
{"timestamp":"2026-09-06T07:15:20.581124318Z","message":"}","level":"info"}
{"message":"[ops] {","level":"info","timestamp":"2026-09-06T07:15:20.581126947Z"}
{"message":"  event: 'http_request',","level":"info","timestamp":"2026-09-06T07:15:20.581129487Z"}
{"level":"info","timestamp":"2026-09-06T07:15:20.581132097Z","message":"  ts: '2026-09-06T07:15:20.577Z',"}
{"message":"  requestId: 'a0d8cdcb-6e1f-4cbb-acbe-aa0b116717c4',","level":"info","timestamp":"2026-09-06T07:15:20.581134627Z"}
{"timestamp":"2026-09-06T07:15:20.581137487Z","message":"  method: 'OPTIONS',","level":"info"}
{"message":"  route: '/api/v2/agents/active',","timestamp":"2026-09-06T07:15:20.581140057Z","level":"info"}
{"message":"  status: 204,","level":"info","timestamp":"2026-09-06T07:15:20.581143057Z"}
{"message":"  durationMs: 0","level":"info","timestamp":"2026-09-06T07:15:20.581145677Z"}
{"message":"}","level":"info","timestamp":"2026-09-06T07:15:20.581148557Z"}
{"timestamp":"2026-09-06T07:15:20.757245098Z","message":"  ts: '2026-09-06T07:15:20.750Z',","level":"error"}
{"message":"  reason: 'missing_token',","timestamp":"2026-09-06T07:15:20.757250348Z","level":"error"}
{"message":"  mode: 'monitor',","timestamp":"2026-09-06T07:15:20.757253638Z","level":"error"}
{"timestamp":"2026-09-06T07:15:20.757256498Z","message":"  route: '/api/v2/agents/active'","level":"error"}
{"timestamp":"2026-09-06T07:15:20.757259558Z","message":"}","level":"error"}
{"message":"[ops] {","timestamp":"2026-09-06T07:15:20.757272988Z","level":"error"}
{"timestamp":"2026-09-06T07:15:20.757278597Z","level":"error","message":"  event: 'security.app_check_rejected',"}
{"timestamp":"2026-09-06T07:15:20.757283307Z","level":"error","message":"  ts: '2026-09-06T07:15:20.749Z',"}
{"level":"error","message":"  reason: 'missing_token',","timestamp":"2026-09-06T07:15:20.757287877Z"}
{"timestamp":"2026-09-06T07:15:20.757290947Z","message":"  mode: 'monitor',","level":"error"}
{"timestamp":"2026-09-06T07:15:20.757294087Z","message":"  route: '/api/v2/events'","level":"error"}
{"timestamp":"2026-09-06T07:15:20.757298437Z","level":"error","message":"}"}
{"level":"error","message":"[ops] {","timestamp":"2026-09-06T07:15:20.757302297Z"}
{"level":"error","message":"  event: 'security.app_check_rejected',","timestamp":"2026-09-06T07:15:20.757304887Z"}
{"level":"info","timestamp":"2026-09-06T07:15:20.829319837Z","message":"[ops] {"}
{"timestamp":"2026-09-06T07:15:20.829323316Z","level":"info","message":"  event: 'http_request',"}
{"level":"info","message":"  ts: '2026-09-06T07:15:20.817Z',","timestamp":"2026-09-06T07:15:20.829327946Z"}
{"timestamp":"2026-09-06T07:15:20.829331306Z","message":"  requestId: 'b50c947b-7d6d-4814-afd6-80bc07360bb3',","level":"info"}
{"timestamp":"2026-09-06T07:15:20.829335156Z","message":"  method: 'GET',","level":"info"}
{"level":"info","message":"  route: '/api/v2/agents/active',","timestamp":"2026-09-06T07:15:20.829339306Z"}
{"timestamp":"2026-09-06T07:15:20.829342696Z","level":"info","message":"  status: 200,"}
{"timestamp":"2026-09-06T07:15:20.829345516Z","level":"info","message":"  durationMs: 67"}
{"timestamp":"2026-09-06T07:15:20.829348696Z","level":"info","message":"}"}
{"timestamp":"2026-09-06T07:15:21.324606735Z","level":"info","message":"[ops] {"}
{"level":"info","message":"  event: 'http_request',","timestamp":"2026-09-06T07:15:21.324610175Z"}
{"message":"  ts: '2026-09-06T07:15:21.323Z',","timestamp":"2026-09-06T07:15:21.324613195Z","level":"info"}
{"timestamp":"2026-09-06T07:15:21.324615665Z","message":"  requestId: 'c37783b5-f6b8-48f8-9d6b-cbeca7a192c6',","level":"info"}
{"timestamp":"2026-09-06T07:15:21.324618275Z","message":"  method: 'GET',","level":"info"}
{"timestamp":"2026-09-06T07:15:21.324620575Z","message":"  route: '/api/v2/events',","level":"info"}
{"timestamp":"2026-09-06T07:15:21.324623085Z","message":"  status: 200,","level":"info"}
{"timestamp":"2026-09-06T07:15:21.324625445Z","message":"  durationMs: 574","level":"info"}
{"timestamp":"2026-09-06T07:15:21.324628185Z","message":"}","level":"info"}
{"message":"[ops] {","timestamp":"2026-09-06T07:15:21.706194253Z","level":"info"}
{"timestamp":"2026-09-06T07:15:21.706201003Z","message":"  event: 'studio.command_polled',","level":"info"}
{"level":"info","message":"  ts: '2026-09-06T07:15:21.667Z',","timestamp":"2026-09-06T07:15:21.706207413Z"}
{"timestamp":"2026-09-06T07:15:21.706210123Z","message":"  requestId: '35e47b03-73d6-4459-9ff7-c30b0ca4f575',","level":"info"}
{"timestamp":"2026-09-06T07:15:21.706213043Z","message":"  sessionId: 'DlvFpLpN0vX1CB5Fvwv9',","level":"info"}
{"level":"info","message":"  status: 'empty'","timestamp":"2026-09-06T07:15:21.706216263Z"}
{"message":"}","timestamp":"2026-09-06T07:15:21.706219133Z","level":"info"}
{"timestamp":"2026-09-06T07:15:21.706221733Z","level":"info","message":"[ops] {"}
{"message":"  event: 'http_request',","level":"info","timestamp":"2026-09-06T07:15:21.706224713Z"}
{"message":"  ts: '2026-09-06T07:15:21.667Z',","timestamp":"2026-09-06T07:15:21.706227483Z","level":"info"}
{"level":"info","timestamp":"2026-09-06T07:15:21.706230343Z","message":"  requestId: '35e47b03-73d6-4459-9ff7-c30b0ca4f575',"}
{"message":"  method: 'GET',","level":"info","timestamp":"2026-09-06T07:15:21.706233143Z"}
{"message":"  route: '/api/studio/mcp/commands/next',","timestamp":"2026-09-06T07:15:21.706235742Z","level":"info"}
{"level":"info","timestamp":"2026-09-06T07:15:21.706238252Z","message":"  status: 204,"}
{"timestamp":"2026-09-06T07:15:21.706241082Z","level":"info","message":"  durationMs: 5427"}
{"timestamp":"2026-09-06T07:15:21.706243392Z","message":"}","level":"info"}
{"message":"[ops] {","timestamp":"2026-09-06T07:15:22.025023270Z","level":"info"}
{"level":"info","message":"  event: 'studio.command_polled',","timestamp":"2026-09-06T07:15:22.025033629Z"}
{"timestamp":"2026-09-06T07:15:22.025039779Z","level":"info","message":"  ts: '2026-09-06T07:15:22.017Z',"}
{"timestamp":"2026-09-06T07:15:22.025044749Z","level":"info","message":"  requestId: 'c2dd5084-7f97-4a2b-9601-b1f5ffd5538f',"}
{"level":"info","timestamp":"2026-09-06T07:15:22.025051639Z","message":"  sessionId: 'MLq8J3mhz56J6BRsAeQe',"}
{"message":"  status: 'empty'","level":"info","timestamp":"2026-09-06T07:15:22.025057189Z"}
{"level":"info","timestamp":"2026-09-06T07:15:22.025062089Z","message":"}"}
{"message":"[ops] {","timestamp":"2026-09-06T07:15:22.025066559Z","level":"info"}
{"message":"  event: 'http_request',","timestamp":"2026-09-06T07:15:22.025071808Z","level":"info"}
{"timestamp":"2026-09-06T07:15:22.025076778Z","level":"info","message":"  ts: '2026-09-06T07:15:22.017Z',"}
{"level":"info","timestamp":"2026-09-06T07:15:22.025083058Z","message":"  requestId: 'c2dd5084-7f97-4a2b-9601-b1f5ffd5538f',"}
{"timestamp":"2026-09-06T07:15:22.025088308Z","level":"info","message":"  method: 'GET',"}
{"timestamp":"2026-09-06T07:15:22.025092918Z","level":"info","message":"  route: '/api/studio/commands/next',"}
{"level":"info","timestamp":"2026-09-06T07:15:22.025097168Z","message":"  status: 204,"}
{"timestamp":"2026-09-06T07:15:22.025101478Z","level":"info","message":"  durationMs: 6059"}
{"timestamp":"2026-09-06T07:15:22.025106128Z","message":"}","level":"info"}
{"timestamp":"2026-09-06T07:15:22.501118994Z","level":"info","message":"[ops] {"}
{"message":"  event: 'http_request',","level":"info","timestamp":"2026-09-06T07:15:22.501121724Z"}
{"timestamp":"2026-09-06T07:15:22.501124214Z","message":"  ts: '2026-09-06T07:15:22.368Z',","level":"info"}
{"message":"  requestId: '307ecc2c-1cdf-4981-b728-84844af4635a',","timestamp":"2026-09-06T07:15:22.501126934Z","level":"info"}
{"timestamp":"2026-09-06T07:15:22.501129564Z","level":"info","message":"  method: 'POST',"}
{"timestamp":"2026-09-06T07:15:22.501132354Z","level":"info","message":"  route: '/api/studio/mcp/session/ping',"}
{"message":"  status: 200,","timestamp":"2026-09-06T07:15:22.501135394Z","level":"info"}
{"message":"  durationMs: 341","timestamp":"2026-09-06T07:15:22.501138293Z","level":"info"}
{"level":"info","message":"}","timestamp":"2026-09-06T07:15:22.501141313Z"}
{"message":"[ops] {","timestamp":"2026-09-06T07:15:23.121605936Z","level":"info"}
{"message":"  event: 'http_request',","level":"info","timestamp":"2026-09-06T07:15:23.121616916Z"}
{"timestamp":"2026-09-06T07:15:23.121627016Z","level":"info","message":"  ts: '2026-09-06T07:15:23.091Z',"}
{"timestamp":"2026-09-06T07:15:23.121632736Z","level":"info","message":"  requestId: '7acb0138-d321-45df-a5aa-7ab736b25e4b',"}
{"level":"info","message":"  method: 'OPTIONS',","timestamp":"2026-09-06T07:15:23.121637136Z"}
{"timestamp":"2026-09-06T07:15:23.121641175Z","message":"  route: '/api/v2/events',","level":"info"}
{"timestamp":"2026-09-06T07:15:23.121645835Z","message":"  status: 204,","level":"info"}
{"message":"  durationMs: 0","timestamp":"2026-09-06T07:15:23.121649945Z","level":"info"}
{"timestamp":"2026-09-06T07:15:23.121654055Z","message":"}","level":"info"}
{"timestamp":"2026-09-06T07:15:23.315546789Z","message":"[ops] {","level":"error"}
{"timestamp":"2026-09-06T07:15:23.315549779Z","message":"  event: 'security.app_check_rejected',","level":"error"}
{"timestamp":"2026-09-06T07:15:23.315552599Z","message":"  ts: '2026-09-06T07:15:23.261Z',","level":"error"}
{"timestamp":"2026-09-06T07:15:23.315556389Z","message":"  reason: 'missing_token',","level":"error"}
{"timestamp":"2026-09-06T07:15:23.315559399Z","level":"error","message":"  mode: 'monitor',"}
{"timestamp":"2026-09-06T07:15:23.315562149Z","message":"  route: '/api/v2/events'","level":"error"}
{"timestamp":"2026-09-06T07:15:23.315564708Z","message":"}","level":"error"}
{"jobId":null,"type":"firestore_write_metric","ts":1788678923317,"sessionId":"Iog4rWn0F2wcGR9xp3Jq","message":"","writesPerStudioSessionHour":112,"timestamp":"2026-09-06T07:15:23.321473864Z","level":"info","counter":"studio_session","count":1,"total":117}
{"message":"","level":"info","sessionId":"Iog4rWn0F2wcGR9xp3Jq","counter":"studio_session","count":1,"ts":1788678923572,"jobId":null,"timestamp":"2026-09-06T07:15:23.594058040Z","total":118,"writesPerStudioSessionHour":113,"type":"firestore_write_metric"}
{"message":"[ops] {","timestamp":"2026-09-06T07:15:23.594066120Z","level":"info"}
{"timestamp":"2026-09-06T07:15:23.594073059Z","message":"  event: 'studio.plugin_compatibility_handshake',","level":"info"}
{"timestamp":"2026-09-06T07:15:23.594078239Z","level":"info","message":"  ts: '2026-09-06T07:15:23.573Z',"}
{"message":"  requestId: '1e718950-1236-43f5-ad8c-7523746855e5',","timestamp":"2026-09-06T07:15:23.594084049Z","level":"info"}
{"level":"info","message":"  sessionId: 'Iog4rWn0F2wcGR9xp3Jq',","timestamp":"2026-09-06T07:15:23.594090199Z"}
{"level":"info","message":"  userId: 'klu6Sv5QeEgYWlHjsgQwMkZCvsb2',","timestamp":"2026-09-06T07:15:23.594097149Z"}
{"message":"  status: 'degraded',","timestamp":"2026-09-06T07:15:23.594103529Z","level":"info"}
{"level":"info","timestamp":"2026-09-06T07:15:23.594110069Z","message":"  reasonCodes: [ 'command_unavailable' ],"}
{"level":"info","message":"  buildId: 'nexusrbx-studio-0.14.0-r15-animation.10-native-value-normalization',","timestamp":"2026-09-06T07:15:23.594116728Z"}
{"timestamp":"2026-09-06T07:15:23.594122488Z","level":"info","message":"  attestationWritten: true,"}
{"timestamp":"2026-09-06T07:15:23.594126778Z","message":"  repairDurationMs: 396","level":"info"}
{"message":"}","timestamp":"2026-09-06T07:15:23.594130298Z","level":"info"}
{"timestamp":"2026-09-06T07:15:23.594134298Z","message":"[ops] {","level":"info"}
{"level":"info","timestamp":"2026-09-06T07:15:23.594137898Z","message":"  event: 'http_request',"}
{"level":"info","message":"  ts: '2026-09-06T07:15:23.573Z',","timestamp":"2026-09-06T07:15:23.594142088Z"}
{"message":"  requestId: '1e718950-1236-43f5-ad8c-7523746855e5',","timestamp":"2026-09-06T07:15:23.594147188Z","level":"info"}
{"timestamp":"2026-09-06T07:15:23.594151188Z","message":"  method: 'POST',","level":"info"}
{"message":"  route: '/api/studio/session/ping',","timestamp":"2026-09-06T07:15:23.594155358Z","level":"info"}
{"message":"  status: 200,","timestamp":"2026-09-06T07:15:23.594158917Z","level":"info"}
{"message":"  durationMs: 447","level":"info","timestamp":"2026-09-06T07:15:23.594162337Z"}
{"timestamp":"2026-09-06T07:15:23.594165917Z","level":"info","message":"}"}
{"message":"  status: 200,","level":"info","timestamp":"2026-09-06T07:15:23.866993027Z"}
{"level":"info","timestamp":"2026-09-06T07:15:23.867004957Z","message":"  durationMs: 535"}
{"level":"info","message":"}","timestamp":"2026-09-06T07:15:23.867010767Z"}
{"timestamp":"2026-09-06T07:15:23.867014117Z","level":"info","message":"[ops] {"}
{"level":"info","message":"  event: 'http_request',","timestamp":"2026-09-06T07:15:23.867028866Z"}
{"timestamp":"2026-09-06T07:15:23.867034556Z","level":"info","message":"  ts: '2026-09-06T07:15:23.795Z',"}
{"timestamp":"2026-09-06T07:15:23.867042766Z","level":"info","message":"  requestId: '78b7732b-9526-458b-9d11-f06105054933',"}
{"timestamp":"2026-09-06T07:15:23.867047336Z","level":"info","message":"  method: 'GET',"}
{"level":"info","message":"  route: '/api/v2/events',","timestamp":"2026-09-06T07:15:23.867052496Z"}
{"message":"  durationMs: 0","level":"info","timestamp":"2026-09-06T07:15:25.737755985Z"}
{"level":"info","timestamp":"2026-09-06T07:15:25.737761325Z","message":"}"}
{"message":"[ops] {","timestamp":"2026-09-06T07:15:25.737784754Z","level":"info"}
{"message":"  event: 'http_request',","level":"info","timestamp":"2026-09-06T07:15:25.737787834Z"}
{"message":"  ts: '2026-09-06T07:15:25.583Z',","timestamp":"2026-09-06T07:15:25.737790624Z","level":"info"}
{"level":"info","timestamp":"2026-09-06T07:15:25.737793844Z","message":"  requestId: '087499b7-d9b8-40d5-a0da-5881e1eff170',"}
{"timestamp":"2026-09-06T07:15:25.737796934Z","level":"info","message":"  method: 'OPTIONS',"}
{"timestamp":"2026-09-06T07:15:25.737801054Z","message":"  route: '/api/v2/events',","level":"info"}
{"timestamp":"2026-09-06T07:15:25.737803984Z","level":"info","message":"  status: 204,"}
{"level":"error","message":"[ops] {","timestamp":"2026-09-06T07:15:25.811382373Z"}
{"message":"  event: 'security.app_check_rejected',","level":"error","timestamp":"2026-09-06T07:15:25.811387713Z"}
{"level":"error","message":"  ts: '2026-09-06T07:15:25.777Z',","timestamp":"2026-09-06T07:15:25.811391253Z"}
{"message":"  reason: 'missing_token',","timestamp":"2026-09-06T07:15:25.811394263Z","level":"error"}
{"timestamp":"2026-09-06T07:15:25.811397603Z","level":"error","message":"  mode: 'monitor',"}
{"level":"error","timestamp":"2026-09-06T07:15:25.811400343Z","message":"  route: '/api/v2/events'"}
{"level":"error","message":"}","timestamp":"2026-09-06T07:15:25.811402703Z"}
{"level":"info","message":"[ops] {","timestamp":"2026-09-06T07:15:26.377763902Z"}
{"message":"  event: 'http_request',","timestamp":"2026-09-06T07:15:26.377767152Z","level":"info"}
{"message":"  ts: '2026-09-06T07:15:26.374Z',","timestamp":"2026-09-06T07:15:26.377770262Z","level":"info"}
{"message":"  requestId: 'a264787a-f315-4d87-ab3b-46c646dbec02',","timestamp":"2026-09-06T07:15:26.377772892Z","level":"info"}
{"level":"info","message":"  method: 'GET',","timestamp":"2026-09-06T07:15:26.377775432Z"}
{"message":"  route: '/api/v2/events',","timestamp":"2026-09-06T07:15:26.377778382Z","level":"info"}
{"message":"  status: 200,","timestamp":"2026-09-06T07:15:26.377781382Z","level":"info"}
{"timestamp":"2026-09-06T07:15:26.377784142Z","level":"info","message":"  durationMs: 597"}
{"timestamp":"2026-09-06T07:15:26.377786562Z","level":"info","message":"}"}
{"count":1,"ts":1788678927612,"level":"info","total":119,"jobId":null,"timestamp":"2026-09-06T07:15:27.622726597Z","type":"firestore_write_metric","counter":"studio_session","sessionId":"Iog4rWn0F2wcGR9xp3Jq","message":"","writesPerStudioSessionHour":114}
{"timestamp":"2026-09-06T07:15:27.975905989Z","counter":"studio_session","type":"firestore_write_metric","ts":1788678927913,"total":120,"jobId":null,"sessionId":"Iog4rWn0F2wcGR9xp3Jq","count":1,"level":"info","writesPerStudioSessionHour":115,"message":""}
{"message":"[ops] {","timestamp":"2026-09-06T07:15:27.975910878Z","level":"info"}
{"level":"info","message":"  event: 'studio.plugin_compatibility_handshake',","timestamp":"2026-09-06T07:15:27.975914058Z"}
{"level":"info","timestamp":"2026-09-06T07:15:27.975916928Z","message":"  ts: '2026-09-06T07:15:27.913Z',"}
{"message":"  requestId: 'e6ec5e36-74ec-4311-b27a-68a13bd57453',","level":"info","timestamp":"2026-09-06T07:15:27.975919958Z"}
{"timestamp":"2026-09-06T07:15:27.975922548Z","level":"info","message":"  sessionId: 'Iog4rWn0F2wcGR9xp3Jq',"}
{"timestamp":"2026-09-06T07:15:27.975925098Z","level":"info","message":"  userId: 'klu6Sv5QeEgYWlHjsgQwMkZCvsb2',"}
{"timestamp":"2026-09-06T07:15:27.975927538Z","level":"info","message":"  status: 'degraded',"}
{"timestamp":"2026-09-06T07:15:27.975929998Z","message":"  reasonCodes: [ 'command_unavailable' ],","level":"info"}
{"message":"  buildId: 'nexusrbx-studio-0.14.0-r15-animation.10-native-value-normalization',","timestamp":"2026-09-06T07:15:27.975932758Z","level":"info"}
{"message":"  attestationWritten: true,","timestamp":"2026-09-06T07:15:27.975936098Z","level":"info"}
{"message":"  repairDurationMs: 473","timestamp":"2026-09-06T07:15:27.975938818Z","level":"info"}
{"message":"}","timestamp":"2026-09-06T07:15:27.975941558Z","level":"info"}
{"timestamp":"2026-09-06T07:15:27.975944168Z","level":"info","message":"[ops] {"}
{"timestamp":"2026-09-06T07:15:27.975948928Z","level":"info","message":"  event: 'http_request',"}
{"level":"info","message":"  ts: '2026-09-06T07:15:27.913Z',","timestamp":"2026-09-06T07:15:27.975951748Z"}
{"level":"info","timestamp":"2026-09-06T07:15:27.975954087Z","message":"  requestId: 'e6ec5e36-74ec-4311-b27a-68a13bd57453',"}
{"timestamp":"2026-09-06T07:15:27.975956487Z","level":"info","message":"  method: 'POST',"}
{"message":"  route: '/api/studio/session/ping',","timestamp":"2026-09-06T07:15:27.975959227Z","level":"info"}
{"message":"  status: 200,","timestamp":"2026-09-06T07:15:27.975961847Z","level":"info"}
{"message":"  durationMs: 527","level":"info","timestamp":"2026-09-06T07:15:27.975964427Z"}
{"timestamp":"2026-09-06T07:15:27.975966657Z","message":"}","level":"info"}
{"timestamp":"2026-09-06T07:15:28.094928681Z","level":"info","message":"[ops] {"}
{"message":"  event: 'http_request',","timestamp":"2026-09-06T07:15:28.094932751Z","level":"info"}
{"timestamp":"2026-09-06T07:15:28.094936531Z","level":"info","message":"  ts: '2026-09-06T07:15:28.082Z',"}
{"message":"  requestId: 'c891d633-88ef-4f69-a7a1-7a54687c4096',","timestamp":"2026-09-06T07:15:28.094940281Z","level":"info"}
{"level":"info","timestamp":"2026-09-06T07:15:28.094945991Z","message":"  method: 'OPTIONS',"}
{"level":"info","message":"  route: '/api/v2/events',","timestamp":"2026-09-06T07:15:28.094949581Z"}
{"message":"  status: 204,","level":"info","timestamp":"2026-09-06T07:15:28.094952981Z"}
{"timestamp":"2026-09-06T07:15:28.094956581Z","level":"info","message":"  durationMs: 0"}
{"timestamp":"2026-09-06T07:15:28.094960101Z","message":"}","level":"info"}
{"level":"error","timestamp":"2026-09-06T07:15:28.265633613Z","message":"}"}
{"level":"error","message":"[ops] {","timestamp":"2026-09-06T07:15:28.265633643Z"}
{"level":"error","message":"  event: 'security.app_check_rejected',","timestamp":"2026-09-06T07:15:28.265644613Z"}
{"timestamp":"2026-09-06T07:15:28.265655112Z","level":"error","message":"  ts: '2026-09-06T07:15:28.251Z',"}
{"level":"error","timestamp":"2026-09-06T07:15:28.265659922Z","message":"  reason: 'missing_token',"}
{"message":"  mode: 'monitor',","timestamp":"2026-09-06T07:15:28.265667052Z","level":"error"}
{"level":"error","message":"  route: '/api/v2/events'","timestamp":"2026-09-06T07:15:28.265672122Z"}
{"message":"[ops] {","timestamp":"2026-09-06T07:15:28.849252158Z","level":"info"}
{"timestamp":"2026-09-06T07:15:28.849261098Z","level":"info","message":"  event: 'http_request',"}
{"level":"info","timestamp":"2026-09-06T07:15:28.849266138Z","message":"  ts: '2026-09-06T07:15:28.843Z',"}
{"message":"  requestId: '6bd2878b-f002-43a8-acae-6cf5d85d4e59',","timestamp":"2026-09-06T07:15:28.849270798Z","level":"info"}
{"message":"  method: 'GET',","level":"info","timestamp":"2026-09-06T07:15:28.849274248Z"}
{"timestamp":"2026-09-06T07:15:28.849278038Z","message":"  route: '/api/v2/events',","level":"info"}
{"message":"  status: 200,","level":"info","timestamp":"2026-09-06T07:15:28.849281948Z"}
{"message":"  durationMs: 592","timestamp":"2026-09-06T07:15:28.849286068Z","level":"info"}
{"message":"}","level":"info","timestamp":"2026-09-06T07:15:28.849289548Z"}
{"message":"[ops] {","timestamp":"2026-09-06T07:15:29.407386097Z","level":"error"}
{"level":"error","message":"  event: 'security.app_check_rejected',","timestamp":"2026-09-06T07:15:29.407389097Z"}
{"level":"error","message":"  ts: '2026-09-06T07:15:29.376Z',","timestamp":"2026-09-06T07:15:29.407392107Z"}
{"message":"  reason: 'missing_token',","level":"error","timestamp":"2026-09-06T07:15:29.407395347Z"}
{"timestamp":"2026-09-06T07:15:29.407397887Z","message":"  mode: 'monitor',","level":"error"}
{"message":"  route: '/api/icons/pF9ZaF5S6lfHfWnsRKOz'","timestamp":"2026-09-06T07:15:29.407400747Z","level":"error"}
{"timestamp":"2026-09-06T07:15:29.407403737Z","message":"}","level":"error"}
{"timestamp":"2026-09-06T07:15:29.590339904Z","message":"[ops] {","level":"info"}
{"level":"info","timestamp":"2026-09-06T07:15:29.590346393Z","message":"  event: 'http_request',"}
{"timestamp":"2026-09-06T07:15:29.590351463Z","message":"  ts: '2026-09-06T07:15:29.429Z',","level":"info"}
{"level":"info","timestamp":"2026-09-06T07:15:29.590354813Z","message":"  requestId: '99a786ba-517e-4a96-8100-56b51f213f8b',"}
{"timestamp":"2026-09-06T07:15:29.590358333Z","message":"  method: 'GET',","level":"info"}
{"level":"info","message":"  route: '/api/icons/:id',","timestamp":"2026-09-06T07:15:29.590362193Z"}
{"message":"  status: 200,","level":"info","timestamp":"2026-09-06T07:15:29.590365173Z"}
{"message":"  durationMs: 53","level":"info","timestamp":"2026-09-06T07:15:29.590367943Z"}
{"message":"}","timestamp":"2026-09-06T07:15:29.590370833Z","level":"info"}
{"level":"info","timestamp":"2026-09-06T07:15:30.161338535Z","message":"[ops] {"}
{"level":"info","timestamp":"2026-09-06T07:15:30.161355864Z","message":"  event: 'studio.command_polled',"}
{"message":"  ts: '2026-09-06T07:15:30.064Z',","timestamp":"2026-09-06T07:15:30.161364214Z","level":"info"}
{"message":"  requestId: 'ff530882-05b5-4e77-b7ca-dc541901cb3e',","timestamp":"2026-09-06T07:15:30.161371954Z","level":"info"}
{"timestamp":"2026-09-06T07:15:30.161377334Z","message":"  sessionId: 'DlvFpLpN0vX1CB5Fvwv9',","level":"info"}
{"timestamp":"2026-09-06T07:15:30.161383344Z","message":"  status: 'empty'","level":"info"}
{"message":"}","level":"info","timestamp":"2026-09-06T07:15:30.161388823Z"}
{"message":"[ops] {","timestamp":"2026-09-06T07:15:30.161400703Z","level":"info"}
{"timestamp":"2026-09-06T07:15:30.161406143Z","message":"  event: 'http_request',","level":"info"}
{"level":"info","timestamp":"2026-09-06T07:15:30.161412523Z","message":"  ts: '2026-09-06T07:15:30.064Z',"}
{"timestamp":"2026-09-06T07:15:30.161418933Z","level":"info","message":"  requestId: 'ff530882-05b5-4e77-b7ca-dc541901cb3e',"}
{"message":"  method: 'GET',","timestamp":"2026-09-06T07:15:30.163164133Z","level":"info"}
{"message":"  route: '/api/studio/mcp/commands/next',","timestamp":"2026-09-06T07:15:30.163171463Z","level":"info"}
{"message":"  status: 204,","timestamp":"2026-09-06T07:15:30.163176853Z","level":"info"}
{"timestamp":"2026-09-06T07:15:30.163182983Z","message":"  durationMs: 5409","level":"info"}
{"level":"info","timestamp":"2026-09-06T07:15:30.163188823Z","message":"}"}
{"timestamp":"2026-09-06T07:15:30.333819551Z","message":"[ops] {","level":"info"}
{"timestamp":"2026-09-06T07:15:30.333823471Z","level":"info","message":"  event: 'studio.command_polled',"}
{"message":"  ts: '2026-09-06T07:15:30.313Z',","timestamp":"2026-09-06T07:15:30.333827241Z","level":"info"}
{"timestamp":"2026-09-06T07:15:30.333832060Z","level":"info","message":"  requestId: '3045ad6c-203b-4084-951b-e60af4decc9a',"}
{"message":"  sessionId: 'Iog4rWn0F2wcGR9xp3Jq',","level":"info","timestamp":"2026-09-06T07:15:30.333837450Z"}
{"level":"info","message":"  status: 'empty'","timestamp":"2026-09-06T07:15:30.333841080Z"}
{"timestamp":"2026-09-06T07:15:30.333844830Z","level":"info","message":"}"}
{"message":"[ops] {","level":"info","timestamp":"2026-09-06T07:15:30.333848410Z"}
{"message":"  event: 'http_request',","timestamp":"2026-09-06T07:15:30.333851850Z","level":"info"}
{"message":"  ts: '2026-09-06T07:15:30.314Z',","timestamp":"2026-09-06T07:15:30.333855300Z","level":"info"}
{"timestamp":"2026-09-06T07:15:30.333859770Z","level":"info","message":"  requestId: '3045ad6c-203b-4084-951b-e60af4decc9a',"}
{"timestamp":"2026-09-06T07:15:30.333863210Z","message":"  method: 'GET',","level":"info"}
{"timestamp":"2026-09-06T07:15:30.333867320Z","level":"info","message":"  route: '/api/studio/commands/next',"}
{"timestamp":"2026-09-06T07:15:30.333870970Z","message":"  status: 204,","level":"info"}
{"timestamp":"2026-09-06T07:15:30.333874709Z","message":"  durationMs: 24406","level":"info"}
{"timestamp":"2026-09-06T07:15:30.333878119Z","message":"}","level":"info"}
{"level":"info","message":"  route: '/api/studio/commands/next',","timestamp":"2026-09-06T07:15:30.707889124Z"}
{"level":"info","message":"  status: 204,","timestamp":"2026-09-06T07:15:30.707896334Z"}
{"message":"  durationMs: 10398","timestamp":"2026-09-06T07:15:30.707900554Z","level":"info"}
{"level":"info","message":"}","timestamp":"2026-09-06T07:15:30.707904634Z"}
{"message":"[ops] {","level":"info","timestamp":"2026-09-06T07:15:30.707908204Z"}
{"level":"info","message":"  event: 'studio.command_polled',","timestamp":"2026-09-06T07:15:30.707912894Z"}
{"message":"[ops] {","timestamp":"2026-09-06T07:15:30.707914394Z","level":"info"}
{"timestamp":"2026-09-06T07:15:30.707916423Z","level":"info","message":"  ts: '2026-09-06T07:15:30.543Z',"}
{"message":"  event: 'studio.command_polled',","timestamp":"2026-09-06T07:15:30.707918203Z","level":"info"}
{"message":"  requestId: 'c6d4082f-40c5-49ca-ba15-26244c24006e',","timestamp":"2026-09-06T07:15:30.707920013Z","level":"info"}
{"message":"  ts: '2026-09-06T07:15:30.495Z',","level":"info","timestamp":"2026-09-06T07:15:30.707921703Z"}
{"level":"info","timestamp":"2026-09-06T07:15:30.707923643Z","message":"  sessionId: 'MLq8J3mhz56J6BRsAeQe',"}
{"level":"info","timestamp":"2026-09-06T07:15:30.707925353Z","message":"  requestId: '268a72c5-e9da-40f1-88ef-53e10298ec95',"}
{"level":"info","message":"  status: 'empty'","timestamp":"2026-09-06T07:15:30.707927983Z"}
{"message":"  sessionId: 'Iog4rWn0F2wcGR9xp3Jq',","level":"info","timestamp":"2026-09-06T07:15:30.707929233Z"}
{"message":"}","timestamp":"2026-09-06T07:15:30.707932263Z","level":"info"}
{"timestamp":"2026-09-06T07:15:30.707932493Z","level":"info","message":"  status: 'empty'"}
{"message":"[ops] {","timestamp":"2026-09-06T07:15:30.707936183Z","level":"info"}
{"timestamp":"2026-09-06T07:15:30.707936253Z","level":"info","message":"}"}
{"level":"info","timestamp":"2026-09-06T07:15:30.707940263Z","message":"[ops] {"}
{"message":"  event: 'http_request',","timestamp":"2026-09-06T07:15:30.707940383Z","level":"info"}
{"level":"info","message":"  event: 'http_request',","timestamp":"2026-09-06T07:15:30.707944113Z"}
{"timestamp":"2026-09-06T07:15:30.707944603Z","level":"info","message":"  ts: '2026-09-06T07:15:30.543Z',"}
{"message":"  requestId: 'c6d4082f-40c5-49ca-ba15-26244c24006e',","timestamp":"2026-09-06T07:15:30.707948373Z","level":"info"}
{"message":"  ts: '2026-09-06T07:15:30.495Z',","timestamp":"2026-09-06T07:15:30.707948553Z","level":"info"}
{"level":"info","message":"  requestId: '268a72c5-e9da-40f1-88ef-53e10298ec95',","timestamp":"2026-09-06T07:15:30.707952043Z"}
{"timestamp":"2026-09-06T07:15:30.707952103Z","level":"info","message":"  method: 'GET',"}
{"level":"info","timestamp":"2026-09-06T07:15:30.707955513Z","message":"  method: 'GET',"}
{"level":"info","timestamp":"2026-09-06T07:15:30.707955833Z","message":"  route: '/api/studio/commands/next',"}
{"level":"info","timestamp":"2026-09-06T07:15:30.707959483Z","message":"  status: 204,"}
{"message":"  durationMs: 8054","timestamp":"2026-09-06T07:15:30.709640404Z","level":"info"}
{"message":"}","timestamp":"2026-09-06T07:15:30.709646944Z","level":"info"}
{"timestamp":"2026-09-06T07:15:30.709651454Z","message":"[ops] {","level":"info"}
{"level":"info","message":"  event: 'http_request',","timestamp":"2026-09-06T07:15:30.709655044Z"}
{"level":"info","message":"  ts: '2026-09-06T07:15:30.600Z',","timestamp":"2026-09-06T07:15:30.709658224Z"}
{"level":"info","message":"  requestId: '97c16d53-184c-40a1-88fb-6400eec179fa',","timestamp":"2026-09-06T07:15:30.709661224Z"}
{"message":"  method: 'OPTIONS',","timestamp":"2026-09-06T07:15:30.709664164Z","level":"info"}
{"level":"info","message":"  route: '/api/v2/events',","timestamp":"2026-09-06T07:15:30.709666924Z"}
{"timestamp":"2026-09-06T07:15:30.709669554Z","level":"info","message":"  status: 204,"}
{"message":"  durationMs: 0","level":"info","timestamp":"2026-09-06T07:15:30.709739612Z"}
{"message":"}","level":"info","timestamp":"2026-09-06T07:15:30.709744422Z"}
{"message":"[ops] {","timestamp":"2026-09-06T07:15:30.709748012Z","level":"info"}
{"timestamp":"2026-09-06T07:15:30.709751962Z","level":"info","message":"  event: 'http_request',"}
{"message":"  ts: '2026-09-06T07:15:30.601Z',","timestamp":"2026-09-06T07:15:30.709755612Z","level":"info"}
{"message":"  requestId: '5c6ce659-2ca9-4e66-ad59-b2acd2912120',","timestamp":"2026-09-06T07:15:30.709759002Z","level":"info"}
{"level":"info","message":"  method: 'OPTIONS',","timestamp":"2026-09-06T07:15:30.709762222Z"}
{"message":"  route: '/api/v2/agents/active',","timestamp":"2026-09-06T07:15:30.709765422Z","level":"info"}
{"timestamp":"2026-09-06T07:15:30.709768462Z","level":"info","message":"  status: 204,"}
{"timestamp":"2026-09-06T07:15:30.709771821Z","level":"info","message":"  durationMs: 0"}
{"level":"info","message":"}","timestamp":"2026-09-06T07:15:30.709775581Z"}
{"message":"[ops] {","timestamp":"2026-09-06T07:15:30.709778621Z","level":"info"}
{"timestamp":"2026-09-06T07:15:30.709781751Z","level":"info","message":"  event: 'http_request',"}
{"message":"  ts: '2026-09-06T07:15:30.680Z',","timestamp":"2026-09-06T07:15:30.709784911Z","level":"info"}
{"timestamp":"2026-09-06T07:15:30.709788111Z","level":"info","message":"  requestId: 'fdeca743-0006-4c5c-8c56-49b8808dbb61',"}
{"level":"info","timestamp":"2026-09-06T07:15:30.709791641Z","message":"  method: 'POST',"}
{"timestamp":"2026-09-06T07:15:30.709795041Z","level":"info","message":"  route: '/api/studio/mcp/session/ping',"}
{"level":"info","message":"  status: 200,","timestamp":"2026-09-06T07:15:30.709798511Z"}
{"message":"  durationMs: 308","timestamp":"2026-09-06T07:15:30.709801831Z","level":"info"}
{"message":"}","timestamp":"2026-09-06T07:15:30.709804651Z","level":"info"}
{"level":"error","timestamp":"2026-09-06T07:15:30.770486848Z","message":"[ops] {"}
{"timestamp":"2026-09-06T07:15:30.770493167Z","message":"  event: 'security.app_check_rejected',","level":"error"}
{"message":"  ts: '2026-09-06T07:15:30.769Z',","timestamp":"2026-09-06T07:15:30.770497717Z","level":"error"}
{"timestamp":"2026-09-06T07:15:30.770502267Z","level":"error","message":"  reason: 'missing_token',"}
{"timestamp":"2026-09-06T07:15:30.770506397Z","message":"  mode: 'monitor',","level":"error"}
{"timestamp":"2026-09-06T07:15:30.770510507Z","level":"error","message":"  route: '/api/v2/agents/active'"}
{"level":"error","message":"}","timestamp":"2026-09-06T07:15:30.770514847Z"}
{"level":"error","message":"[ops] {","timestamp":"2026-09-06T07:15:30.775355887Z"}
{"timestamp":"2026-09-06T07:15:30.775361787Z","message":"  event: 'security.app_check_rejected',","level":"error"}
{"message":"  ts: '2026-09-06T07:15:30.771Z',","level":"error","timestamp":"2026-09-06T07:15:30.775364787Z"}
{"message":"  reason: 'missing_token',","timestamp":"2026-09-06T07:15:30.775368617Z","level":"error"}
{"timestamp":"2026-09-06T07:15:30.775381897Z","level":"error","message":"  mode: 'monitor',"}
{"level":"error","message":"  route: '/api/v2/events'","timestamp":"2026-09-06T07:15:30.775385027Z"}
{"message":"}","timestamp":"2026-09-06T07:15:30.775388107Z","level":"error"}
{"message":"[ops] {","timestamp":"2026-09-06T07:15:30.854022107Z","level":"info"}
{"timestamp":"2026-09-06T07:15:30.854026557Z","message":"  event: 'http_request',","level":"info"}
{"message":"  ts: '2026-09-06T07:15:30.831Z',","timestamp":"2026-09-06T07:15:30.854030617Z","level":"info"}
{"message":"  requestId: '4031afef-2f24-438f-bdea-293adc650bb9',","timestamp":"2026-09-06T07:15:30.854034706Z","level":"info"}
{"message":"  method: 'GET',","timestamp":"2026-09-06T07:15:30.854038596Z","level":"info"}
{"timestamp":"2026-09-06T07:15:30.854043206Z","level":"info","message":"  route: '/api/v2/agents/active',"}
{"timestamp":"2026-09-06T07:15:30.854047336Z","message":"  status: 200,","level":"info"}
{"message":"  durationMs: 62","timestamp":"2026-09-06T07:15:30.854051116Z","level":"info"}
{"level":"info","timestamp":"2026-09-06T07:15:30.854054766Z","message":"}"}
{"level":"info","timestamp":"2026-09-06T07:15:31.388504565Z","message":"[ops] {"}
{"timestamp":"2026-09-06T07:15:31.388508175Z","level":"info","message":"  event: 'http_request',"}
{"message":"  ts: '2026-09-06T07:15:31.327Z',","timestamp":"2026-09-06T07:15:31.388510905Z","level":"info"}
{"timestamp":"2026-09-06T07:15:31.388513934Z","level":"info","message":"  requestId: '487bd32c-1c08-43a1-997d-eaa05fe1e2c9',"}
{"message":"  method: 'GET',","timestamp":"2026-09-06T07:15:31.388516854Z","level":"info"}
{"timestamp":"2026-09-06T07:15:31.388519234Z","message":"  route: '/api/v2/events',","level":"info"}
{"level":"info","timestamp":"2026-09-06T07:15:31.388521754Z","message":"  status: 200,"}
{"level":"info","message":"  durationMs: 556","timestamp":"2026-09-06T07:15:31.388524354Z"}
{"level":"info","message":"}","timestamp":"2026-09-06T07:15:31.388526864Z"}
{"timestamp":"2026-09-06T07:15:32.148411376Z","level":"info","message":"[ops] {"}
{"timestamp":"2026-09-06T07:15:32.148414556Z","message":"  event: 'studio.plugin_compatibility_handshake',","level":"info"}
{"timestamp":"2026-09-06T07:15:32.148417646Z","message":"  ts: '2026-09-06T07:15:32.121Z',","level":"info"}
{"message":"  requestId: '2e72f787-200f-4a88-9edc-ea1b31453f2e',","level":"info","timestamp":"2026-09-06T07:15:32.148420456Z"}
{"timestamp":"2026-09-06T07:15:32.148423536Z","level":"info","message":"  sessionId: 'MLq8J3mhz56J6BRsAeQe',"}
{"timestamp":"2026-09-06T07:15:32.148426546Z","level":"info","message":"  userId: '0VSQotqOXxPXBLeQu1gUNkXELWH3',"}
{"message":"  status: 'compatible',","level":"info","timestamp":"2026-09-06T07:15:32.148430015Z"}
{"timestamp":"2026-09-06T07:15:32.148432885Z","level":"info","message":"  reasonCodes: [],"}
{"level":"info","message":"  buildId: 'nexusrbx-studio-0.14.0-r15-animation.12-toolbox',","timestamp":"2026-09-06T07:15:32.148436065Z"}
{"timestamp":"2026-09-06T07:15:32.148439915Z","message":"  attestationWritten: false,","level":"info"}
{"timestamp":"2026-09-06T07:15:32.148442735Z","message":"  repairDurationMs: 499","level":"info"}
{"message":"}","timestamp":"2026-09-06T07:15:32.148445675Z","level":"info"}
{"message":"[ops] {","timestamp":"2026-09-06T07:15:32.148448285Z","level":"info"}
{"message":"  event: 'http_request',","timestamp":"2026-09-06T07:15:32.148451645Z","level":"info"}
{"level":"info","message":"  ts: '2026-09-06T07:15:32.122Z',","timestamp":"2026-09-06T07:15:32.148454165Z"}
{"level":"info","timestamp":"2026-09-06T07:15:32.148456775Z","message":"  requestId: '2e72f787-200f-4a88-9edc-ea1b31453f2e',"}
{"level":"info","message":"  method: 'POST',","timestamp":"2026-09-06T07:15:32.148459965Z"}
{"timestamp":"2026-09-06T07:15:32.148463005Z","level":"info","message":"  route: '/api/studio/session/ping',"}
{"message":"  status: 200,","level":"info","timestamp":"2026-09-06T07:15:32.148465705Z"}
{"message":"  durationMs: 583","level":"info","timestamp":"2026-09-06T07:15:32.148468495Z"}
{"level":"info","timestamp":"2026-09-06T07:15:32.148470905Z","message":"}"}
{"timestamp":"2026-09-06T07:15:32.783197955Z","level":"info","message":"[ops] {"}
{"timestamp":"2026-09-06T07:15:32.783201885Z","level":"info","message":"  event: 'http_request',"}
{"timestamp":"2026-09-06T07:15:32.783206535Z","message":"  ts: '2026-09-06T07:15:32.672Z',","level":"info"}
{"level":"info","message":"  requestId: '3a123b03-35b3-4be7-9a83-fd596919576f',","timestamp":"2026-09-06T07:15:32.783211115Z"}
{"timestamp":"2026-09-06T07:15:32.783216095Z","level":"info","message":"  method: 'OPTIONS',"}
{"message":"  route: '/api/studio/status',","level":"info","timestamp":"2026-09-06T07:15:32.783220524Z"}
{"level":"info","message":"  status: 204,","timestamp":"2026-09-06T07:15:32.783224364Z"}
{"message":"  durationMs: 0","level":"info","timestamp":"2026-09-06T07:15:32.783228694Z"}
{"timestamp":"2026-09-06T07:15:32.783231804Z","message":"}","level":"info"}
{"level":"info","timestamp":"2026-09-06T07:15:32.783234614Z","message":"[ops] {"}
{"timestamp":"2026-09-06T07:15:32.783237584Z","level":"info","message":"  event: 'http_request',"}
{"timestamp":"2026-09-06T07:15:32.783240714Z","message":"  ts: '2026-09-06T07:15:32.676Z',","level":"info"}
{"message":"  requestId: 'fc79b324-8c53-4fb2-a135-54d0b0dd5dbd',","timestamp":"2026-09-06T07:15:32.783244654Z","level":"info"}
{"timestamp":"2026-09-06T07:15:32.783248034Z","level":"info","message":"  method: 'OPTIONS',"}
{"message":"  route: '/api/studio/mcp/status',","level":"info","timestamp":"2026-09-06T07:15:32.783251484Z"}
{"timestamp":"2026-09-06T07:15:32.783254474Z","message":"  status: 204,","level":"info"}
{"timestamp":"2026-09-06T07:15:32.783257804Z","message":"  durationMs: 0","level":"info"}
{"level":"info","timestamp":"2026-09-06T07:15:32.783260734Z","message":"}"}
{"timestamp":"2026-09-06T07:15:32.860245673Z","level":"error","message":"[ops] {"}
{"level":"error","message":"  event: 'security.app_check_rejected',","timestamp":"2026-09-06T07:15:32.860256213Z"}
{"message":"  ts: '2026-09-06T07:15:32.837Z',","level":"error","timestamp":"2026-09-06T07:15:32.860261503Z"}
{"level":"error","message":"  reason: 'missing_token',","timestamp":"2026-09-06T07:15:32.860265423Z"}
{"level":"error","message":"  mode: 'monitor',","timestamp":"2026-09-06T07:15:32.860269143Z"}
{"timestamp":"2026-09-06T07:15:32.860274143Z","message":"  route: '/api/studio/status'","level":"error"}
{"level":"error","timestamp":"2026-09-06T07:15:32.860277432Z","message":"}"}
{"timestamp":"2026-09-06T07:15:32.860281442Z","level":"error","message":"[ops] {"}
{"message":"  event: 'security.app_check_rejected',","level":"error","timestamp":"2026-09-06T07:15:32.860285782Z"}
{"message":"  ts: '2026-09-06T07:15:32.852Z',","level":"error","timestamp":"2026-09-06T07:15:32.860294142Z"}
{"timestamp":"2026-09-06T07:15:32.860301172Z","level":"error","message":"  reason: 'missing_token',"}
{"timestamp":"2026-09-06T07:15:32.860305532Z","message":"  mode: 'monitor',","level":"error"}
{"level":"error","timestamp":"2026-09-06T07:15:32.860309562Z","message":"  route: '/api/studio/mcp/status'"}
{"message":"}","timestamp":"2026-09-06T07:15:32.860313862Z","level":"error"}
{"timestamp":"2026-09-06T07:15:33.161621652Z","level":"info","message":"[ops] {"}
{"message":"  event: 'http_request',","timestamp":"2026-09-06T07:15:33.161626832Z","level":"info"}
{"timestamp":"2026-09-06T07:15:33.161632472Z","message":"  ts: '2026-09-06T07:15:33.092Z',","level":"info"}
{"message":"  requestId: '35a3e781-dd82-479f-a3b7-b82b79c8d694',","timestamp":"2026-09-06T07:15:33.161636762Z","level":"info"}
{"timestamp":"2026-09-06T07:15:33.161640961Z","level":"info","message":"  method: 'OPTIONS',"}
{"timestamp":"2026-09-06T07:15:33.161644761Z","level":"info","message":"  route: '/api/v2/events',"}
{"timestamp":"2026-09-06T07:15:33.161652221Z","level":"info","message":"  status: 204,"}
{"level":"info","timestamp":"2026-09-06T07:15:33.161656341Z","message":"  durationMs: 0"}
{"message":"}","timestamp":"2026-09-06T07:15:33.161661041Z","level":"info"}
{"level":"info","message":"[ops] {","timestamp":"2026-09-06T07:15:33.200031304Z"}
{"timestamp":"2026-09-06T07:15:33.200037734Z","message":"  event: 'http_request',","level":"info"}
{"timestamp":"2026-09-06T07:15:33.200041764Z","level":"info","message":"  ts: '2026-09-06T07:15:33.198Z',"}
{"message":"  requestId: 'b29f924d-5e33-46f9-b80d-5b4f040fcace',","timestamp":"2026-09-06T07:15:33.200046754Z","level":"info"}
{"message":"  method: 'GET',","level":"info","timestamp":"2026-09-06T07:15:33.200049934Z"}
{"message":"  route: '/api/studio/mcp/status',","timestamp":"2026-09-06T07:15:33.200053284Z","level":"info"}
{"timestamp":"2026-09-06T07:15:33.200056974Z","message":"  status: 200,","level":"info"}
{"timestamp":"2026-09-06T07:15:33.200060713Z","message":"  durationMs: 345","level":"info"}
{"message":"}","timestamp":"2026-09-06T07:15:33.200064323Z","level":"info"}
{"message":"[ops] {","level":"error","timestamp":"2026-09-06T07:15:33.320678188Z"}
{"timestamp":"2026-09-06T07:15:33.320684978Z","level":"error","message":"  event: 'security.app_check_rejected',"}
{"message":"  ts: '2026-09-06T07:15:33.305Z',","level":"error","timestamp":"2026-09-06T07:15:33.320688808Z"}
{"level":"error","message":"  reason: 'missing_token',","timestamp":"2026-09-06T07:15:33.320692388Z"}
{"message":"  mode: 'monitor',","timestamp":"2026-09-06T07:15:33.320696528Z","level":"error"}
{"level":"error","message":"  route: '/api/v2/events'","timestamp":"2026-09-06T07:15:33.320700058Z"}
{"timestamp":"2026-09-06T07:15:33.320703458Z","message":"}","level":"error"}
{"timestamp":"2026-09-06T07:15:33.397521382Z","level":"info","message":"[ops] {"}
{"level":"info","timestamp":"2026-09-06T07:15:33.397524682Z","message":"  event: 'http_request',"}
{"message":"  ts: '2026-09-06T07:15:33.385Z',","level":"info","timestamp":"2026-09-06T07:15:33.397528112Z"}
{"timestamp":"2026-09-06T07:15:33.397530782Z","message":"  requestId: 'e7991860-853f-4006-93f8-0a750a6a0c41',","level":"info"}
{"level":"info","message":"  method: 'GET',","timestamp":"2026-09-06T07:15:33.397533182Z"}
{"timestamp":"2026-09-06T07:15:33.397535882Z","level":"info","message":"  route: '/api/studio/status',"}
{"timestamp":"2026-09-06T07:15:33.397538741Z","level":"info","message":"  status: 200,"}
{"level":"info","timestamp":"2026-09-06T07:15:33.397541831Z","message":"  durationMs: 548"}
{"level":"info","message":"}","timestamp":"2026-09-06T07:15:33.397544631Z"}
{"timestamp":"2026-09-06T07:15:33.889885887Z","message":"  method: 'GET',","level":"info"}
{"level":"info","message":"  route: '/api/v2/events',","timestamp":"2026-09-06T07:15:33.889895507Z"}
{"level":"info","timestamp":"2026-09-06T07:15:33.889901687Z","message":"[ops] {"}
{"timestamp":"2026-09-06T07:15:33.889902017Z","message":"  status: 200,","level":"info"}
{"level":"info","timestamp":"2026-09-06T07:15:33.889907347Z","message":"  durationMs: 582"}
{"message":"}","timestamp":"2026-09-06T07:15:33.889913486Z","level":"info"}
{"message":"  event: 'http_request',","timestamp":"2026-09-06T07:15:33.889919106Z","level":"info"}
{"level":"info","message":"  ts: '2026-09-06T07:15:33.886Z',","timestamp":"2026-09-06T07:15:33.889925186Z"}
{"message":"  requestId: 'c16d03e0-6c43-4c21-b4c1-7dff710aac7e',","timestamp":"2026-09-06T07:15:33.889930296Z","level":"info"}
{"timestamp":"2026-09-06T07:15:35.025087671Z","message":"[ops] {","level":"info"}
{"timestamp":"2026-09-06T07:15:35.025090861Z","level":"info","message":"  event: 'http_request',"}
{"level":"info","timestamp":"2026-09-06T07:15:35.025094081Z","message":"  ts: '2026-09-06T07:15:34.896Z',"}
{"timestamp":"2026-09-06T07:15:35.025096761Z","level":"info","message":"  requestId: '0289a9ae-c010-4ed1-b4e2-6b048f9bc677',"}
{"message":"  method: 'POST',","timestamp":"2026-09-06T07:15:35.025099651Z","level":"info"}
{"level":"info","message":"  route: '/api/studio/mcp/session/ping',","timestamp":"2026-09-06T07:15:35.025104701Z"}
{"level":"info","timestamp":"2026-09-06T07:15:35.025107281Z","message":"  status: 200,"}
{"message":"  durationMs: 326","level":"info","timestamp":"2026-09-06T07:15:35.025110711Z"}
{"message":"}","level":"info","timestamp":"2026-09-06T07:15:35.025113971Z"}
{"timestamp":"2026-09-06T07:15:35.735936208Z","level":"info","message":"  route: '/api/v2/events',"}
{"message":"  status: 204,","timestamp":"2026-09-06T07:15:35.735941588Z","level":"info"}
{"level":"info","message":"  durationMs: 1","timestamp":"2026-09-06T07:15:35.735945687Z"}
{"timestamp":"2026-09-06T07:15:35.735949377Z","level":"info","message":"}"}
{"timestamp":"2026-09-06T07:15:35.735967177Z","level":"info","message":"[ops] {"}
{"timestamp":"2026-09-06T07:15:35.735970567Z","message":"  event: 'http_request',","level":"info"}
{"message":"  ts: '2026-09-06T07:15:35.577Z',","timestamp":"2026-09-06T07:15:35.735974027Z","level":"info"}
{"level":"info","message":"  requestId: '7210e326-21a0-4ebd-90d1-c3c0a6f8672b',","timestamp":"2026-09-06T07:15:35.735977437Z"}
{"timestamp":"2026-09-06T07:15:35.735980927Z","level":"info","message":"  method: 'OPTIONS',"}
{"timestamp":"2026-09-06T07:15:35.748227490Z","level":"error","message":"[ops] {"}
{"message":"  event: 'security.app_check_rejected',","timestamp":"2026-09-06T07:15:35.748231890Z","level":"error"}
{"message":"  ts: '2026-09-06T07:15:35.746Z',","timestamp":"2026-09-06T07:15:35.748234850Z","level":"error"}
{"level":"error","timestamp":"2026-09-06T07:15:35.748237660Z","message":"  reason: 'missing_token',"}
{"timestamp":"2026-09-06T07:15:35.748240250Z","message":"  mode: 'monitor',","level":"error"}
{"message":"  route: '/api/v2/events'","level":"error","timestamp":"2026-09-06T07:15:35.748242860Z"}
{"message":"}","level":"error","timestamp":"2026-09-06T07:15:35.748245170Z"}
{"event":"studio.model_response","finishReason":"stop","level":"info","iteration":4,"outputChars":3662,"message":"","outputTokens":2143,"responseFormat":"json_schema","runId":"studio_run_fce362f2ec4ed31fa39dbc7229b3142ecb577f8677e9e159","timestamp":"2026-09-06T07:15:36.073425622Z","model":"openai/gpt-5-mini"}
{"timestamp":"2026-09-06T07:15:36.338856185Z","level":"info","message":"[ops] {"}
{"timestamp":"2026-09-06T07:15:36.338860405Z","message":"  event: 'http_request',","level":"info"}
{"message":"  ts: '2026-09-06T07:15:36.336Z',","timestamp":"2026-09-06T07:15:36.338864405Z","level":"info"}
{"level":"info","timestamp":"2026-09-06T07:15:36.338868964Z","message":"  requestId: '8bbabd26-f700-44d3-9b1c-74d615e2940a',"}
{"level":"info","timestamp":"2026-09-06T07:15:36.338872734Z","message":"  method: 'GET',"}
{"timestamp":"2026-09-06T07:15:36.338876554Z","message":"  route: '/api/v2/events',","level":"info"}
{"timestamp":"2026-09-06T07:15:36.338880884Z","message":"  status: 200,","level":"info"}
{"level":"info","message":"  durationMs: 591","timestamp":"2026-09-06T07:15:36.338884484Z"}
{"level":"info","message":"}","timestamp":"2026-09-06T07:15:36.338897584Z"}
{"message":"  ts: '2026-09-06T07:15:38.086Z',","timestamp":"2026-09-06T07:15:38.100346039Z","level":"info"}
{"message":"[ops] {","level":"info","timestamp":"2026-09-06T07:15:38.100356019Z"}
{"level":"info","timestamp":"2026-09-06T07:15:38.100363119Z","message":"  requestId: '8e9ebf60-4f68-4c48-872c-459379103deb',"}
{"message":"  event: 'http_request',","level":"info","timestamp":"2026-09-06T07:15:38.100367929Z"}
{"level":"info","timestamp":"2026-09-06T07:15:38.100370879Z","message":"  method: 'OPTIONS',"}
{"level":"info","message":"  route: '/api/v2/events',","timestamp":"2026-09-06T07:15:38.100375139Z"}
{"level":"info","message":"  status: 204,","timestamp":"2026-09-06T07:15:38.100388288Z"}
{"level":"info","message":"  durationMs: 0","timestamp":"2026-09-06T07:15:38.100391848Z"}
{"message":"}","timestamp":"2026-09-06T07:15:38.100395888Z","level":"info"}
{"message":"[ops] {","timestamp":"2026-09-06T07:15:38.294159082Z","level":"error"}
{"level":"error","message":"  event: 'security.app_check_rejected',","timestamp":"2026-09-06T07:15:38.294168462Z"}
{"timestamp":"2026-09-06T07:15:38.294173822Z","message":"  ts: '2026-09-06T07:15:38.277Z',","level":"error"}
{"timestamp":"2026-09-06T07:15:38.294178052Z","message":"  reason: 'missing_token',","level":"error"}
{"level":"error","message":"  mode: 'monitor',","timestamp":"2026-09-06T07:15:38.294182962Z"}
{"level":"error","timestamp":"2026-09-06T07:15:38.294187982Z","message":"  route: '/api/v2/events'"}
{"timestamp":"2026-09-06T07:15:38.294191702Z","message":"}","level":"error"}
{"timestamp":"2026-09-06T07:15:38.294196272Z","message":"[ops] {","level":"info"}
{"timestamp":"2026-09-06T07:15:38.294199692Z","message":"  event: 'studio.command_polled',","level":"info"}
{"level":"info","message":"  ts: '2026-09-06T07:15:38.292Z',","timestamp":"2026-09-06T07:15:38.294203521Z"}
{"message":"  requestId: '52ad0bb5-a1ab-42c4-8746-48476591d87e',","level":"info","timestamp":"2026-09-06T07:15:38.294207801Z"}
{"level":"info","message":"  sessionId: 'DlvFpLpN0vX1CB5Fvwv9',","timestamp":"2026-09-06T07:15:38.294211581Z"}
{"message":"  status: 'empty'","timestamp":"2026-09-06T07:15:38.294215101Z","level":"info"}
{"message":"}","timestamp":"2026-09-06T07:15:38.294218851Z","level":"info"}
{"timestamp":"2026-09-06T07:15:38.294222851Z","level":"info","message":"[ops] {"}
{"message":"  event: 'http_request',","level":"info","timestamp":"2026-09-06T07:15:38.294226441Z"}
{"message":"  ts: '2026-09-06T07:15:38.293Z',","timestamp":"2026-09-06T07:15:38.294229901Z","level":"info"}
{"level":"info","message":"  requestId: '52ad0bb5-a1ab-42c4-8746-48476591d87e',","timestamp":"2026-09-06T07:15:38.294233561Z"}
{"level":"info","timestamp":"2026-09-06T07:15:38.294237071Z","message":"  method: 'GET',"}
{"message":"  route: '/api/studio/mcp/commands/next',","level":"info","timestamp":"2026-09-06T07:15:38.294240771Z"}
{"level":"info","message":"  status: 204,","timestamp":"2026-09-06T07:15:38.294244041Z"}
{"timestamp":"2026-09-06T07:15:38.294247190Z","level":"info","message":"  durationMs: 5384"}
{"level":"info","message":"}","timestamp":"2026-09-06T07:15:38.294250420Z"}
{"timestamp":"2026-09-06T07:15:39.050323376Z","message":"[ops] {","level":"info"}
{"message":"  event: 'http_request',","level":"info","timestamp":"2026-09-06T07:15:39.050331366Z"}
{"message":"  ts: '2026-09-06T07:15:38.991Z',","level":"info","timestamp":"2026-09-06T07:15:39.050336375Z"}
{"level":"info","message":"  requestId: 'b1998f29-71ca-4723-9770-3ea90288c5b4',","timestamp":"2026-09-06T07:15:39.050340205Z"}
{"timestamp":"2026-09-06T07:15:39.050343085Z","level":"info","message":"  method: 'GET',"}
{"level":"info","timestamp":"2026-09-06T07:15:39.050346825Z","message":"  route: '/api/v2/events',"}
{"timestamp":"2026-09-06T07:15:39.050350135Z","message":"  status: 200,","level":"info"}
{"message":"  durationMs: 714","timestamp":"2026-09-06T07:15:39.050352945Z","level":"info"}
{"message":"}","level":"info","timestamp":"2026-09-06T07:15:39.050355725Z"}
{"timestamp":"2026-09-06T07:15:39.050358535Z","level":"info","message":"[ops] {"}
{"level":"info","timestamp":"2026-09-06T07:15:39.050361485Z","message":"  event: 'http_request',"}
{"timestamp":"2026-09-06T07:15:39.050364235Z","level":"info","message":"  ts: '2026-09-06T07:15:39.002Z',"}
{"timestamp":"2026-09-06T07:15:39.050367305Z","message":"  requestId: 'c5375f19-68ec-46a0-85a2-71a9cd2c1e8a',","level":"info"}
{"level":"info","message":"  method: 'POST',","timestamp":"2026-09-06T07:15:39.050369995Z"}
{"message":"  route: '/api/studio/mcp/session/ping',","timestamp":"2026-09-06T07:15:39.050372615Z","level":"info"}
{"level":"info","message":"  status: 200,","timestamp":"2026-09-06T07:15:39.050375165Z"}
{"message":"  durationMs: 393","level":"info","timestamp":"2026-09-06T07:15:39.050377934Z"}
{"timestamp":"2026-09-06T07:15:39.050380674Z","level":"info","message":"}"}
{"message":"","ts":1788678939042,"sessionId":"Iog4rWn0F2wcGR9xp3Jq","level":"info","count":1,"total":121,"jobId":null,"type":"firestore_write_metric","timestamp":"2026-09-06T07:15:39.050383204Z","writesPerStudioSessionHour":116,"counter":"studio_session"}
{"timestamp":"2026-09-06T07:15:39.291002706Z","message":"  repairDurationMs: 421","level":"info"}
{"sessionId":"Iog4rWn0F2wcGR9xp3Jq","writesPerStudioSessionHour":117,"timestamp":"2026-09-06T07:15:39.291004126Z","total":122,"count":1,"level":"info","type":"firestore_write_metric","ts":1788678939282,"jobId":null,"counter":"studio_session","message":""}
{"level":"info","message":"}","timestamp":"2026-09-06T07:15:39.291007726Z"}
{"timestamp":"2026-09-06T07:15:39.291010666Z","level":"info","message":"[ops] {"}
{"level":"info","message":"[ops] {","timestamp":"2026-09-06T07:15:39.291011596Z"}
{"level":"info","timestamp":"2026-09-06T07:15:39.291014466Z","message":"  event: 'studio.plugin_compatibility_handshake',"}
{"level":"info","message":"  event: 'http_request',","timestamp":"2026-09-06T07:15:39.291014546Z"}
{"level":"info","timestamp":"2026-09-06T07:15:39.291017656Z","message":"  ts: '2026-09-06T07:15:39.282Z',"}
{"timestamp":"2026-09-06T07:15:39.291017726Z","message":"  ts: '2026-09-06T07:15:39.282Z',","level":"info"}
{"level":"info","timestamp":"2026-09-06T07:15:39.291020626Z","message":"  requestId: '12c295d3-e468-43a6-9ebb-0cfbf2cc6cd5',"}
{"message":"  requestId: '12c295d3-e468-43a6-9ebb-0cfbf2cc6cd5',","level":"info","timestamp":"2026-09-06T07:15:39.291020946Z"}
{"level":"info","message":"  method: 'POST',","timestamp":"2026-09-06T07:15:39.291023806Z"}
{"timestamp":"2026-09-06T07:15:39.291025456Z","message":"  sessionId: 'Iog4rWn0F2wcGR9xp3Jq',","level":"info"}
{"timestamp":"2026-09-06T07:15:39.291027976Z","message":"  userId: 'klu6Sv5QeEgYWlHjsgQwMkZCvsb2',","level":"info"}
{"message":"  route: '/api/studio/session/ping',","timestamp":"2026-09-06T07:15:39.291029696Z","level":"info"}
{"timestamp":"2026-09-06T07:15:39.291031006Z","level":"info","message":"  status: 'degraded',"}
{"timestamp":"2026-09-06T07:15:39.291034356Z","level":"info","message":"  reasonCodes: [ 'command_unavailable' ],"}
{"timestamp":"2026-09-06T07:15:39.291036396Z","level":"info","message":"  status: 200,"}
{"timestamp":"2026-09-06T07:15:39.291037395Z","message":"  buildId: 'nexusrbx-studio-0.14.0-r15-animation.10-native-value-normalization',","level":"info"}
{"level":"info","message":"  attestationWritten: true,","timestamp":"2026-09-06T07:15:39.291039895Z"}
{"message":"  durationMs: 492","level":"info","timestamp":"2026-09-06T07:15:39.291046655Z"}
{"message":"}","timestamp":"2026-09-06T07:15:39.291051425Z","level":"info"}
{"message":"[ops] {","timestamp":"2026-09-06T07:15:40.603595278Z","level":"info"}
{"message":"  event: 'http_request',","level":"info","timestamp":"2026-09-06T07:15:40.603598058Z"}
{"timestamp":"2026-09-06T07:15:40.603600638Z","level":"info","message":"  ts: '2026-09-06T07:15:40.591Z',"}
{"timestamp":"2026-09-06T07:15:40.603603818Z","message":"  requestId: 'a31a3494-fc1f-4766-aa08-e3dbb02fbc93',","level":"info"}
{"message":"  method: 'OPTIONS',","timestamp":"2026-09-06T07:15:40.603606748Z","level":"info"}
{"message":"  route: '/api/v2/agents/active',","timestamp":"2026-09-06T07:15:40.603609378Z","level":"info"}
{"message":"  status: 204,","level":"info","timestamp":"2026-09-06T07:15:40.603611928Z"}
{"level":"info","message":"  durationMs: 0","timestamp":"2026-09-06T07:15:40.603614638Z"}
{"level":"info","message":"}","timestamp":"2026-09-06T07:15:40.603617578Z"}
{"level":"info","message":"[ops] {","timestamp":"2026-09-06T07:15:40.838647219Z"}
{"message":"  event: 'http_request',","timestamp":"2026-09-06T07:15:40.838651619Z","level":"info"}
{"level":"info","message":"  ts: '2026-09-06T07:15:40.605Z',","timestamp":"2026-09-06T07:15:40.838654678Z"}
{"timestamp":"2026-09-06T07:15:40.838657458Z","message":"  requestId: '2118fc48-e719-4c86-ba4b-cf19e5e798ed',","level":"info"}
{"message":"  method: 'OPTIONS',","level":"info","timestamp":"2026-09-06T07:15:40.838660578Z"}
{"level":"info","message":"  route: '/api/v2/events',","timestamp":"2026-09-06T07:15:40.838663568Z"}
{"message":"  status: 204,","level":"info","timestamp":"2026-09-06T07:15:40.838666008Z"}
{"message":"  durationMs: 0","timestamp":"2026-09-06T07:15:40.838668468Z","level":"info"}
{"message":"}","timestamp":"2026-09-06T07:15:40.838671228Z","level":"info"}
{"level":"error","timestamp":"2026-09-06T07:15:40.838674018Z","message":"[ops] {"}
{"level":"error","message":"  event: 'security.app_check_rejected',","timestamp":"2026-09-06T07:15:40.838676728Z"}
{"message":"  ts: '2026-09-06T07:15:40.769Z',","timestamp":"2026-09-06T07:15:40.838679588Z","level":"error"}
{"message":"  reason: 'missing_token',","timestamp":"2026-09-06T07:15:40.838682368Z","level":"error"}
{"timestamp":"2026-09-06T07:15:40.838684778Z","message":"  mode: 'monitor',","level":"error"}
{"timestamp":"2026-09-06T07:15:40.838687618Z","level":"error","message":"  route: '/api/v2/agents/active'"}
{"message":"}","level":"error","timestamp":"2026-09-06T07:15:40.838690208Z"}
{"message":"[ops] {","timestamp":"2026-09-06T07:15:40.838693038Z","level":"error"}
{"message":"  event: 'security.app_check_rejected',","timestamp":"2026-09-06T07:15:40.838695628Z","level":"error"}
{"timestamp":"2026-09-06T07:15:40.838698427Z","level":"error","message":"  ts: '2026-09-06T07:15:40.783Z',"}
{"timestamp":"2026-09-06T07:15:40.838701007Z","level":"error","message":"  reason: 'missing_token',"}
{"timestamp":"2026-09-06T07:15:40.838703507Z","level":"error","message":"  mode: 'monitor',"}
{"level":"error","timestamp":"2026-09-06T07:15:40.838706177Z","message":"  route: '/api/v2/events'"}
{"timestamp":"2026-09-06T07:15:40.838708697Z","message":"}","level":"error"}
{"message":"[ops] {","level":"info","timestamp":"2026-09-06T07:15:40.917469295Z"}
{"timestamp":"2026-09-06T07:15:40.917474575Z","level":"info","message":"  event: 'http_request',"}
{"message":"  ts: '2026-09-06T07:15:40.886Z',","level":"info","timestamp":"2026-09-06T07:15:40.917478415Z"}
{"timestamp":"2026-09-06T07:15:40.917481824Z","level":"info","message":"  requestId: '3186c7b4-22d8-49d2-9b72-e8785eae063e',"}
{"level":"info","message":"  method: 'GET',","timestamp":"2026-09-06T07:15:40.917485424Z"}
{"message":"  route: '/api/v2/agents/active',","level":"info","timestamp":"2026-09-06T07:15:40.917488564Z"}
{"level":"info","message":"  status: 200,","timestamp":"2026-09-06T07:15:40.917492494Z"}
{"timestamp":"2026-09-06T07:15:40.917497064Z","message":"  durationMs: 118","level":"info"}
{"message":"}","timestamp":"2026-09-06T07:15:40.917500834Z","level":"info"}
{"message":"[ops] {","timestamp":"2026-09-06T07:15:41.512468771Z","level":"info"}
{"timestamp":"2026-09-06T07:15:41.512479061Z","level":"info","message":"  event: 'http_request',"}
{"timestamp":"2026-09-06T07:15:41.512484041Z","level":"info","message":"  ts: '2026-09-06T07:15:41.493Z',"}
{"message":"  requestId: '0c8fdcfd-d3d9-4bd8-88bd-28436607a076',","timestamp":"2026-09-06T07:15:41.512488191Z","level":"info"}
{"timestamp":"2026-09-06T07:15:41.512491941Z","level":"info","message":"  method: 'GET',"}
{"timestamp":"2026-09-06T07:15:41.512497090Z","level":"info","message":"  route: '/api/v2/events',"}
{"timestamp":"2026-09-06T07:15:41.512501860Z","level":"info","message":"  status: 200,"}
{"message":"  durationMs: 710","timestamp":"2026-09-06T07:15:41.512506990Z","level":"info"}
{"timestamp":"2026-09-06T07:15:41.512510740Z","message":"}","level":"info"}
{"level":"info","message":"  requestId: '2ade0c7b-3aef-4e86-8289-435a3df7ba47',","timestamp":"2026-09-06T07:15:41.887988755Z"}
{"timestamp":"2026-09-06T07:15:41.887999285Z","message":"  method: 'GET',","level":"info"}
{"level":"info","timestamp":"2026-09-06T07:15:41.888004935Z","message":"  route: '/api/studio/commands/next',"}
{"timestamp":"2026-09-06T07:15:41.888010525Z","level":"info","message":"  status: 204,"}
{"timestamp":"2026-09-06T07:15:41.888026795Z","message":"  durationMs: 10604","level":"info"}
{"message":"}","timestamp":"2026-09-06T07:15:41.888031314Z","level":"info"}
{"level":"info","message":"[ops] {","timestamp":"2026-09-06T07:15:41.888138002Z"}
{"level":"info","timestamp":"2026-09-06T07:15:41.888142472Z","message":"  event: 'studio.command_polled',"}
{"timestamp":"2026-09-06T07:15:41.888147082Z","level":"info","message":"  ts: '2026-09-06T07:15:41.638Z',"}
{"message":"  requestId: '2ade0c7b-3aef-4e86-8289-435a3df7ba47',","timestamp":"2026-09-06T07:15:41.888151422Z","level":"info"}
{"message":"  sessionId: 'MLq8J3mhz56J6BRsAeQe',","timestamp":"2026-09-06T07:15:41.888156642Z","level":"info"}
{"level":"info","message":"  status: 'empty'","timestamp":"2026-09-06T07:15:41.888161742Z"}
{"message":"}","timestamp":"2026-09-06T07:15:41.888166101Z","level":"info"}
{"message":"[ops] {","timestamp":"2026-09-06T07:15:41.888171361Z","level":"info"}
{"message":"  event: 'http_request',","timestamp":"2026-09-06T07:15:41.888176171Z","level":"info"}
{"timestamp":"2026-09-06T07:15:41.888180281Z","level":"info","message":"  ts: '2026-09-06T07:15:41.639Z',"}
{"message":"[ops] {","timestamp":"2026-09-06T07:15:42.505488352Z","level":"error"}
{"message":"  event: 'security.app_check_rejected',","timestamp":"2026-09-06T07:15:42.505491762Z","level":"error"}
{"timestamp":"2026-09-06T07:15:42.505494332Z","level":"error","message":"  ts: '2026-09-06T07:15:42.323Z',"}
{"level":"error","message":"  reason: 'missing_token',","timestamp":"2026-09-06T07:15:42.505497332Z"}
{"message":"  mode: 'monitor',","timestamp":"2026-09-06T07:15:42.505500672Z","level":"error"}
{"timestamp":"2026-09-06T07:15:42.505503412Z","message":"  route: '/api/icons/CjrGMnsHKgCM3VkUvOQ4'","level":"error"}
{"level":"error","message":"}","timestamp":"2026-09-06T07:15:42.505506842Z"}
{"message":"[ops] {","level":"info","timestamp":"2026-09-06T07:15:42.505510922Z"}
{"message":"  event: 'http_request',","timestamp":"2026-09-06T07:15:42.505514322Z","level":"info"}
{"timestamp":"2026-09-06T07:15:42.505517042Z","message":"  ts: '2026-09-06T07:15:42.392Z',","level":"info"}
{"message":"  requestId: '3cf18b4d-29d8-4ef2-8189-0f7127e4b899',","timestamp":"2026-09-06T07:15:42.505520431Z","level":"info"}
{"level":"info","message":"  method: 'GET',","timestamp":"2026-09-06T07:15:42.505523981Z"}
{"message":"  route: '/api/icons/:id',","timestamp":"2026-09-06T07:15:42.505528631Z","level":"info"}
{"timestamp":"2026-09-06T07:15:42.505532841Z","message":"  status: 200,","level":"info"}
{"level":"info","message":"  durationMs: 69","timestamp":"2026-09-06T07:15:42.505537241Z"}
{"level":"info","message":"}","timestamp":"2026-09-06T07:15:42.505541291Z"}
{"message":"[ops] {","timestamp":"2026-09-06T07:15:43.097349549Z","level":"info"}
{"timestamp":"2026-09-06T07:15:43.097355349Z","level":"info","message":"  event: 'http_request',"}
{"message":"  ts: '2026-09-06T07:15:43.088Z',","level":"info","timestamp":"2026-09-06T07:15:43.097361699Z"}
{"message":"  requestId: '17bb50d6-6d65-4832-9563-0e5dd9fccfe7',","level":"info","timestamp":"2026-09-06T07:15:43.097365509Z"}
{"level":"info","message":"  method: 'OPTIONS',","timestamp":"2026-09-06T07:15:43.097369519Z"}
{"timestamp":"2026-09-06T07:15:43.097373249Z","message":"  route: '/api/v2/events',","level":"info"}
{"message":"  status: 204,","timestamp":"2026-09-06T07:15:43.097376909Z","level":"info"}
{"message":"  durationMs: 0","timestamp":"2026-09-06T07:15:43.097380688Z","level":"info"}
{"timestamp":"2026-09-06T07:15:43.097384198Z","message":"}","level":"info"}
{"message":"[ops] {","level":"error","timestamp":"2026-09-06T07:15:43.278975159Z"}
{"level":"error","message":"  event: 'security.app_check_rejected',","timestamp":"2026-09-06T07:15:43.278978259Z"}
{"message":"  ts: '2026-09-06T07:15:43.257Z',","level":"error","timestamp":"2026-09-06T07:15:43.278981369Z"}
{"message":"  reason: 'missing_token',","timestamp":"2026-09-06T07:15:43.278984539Z","level":"error"}
{"message":"  mode: 'monitor',","timestamp":"2026-09-06T07:15:43.278987528Z","level":"error"}
{"message":"  route: '/api/v2/events'","level":"error","timestamp":"2026-09-06T07:15:43.278990788Z"}
{"timestamp":"2026-09-06T07:15:43.278993448Z","message":"}","level":"error"}
{"message":"  status: 204,","timestamp":"2026-09-06T07:15:43.919276014Z","level":"info"}
{"level":"info","timestamp":"2026-09-06T07:15:43.919284454Z","message":"  durationMs: 12560"}
{"timestamp":"2026-09-06T07:15:43.919285294Z","level":"info","message":"  requestId: '515aff05-ba09-4228-9851-3447fe3fdc09',"}
{"timestamp":"2026-09-06T07:15:43.919292163Z","message":"}","level":"info"}
{"message":"[ops] {","timestamp":"2026-09-06T07:15:43.919294583Z","level":"info"}
{"message":"  method: 'GET',","timestamp":"2026-09-06T07:15:43.919295333Z","level":"info"}
{"timestamp":"2026-09-06T07:15:43.919300033Z","message":"  event: 'studio.command_polled',","level":"info"}
{"message":"  ts: '2026-09-06T07:15:43.641Z',","timestamp":"2026-09-06T07:15:43.919305463Z","level":"info"}
{"message":"  requestId: '515aff05-ba09-4228-9851-3447fe3fdc09',","timestamp":"2026-09-06T07:15:43.919310053Z","level":"info"}
{"timestamp":"2026-09-06T07:15:43.919314753Z","level":"info","message":"  status: 'empty'"}
{"timestamp":"2026-09-06T07:15:43.919322083Z","message":"}","level":"info"}
{"timestamp":"2026-09-06T07:15:43.919329383Z","level":"info","message":"[ops] {"}
{"level":"info","message":"  ts: '2026-09-06T07:15:43.641Z',","timestamp":"2026-09-06T07:15:43.919337812Z"}
{"level":"info","message":"  route: '/api/v2/events',","timestamp":"2026-09-06T07:15:43.945566563Z"}
{"timestamp":"2026-09-06T07:15:43.945572463Z","level":"info","message":"  status: 200,"}
{"timestamp":"2026-09-06T07:15:43.945577523Z","message":"  durationMs: 678","level":"info"}
{"timestamp":"2026-09-06T07:15:43.945582993Z","message":"}","level":"info"}
{"timestamp":"2026-09-06T07:15:43.945591972Z","level":"info","message":"[ops] {"}
{"level":"info","message":"  event: 'http_request',","timestamp":"2026-09-06T07:15:43.945602062Z"}
{"message":"  ts: '2026-09-06T07:15:43.935Z',","timestamp":"2026-09-06T07:15:43.945608882Z","level":"info"}
{"message":"  requestId: '8e3d2239-a3bd-458b-8d21-5fd17865e199',","timestamp":"2026-09-06T07:15:43.945612402Z","level":"info"}
{"message":"  method: 'GET',","level":"info","timestamp":"2026-09-06T07:15:43.945617602Z"}
