{"timestamp":"2026-09-06T06:33:26.999781865Z","message":"  method: 'OPTIONS',","level":"info"}
{"level":"info","message":"  route: '/api/v2/agents/active',","timestamp":"2026-09-06T06:33:26.999785255Z"}
{"timestamp":"2026-09-06T06:33:26.999788815Z","level":"info","message":"  status: 204,"}
{"message":"  durationMs: 0","timestamp":"2026-09-06T06:33:26.999792295Z","level":"info"}
{"message":"}","level":"info","timestamp":"2026-09-06T06:33:26.999795625Z"}
{"message":"[ops] {","timestamp":"2026-09-06T06:33:27.306346378Z","level":"error"}
{"message":"  event: 'security.app_check_rejected',","timestamp":"2026-09-06T06:33:27.306348988Z","level":"error"}
{"level":"error","message":"  ts: '2026-09-06T06:33:27.153Z',","timestamp":"2026-09-06T06:33:27.306351678Z"}
{"timestamp":"2026-09-06T06:33:27.306354138Z","level":"error","message":"  reason: 'missing_token',"}
{"level":"error","timestamp":"2026-09-06T06:33:27.306356428Z","message":"  mode: 'monitor',"}
{"timestamp":"2026-09-06T06:33:27.306359428Z","level":"error","message":"  route: '/api/v2/events'"}
{"message":"}","level":"error","timestamp":"2026-09-06T06:33:27.306362088Z"}
{"timestamp":"2026-09-06T06:33:27.306364528Z","message":"[ops] {","level":"error"}
{"timestamp":"2026-09-06T06:33:27.306366808Z","level":"error","message":"  event: 'security.app_check_rejected',"}
{"message":"  ts: '2026-09-06T06:33:27.173Z',","level":"error","timestamp":"2026-09-06T06:33:27.306369228Z"}
{"timestamp":"2026-09-06T06:33:27.306371728Z","level":"error","message":"  reason: 'missing_token',"}
{"level":"error","timestamp":"2026-09-06T06:33:27.306373998Z","message":"  mode: 'monitor',"}
{"message":"  route: '/api/v2/agents/active'","timestamp":"2026-09-06T06:33:27.306376508Z","level":"error"}
{"timestamp":"2026-09-06T06:33:27.306378918Z","message":"}","level":"error"}
{"message":"[ops] {","timestamp":"2026-09-06T06:33:27.306494966Z","level":"info"}
{"message":"  event: 'http_request',","timestamp":"2026-09-06T06:33:27.306498246Z","level":"info"}
{"message":"  ts: '2026-09-06T06:33:27.267Z',","level":"info","timestamp":"2026-09-06T06:33:27.306500636Z"}
{"timestamp":"2026-09-06T06:33:27.306500636Z","level":"info","message":"}"}
{"message":"  requestId: 'b4fdc430-e8bf-4020-a910-0b93af71e11e',","timestamp":"2026-09-06T06:33:27.306503556Z","level":"info"}
{"message":"  method: 'GET',","level":"info","timestamp":"2026-09-06T06:33:27.306506296Z"}
{"level":"info","message":"  route: '/api/v2/agents/active',","timestamp":"2026-09-06T06:33:27.306509116Z"}
{"message":"  status: 200,","level":"info","timestamp":"2026-09-06T06:33:27.306511466Z"}
{"level":"info","message":"  durationMs: 94","timestamp":"2026-09-06T06:33:27.306520616Z"}
{"message":"[ops] {","timestamp":"2026-09-06T06:33:27.850426153Z","level":"info"}
{"message":"  event: 'http_request',","timestamp":"2026-09-06T06:33:27.850433632Z","level":"info"}
{"timestamp":"2026-09-06T06:33:27.850438612Z","level":"info","message":"  ts: '2026-09-06T06:33:27.849Z',"}
{"timestamp":"2026-09-06T06:33:27.850442912Z","level":"info","message":"  requestId: '3e435a9c-8e23-4f62-8dc6-d3a9c1495fb4',"}
{"level":"info","message":"  method: 'GET',","timestamp":"2026-09-06T06:33:27.850447372Z"}
{"level":"info","message":"  route: '/api/v2/events',","timestamp":"2026-09-06T06:33:27.850451622Z"}
{"message":"  status: 200,","timestamp":"2026-09-06T06:33:27.850456142Z","level":"info"}
{"level":"info","message":"  durationMs: 695","timestamp":"2026-09-06T06:33:27.850460192Z"}
{"timestamp":"2026-09-06T06:33:27.850464712Z","level":"info","message":"}"}
{"timestamp":"2026-09-06T06:33:29.916441344Z","level":"info","message":"[ops] {"}
{"message":"  event: 'http_request',","timestamp":"2026-09-06T06:33:29.916447904Z","level":"info"}
{"level":"info","timestamp":"2026-09-06T06:33:29.916452553Z","message":"  ts: '2026-09-06T06:33:29.915Z',"}
{"message":"  requestId: '40820bff-d290-4f34-8b1e-573f4db046ee',","timestamp":"2026-09-06T06:33:29.916457183Z","level":"info"}
{"message":"  method: 'POST',","timestamp":"2026-09-06T06:33:29.916461073Z","level":"info"}
{"message":"  route: '/api/studio/mcp/session/ping',","timestamp":"2026-09-06T06:33:29.916467803Z","level":"info"}
{"timestamp":"2026-09-06T06:33:29.916471473Z","message":"  status: 200,","level":"info"}
{"timestamp":"2026-09-06T06:33:29.916476033Z","message":"  durationMs: 295","level":"info"}
{"message":"}","level":"info","timestamp":"2026-09-06T06:33:29.916480633Z"}
{"timestamp":"2026-09-06T06:33:30.711754245Z","message":"[ops] {","level":"info"}
{"timestamp":"2026-09-06T06:33:30.711780244Z","message":"  event: 'http_request',","level":"info"}
{"timestamp":"2026-09-06T06:33:30.711800184Z","level":"info","message":"  ts: '2026-09-06T06:33:30.699Z',"}
{"level":"info","message":"  requestId: 'e698bb0f-b496-4e02-890f-88f904f27dde',","timestamp":"2026-09-06T06:33:30.711803024Z"}
{"message":"  method: 'OPTIONS',","timestamp":"2026-09-06T06:33:30.711806514Z","level":"info"}
{"level":"info","timestamp":"2026-09-06T06:33:30.711809734Z","message":"  route: '/api/v2/events',"}
{"timestamp":"2026-09-06T06:33:30.711813714Z","message":"  status: 204,","level":"info"}
{"timestamp":"2026-09-06T06:33:30.711816914Z","message":"  durationMs: 0","level":"info"}
{"message":"}","timestamp":"2026-09-06T06:33:30.711819874Z","level":"info"}
{"message":"[ops] {","timestamp":"2026-09-06T06:33:30.876407735Z","level":"error"}
{"level":"error","timestamp":"2026-09-06T06:33:30.876411465Z","message":"  event: 'security.app_check_rejected',"}
{"message":"  ts: '2026-09-06T06:33:30.870Z',","timestamp":"2026-09-06T06:33:30.876415285Z","level":"error"}
{"message":"  reason: 'missing_token',","level":"error","timestamp":"2026-09-06T06:33:30.876419155Z"}
{"level":"error","timestamp":"2026-09-06T06:33:30.876422785Z","message":"  mode: 'monitor',"}
{"message":"  route: '/api/v2/events'","timestamp":"2026-09-06T06:33:30.876426014Z","level":"error"}
{"level":"error","timestamp":"2026-09-06T06:33:30.876428974Z","message":"}"}
{"timestamp":"2026-09-06T06:33:31.446824310Z","level":"info","message":"[ops] {"}
{"timestamp":"2026-09-06T06:33:31.446832200Z","level":"info","message":"  event: 'http_request',"}
{"timestamp":"2026-09-06T06:33:31.446837330Z","level":"info","message":"  ts: '2026-09-06T06:33:31.445Z',"}
{"level":"info","message":"  requestId: '7e2bbbf9-851b-47c7-9550-21a57daa919a',","timestamp":"2026-09-06T06:33:31.446842470Z"}
{"message":"  method: 'GET',","timestamp":"2026-09-06T06:33:31.446847559Z","level":"info"}
{"message":"  route: '/api/v2/events',","timestamp":"2026-09-06T06:33:31.446852459Z","level":"info"}
{"message":"  status: 200,","timestamp":"2026-09-06T06:33:31.446856859Z","level":"info"}
{"level":"info","timestamp":"2026-09-06T06:33:31.446870809Z","message":"  durationMs: 575"}
{"timestamp":"2026-09-06T06:33:31.446877019Z","level":"info","message":"}"}
{"message":"[ops] {","level":"info","timestamp":"2026-09-06T06:33:31.719795025Z"}
{"level":"info","message":"  event: 'http_request',","timestamp":"2026-09-06T06:33:31.719799585Z"}
{"message":"  ts: '2026-09-06T06:33:31.716Z',","level":"info","timestamp":"2026-09-06T06:33:31.719803195Z"}
{"level":"info","message":"  requestId: 'b731f704-ee3b-4deb-9558-9b3ef344eba1',","timestamp":"2026-09-06T06:33:31.719806915Z"}
{"timestamp":"2026-09-06T06:33:31.719810055Z","level":"info","message":"  method: 'OPTIONS',"}
{"timestamp":"2026-09-06T06:33:31.719813405Z","level":"info","message":"  route: '/api/studio/status',"}
{"timestamp":"2026-09-06T06:33:31.719816875Z","level":"info","message":"  status: 204,"}
{"level":"info","message":"  durationMs: 0","timestamp":"2026-09-06T06:33:31.719820265Z"}
{"timestamp":"2026-09-06T06:33:31.719824255Z","message":"}","level":"info"}
{"timestamp":"2026-09-06T06:33:31.724966109Z","level":"info","message":"[ops] {"}
{"timestamp":"2026-09-06T06:33:31.724970539Z","level":"info","message":"  event: 'http_request',"}
{"timestamp":"2026-09-06T06:33:31.724974129Z","level":"info","message":"  ts: '2026-09-06T06:33:31.722Z',"}
{"timestamp":"2026-09-06T06:33:31.724977329Z","level":"info","message":"  requestId: 'eb99337f-2b1d-4fde-8d2b-9946b1c8fff7',"}
{"level":"info","message":"  method: 'OPTIONS',","timestamp":"2026-09-06T06:33:31.724980709Z"}
{"level":"info","message":"  route: '/api/studio/mcp/status',","timestamp":"2026-09-06T06:33:31.724983709Z"}
{"message":"  status: 204,","level":"info","timestamp":"2026-09-06T06:33:31.724986618Z"}
{"message":"  durationMs: 0","timestamp":"2026-09-06T06:33:31.724989728Z","level":"info"}
{"message":"}","timestamp":"2026-09-06T06:33:31.724993288Z","level":"info"}
{"message":"[ops] {","timestamp":"2026-09-06T06:33:31.902023429Z","level":"error"}
{"level":"error","message":"  event: 'security.app_check_rejected',","timestamp":"2026-09-06T06:33:31.902028089Z"}
{"level":"error","timestamp":"2026-09-06T06:33:31.902033069Z","message":"  ts: '2026-09-06T06:33:31.888Z',"}
{"message":"  reason: 'missing_token',","timestamp":"2026-09-06T06:33:31.902039439Z","level":"error"}
{"level":"error","timestamp":"2026-09-06T06:33:31.902044059Z","message":"  mode: 'monitor',"}
{"level":"error","message":"  route: '/api/studio/status'","timestamp":"2026-09-06T06:33:31.902048889Z"}
{"message":"}","timestamp":"2026-09-06T06:33:31.902053569Z","level":"error"}
{"message":"[ops] {","timestamp":"2026-09-06T06:33:31.902057909Z","level":"error"}
{"level":"error","message":"  event: 'security.app_check_rejected',","timestamp":"2026-09-06T06:33:31.902062549Z"}
{"level":"error","message":"  ts: '2026-09-06T06:33:31.891Z',","timestamp":"2026-09-06T06:33:31.902066979Z"}
{"level":"error","message":"  reason: 'missing_token',","timestamp":"2026-09-06T06:33:31.902072209Z"}
{"level":"error","timestamp":"2026-09-06T06:33:31.902078478Z","message":"  mode: 'monitor',"}
{"level":"error","message":"  route: '/api/studio/mcp/status'","timestamp":"2026-09-06T06:33:31.902082488Z"}
{"message":"}","timestamp":"2026-09-06T06:33:31.902087498Z","level":"error"}
{"message":"[ops] {","timestamp":"2026-09-06T06:33:32.332225931Z","level":"info"}
{"level":"info","message":"  event: 'http_request',","timestamp":"2026-09-06T06:33:32.332229151Z"}
{"message":"  ts: '2026-09-06T06:33:32.326Z',","timestamp":"2026-09-06T06:33:32.332232061Z","level":"info"}
{"level":"info","message":"  requestId: 'c91b1192-61e2-4499-bab9-70910e4b8f32',","timestamp":"2026-09-06T06:33:32.332235611Z"}
{"level":"info","message":"  method: 'GET',","timestamp":"2026-09-06T06:33:32.332238891Z"}
{"timestamp":"2026-09-06T06:33:32.332243811Z","level":"info","message":"  route: '/api/studio/mcp/status',"}
{"level":"info","timestamp":"2026-09-06T06:33:32.332247341Z","message":"  status: 200,"}
{"message":"  durationMs: 435","timestamp":"2026-09-06T06:33:32.332251151Z","level":"info"}
{"message":"}","timestamp":"2026-09-06T06:33:32.332254941Z","level":"info"}
{"message":"[ops] {","level":"info","timestamp":"2026-09-06T06:33:32.384419629Z"}
{"level":"info","message":"  event: 'http_request',","timestamp":"2026-09-06T06:33:32.384423179Z"}
{"message":"  ts: '2026-09-06T06:33:32.383Z',","timestamp":"2026-09-06T06:33:32.384436289Z","level":"info"}
{"timestamp":"2026-09-06T06:33:32.384440079Z","message":"  requestId: '44b3bdda-a3b7-47f4-976f-d22ba587b034',","level":"info"}
{"level":"info","message":"  method: 'GET',","timestamp":"2026-09-06T06:33:32.384457088Z"}
{"timestamp":"2026-09-06T06:33:32.384461568Z","message":"  route: '/api/studio/status',","level":"info"}
{"level":"info","timestamp":"2026-09-06T06:33:32.384466198Z","message":"  status: 200,"}
{"timestamp":"2026-09-06T06:33:32.384471038Z","level":"info","message":"  durationMs: 495"}
{"level":"info","message":"}","timestamp":"2026-09-06T06:33:32.384476248Z"}
{"level":"info","message":"[ops] {","timestamp":"2026-09-06T06:33:32.972437108Z"}
{"message":"  event: 'studio.plugin_compatibility_handshake',","timestamp":"2026-09-06T06:33:32.972443718Z","level":"info"}
{"timestamp":"2026-09-06T06:33:32.972447508Z","message":"  ts: '2026-09-06T06:33:32.969Z',","level":"info"}
{"message":"  requestId: '39cd200c-8dd5-4ddd-ad87-fd290a4b91b9',","level":"info","timestamp":"2026-09-06T06:33:32.972451028Z"}
{"message":"  sessionId: 'MLq8J3mhz56J6BRsAeQe',","timestamp":"2026-09-06T06:33:32.972455948Z","level":"info"}
{"message":"  userId: '0VSQotqOXxPXBLeQu1gUNkXELWH3',","level":"info","timestamp":"2026-09-06T06:33:32.972459828Z"}
{"level":"info","timestamp":"2026-09-06T06:33:32.972463618Z","message":"  status: 'compatible',"}
{"message":"  reasonCodes: [],","level":"info","timestamp":"2026-09-06T06:33:32.972467468Z"}
{"timestamp":"2026-09-06T06:33:32.972470918Z","level":"info","message":"  buildId: 'nexusrbx-studio-0.14.0-r15-animation.12-toolbox',"}
{"message":"  attestationWritten: false,","timestamp":"2026-09-06T06:33:32.972474398Z","level":"info"}
{"timestamp":"2026-09-06T06:33:32.972477718Z","level":"info","message":"  repairDurationMs: 754"}
{"timestamp":"2026-09-06T06:33:32.972481128Z","message":"}","level":"info"}
{"level":"info","message":"[ops] {","timestamp":"2026-09-06T06:33:32.972485118Z"}
{"timestamp":"2026-09-06T06:33:32.972488298Z","message":"  event: 'http_request',","level":"info"}
{"level":"info","timestamp":"2026-09-06T06:33:32.972492578Z","message":"  ts: '2026-09-06T06:33:32.970Z',"}
{"level":"info","message":"  requestId: '39cd200c-8dd5-4ddd-ad87-fd290a4b91b9',","timestamp":"2026-09-06T06:33:32.972495858Z"}
{"level":"info","message":"  method: 'POST',","timestamp":"2026-09-06T06:33:32.972499048Z"}
{"timestamp":"2026-09-06T06:33:32.972502247Z","message":"  route: '/api/studio/session/ping',","level":"info"}
{"timestamp":"2026-09-06T06:33:32.972505627Z","message":"  status: 200,","level":"info"}
{"message":"  durationMs: 815","timestamp":"2026-09-06T06:33:32.972508987Z","level":"info"}
{"message":"}","timestamp":"2026-09-06T06:33:32.972512817Z","level":"info"}
{"timestamp":"2026-09-06T06:33:34.500676392Z","level":"info","message":"}"}
{"timestamp":"2026-09-06T06:33:34.500730411Z","level":"info","message":"[ops] {"}
{"timestamp":"2026-09-06T06:33:34.500734241Z","message":"  event: 'http_request',","level":"info"}
{"timestamp":"2026-09-06T06:33:34.500738421Z","message":"  ts: '2026-09-06T06:33:34.498Z',","level":"info"}
{"message":"  requestId: '9fc21b82-9606-497d-bef6-3c80bb1f2bba',","level":"info","timestamp":"2026-09-06T06:33:34.500741831Z"}
{"message":"  method: 'OPTIONS',","timestamp":"2026-09-06T06:33:34.500745271Z","level":"info"}
{"timestamp":"2026-09-06T06:33:34.500748901Z","level":"info","message":"  route: '/api/v2/events',"}
{"timestamp":"2026-09-06T06:33:34.500752591Z","level":"info","message":"  status: 204,"}
{"message":"  durationMs: 0","timestamp":"2026-09-06T06:33:34.500756751Z","level":"info"}
{"level":"error","message":"[ops] {","timestamp":"2026-09-06T06:33:34.667261027Z"}
{"level":"error","message":"  event: 'security.app_check_rejected',","timestamp":"2026-09-06T06:33:34.667266097Z"}
{"message":"  ts: '2026-09-06T06:33:34.665Z',","timestamp":"2026-09-06T06:33:34.667269847Z","level":"error"}
{"timestamp":"2026-09-06T06:33:34.667273107Z","level":"error","message":"  reason: 'missing_token',"}
{"timestamp":"2026-09-06T06:33:34.667279307Z","level":"error","message":"  mode: 'monitor',"}
{"message":"  route: '/api/v2/events'","level":"error","timestamp":"2026-09-06T06:33:34.667282747Z"}
{"level":"error","message":"}","timestamp":"2026-09-06T06:33:34.667286207Z"}
{"level":"info","message":"  status: 204,","timestamp":"2026-09-06T06:33:35.324806761Z"}
{"level":"info","message":"  durationMs: 0","timestamp":"2026-09-06T06:33:35.324812841Z"}
{"timestamp":"2026-09-06T06:33:35.324817360Z","message":"}","level":"info"}
{"timestamp":"2026-09-06T06:33:35.324836580Z","message":"  event: 'http_request',","level":"info"}
{"message":"  ts: '2026-09-06T06:33:35.316Z',","timestamp":"2026-09-06T06:33:35.324843000Z","level":"info"}
{"message":"  method: 'GET',","timestamp":"2026-09-06T06:33:35.324845340Z","level":"info"}
{"level":"info","message":"  requestId: 'f383a8e0-56c5-4b5f-9e6c-d278be87ff61',","timestamp":"2026-09-06T06:33:35.324850680Z"}
{"level":"info","timestamp":"2026-09-06T06:33:35.324857610Z","message":"  route: '/api/v2/events',"}
{"timestamp":"2026-09-06T06:33:35.324858610Z","message":"  method: 'OPTIONS',","level":"info"}
{"timestamp":"2026-09-06T06:33:35.324869050Z","message":"  status: 200,","level":"info"}
{"message":"  route: '/api/v2/:id',","timestamp":"2026-09-06T06:33:35.324869530Z","level":"info"}
{"message":"  durationMs: 556","timestamp":"2026-09-06T06:33:35.324876780Z","level":"info"}
{"message":"}","level":"info","timestamp":"2026-09-06T06:33:35.324881670Z"}
{"message":"[ops] {","level":"info","timestamp":"2026-09-06T06:33:35.324886630Z"}
{"timestamp":"2026-09-06T06:33:35.324902699Z","message":"[ops] {","level":"info"}
{"timestamp":"2026-09-06T06:33:35.324907519Z","message":"  event: 'http_request',","level":"info"}
{"message":"  ts: '2026-09-06T06:33:35.221Z',","timestamp":"2026-09-06T06:33:35.324912389Z","level":"info"}
{"message":"  requestId: '90ae7920-afc9-4f5c-84f8-88fb94541e4b',","timestamp":"2026-09-06T06:33:35.324917039Z","level":"info"}
{"level":"info","message":"[ops] {","timestamp":"2026-09-06T06:33:35.404638023Z"}
{"timestamp":"2026-09-06T06:33:35.404645953Z","message":"  event: 'http_request',","level":"info"}
{"timestamp":"2026-09-06T06:33:35.404650343Z","level":"info","message":"  ts: '2026-09-06T06:33:35.402Z',"}
{"message":"  requestId: '122e7932-600f-4d2c-a703-486abfdcdcc9',","level":"info","timestamp":"2026-09-06T06:33:35.404654663Z"}
{"level":"info","timestamp":"2026-09-06T06:33:35.404658693Z","message":"  method: 'OPTIONS',"}
{"message":"  route: '/api/v2/agents/active',","timestamp":"2026-09-06T06:33:35.404662532Z","level":"info"}
{"timestamp":"2026-09-06T06:33:35.404667182Z","message":"  status: 204,","level":"info"}
{"message":"  durationMs: 1","level":"info","timestamp":"2026-09-06T06:33:35.404670932Z"}
{"level":"info","timestamp":"2026-09-06T06:33:35.404674682Z","message":"}"}
{"level":"error","message":"[ops] {","timestamp":"2026-09-06T06:33:35.501037181Z"}
{"level":"info","message":"  status: 200,","timestamp":"2026-09-06T06:33:35.501041591Z"}
{"message":"  event: 'security.app_check_rejected',","timestamp":"2026-09-06T06:33:35.501045561Z","level":"error"}
{"message":"  ts: '2026-09-06T06:33:35.489Z',","timestamp":"2026-09-06T06:33:35.501052641Z","level":"error"}
{"timestamp":"2026-09-06T06:33:35.501053231Z","message":"  durationMs: 7","level":"info"}
{"timestamp":"2026-09-06T06:33:35.501057721Z","level":"error","message":"  reason: 'missing_token',"}
{"level":"info","message":"}","timestamp":"2026-09-06T06:33:35.501061601Z"}
{"message":"  mode: 'monitor',","timestamp":"2026-09-06T06:33:35.501069881Z","level":"error"}
{"level":"error","message":"  route: '/api/v2/runtime-capabilities'","timestamp":"2026-09-06T06:33:35.501076011Z"}
{"level":"error","timestamp":"2026-09-06T06:33:35.501081101Z","message":"}"}
{"message":"[ops] {","level":"info","timestamp":"2026-09-06T06:33:35.501086891Z"}
{"level":"info","message":"  event: 'http_request',","timestamp":"2026-09-06T06:33:35.501092031Z"}
{"timestamp":"2026-09-06T06:33:35.501097220Z","level":"info","message":"  ts: '2026-09-06T06:33:35.495Z',"}
{"level":"info","message":"  requestId: 'bee8b1e0-32bf-4f9e-8107-8a725dde5ee6',","timestamp":"2026-09-06T06:33:35.501101940Z"}
{"level":"info","message":"  method: 'GET',","timestamp":"2026-09-06T06:33:35.501106680Z"}
{"message":"  route: '/api/v2/runtime-capabilities',","timestamp":"2026-09-06T06:33:35.501111790Z","level":"info"}
{"message":"[ops] {","timestamp":"2026-09-06T06:33:35.578836930Z","level":"error"}
{"timestamp":"2026-09-06T06:33:35.578842779Z","level":"error","message":"  event: 'security.app_check_rejected',"}
{"message":"  ts: '2026-09-06T06:33:35.576Z',","timestamp":"2026-09-06T06:33:35.578848089Z","level":"error"}
{"message":"  reason: 'missing_token',","timestamp":"2026-09-06T06:33:35.578856689Z","level":"error"}
{"timestamp":"2026-09-06T06:33:35.578875719Z","message":"  mode: 'monitor',","level":"error"}
{"message":"  route: '/api/v2/agents/active'","timestamp":"2026-09-06T06:33:35.578880019Z","level":"error"}
{"level":"error","message":"}","timestamp":"2026-09-06T06:33:35.578889389Z"}
{"message":"[ops] {","timestamp":"2026-09-06T06:33:35.645397133Z","level":"info"}
{"message":"  event: 'http_request',","timestamp":"2026-09-06T06:33:35.645402293Z","level":"info"}
{"message":"  ts: '2026-09-06T06:33:35.643Z',","timestamp":"2026-09-06T06:33:35.645406502Z","level":"info"}
{"message":"  requestId: '70bff60a-834c-433c-a86b-2deb9935963c',","timestamp":"2026-09-06T06:33:35.645409892Z","level":"info"}
{"message":"  method: 'GET',","timestamp":"2026-09-06T06:33:35.645413322Z","level":"info"}
{"message":"  route: '/api/v2/agents/active',","timestamp":"2026-09-06T06:33:35.645417312Z","level":"info"}
{"level":"info","message":"  status: 200,","timestamp":"2026-09-06T06:33:35.645422552Z"}
{"timestamp":"2026-09-06T06:33:35.645426602Z","message":"  durationMs: 68","level":"info"}
{"timestamp":"2026-09-06T06:33:35.645430192Z","message":"}","level":"info"}
{"level":"info","timestamp":"2026-09-06T06:33:35.683418593Z","message":"[ops] {"}
{"level":"info","message":"  event: 'http_request',","timestamp":"2026-09-06T06:33:35.683426453Z"}
{"level":"info","message":"  ts: '2026-09-06T06:33:35.682Z',","timestamp":"2026-09-06T06:33:35.683430563Z"}
{"message":"  requestId: 'f77c6d68-5ffd-4aea-95c7-ba4405c70393',","timestamp":"2026-09-06T06:33:35.683433673Z","level":"info"}
{"message":"  method: 'OPTIONS',","timestamp":"2026-09-06T06:33:35.683436633Z","level":"info"}
{"message":"  route: '/api/v2/chats/:id/:id',","level":"info","timestamp":"2026-09-06T06:33:35.683439823Z"}
{"message":"  status: 204,","timestamp":"2026-09-06T06:33:35.683443143Z","level":"info"}
{"level":"info","timestamp":"2026-09-06T06:33:35.683445823Z","message":"  durationMs: 0"}
{"timestamp":"2026-09-06T06:33:35.683448923Z","level":"info","message":"}"}
{"timestamp":"2026-09-06T06:33:35.849789991Z","level":"error","message":"[ops] {"}
{"timestamp":"2026-09-06T06:33:35.849798531Z","message":"  event: 'security.app_check_rejected',","level":"error"}
{"timestamp":"2026-09-06T06:33:35.849802821Z","message":"  ts: '2026-09-06T06:33:35.847Z',","level":"error"}
{"level":"error","timestamp":"2026-09-06T06:33:35.849806551Z","message":"  reason: 'missing_token',"}
{"timestamp":"2026-09-06T06:33:35.849810931Z","message":"  mode: 'monitor',","level":"error"}
{"timestamp":"2026-09-06T06:33:35.849814161Z","level":"error","message":"  route: '/api/v2/chats/5f2cf251-81c2-4b17-a8eb-c182336aa0db/agent-projection'"}
{"level":"error","message":"}","timestamp":"2026-09-06T06:33:35.849819601Z"}
{"level":"info","timestamp":"2026-09-06T06:33:35.904300089Z","message":"project_resolution {"}
{"message":"  requestId: null,","level":"info","timestamp":"2026-09-06T06:33:35.904304779Z"}
{"message":"  userHash: '61523b905e6d4bfa',","timestamp":"2026-09-06T06:33:35.904310049Z","level":"info"}
{"level":"info","timestamp":"2026-09-06T06:33:35.904312799Z","message":"  projectHash: '345b955d3c8c9e83',"}
{"timestamp":"2026-09-06T06:33:35.904315759Z","message":"  resolutionState: 'ready',","level":"info"}
{"level":"info","message":"  failureCode: null","timestamp":"2026-09-06T06:33:35.904318849Z"}
{"timestamp":"2026-09-06T06:33:35.904321999Z","level":"info","message":"}"}
{"timestamp":"2026-09-06T06:33:35.958291464Z","level":"info","message":"}"}
{"message":"[ops] {","level":"info","timestamp":"2026-09-06T06:33:35.958302004Z"}
{"timestamp":"2026-09-06T06:33:35.958307224Z","level":"info","message":"  event: 'studio.command_polled',"}
{"level":"info","message":"  ts: '2026-09-06T06:33:35.956Z',","timestamp":"2026-09-06T06:33:35.958310144Z"}
{"level":"info","timestamp":"2026-09-06T06:33:35.958312764Z","message":"  requestId: '73bb8236-1071-425d-8b38-f6f06fbf228d',"}
{"timestamp":"2026-09-06T06:33:35.958315624Z","message":"  sessionId: 'MLq8J3mhz56J6BRsAeQe',","level":"info"}
{"message":"  status: 'empty'","level":"info","timestamp":"2026-09-06T06:33:35.958318874Z"}
{"message":"}","level":"info","timestamp":"2026-09-06T06:33:35.958321724Z"}
{"message":"[ops] {","timestamp":"2026-09-06T06:33:35.958325084Z","level":"info"}
{"level":"info","message":"  event: 'http_request',","timestamp":"2026-09-06T06:33:35.958327874Z"}
{"timestamp":"2026-09-06T06:33:35.958330594Z","level":"info","message":"  ts: '2026-09-06T06:33:35.957Z',"}
{"level":"info","message":"  requestId: '73bb8236-1071-425d-8b38-f6f06fbf228d',","timestamp":"2026-09-06T06:33:35.958333864Z"}
{"message":"  method: 'GET',","timestamp":"2026-09-06T06:33:35.958336984Z","level":"info"}
{"level":"info","message":"  route: '/api/studio/commands/next',","timestamp":"2026-09-06T06:33:35.958339784Z"}
{"message":"  status: 204,","level":"info","timestamp":"2026-09-06T06:33:35.958342844Z"}
{"timestamp":"2026-09-06T06:33:35.958345933Z","message":"  durationMs: 24406","level":"info"}
{"message":"[ops] {","level":"info","timestamp":"2026-09-06T06:33:35.959296921Z"}
{"level":"info","message":"  event: 'http_request',","timestamp":"2026-09-06T06:33:35.959305301Z"}
{"timestamp":"2026-09-06T06:33:35.959310681Z","level":"info","message":"  ts: '2026-09-06T06:33:35.958Z',"}
{"timestamp":"2026-09-06T06:33:35.959316901Z","level":"info","message":"  requestId: 'f8ac40fc-af89-4de1-9b4c-284d97e43ac1',"}
{"level":"info","timestamp":"2026-09-06T06:33:35.959322591Z","message":"  method: 'PUT',"}
{"timestamp":"2026-09-06T06:33:35.959327341Z","level":"info","message":"  route: '/api/v2/chats/:chatId/agent-projection',"}
{"level":"info","timestamp":"2026-09-06T06:33:35.959332291Z","message":"  status: 200,"}
{"level":"info","timestamp":"2026-09-06T06:33:35.959336951Z","message":"  durationMs: 111"}
{"timestamp":"2026-09-06T06:33:35.959341171Z","message":"}","level":"info"}
{"timestamp":"2026-09-06T06:33:36.305897459Z","level":"info","message":"[ops] {"}
{"level":"info","timestamp":"2026-09-06T06:33:36.305900409Z","message":"  event: 'http_request',"}
{"timestamp":"2026-09-06T06:33:36.305904639Z","message":"  ts: '2026-09-06T06:33:36.132Z',","level":"info"}
{"level":"info","message":"  requestId: 'f6556671-0fbd-49df-9a6c-1b0fa54ce7a4',","timestamp":"2026-09-06T06:33:36.305907499Z"}
{"level":"info","timestamp":"2026-09-06T06:33:36.305910689Z","message":"  method: 'OPTIONS',"}
{"timestamp":"2026-09-06T06:33:36.305913669Z","message":"  route: '/api/ai/orchestrate',","level":"info"}
{"level":"info","message":"  status: 204,","timestamp":"2026-09-06T06:33:36.305916619Z"}
{"message":"  durationMs: 0","timestamp":"2026-09-06T06:33:36.305919829Z","level":"info"}
{"timestamp":"2026-09-06T06:33:36.305924288Z","message":"}","level":"info"}
{"level":"error","message":"[ops] {","timestamp":"2026-09-06T06:33:36.613102074Z"}
{"timestamp":"2026-09-06T06:33:36.613106584Z","level":"error","message":"  event: 'security.app_check_rejected',"}
{"level":"error","message":"  ts: '2026-09-06T06:33:36.612Z',","timestamp":"2026-09-06T06:33:36.613110804Z"}
{"message":"  reason: 'missing_token',","timestamp":"2026-09-06T06:33:36.613114183Z","level":"error"}
{"timestamp":"2026-09-06T06:33:36.613116823Z","message":"  mode: 'monitor',","level":"error"}
{"message":"  route: '/api/ai/orchestrate'","level":"error","timestamp":"2026-09-06T06:33:36.613120053Z"}
{"level":"error","timestamp":"2026-09-06T06:33:36.613122833Z","message":"}"}
{"timestamp":"2026-09-06T06:33:37.312294062Z","message":"project_resolution {","level":"info"}
{"level":"info","message":"  requestId: null,","timestamp":"2026-09-06T06:33:37.312297152Z"}
{"message":"  userHash: '61523b905e6d4bfa',","timestamp":"2026-09-06T06:33:37.312300192Z","level":"info"}
{"level":"info","message":"  projectHash: '345b955d3c8c9e83',","timestamp":"2026-09-06T06:33:37.312303022Z"}
{"timestamp":"2026-09-06T06:33:37.312305562Z","level":"info","message":"  resolutionState: 'ready',"}
{"message":"  failureCode: null","timestamp":"2026-09-06T06:33:37.312308592Z","level":"info"}
{"level":"info","message":"}","timestamp":"2026-09-06T06:33:37.312311991Z"}
{"timestamp":"2026-09-06T06:33:38.396451032Z","message":"[ops] {","level":"info"}
{"message":"  event: 'http_request',","level":"info","timestamp":"2026-09-06T06:33:38.396456372Z"}
{"message":"  ts: '2026-09-06T06:33:38.392Z',","timestamp":"2026-09-06T06:33:38.396464222Z","level":"info"}
{"timestamp":"2026-09-06T06:33:38.396469882Z","message":"  requestId: '51cb4456-15a6-4752-94d9-517df88546af',","level":"info"}
{"timestamp":"2026-09-06T06:33:38.396475022Z","message":"  method: 'OPTIONS',","level":"info"}
{"message":"  route: '/api/v2/events',","level":"info","timestamp":"2026-09-06T06:33:38.396479492Z"}
{"message":"  status: 204,","timestamp":"2026-09-06T06:33:38.396484492Z","level":"info"}
{"message":"  durationMs: 1","timestamp":"2026-09-06T06:33:38.396488871Z","level":"info"}
{"message":"}","timestamp":"2026-09-06T06:33:38.396493371Z","level":"info"}
{"message":"[ops] {","timestamp":"2026-09-06T06:33:38.557881584Z","level":"error"}
{"level":"error","message":"  event: 'security.app_check_rejected',","timestamp":"2026-09-06T06:33:38.557885544Z"}
{"level":"error","timestamp":"2026-09-06T06:33:38.557889343Z","message":"  ts: '2026-09-06T06:33:38.556Z',"}
{"level":"error","message":"  reason: 'missing_token',","timestamp":"2026-09-06T06:33:38.557894773Z"}
{"message":"  mode: 'monitor',","timestamp":"2026-09-06T06:33:38.557898383Z","level":"error"}
{"level":"error","message":"  route: '/api/v2/events'","timestamp":"2026-09-06T06:33:38.557902853Z"}
{"level":"error","message":"}","timestamp":"2026-09-06T06:33:38.557907003Z"}
{"level":"info","message":"[ops] {","timestamp":"2026-09-06T06:33:39.314586451Z"}
{"message":"  event: 'http_request',","level":"info","timestamp":"2026-09-06T06:33:39.314595421Z"}
{"timestamp":"2026-09-06T06:33:39.314600451Z","message":"  ts: '2026-09-06T06:33:39.208Z',","level":"info"}
{"level":"info","message":"  requestId: '01b9f6a2-39ed-4ba6-a05a-2fec2b58651f',","timestamp":"2026-09-06T06:33:39.314615650Z"}
{"message":"  method: 'GET',","level":"info","timestamp":"2026-09-06T06:33:39.314621030Z"}
{"timestamp":"2026-09-06T06:33:39.314628520Z","message":"  route: '/api/v2/events',","level":"info"}
{"level":"info","timestamp":"2026-09-06T06:33:39.314636540Z","message":"  status: 200,"}
{"timestamp":"2026-09-06T06:33:39.314639740Z","level":"info","message":"  durationMs: 652"}
{"message":"}","timestamp":"2026-09-06T06:33:39.314645150Z","level":"info"}
{"message":"[ops] {","timestamp":"2026-09-06T06:33:40.399730939Z","level":"info"}
{"message":"  event: 'http_request',","timestamp":"2026-09-06T06:33:40.399735769Z","level":"info"}
{"level":"info","message":"  ts: '2026-09-06T06:33:40.397Z',","timestamp":"2026-09-06T06:33:40.399740579Z"}
{"timestamp":"2026-09-06T06:33:40.399744069Z","message":"  requestId: '357d2a8f-ded1-480d-895f-a55160ea1c14',","level":"info"}
{"timestamp":"2026-09-06T06:33:40.399747409Z","level":"info","message":"  method: 'OPTIONS',"}
{"message":"  route: '/api/v2/events',","timestamp":"2026-09-06T06:33:40.399750989Z","level":"info"}
{"level":"info","timestamp":"2026-09-06T06:33:40.399754799Z","message":"  status: 204,"}
{"timestamp":"2026-09-06T06:33:40.399758149Z","message":"  durationMs: 0","level":"info"}
{"message":"}","timestamp":"2026-09-06T06:33:40.399761559Z","level":"info"}
{"message":"[ops] {","timestamp":"2026-09-06T06:33:40.583479374Z","level":"error"}
{"message":"  event: 'security.app_check_rejected',","timestamp":"2026-09-06T06:33:40.583483603Z","level":"error"}
{"level":"error","message":"  ts: '2026-09-06T06:33:40.580Z',","timestamp":"2026-09-06T06:33:40.583486383Z"}
{"level":"error","message":"  reason: 'missing_token',","timestamp":"2026-09-06T06:33:40.583488883Z"}
{"message":"  mode: 'monitor',","timestamp":"2026-09-06T06:33:40.583491683Z","level":"error"}
{"level":"error","message":"  route: '/api/v2/events'","timestamp":"2026-09-06T06:33:40.583494303Z"}
{"timestamp":"2026-09-06T06:33:40.583496753Z","level":"error","message":"}"}
{"timestamp":"2026-09-06T06:33:41.346962353Z","message":"[ops] {","level":"info"}
{"timestamp":"2026-09-06T06:33:41.346966973Z","level":"info","message":"  event: 'http_request',"}
{"timestamp":"2026-09-06T06:33:41.346971193Z","level":"info","message":"  ts: '2026-09-06T06:33:41.198Z',"}
{"message":"  requestId: 'd972becc-c2df-492b-a06d-8ec503ce4a3c',","timestamp":"2026-09-06T06:33:41.346974703Z","level":"info"}
{"level":"info","timestamp":"2026-09-06T06:33:41.346978703Z","message":"  method: 'GET',"}
{"timestamp":"2026-09-06T06:33:41.346982663Z","level":"info","message":"  route: '/api/v2/events',"}
{"timestamp":"2026-09-06T06:33:41.346986603Z","level":"info","message":"  status: 200,"}
{"level":"info","timestamp":"2026-09-06T06:33:41.346990313Z","message":"  durationMs: 618"}
{"timestamp":"2026-09-06T06:33:41.346993833Z","level":"info","message":"}"}
{"timestamp":"2026-09-06T06:33:43.428990276Z","level":"info","message":"[ops] {"}
{"message":"  event: 'http_request',","level":"info","timestamp":"2026-09-06T06:33:43.428994916Z"}
{"level":"info","timestamp":"2026-09-06T06:33:43.428998416Z","message":"  ts: '2026-09-06T06:33:43.427Z',"}
{"message":"  requestId: '8435e066-759a-4535-acad-3e693b4a44aa',","timestamp":"2026-09-06T06:33:43.429001506Z","level":"info"}
{"timestamp":"2026-09-06T06:33:43.429015825Z","level":"info","message":"  method: 'OPTIONS',"}
{"message":"  route: '/api/v2/events',","level":"info","timestamp":"2026-09-06T06:33:43.429019855Z"}
{"message":"  status: 204,","timestamp":"2026-09-06T06:33:43.429056075Z","level":"info"}
{"message":"  durationMs: 1","level":"info","timestamp":"2026-09-06T06:33:43.429060895Z"}
{"message":"}","timestamp":"2026-09-06T06:33:43.429064395Z","level":"info"}
{"message":"[ops] {","level":"error","timestamp":"2026-09-06T06:33:43.598246166Z"}
{"message":"  event: 'security.app_check_rejected',","level":"error","timestamp":"2026-09-06T06:33:43.598250386Z"}
{"message":"  ts: '2026-09-06T06:33:43.596Z',","timestamp":"2026-09-06T06:33:43.598253376Z","level":"error"}
{"message":"  reason: 'missing_token',","timestamp":"2026-09-06T06:33:43.598256146Z","level":"error"}
{"message":"  mode: 'monitor',","level":"error","timestamp":"2026-09-06T06:33:43.598266226Z"}
{"timestamp":"2026-09-06T06:33:43.598275606Z","message":"  route: '/api/v2/events'","level":"error"}
{"level":"error","message":"}","timestamp":"2026-09-06T06:33:43.598278036Z"}
{"level":"error","message":"[ops] {","timestamp":"2026-09-06T06:33:43.865544905Z"}
{"level":"error","message":"  event: 'security.app_check_rejected',","timestamp":"2026-09-06T06:33:43.865551595Z"}
{"message":"  ts: '2026-09-06T06:33:43.864Z',","level":"error","timestamp":"2026-09-06T06:33:43.865556585Z"}
{"level":"error","timestamp":"2026-09-06T06:33:43.865561315Z","message":"  reason: 'missing_token',"}
{"timestamp":"2026-09-06T06:33:43.865566155Z","message":"  mode: 'monitor',","level":"error"}
{"timestamp":"2026-09-06T06:33:43.865570654Z","level":"error","message":"  route: '/api/icons/9pp0KuA6PmzbR5wcpf7R'"}
{"level":"error","timestamp":"2026-09-06T06:33:43.865575684Z","message":"}"}
{"message":"[ops] {","level":"info","timestamp":"2026-09-06T06:33:43.921659952Z"}
{"level":"info","message":"  event: 'http_request',","timestamp":"2026-09-06T06:33:43.921664792Z"}
{"message":"  ts: '2026-09-06T06:33:43.921Z',","timestamp":"2026-09-06T06:33:43.921669882Z","level":"info"}
{"timestamp":"2026-09-06T06:33:43.921676092Z","message":"  requestId: '77a08ee8-d82b-4aff-b7e5-55b9954c539d',","level":"info"}
{"timestamp":"2026-09-06T06:33:43.921679802Z","level":"info","message":"  method: 'GET',"}
{"timestamp":"2026-09-06T06:33:43.921683562Z","message":"  route: '/api/icons/:id',","level":"info"}
{"level":"info","message":"  status: 200,","timestamp":"2026-09-06T06:33:43.921686902Z"}
{"level":"info","message":"  durationMs: 57","timestamp":"2026-09-06T06:33:43.921690792Z"}
{"message":"}","timestamp":"2026-09-06T06:33:43.921694192Z","level":"info"}
{"message":"  requestId: '058713b9-2735-46d2-9fa9-2f29dd8e83a2',","level":"info","timestamp":"2026-09-06T06:33:44.286298317Z"}
{"timestamp":"2026-09-06T06:33:44.286303867Z","level":"info","message":"  method: 'GET',"}
{"timestamp":"2026-09-06T06:33:44.286308757Z","level":"info","message":"  route: '/api/v2/events',"}
{"timestamp":"2026-09-06T06:33:44.286312467Z","level":"info","message":"  status: 200,"}
{"timestamp":"2026-09-06T06:33:44.286327547Z","message":"  durationMs: 675","level":"info"}
{"timestamp":"2026-09-06T06:33:44.286328227Z","message":"[ops] {","level":"info"}
{"message":"}","timestamp":"2026-09-06T06:33:44.286331197Z","level":"info"}
{"message":"  event: 'http_request',","timestamp":"2026-09-06T06:33:44.286331857Z","level":"info"}
{"message":"  ts: '2026-09-06T06:33:44.270Z',","timestamp":"2026-09-06T06:33:44.286334787Z","level":"info"}
{"level":"info","timestamp":"2026-09-06T06:33:45.407190445Z","message":"[ops] {"}
{"message":"  event: 'http_request',","timestamp":"2026-09-06T06:33:45.407199775Z","level":"info"}
{"message":"  ts: '2026-09-06T06:33:45.405Z',","timestamp":"2026-09-06T06:33:45.407204765Z","level":"info"}
{"level":"info","timestamp":"2026-09-06T06:33:45.407209995Z","message":"  requestId: '8833cf46-a4c5-4ed6-bb98-78a25801364d',"}
{"message":"  method: 'OPTIONS',","timestamp":"2026-09-06T06:33:45.407217375Z","level":"info"}
{"timestamp":"2026-09-06T06:33:45.407222455Z","level":"info","message":"  route: '/api/v2/agents/active',"}
{"message":"  status: 204,","level":"info","timestamp":"2026-09-06T06:33:45.407227305Z"}
{"message":"  durationMs: 0","level":"info","timestamp":"2026-09-06T06:33:45.407232455Z"}
{"level":"info","timestamp":"2026-09-06T06:33:45.407237075Z","message":"}"}
{"level":"info","timestamp":"2026-09-06T06:33:45.407244015Z","message":"[ops] {"}
{"level":"info","timestamp":"2026-09-06T06:33:45.407248705Z","message":"  event: 'http_request',"}
{"level":"info","message":"  ts: '2026-09-06T06:33:45.405Z',","timestamp":"2026-09-06T06:33:45.407253325Z"}
{"level":"info","message":"  requestId: 'f13137bc-e670-4c40-98cb-f32c45c73000',","timestamp":"2026-09-06T06:33:45.407258265Z"}
{"message":"  method: 'OPTIONS',","timestamp":"2026-09-06T06:33:45.407262375Z","level":"info"}
{"level":"info","message":"  route: '/api/v2/events',","timestamp":"2026-09-06T06:33:45.407266194Z"}
{"message":"  status: 204,","timestamp":"2026-09-06T06:33:45.407270094Z","level":"info"}
{"level":"info","message":"  durationMs: 0","timestamp":"2026-09-06T06:33:45.407274034Z"}
{"level":"info","timestamp":"2026-09-06T06:33:45.407279174Z","message":"}"}
{"message":"[ops] {","timestamp":"2026-09-06T06:33:45.581179614Z","level":"error"}
{"message":"  event: 'security.app_check_rejected',","level":"error","timestamp":"2026-09-06T06:33:45.581183624Z"}
{"message":"  ts: '2026-09-06T06:33:45.579Z',","level":"error","timestamp":"2026-09-06T06:33:45.581186114Z"}
{"timestamp":"2026-09-06T06:33:45.581189354Z","message":"  reason: 'missing_token',","level":"error"}
{"timestamp":"2026-09-06T06:33:45.581192044Z","level":"error","message":"  mode: 'monitor',"}
{"timestamp":"2026-09-06T06:33:45.581194644Z","message":"  route: '/api/v2/agents/active'","level":"error"}
{"timestamp":"2026-09-06T06:33:45.581197274Z","message":"}","level":"error"}
{"timestamp":"2026-09-06T06:33:45.581967934Z","message":"[ops] {","level":"error"}
{"level":"error","timestamp":"2026-09-06T06:33:45.581970694Z","message":"  event: 'security.app_check_rejected',"}
{"timestamp":"2026-09-06T06:33:45.581973284Z","message":"  ts: '2026-09-06T06:33:45.580Z',","level":"error"}
{"timestamp":"2026-09-06T06:33:45.581976004Z","message":"  reason: 'missing_token',","level":"error"}
{"message":"  mode: 'monitor',","timestamp":"2026-09-06T06:33:45.581979784Z","level":"error"}
{"level":"error","message":"  route: '/api/v2/events'","timestamp":"2026-09-06T06:33:45.581982184Z"}
{"timestamp":"2026-09-06T06:33:45.581984754Z","level":"error","message":"}"}
{"timestamp":"2026-09-06T06:33:45.649785561Z","message":"[ops] {","level":"info"}
{"level":"info","message":"  event: 'http_request',","timestamp":"2026-09-06T06:33:45.649790621Z"}
{"message":"  ts: '2026-09-06T06:33:45.646Z',","level":"info","timestamp":"2026-09-06T06:33:45.649794411Z"}
{"timestamp":"2026-09-06T06:33:45.649798030Z","level":"info","message":"  requestId: '2efa915d-af63-428e-847b-16e9817a56c9',"}
{"message":"  method: 'GET',","timestamp":"2026-09-06T06:33:45.649801290Z","level":"info"}
{"timestamp":"2026-09-06T06:33:45.649805140Z","message":"  route: '/api/v2/agents/active',","level":"info"}
{"timestamp":"2026-09-06T06:33:45.649808560Z","message":"  status: 200,","level":"info"}
{"level":"info","message":"  durationMs: 67","timestamp":"2026-09-06T06:33:45.649812270Z"}
{"message":"}","level":"info","timestamp":"2026-09-06T06:33:45.649816070Z"}
{"level":"info","message":"  route: '/api/studio/mcp/session/ping',","timestamp":"2026-09-06T06:33:45.987902727Z"}
{"message":"  status: 200,","level":"info","timestamp":"2026-09-06T06:33:45.987910657Z"}
{"level":"info","timestamp":"2026-09-06T06:33:45.987916357Z","message":"  durationMs: 329"}
{"level":"info","message":"}","timestamp":"2026-09-06T06:33:45.987920117Z"}
{"message":"[ops] {","level":"info","timestamp":"2026-09-06T06:33:45.987939907Z"}
{"level":"info","message":"  event: 'http_request',","timestamp":"2026-09-06T06:33:45.987945756Z"}
{"timestamp":"2026-09-06T06:33:45.987951206Z","level":"info","message":"  ts: '2026-09-06T06:33:45.983Z',"}
{"level":"info","message":"  requestId: '4a6b6607-cc33-4ccb-8bba-dc99406947b4',","timestamp":"2026-09-06T06:33:45.987955256Z"}
{"message":"  method: 'POST',","timestamp":"2026-09-06T06:33:45.987959376Z","level":"info"}
{"timestamp":"2026-09-06T06:33:46.300226396Z","message":"[ops] {","level":"info"}
{"timestamp":"2026-09-06T06:33:46.300230486Z","message":"  event: 'http_request',","level":"info"}
{"message":"  ts: '2026-09-06T06:33:46.299Z',","timestamp":"2026-09-06T06:33:46.300233836Z","level":"info"}
{"message":"  requestId: 'e747fdaf-5f72-4cb9-bea9-af28a91deeeb',","timestamp":"2026-09-06T06:33:46.300236396Z","level":"info"}
{"timestamp":"2026-09-06T06:33:46.300239026Z","level":"info","message":"  method: 'GET',"}
{"level":"info","timestamp":"2026-09-06T06:33:46.300242286Z","message":"  route: '/api/v2/events',"}
{"level":"info","message":"  status: 200,","timestamp":"2026-09-06T06:33:46.300245726Z"}
{"message":"  durationMs: 718","timestamp":"2026-09-06T06:33:46.300248516Z","level":"info"}
{"timestamp":"2026-09-06T06:33:46.300251086Z","message":"}","level":"info"}
{"timestamp":"2026-09-06T06:33:47.066042705Z","level":"info","message":"project_resolution {"}
{"message":"  requestId: '3e6757e9-8e66-47aa-8819-d3a2e431cdeb',","timestamp":"2026-09-06T06:33:47.066046825Z","level":"info"}
{"level":"info","message":"  userHash: '61523b905e6d4bfa',","timestamp":"2026-09-06T06:33:47.066049615Z"}
{"timestamp":"2026-09-06T06:33:47.066052225Z","message":"  projectHash: '345b955d3c8c9e83',","level":"info"}
{"level":"info","message":"  resolutionState: 'ready',","timestamp":"2026-09-06T06:33:47.066054845Z"}
{"level":"info","message":"  failureCode: null","timestamp":"2026-09-06T06:33:47.066057575Z"}
{"message":"}","timestamp":"2026-09-06T06:33:47.066060385Z","level":"info"}
{"timestamp":"2026-09-06T06:33:48.393763280Z","level":"info","message":"[ops] {"}
{"level":"info","timestamp":"2026-09-06T06:33:48.393770710Z","message":"  event: 'http_request',"}
{"timestamp":"2026-09-06T06:33:48.393774580Z","level":"info","message":"  ts: '2026-09-06T06:33:48.392Z',"}
{"level":"info","timestamp":"2026-09-06T06:33:48.393778440Z","message":"  requestId: 'df7f41c7-5853-4a57-a175-b7d50434703b',"}
{"level":"info","message":"  method: 'OPTIONS',","timestamp":"2026-09-06T06:33:48.393781830Z"}
{"message":"  route: '/api/v2/events',","timestamp":"2026-09-06T06:33:48.393785920Z","level":"info"}
{"timestamp":"2026-09-06T06:33:48.393788920Z","message":"  status: 204,","level":"info"}
{"timestamp":"2026-09-06T06:33:48.393792810Z","level":"info","message":"  durationMs: 0"}
{"timestamp":"2026-09-06T06:33:48.393797640Z","message":"}","level":"info"}
{"level":"error","message":"[ops] {","timestamp":"2026-09-06T06:33:48.562921172Z"}
{"timestamp":"2026-09-06T06:33:48.562924812Z","level":"error","message":"  event: 'security.app_check_rejected',"}
{"message":"  ts: '2026-09-06T06:33:48.561Z',","timestamp":"2026-09-06T06:33:48.562928312Z","level":"error"}
{"message":"  reason: 'missing_token',","timestamp":"2026-09-06T06:33:48.562932072Z","level":"error"}
{"message":"  mode: 'monitor',","level":"error","timestamp":"2026-09-06T06:33:48.562935542Z"}
{"message":"  route: '/api/v2/events'","timestamp":"2026-09-06T06:33:48.562939102Z","level":"error"}
{"timestamp":"2026-09-06T06:33:48.562942462Z","message":"}","level":"error"}
{"message":"","count":1,"total":1,"counter":"studio_session","level":"info","jobId":null,"writesPerStudioSessionHour":1,"ts":1788676429081,"sessionId":"MLq8J3mhz56J6BRsAeQe","timestamp":"2026-09-06T06:33:49.088175958Z","type":"firestore_write_metric"}
{"message":"[ops] {","timestamp":"2026-09-06T06:33:49.319346151Z","level":"info"}
{"message":"  event: 'http_request',","timestamp":"2026-09-06T06:33:49.319351541Z","level":"info"}
{"message":"  ts: '2026-09-06T06:33:49.264Z',","timestamp":"2026-09-06T06:33:49.319356801Z","level":"info"}
{"message":"  requestId: 'df722bdd-c0d9-4e3e-b5bd-46bfb429e27e',","timestamp":"2026-09-06T06:33:49.319361471Z","level":"info"}
{"message":"  method: 'GET',","timestamp":"2026-09-06T06:33:49.319365121Z","level":"info"}
{"message":"  route: '/api/v2/events',","level":"info","timestamp":"2026-09-06T06:33:49.319368761Z"}
{"message":"  status: 200,","timestamp":"2026-09-06T06:33:49.319372321Z","level":"info"}
{"message":"  durationMs: 703","level":"info","timestamp":"2026-09-06T06:33:49.319376111Z"}
{"level":"info","message":"}","timestamp":"2026-09-06T06:33:49.319379591Z"}
{"timestamp":"2026-09-06T06:33:49.472741966Z","level":"info","message":"[ops] {"}
{"level":"info","message":"  event: 'studio.plugin_compatibility_handshake',","timestamp":"2026-09-06T06:33:49.472752706Z"}
{"level":"info","timestamp":"2026-09-06T06:33:49.472758716Z","message":"  ts: '2026-09-06T06:33:49.469Z',"}
{"message":"  requestId: 'fbae3617-d675-44cf-8d11-ef03e956ce02',","timestamp":"2026-09-06T06:33:49.472766936Z","level":"info"}
{"message":"  sessionId: 'MLq8J3mhz56J6BRsAeQe',","timestamp":"2026-09-06T06:33:49.472771546Z","level":"info"}
{"message":"  userId: '0VSQotqOXxPXBLeQu1gUNkXELWH3',","level":"info","timestamp":"2026-09-06T06:33:49.472776196Z"}
{"level":"info","message":"  status: 'compatible',","timestamp":"2026-09-06T06:33:49.472780936Z"}
{"level":"info","message":"  reasonCodes: [],","timestamp":"2026-09-06T06:33:49.472788746Z"}
{"message":"  buildId: 'nexusrbx-studio-0.14.0-r15-animation.12-toolbox',","level":"info","timestamp":"2026-09-06T06:33:49.472793266Z"}
{"level":"info","message":"  attestationWritten: false,","timestamp":"2026-09-06T06:33:49.472797975Z"}
{"message":"  repairDurationMs: 770","timestamp":"2026-09-06T06:33:49.472806345Z","level":"info"}
{"timestamp":"2026-09-06T06:33:49.472812065Z","message":"}","level":"info"}
{"timestamp":"2026-09-06T06:33:49.472816865Z","message":"[ops] {","level":"info"}
{"timestamp":"2026-09-06T06:33:49.472821435Z","message":"  event: 'http_request',","level":"info"}
{"level":"info","message":"  ts: '2026-09-06T06:33:49.471Z',","timestamp":"2026-09-06T06:33:49.472825585Z"}
{"timestamp":"2026-09-06T06:33:49.472831455Z","level":"info","message":"  requestId: 'fbae3617-d675-44cf-8d11-ef03e956ce02',"}
{"timestamp":"2026-09-06T06:33:49.472840505Z","level":"info","message":"  method: 'POST',"}
{"message":"  route: '/api/studio/session/ping',","timestamp":"2026-09-06T06:33:49.472845875Z","level":"info"}
{"message":"  status: 200,","timestamp":"2026-09-06T06:33:49.472850345Z","level":"info"}
{"timestamp":"2026-09-06T06:33:49.472855005Z","level":"info","message":"  durationMs: 829"}
{"timestamp":"2026-09-06T06:33:49.472859655Z","message":"}","level":"info"}
{"level":"error","message":"[ops] {","timestamp":"2026-09-06T06:33:49.740329261Z"}
{"level":"error","message":"  event: 'security.app_check_rejected',","timestamp":"2026-09-06T06:33:49.740336570Z"}
{"message":"  ts: '2026-09-06T06:33:49.739Z',","timestamp":"2026-09-06T06:33:49.740340460Z","level":"error"}
{"timestamp":"2026-09-06T06:33:49.740344520Z","message":"  reason: 'missing_token',","level":"error"}
{"message":"  mode: 'monitor',","level":"error","timestamp":"2026-09-06T06:33:49.740348150Z"}
{"level":"error","timestamp":"2026-09-06T06:33:49.740352940Z","message":"  route: '/api/studio/chat/bootstrap'"}
{"level":"error","message":"}","timestamp":"2026-09-06T06:33:49.740357010Z"}
{"message":"[ops] {","timestamp":"2026-09-06T06:33:50.394956942Z","level":"info"}
{"level":"info","message":"  event: 'http_request',","timestamp":"2026-09-06T06:33:50.394961882Z"}
{"timestamp":"2026-09-06T06:33:50.394966482Z","level":"info","message":"  ts: '2026-09-06T06:33:50.393Z',"}
{"message":"  requestId: '9aad563c-ca2a-4178-b781-04eeeeda123d',","timestamp":"2026-09-06T06:33:50.394971092Z","level":"info"}
{"level":"info","message":"  method: 'OPTIONS',","timestamp":"2026-09-06T06:33:50.394975482Z"}
{"timestamp":"2026-09-06T06:33:50.394981642Z","message":"  route: '/api/v2/events',","level":"info"}
{"timestamp":"2026-09-06T06:33:50.394986162Z","message":"  status: 204,","level":"info"}
{"message":"  durationMs: 0","timestamp":"2026-09-06T06:33:50.394991031Z","level":"info"}
{"message":"}","timestamp":"2026-09-06T06:33:50.394995531Z","level":"info"}
{"timestamp":"2026-09-06T06:33:50.397012935Z","message":"  durationMs: 657","level":"info"}
{"message":"}","timestamp":"2026-09-06T06:33:50.397017695Z","level":"info"}
{"message":"[ops] {","level":"info","timestamp":"2026-09-06T06:33:50.397020115Z"}
{"message":"  event: 'http_request',","timestamp":"2026-09-06T06:33:50.397026105Z","level":"info"}
{"message":"  ts: '2026-09-06T06:33:50.395Z',","level":"info","timestamp":"2026-09-06T06:33:50.397030075Z"}
{"message":"  requestId: '333b4ba9-f9e3-4847-859f-9fca80104354',","timestamp":"2026-09-06T06:33:50.397033845Z","level":"info"}
{"message":"  method: 'GET',","timestamp":"2026-09-06T06:33:50.397038115Z","level":"info"}
{"timestamp":"2026-09-06T06:33:50.397041935Z","level":"info","message":"  route: '/api/studio/chat/bootstrap',"}
{"timestamp":"2026-09-06T06:33:50.397045755Z","message":"  status: 200,","level":"info"}
{"timestamp":"2026-09-06T06:33:50.553318453Z","message":"[ops] {","level":"error"}
{"message":"  event: 'security.app_check_rejected',","timestamp":"2026-09-06T06:33:50.553326322Z","level":"error"}
{"message":"  ts: '2026-09-06T06:33:50.552Z',","level":"error","timestamp":"2026-09-06T06:33:50.553330592Z"}
{"level":"error","message":"  reason: 'missing_token',","timestamp":"2026-09-06T06:33:50.553334572Z"}
{"message":"  mode: 'monitor',","timestamp":"2026-09-06T06:33:50.553338952Z","level":"error"}
{"timestamp":"2026-09-06T06:33:50.553346512Z","message":"  route: '/api/v2/events'","level":"error"}
{"timestamp":"2026-09-06T06:33:50.553350382Z","message":"}","level":"error"}
{"message":"  method: 'GET',","level":"info","timestamp":"2026-09-06T06:33:51.378173272Z"}
{"level":"info","timestamp":"2026-09-06T06:33:51.378184302Z","message":"  route: '/api/v2/events',"}
{"timestamp":"2026-09-06T06:33:51.378190822Z","message":"  status: 200,","level":"info"}
{"timestamp":"2026-09-06T06:33:51.378200981Z","level":"info","message":"  event: 'http_request',"}
{"message":"  ts: '2026-09-06T06:33:51.136Z',","timestamp":"2026-09-06T06:33:51.378211621Z","level":"info"}
{"message":"  durationMs: 584","level":"info","timestamp":"2026-09-06T06:33:51.378215711Z"}
{"level":"info","message":"[ops] {","timestamp":"2026-09-06T06:33:51.378219291Z"}
{"message":"  requestId: 'f4f83b60-e8f3-49fb-8941-fb0e3bebb856',","timestamp":"2026-09-06T06:33:51.378219391Z","level":"info"}
{"timestamp":"2026-09-06T06:33:51.378224961Z","level":"info","message":"}"}
{"message":"[ops] {","timestamp":"2026-09-06T06:33:53.392070730Z","level":"info"}
{"timestamp":"2026-09-06T06:33:53.392079320Z","message":"  event: 'http_request',","level":"info"}
{"message":"  ts: '2026-09-06T06:33:53.390Z',","timestamp":"2026-09-06T06:33:53.392087400Z","level":"info"}
{"level":"info","timestamp":"2026-09-06T06:33:53.392091980Z","message":"  requestId: '87c86e09-b3c3-439a-a6d1-cb498b70230b',"}
{"timestamp":"2026-09-06T06:33:53.392096950Z","level":"info","message":"  method: 'OPTIONS',"}
{"timestamp":"2026-09-06T06:33:53.392102140Z","message":"  route: '/api/v2/events',","level":"info"}
{"message":"  status: 204,","timestamp":"2026-09-06T06:33:53.392107389Z","level":"info"}
{"level":"info","message":"  durationMs: 0","timestamp":"2026-09-06T06:33:53.392112229Z"}
{"timestamp":"2026-09-06T06:33:53.392116649Z","message":"}","level":"info"}
{"timestamp":"2026-09-06T06:33:53.577368694Z","level":"error","message":"[ops] {"}
{"message":"  event: 'security.app_check_rejected',","level":"error","timestamp":"2026-09-06T06:33:53.577373634Z"}
{"level":"error","timestamp":"2026-09-06T06:33:53.577378704Z","message":"  ts: '2026-09-06T06:33:53.576Z',"}
{"message":"  reason: 'missing_token',","timestamp":"2026-09-06T06:33:53.577382934Z","level":"error"}
{"level":"error","message":"  mode: 'monitor',","timestamp":"2026-09-06T06:33:53.577386684Z"}
{"message":"  route: '/api/v2/events'","timestamp":"2026-09-06T06:33:53.577391674Z","level":"error"}
{"timestamp":"2026-09-06T06:33:53.577395383Z","level":"error","message":"}"}
{"timestamp":"2026-09-06T06:33:54.339001607Z","level":"info","message":"[ops] {"}
{"timestamp":"2026-09-06T06:33:54.339005397Z","message":"  event: 'http_request',","level":"info"}
{"timestamp":"2026-09-06T06:33:54.339009527Z","level":"info","message":"  ts: '2026-09-06T06:33:54.193Z',"}
{"timestamp":"2026-09-06T06:33:54.339014737Z","level":"info","message":"  requestId: 'a6bd130a-628e-412f-ab49-882808ea2e7f',"}
{"timestamp":"2026-09-06T06:33:54.339021367Z","level":"info","message":"  method: 'GET',"}
{"message":"  route: '/api/v2/events',","level":"info","timestamp":"2026-09-06T06:33:54.339025677Z"}
{"level":"info","message":"  status: 200,","timestamp":"2026-09-06T06:33:54.339029487Z"}
{"level":"info","message":"  durationMs: 617","timestamp":"2026-09-06T06:33:54.339033197Z"}
{"level":"info","timestamp":"2026-09-06T06:33:54.339036947Z","message":"}"}
{"timestamp":"2026-09-06T06:33:55.395903158Z","message":"[ops] {","level":"info"}
{"message":"  event: 'http_request',","timestamp":"2026-09-06T06:33:55.395907518Z","level":"info"}
{"timestamp":"2026-09-06T06:33:55.395911258Z","message":"  ts: '2026-09-06T06:33:55.394Z',","level":"info"}
{"timestamp":"2026-09-06T06:33:55.395914838Z","message":"  requestId: '9795406a-a112-46ba-b658-a359f1de6245',","level":"info"}
{"message":"  method: 'OPTIONS',","level":"info","timestamp":"2026-09-06T06:33:55.395917798Z"}
{"message":"  route: '/api/v2/agents/active',","level":"info","timestamp":"2026-09-06T06:33:55.395920528Z"}
{"level":"info","timestamp":"2026-09-06T06:33:55.395927217Z","message":"  status: 204,"}
{"timestamp":"2026-09-06T06:33:55.395930347Z","message":"  durationMs: 0","level":"info"}
{"message":"}","level":"info","timestamp":"2026-09-06T06:33:55.395933437Z"}
{"timestamp":"2026-09-06T06:33:55.399296594Z","level":"info","message":"[ops] {"}
{"message":"  event: 'http_request',","timestamp":"2026-09-06T06:33:55.399304334Z","level":"info"}
{"level":"info","message":"  ts: '2026-09-06T06:33:55.398Z',","timestamp":"2026-09-06T06:33:55.399308894Z"}
{"level":"info","message":"  requestId: 'b57d176c-2669-4c9f-939b-2ecde62b56c4',","timestamp":"2026-09-06T06:33:55.399313314Z"}
{"level":"info","message":"  method: 'OPTIONS',","timestamp":"2026-09-06T06:33:55.399317064Z"}
{"message":"  route: '/api/v2/events',","timestamp":"2026-09-06T06:33:55.399322694Z","level":"info"}
{"timestamp":"2026-09-06T06:33:55.399326704Z","level":"info","message":"  status: 204,"}
{"message":"  durationMs: 0","level":"info","timestamp":"2026-09-06T06:33:55.399330194Z"}
{"level":"info","message":"}","timestamp":"2026-09-06T06:33:55.399333764Z"}
{"level":"error","message":"[ops] {","timestamp":"2026-09-06T06:33:55.567409210Z"}
{"level":"error","message":"  event: 'security.app_check_rejected',","timestamp":"2026-09-06T06:33:55.567413880Z"}
{"message":"  ts: '2026-09-06T06:33:55.563Z',","timestamp":"2026-09-06T06:33:55.567417290Z","level":"error"}
{"timestamp":"2026-09-06T06:33:55.567419699Z","message":"  reason: 'missing_token',","level":"error"}
{"message":"  mode: 'monitor',","level":"error","timestamp":"2026-09-06T06:33:55.567422509Z"}
{"message":"  route: '/api/v2/events'","timestamp":"2026-09-06T06:33:55.567425309Z","level":"error"}
{"level":"error","timestamp":"2026-09-06T06:33:55.567427849Z","message":"}"}
{"message":"[ops] {","timestamp":"2026-09-06T06:33:55.567430069Z","level":"error"}
{"level":"error","message":"  event: 'security.app_check_rejected',","timestamp":"2026-09-06T06:33:55.567432679Z"}
{"timestamp":"2026-09-06T06:33:55.567435119Z","message":"  ts: '2026-09-06T06:33:55.564Z',","level":"error"}
{"level":"error","timestamp":"2026-09-06T06:33:55.567438009Z","message":"  reason: 'missing_token',"}
{"message":"  mode: 'monitor',","timestamp":"2026-09-06T06:33:55.567440429Z","level":"error"}
{"level":"error","message":"  route: '/api/v2/agents/active'","timestamp":"2026-09-06T06:33:55.567442719Z"}
{"level":"error","timestamp":"2026-09-06T06:33:55.567444939Z","message":"}"}
{"timestamp":"2026-09-06T06:33:55.669775742Z","message":"[ops] {","level":"info"}
{"message":"  event: 'http_request',","timestamp":"2026-09-06T06:33:55.669779542Z","level":"info"}
{"timestamp":"2026-09-06T06:33:55.669782442Z","level":"info","message":"  ts: '2026-09-06T06:33:55.668Z',"}
{"timestamp":"2026-09-06T06:33:55.669785002Z","level":"info","message":"  requestId: 'c394836b-76dd-4dfb-bc96-4b98d579f232',"}
{"timestamp":"2026-09-06T06:33:55.669787402Z","message":"  method: 'GET',","level":"info"}
{"message":"  route: '/api/v2/agents/active',","level":"info","timestamp":"2026-09-06T06:33:55.669789771Z"}
{"message":"  status: 200,","timestamp":"2026-09-06T06:33:55.669792331Z","level":"info"}
{"timestamp":"2026-09-06T06:33:55.669794741Z","message":"  durationMs: 105","level":"info"}
{"level":"info","message":"}","timestamp":"2026-09-06T06:33:55.669797581Z"}
{"message":"[ops] {","timestamp":"2026-09-06T06:33:56.384526637Z","level":"info"}
{"timestamp":"2026-09-06T06:33:56.384530157Z","level":"info","message":"  event: 'http_request',"}
{"timestamp":"2026-09-06T06:33:56.384533967Z","level":"info","message":"  ts: '2026-09-06T06:33:56.142Z',"}
{"message":"  requestId: '55b1e2a5-85cd-4ca6-9951-fde6219037ab',","level":"info","timestamp":"2026-09-06T06:33:56.384540177Z"}
{"timestamp":"2026-09-06T06:33:56.384545527Z","level":"info","message":"  method: 'GET',"}
{"message":"  route: '/api/v2/events',","timestamp":"2026-09-06T06:33:56.384550007Z","level":"info"}
{"message":"  status: 200,","level":"info","timestamp":"2026-09-06T06:33:56.384553527Z"}
{"message":"  durationMs: 580","timestamp":"2026-09-06T06:33:56.384557297Z","level":"info"}
{"timestamp":"2026-09-06T06:33:56.384560717Z","message":"}","level":"info"}
{"level":"info","event":"workflow.model_request","requestId":"3e6757e9-8e66-47aa-8819-d3a2e431cdeb","message":"","timestamp":"2026-09-06T06:33:57.545806073Z","requestType":"workflow_orchestration","model":"google/gemini-2.5-flash"}
{"message":"[ops] {","level":"error","timestamp":"2026-09-06T06:33:57.563498396Z"}
{"timestamp":"2026-09-06T06:33:57.563509845Z","message":"  event: 'security.app_check_rejected',","level":"error"}
{"message":"  ts: '2026-09-06T06:33:57.561Z',","level":"error","timestamp":"2026-09-06T06:33:57.563514365Z"}
{"timestamp":"2026-09-06T06:33:57.563518895Z","message":"  reason: 'missing_token',","level":"error"}
{"message":"  mode: 'monitor',","timestamp":"2026-09-06T06:33:57.563523105Z","level":"error"}
{"timestamp":"2026-09-06T06:33:57.563527335Z","level":"error","message":"  route: '/api/models'"}
{"level":"error","timestamp":"2026-09-06T06:33:57.563531285Z","message":"}"}
{"message":"[ops] {","timestamp":"2026-09-06T06:33:57.575009807Z","level":"info"}
{"message":"  event: 'http_request',","timestamp":"2026-09-06T06:33:57.575014227Z","level":"info"}
{"timestamp":"2026-09-06T06:33:57.575018007Z","level":"info","message":"  ts: '2026-09-06T06:33:57.570Z',"}
{"message":"  requestId: '56bdfe4c-f387-426d-a100-6725546838e4',","timestamp":"2026-09-06T06:33:57.575023327Z","level":"info"}
{"level":"info","message":"  method: 'GET',","timestamp":"2026-09-06T06:33:57.575026897Z"}
{"message":"  route: '/api/models/',","timestamp":"2026-09-06T06:33:57.575031007Z","level":"info"}
{"message":"  status: 200,","timestamp":"2026-09-06T06:33:57.575034817Z","level":"info"}
{"message":"  durationMs: 9","level":"info","timestamp":"2026-09-06T06:33:57.575038387Z"}
{"message":"}","level":"info","timestamp":"2026-09-06T06:33:57.575043167Z"}
{"message":"[ops] {","timestamp":"2026-09-06T06:33:58.398757000Z","level":"info"}
{"level":"info","message":"  event: 'http_request',","timestamp":"2026-09-06T06:33:58.398764700Z"}
{"message":"  ts: '2026-09-06T06:33:58.397Z',","timestamp":"2026-09-06T06:33:58.398770030Z","level":"info"}
{"message":"  requestId: '9da58a25-53c1-448f-82cb-2e991c7e76ab',","timestamp":"2026-09-06T06:33:58.398775040Z","level":"info"}
{"level":"info","message":"  method: 'OPTIONS',","timestamp":"2026-09-06T06:33:58.398778960Z"}
{"message":"  route: '/api/v2/events',","timestamp":"2026-09-06T06:33:58.398782860Z","level":"info"}
{"timestamp":"2026-09-06T06:33:58.398786590Z","message":"  status: 204,","level":"info"}
{"timestamp":"2026-09-06T06:33:58.398790360Z","message":"  durationMs: 0","level":"info"}
{"timestamp":"2026-09-06T06:33:58.398793980Z","message":"}","level":"info"}
{"message":"[ops] {","timestamp":"2026-09-06T06:33:58.509538764Z","level":"info"}
{"message":"  event: 'http_request',","timestamp":"2026-09-06T06:33:58.509550804Z","level":"info"}
{"message":"  ts: '2026-09-06T06:33:58.507Z',","level":"info","timestamp":"2026-09-06T06:33:58.509557134Z"}
{"level":"info","message":"  requestId: '81a59345-d332-4e40-8088-3dfa3c2fbf43',","timestamp":"2026-09-06T06:33:58.509562524Z"}
{"message":"  method: 'OPTIONS',","timestamp":"2026-09-06T06:33:58.509568554Z","level":"info"}
{"message":"  route: '/api/:id/:id',","timestamp":"2026-09-06T06:33:58.509573874Z","level":"info"}
{"message":"  status: 204,","timestamp":"2026-09-06T06:33:58.509581484Z","level":"info"}
{"timestamp":"2026-09-06T06:33:58.509586754Z","message":"  durationMs: 0","level":"info"}
{"level":"info","message":"}","timestamp":"2026-09-06T06:33:58.509591943Z"}
{"level":"error","message":"[ops] {","timestamp":"2026-09-06T06:33:58.563973293Z"}
{"message":"  event: 'security.app_check_rejected',","timestamp":"2026-09-06T06:33:58.563979873Z","level":"error"}
{"timestamp":"2026-09-06T06:33:58.563984553Z","level":"error","message":"  ts: '2026-09-06T06:33:58.562Z',"}
{"message":"  reason: 'missing_token',","level":"error","timestamp":"2026-09-06T06:33:58.563988683Z"}
{"message":"  mode: 'monitor',","timestamp":"2026-09-06T06:33:58.563991993Z","level":"error"}
{"message":"  route: '/api/v2/events'","level":"error","timestamp":"2026-09-06T06:33:58.563995473Z"}
{"timestamp":"2026-09-06T06:33:58.563998633Z","level":"error","message":"}"}
{"message":"[ops] {","timestamp":"2026-09-06T06:33:58.674265603Z","level":"error"}
{"timestamp":"2026-09-06T06:33:58.674271143Z","message":"  event: 'security.app_check_rejected',","level":"error"}
{"level":"error","message":"  ts: '2026-09-06T06:33:58.667Z',","timestamp":"2026-09-06T06:33:58.674274873Z"}
{"message":"  reason: 'missing_token',","timestamp":"2026-09-06T06:33:58.674279453Z","level":"error"}
{"timestamp":"2026-09-06T06:33:58.674283313Z","level":"error","message":"  mode: 'monitor',"}
{"message":"  route: '/api/project-bindings/proj_e237b4d5b7634cf2a503723f3f8beff7'","level":"error","timestamp":"2026-09-06T06:33:58.674287053Z"}
{"timestamp":"2026-09-06T06:33:58.674290753Z","level":"error","message":"}"}
{"message":"[ops] {","timestamp":"2026-09-06T06:33:58.692905063Z","level":"info"}
{"level":"info","timestamp":"2026-09-06T06:33:58.692911823Z","message":"  event: 'http_request',"}
{"timestamp":"2026-09-06T06:33:58.692918473Z","level":"info","message":"  ts: '2026-09-06T06:33:58.691Z',"}
{"message":"  requestId: '3b172612-0ec1-48a9-b4f3-89988c3c22d4',","level":"info","timestamp":"2026-09-06T06:33:58.692923323Z"}
{"level":"info","message":"  method: 'OPTIONS',","timestamp":"2026-09-06T06:33:58.692926983Z"}
{"level":"info","timestamp":"2026-09-06T06:33:58.692930663Z","message":"  route: '/api/user/settings',"}
{"timestamp":"2026-09-06T06:33:58.692934392Z","level":"info","message":"  status: 204,"}
{"message":"  durationMs: 1","timestamp":"2026-09-06T06:33:58.692937742Z","level":"info"}
{"timestamp":"2026-09-06T06:33:58.692942402Z","level":"info","message":"}"}
{"timestamp":"2026-09-06T06:33:58.699140743Z","level":"info","message":"[ops] {"}
{"message":"  event: 'http_request',","timestamp":"2026-09-06T06:33:58.699148332Z","level":"info"}
{"level":"info","message":"  ts: '2026-09-06T06:33:58.697Z',","timestamp":"2026-09-06T06:33:58.699152972Z"}
{"message":"  requestId: '273bf6db-dc88-45b9-9680-3982227fbd65',","timestamp":"2026-09-06T06:33:58.699156842Z","level":"info"}
{"message":"  method: 'OPTIONS',","timestamp":"2026-09-06T06:33:58.699160242Z","level":"info"}
{"message":"  route: '/api/studio/mcp/status',","timestamp":"2026-09-06T06:33:58.699163992Z","level":"info"}
{"timestamp":"2026-09-06T06:33:58.699167862Z","message":"  status: 204,","level":"info"}
{"level":"info","message":"  durationMs: 0","timestamp":"2026-09-06T06:33:58.699171392Z"}
{"message":"}","timestamp":"2026-09-06T06:33:58.699174782Z","level":"info"}
{"message":"  requestId: 'f5e389d8-6551-4521-b9a2-31e8cb1fbfd7',","timestamp":"2026-09-06T06:33:58.701234106Z","level":"info"}
{"timestamp":"2026-09-06T06:33:58.701241176Z","message":"  method: 'OPTIONS',","level":"info"}
{"message":"[ops] {","timestamp":"2026-09-06T06:33:58.701246075Z","level":"info"}
{"timestamp":"2026-09-06T06:33:58.701247655Z","level":"info","message":"  route: '/api/studio/status',"}
{"message":"  status: 204,","level":"info","timestamp":"2026-09-06T06:33:58.701253995Z"}
{"timestamp":"2026-09-06T06:33:58.701256475Z","level":"info","message":"  event: 'http_request',"}
{"level":"info","message":"  durationMs: 0","timestamp":"2026-09-06T06:33:58.701259905Z"}
{"level":"info","message":"  ts: '2026-09-06T06:33:58.698Z',","timestamp":"2026-09-06T06:33:58.701263715Z"}
{"timestamp":"2026-09-06T06:33:58.701268085Z","message":"}","level":"info"}
{"timestamp":"2026-09-06T06:33:58.701270815Z","level":"info","message":"  requestId: '9a7a2d3f-e0ee-43b8-af7d-341bf5704e04',"}
{"timestamp":"2026-09-06T06:33:58.701274285Z","message":"  method: 'OPTIONS',","level":"info"}
{"message":"  route: '/api/:id/:id',","timestamp":"2026-09-06T06:33:58.701280795Z","level":"info"}
{"level":"info","message":"  status: 204,","timestamp":"2026-09-06T06:33:58.701284255Z"}
{"timestamp":"2026-09-06T06:33:58.701287265Z","level":"info","message":"  durationMs: 0"}
{"timestamp":"2026-09-06T06:33:58.701290795Z","message":"}","level":"info"}
{"level":"info","message":"[ops] {","timestamp":"2026-09-06T06:33:58.701294075Z"}
{"timestamp":"2026-09-06T06:33:58.701297875Z","level":"info","message":"  event: 'http_request',"}
{"level":"info","timestamp":"2026-09-06T06:33:58.701301295Z","message":"  ts: '2026-09-06T06:33:58.699Z',"}
{"level":"info","timestamp":"2026-09-06T06:33:58.714454245Z","message":"[ops] {"}
{"message":"  event: 'http_request',","timestamp":"2026-09-06T06:33:58.714457655Z","level":"info"}
{"timestamp":"2026-09-06T06:33:58.714460205Z","level":"info","message":"  ts: '2026-09-06T06:33:58.713Z',"}
{"message":"  requestId: '8cdc02eb-ef8b-435f-b1ef-02a8d3e855d5',","timestamp":"2026-09-06T06:33:58.714462935Z","level":"info"}
{"level":"info","message":"  method: 'OPTIONS',","timestamp":"2026-09-06T06:33:58.714465455Z"}
{"level":"info","timestamp":"2026-09-06T06:33:58.714467835Z","message":"  route: '/api/billing/entitlements',"}
{"level":"info","message":"  status: 204,","timestamp":"2026-09-06T06:33:58.714470475Z"}
{"message":"  durationMs: 0","timestamp":"2026-09-06T06:33:58.714473135Z","level":"info"}
{"timestamp":"2026-09-06T06:33:58.714475615Z","message":"}","level":"info"}
{"timestamp":"2026-09-06T06:33:58.714478015Z","message":"[ops] {","level":"info"}
{"message":"  event: 'http_request',","level":"info","timestamp":"2026-09-06T06:33:58.714480325Z"}
{"message":"  ts: '2026-09-06T06:33:58.713Z',","timestamp":"2026-09-06T06:33:58.714483015Z","level":"info"}
{"timestamp":"2026-09-06T06:33:58.714485885Z","message":"  requestId: 'b7a9f770-3e7c-4af4-9a59-72b98b323468',","level":"info"}
{"level":"info","timestamp":"2026-09-06T06:33:58.714488385Z","message":"  method: 'OPTIONS',"}
{"message":"  route: '/api/roblox/oauth/status',","timestamp":"2026-09-06T06:33:58.714490915Z","level":"info"}
{"timestamp":"2026-09-06T06:33:58.714493375Z","level":"info","message":"  status: 204,"}
{"timestamp":"2026-09-06T06:33:58.714495965Z","level":"info","message":"  durationMs: 0"}
{"timestamp":"2026-09-06T06:33:58.714498405Z","level":"info","message":"}"}
{"message":"project_resolution {","timestamp":"2026-09-06T06:33:58.721368586Z","level":"info"}
{"timestamp":"2026-09-06T06:33:58.721371496Z","message":"  requestId: '4628bdd3-892b-4219-8c7c-29da0857d8da',","level":"info"}
{"message":"  userHash: '61523b905e6d4bfa',","timestamp":"2026-09-06T06:33:58.721374016Z","level":"info"}
{"message":"  projectHash: '345b955d3c8c9e83',","level":"info","timestamp":"2026-09-06T06:33:58.721376706Z"}
{"message":"  resolutionState: 'ready',","timestamp":"2026-09-06T06:33:58.721379666Z","level":"info"}
{"level":"info","message":"  failureCode: null","timestamp":"2026-09-06T06:33:58.721382276Z"}
{"message":"}","timestamp":"2026-09-06T06:33:58.721385186Z","level":"info"}
{"message":"[ops] {","level":"info","timestamp":"2026-09-06T06:33:58.721388026Z"}
{"timestamp":"2026-09-06T06:33:58.721390836Z","message":"  event: 'http_request',","level":"info"}
{"message":"  ts: '2026-09-06T06:33:58.719Z',","timestamp":"2026-09-06T06:33:58.721394106Z","level":"info"}
{"message":"  requestId: '4628bdd3-892b-4219-8c7c-29da0857d8da',","level":"info","timestamp":"2026-09-06T06:33:58.721396566Z"}
{"message":"  method: 'GET',","level":"info","timestamp":"2026-09-06T06:33:58.721399086Z"}
{"message":"  route: '/api/project-bindings/:projectId',","timestamp":"2026-09-06T06:33:58.721402126Z","level":"info"}
{"level":"info","timestamp":"2026-09-06T06:33:58.721404776Z","message":"  status: 200,"}
{"level":"info","message":"  durationMs: 52","timestamp":"2026-09-06T06:33:58.721407796Z"}
{"message":"}","timestamp":"2026-09-06T06:33:58.721410746Z","level":"info"}
{"level":"error","timestamp":"2026-09-06T06:33:58.863428657Z","message":"[ops] {"}
{"timestamp":"2026-09-06T06:33:58.863435047Z","message":"  event: 'security.app_check_rejected',","level":"error"}
{"timestamp":"2026-09-06T06:33:58.863439047Z","message":"  ts: '2026-09-06T06:33:58.861Z',","level":"error"}
{"message":"  reason: 'missing_token',","timestamp":"2026-09-06T06:33:58.863441977Z","level":"error"}
{"timestamp":"2026-09-06T06:33:58.863444767Z","level":"error","message":"  mode: 'monitor',"}
{"message":"  route: '/api/user/settings'","timestamp":"2026-09-06T06:33:58.863449307Z","level":"error"}
{"timestamp":"2026-09-06T06:33:58.863451867Z","level":"error","message":"}"}
{"message":"[ops] {","level":"error","timestamp":"2026-09-06T06:33:58.875859577Z"}
{"level":"error","message":"  event: 'security.app_check_rejected',","timestamp":"2026-09-06T06:33:58.875863557Z"}
{"message":"  ts: '2026-09-06T06:33:58.872Z',","timestamp":"2026-09-06T06:33:58.875866667Z","level":"error"}
{"level":"error","timestamp":"2026-09-06T06:33:58.875869107Z","message":"  reason: 'missing_token',"}
{"level":"error","message":"  mode: 'monitor',","timestamp":"2026-09-06T06:33:58.875871577Z"}
{"level":"error","timestamp":"2026-09-06T06:33:58.875874537Z","message":"  route: '/api/project-bindings/proj_e237b4d5b7634cf2a503723f3f8beff7'"}
{"message":"}","timestamp":"2026-09-06T06:33:58.875877317Z","level":"error"}
{"level":"error","message":"[ops] {","timestamp":"2026-09-06T06:33:58.878387304Z"}
{"message":"  event: 'security.app_check_rejected',","timestamp":"2026-09-06T06:33:58.878391384Z","level":"error"}
{"message":"  ts: '2026-09-06T06:33:58.875Z',","level":"error","timestamp":"2026-09-06T06:33:58.878394684Z"}
{"message":"  reason: 'missing_token',","timestamp":"2026-09-06T06:33:58.878398284Z","level":"error"}
{"message":"  mode: 'monitor',","timestamp":"2026-09-06T06:33:58.878402334Z","level":"error"}
{"timestamp":"2026-09-06T06:33:58.878405914Z","level":"error","message":"  route: '/api/roblox/oauth/status'"}
{"level":"error","timestamp":"2026-09-06T06:33:58.878410624Z","message":"}"}
{"timestamp":"2026-09-06T06:33:58.890324711Z","level":"error","message":"[ops] {"}
{"message":"  event: 'security.app_check_rejected',","timestamp":"2026-09-06T06:33:58.890329331Z","level":"error"}
{"message":"  ts: '2026-09-06T06:33:58.883Z',","timestamp":"2026-09-06T06:33:58.890332001Z","level":"error"}
{"timestamp":"2026-09-06T06:33:58.890334551Z","message":"  reason: 'missing_token',","level":"error"}
{"level":"error","message":"  mode: 'monitor',","timestamp":"2026-09-06T06:33:58.890338670Z"}
{"message":"  route: '/api/billing/entitlements'","timestamp":"2026-09-06T06:33:58.890341800Z","level":"error"}
{"message":"}","timestamp":"2026-09-06T06:33:58.890344380Z","level":"error"}
{"timestamp":"2026-09-06T06:33:58.890346910Z","level":"info","message":"[ops] {"}
{"level":"info","timestamp":"2026-09-06T06:33:58.890349710Z","message":"  event: 'http_request',"}
{"message":"  ts: '2026-09-06T06:33:58.885Z',","timestamp":"2026-09-06T06:33:58.890352520Z","level":"info"}
{"timestamp":"2026-09-06T06:33:58.890355190Z","level":"info","message":"  requestId: '2bf32caa-2e76-44d1-abd4-ccefc0045ab3',"}
{"message":"  method: 'GET',","level":"info","timestamp":"2026-09-06T06:33:58.890357840Z"}
{"timestamp":"2026-09-06T06:33:58.890360340Z","level":"info","message":"  route: '/api/billing/entitlements',"}
{"level":"info","message":"  status: 200,","timestamp":"2026-09-06T06:33:58.890363330Z"}
{"timestamp":"2026-09-06T06:33:58.890365450Z","level":"info","message":"  durationMs: 2"}
{"timestamp":"2026-09-06T06:33:58.890367700Z","message":"}","level":"info"}
{"timestamp":"2026-09-06T06:33:58.915472737Z","level":"info","message":"[ops] {"}
{"message":"  event: 'http_request',","timestamp":"2026-09-06T06:33:58.915478927Z","level":"info"}
{"timestamp":"2026-09-06T06:33:58.915483817Z","message":"  ts: '2026-09-06T06:33:58.913Z',","level":"info"}
{"message":"  requestId: 'a0b1e06e-96e4-46c3-a19f-ce8997928868',","timestamp":"2026-09-06T06:33:58.915488377Z","level":"info"}
{"message":"  method: 'GET',","level":"info","timestamp":"2026-09-06T06:33:58.915493687Z"}
{"message":"  route: '/api/user/settings',","timestamp":"2026-09-06T06:33:58.915498077Z","level":"info"}
{"level":"info","message":"  status: 200,","timestamp":"2026-09-06T06:33:58.915502586Z"}
{"timestamp":"2026-09-06T06:33:58.915507106Z","level":"info","message":"  durationMs: 52"}
{"level":"info","timestamp":"2026-09-06T06:33:58.915511296Z","message":"}"}
{"level":"info","message":"  durationMs: 55","timestamp":"2026-09-06T06:33:58.927987446Z"}
{"level":"info","message":"}","timestamp":"2026-09-06T06:33:58.927992336Z"}
{"level":"info","message":"project_resolution {","timestamp":"2026-09-06T06:33:58.928001716Z"}
{"timestamp":"2026-09-06T06:33:58.928008715Z","level":"info","message":"  requestId: '557e3def-f2e2-490c-996a-a92d7a21f496',"}
{"timestamp":"2026-09-06T06:33:58.928013775Z","level":"info","message":"  userHash: '61523b905e6d4bfa',"}
{"timestamp":"2026-09-06T06:33:58.928017445Z","level":"info","message":"  projectHash: '345b955d3c8c9e83',"}
{"level":"info","message":"  resolutionState: 'ready',","timestamp":"2026-09-06T06:33:58.928021015Z"}
{"timestamp":"2026-09-06T06:33:58.928024325Z","message":"  failureCode: null","level":"info"}
{"level":"info","message":"}","timestamp":"2026-09-06T06:33:58.928028085Z"}
{"message":"[ops] {","timestamp":"2026-09-06T06:33:58.928031895Z","level":"info"}
{"message":"  event: 'http_request',","level":"info","timestamp":"2026-09-06T06:33:58.928036285Z"}
{"timestamp":"2026-09-06T06:33:58.928040435Z","level":"info","message":"  ts: '2026-09-06T06:33:58.927Z',"}
{"timestamp":"2026-09-06T06:33:58.928045025Z","level":"info","message":"  requestId: '557e3def-f2e2-490c-996a-a92d7a21f496',"}
{"message":"  method: 'GET',","timestamp":"2026-09-06T06:33:58.928049625Z","level":"info"}
{"level":"info","message":"  route: '/api/project-bindings/:projectId',","timestamp":"2026-09-06T06:33:58.928053435Z"}
{"message":"  status: 200,","timestamp":"2026-09-06T06:33:58.928057445Z","level":"info"}
{"message":"[ops] {","level":"info","timestamp":"2026-09-06T06:33:58.943006972Z"}
{"level":"info","message":"  event: 'http_request',","timestamp":"2026-09-06T06:33:58.943012672Z"}
{"level":"info","message":"  ts: '2026-09-06T06:33:58.940Z',","timestamp":"2026-09-06T06:33:58.943016642Z"}
{"message":"  requestId: 'cccab87b-a7d9-4f55-b7e3-2bc916dd7cb3',","level":"info","timestamp":"2026-09-06T06:33:58.943021052Z"}
{"level":"info","message":"  method: 'GET',","timestamp":"2026-09-06T06:33:58.943024432Z"}
{"timestamp":"2026-09-06T06:33:58.943028762Z","message":"  route: '/api/roblox/oauth/status',","level":"info"}
{"message":"  status: 200,","timestamp":"2026-09-06T06:33:58.943032032Z","level":"info"}
{"message":"  durationMs: 65","timestamp":"2026-09-06T06:33:58.943035612Z","level":"info"}
{"timestamp":"2026-09-06T06:33:58.943039322Z","level":"info","message":"}"}
{"level":"info","message":"  status: 204,","timestamp":"2026-09-06T06:33:59.337211156Z"}
{"timestamp":"2026-09-06T06:33:59.337216856Z","level":"info","message":"  event: 'http_request',"}
{"level":"info","message":"  ts: '2026-09-06T06:33:59.160Z',","timestamp":"2026-09-06T06:33:59.337222896Z"}
{"message":"  durationMs: 0","level":"info","timestamp":"2026-09-06T06:33:59.337225556Z"}
{"timestamp":"2026-09-06T06:33:59.337229396Z","level":"info","message":"  requestId: '513e7711-b3a2-46ea-9da9-31a385e8143b',"}
{"timestamp":"2026-09-06T06:33:59.337233966Z","message":"}","level":"info"}
{"timestamp":"2026-09-06T06:33:59.337239166Z","level":"info","message":"[ops] {"}
{"level":"info","timestamp":"2026-09-06T06:33:59.337282455Z","message":"}"}
{"message":"[ops] {","timestamp":"2026-09-06T06:33:59.337286785Z","level":"info"}
{"timestamp":"2026-09-06T06:33:59.337290945Z","level":"info","message":"  event: 'http_request',"}
{"message":"  ts: '2026-09-06T06:33:59.159Z',","timestamp":"2026-09-06T06:33:59.337294785Z","level":"info"}
{"message":"}","level":"info","timestamp":"2026-09-06T06:33:59.337301145Z"}
{"level":"info","timestamp":"2026-09-06T06:33:59.337306055Z","message":"[ops] {"}
{"level":"info","timestamp":"2026-09-06T06:33:59.337309975Z","message":"  event: 'http_request',"}
{"timestamp":"2026-09-06T06:33:59.337313835Z","message":"  ts: '2026-09-06T06:33:59.158Z',","level":"info"}
{"message":"  requestId: 'c507c259-a610-48a1-bed7-791814c85f6d',","timestamp":"2026-09-06T06:33:59.337318485Z","level":"info"}
{"message":"  method: 'OPTIONS',","level":"info","timestamp":"2026-09-06T06:33:59.337322215Z"}
{"message":"  route: '/api/studio/mcp/status',","level":"info","timestamp":"2026-09-06T06:33:59.337326685Z"}
{"message":"  status: 204,","level":"info","timestamp":"2026-09-06T06:33:59.337330425Z"}
{"level":"info","timestamp":"2026-09-06T06:33:59.337333905Z","message":"  durationMs: 1"}
{"timestamp":"2026-09-06T06:33:59.337340014Z","level":"info","message":"  requestId: '77920054-3f7c-410d-b575-703ca9184354',"}
{"timestamp":"2026-09-06T06:33:59.337343604Z","level":"info","message":"  method: 'OPTIONS',"}
{"message":"  route: '/api/roblox/oauth/status',","timestamp":"2026-09-06T06:33:59.337347344Z","level":"info"}
{"timestamp":"2026-09-06T06:33:59.337361824Z","level":"info","message":"[ops] {"}
{"message":"  event: 'http_request',","timestamp":"2026-09-06T06:33:59.337365804Z","level":"info"}
{"level":"info","timestamp":"2026-09-06T06:33:59.337370284Z","message":"  ts: '2026-09-06T06:33:59.156Z',"}
{"message":"  requestId: 'fce92135-348b-458e-b01f-f6c856dba46d',","timestamp":"2026-09-06T06:33:59.337374654Z","level":"info"}
{"timestamp":"2026-09-06T06:33:59.337378694Z","message":"  method: 'OPTIONS',","level":"info"}
{"message":"  route: '/api/studio/status',","timestamp":"2026-09-06T06:33:59.337382454Z","level":"info"}
{"level":"info","message":"  status: 204,","timestamp":"2026-09-06T06:33:59.337386514Z"}
{"timestamp":"2026-09-06T06:33:59.337390704Z","level":"info","message":"  durationMs: 0"}
{"timestamp":"2026-09-06T06:33:59.338017116Z","message":"  method: 'OPTIONS',","level":"info"}
{"message":"  route: '/api/:id/:id',","level":"info","timestamp":"2026-09-06T06:33:59.338020756Z"}
{"level":"info","message":"  status: 204,","timestamp":"2026-09-06T06:33:59.338024206Z"}
{"timestamp":"2026-09-06T06:33:59.338028116Z","level":"info","message":"  durationMs: 0"}
{"level":"info","timestamp":"2026-09-06T06:33:59.338031406Z","message":"}"}
{"message":"[ops] {","timestamp":"2026-09-06T06:33:59.338035276Z","level":"info"}
{"level":"info","message":"  event: 'http_request',","timestamp":"2026-09-06T06:33:59.338038805Z"}
{"level":"info","message":"  ts: '2026-09-06T06:33:59.161Z',","timestamp":"2026-09-06T06:33:59.338042255Z"}
{"timestamp":"2026-09-06T06:33:59.338045585Z","message":"  requestId: '0330f836-2333-4754-8f55-eb77e4c4fe53',","level":"info"}
{"message":"  method: 'GET',","timestamp":"2026-09-06T06:33:59.338049155Z","level":"info"}
{"level":"info","timestamp":"2026-09-06T06:33:59.338052425Z","message":"  route: '/api/v2/events',"}
{"level":"info","message":"  status: 200,","timestamp":"2026-09-06T06:33:59.338056055Z"}
{"level":"info","message":"  durationMs: 599","timestamp":"2026-09-06T06:33:59.338060615Z"}
{"message":"}","timestamp":"2026-09-06T06:33:59.338064395Z","level":"info"}
{"message":"[ops] {","timestamp":"2026-09-06T06:33:59.338067375Z","level":"error"}
{"level":"error","message":"  event: 'security.app_check_rejected',","timestamp":"2026-09-06T06:33:59.338070545Z"}
{"timestamp":"2026-09-06T06:33:59.338074075Z","level":"error","message":"  ts: '2026-09-06T06:33:59.330Z',"}
{"level":"error","timestamp":"2026-09-06T06:33:59.338077565Z","message":"  reason: 'missing_token',"}
{"level":"error","message":"  mode: 'monitor',","timestamp":"2026-09-06T06:33:59.338080495Z"}
{"message":"  route: '/api/studio/status'","timestamp":"2026-09-06T06:33:59.338083685Z","level":"error"}
{"message":"}","timestamp":"2026-09-06T06:33:59.338086715Z","level":"error"}
{"timestamp":"2026-09-06T06:33:59.338089465Z","level":"error","message":"[ops] {"}
{"message":"  event: 'security.app_check_rejected',","timestamp":"2026-09-06T06:33:59.338092385Z","level":"error"}
{"timestamp":"2026-09-06T06:33:59.338095405Z","message":"  ts: '2026-09-06T06:33:59.332Z',","level":"error"}
{"message":"  reason: 'missing_token',","timestamp":"2026-09-06T06:33:59.338098505Z","level":"error"}
{"level":"error","message":"  mode: 'monitor',","timestamp":"2026-09-06T06:33:59.338101925Z"}
{"level":"error","message":"  route: '/api/roblox/oauth/status'","timestamp":"2026-09-06T06:33:59.338104905Z"}
{"timestamp":"2026-09-06T06:33:59.338107905Z","level":"error","message":"}"}
{"level":"info","message":"[ops] {","timestamp":"2026-09-06T06:33:59.338111245Z"}
{"timestamp":"2026-09-06T06:33:59.338114195Z","level":"info","message":"  event: 'http_request',"}
{"level":"info","message":"  ts: '2026-09-06T06:33:59.333Z',","timestamp":"2026-09-06T06:33:59.338117184Z"}
{"timestamp":"2026-09-06T06:33:59.338120144Z","level":"info","message":"  requestId: '26d97518-d351-4b13-a802-a4c7987a815f',"}
{"level":"error","message":"  route: '/api/studio/mcp/status'","timestamp":"2026-09-06T06:33:59.338495320Z"}
{"message":"  method: 'GET',","timestamp":"2026-09-06T06:33:59.338502190Z","level":"info"}
{"message":"}","level":"error","timestamp":"2026-09-06T06:33:59.338505699Z"}
{"timestamp":"2026-09-06T06:33:59.338508659Z","level":"info","message":"  route: '/api/roblox/oauth/status',"}
{"message":"  status: 200,","level":"info","timestamp":"2026-09-06T06:33:59.338513689Z"}
{"message":"[ops] {","timestamp":"2026-09-06T06:33:59.338518019Z","level":"error"}
{"message":"}","timestamp":"2026-09-06T06:33:59.338519299Z","level":"error"}
{"timestamp":"2026-09-06T06:33:59.338520719Z","level":"info","message":"  durationMs: 1"}
{"level":"info","message":"}","timestamp":"2026-09-06T06:33:59.338526279Z"}
{"message":"  event: 'security.app_check_rejected',","level":"error","timestamp":"2026-09-06T06:33:59.338528609Z"}
{"message":"[ops] {","level":"error","timestamp":"2026-09-06T06:33:59.338532349Z"}
{"timestamp":"2026-09-06T06:33:59.338539049Z","level":"error","message":"  event: 'security.app_check_rejected',"}
{"message":"  ts: '2026-09-06T06:33:59.334Z',","level":"error","timestamp":"2026-09-06T06:33:59.338540449Z"}
{"message":"  ts: '2026-09-06T06:33:59.334Z',","timestamp":"2026-09-06T06:33:59.338543879Z","level":"error"}
{"level":"error","message":"  reason: 'missing_token',","timestamp":"2026-09-06T06:33:59.338549509Z"}
{"timestamp":"2026-09-06T06:33:59.338551539Z","message":"  reason: 'missing_token',","level":"error"}
{"timestamp":"2026-09-06T06:33:59.338554829Z","message":"  mode: 'monitor',","level":"error"}
{"timestamp":"2026-09-06T06:33:59.338559019Z","level":"error","message":"  mode: 'monitor',"}
{"message":"  route: '/api/project-bindings/proj_e237b4d5b7634cf2a503723f3f8beff7'","timestamp":"2026-09-06T06:33:59.338565259Z","level":"error"}
{"message":"project_resolution {","level":"info","timestamp":"2026-09-06T06:33:59.389956807Z"}
{"level":"info","message":"  requestId: '37286254-451a-47b9-ab61-d6cdf04e0584',","timestamp":"2026-09-06T06:33:59.389967167Z"}
{"timestamp":"2026-09-06T06:33:59.389972407Z","level":"info","message":"  userHash: '61523b905e6d4bfa',"}
{"message":"  projectHash: '345b955d3c8c9e83',","level":"info","timestamp":"2026-09-06T06:33:59.389977127Z"}
{"level":"info","message":"  resolutionState: 'ready',","timestamp":"2026-09-06T06:33:59.389981667Z"}
{"timestamp":"2026-09-06T06:33:59.389986937Z","level":"info","message":"  failureCode: null"}
{"timestamp":"2026-09-06T06:33:59.389991687Z","level":"info","message":"}"}
{"level":"info","timestamp":"2026-09-06T06:33:59.389996597Z","message":"[ops] {"}
{"timestamp":"2026-09-06T06:33:59.390001096Z","level":"info","message":"  event: 'http_request',"}
{"message":"  ts: '2026-09-06T06:33:59.388Z',","timestamp":"2026-09-06T06:33:59.390005716Z","level":"info"}
{"timestamp":"2026-09-06T06:33:59.390010216Z","level":"info","message":"  requestId: '37286254-451a-47b9-ab61-d6cdf04e0584',"}
{"level":"info","message":"  method: 'GET',","timestamp":"2026-09-06T06:33:59.390014416Z"}
{"message":"  route: '/api/project-bindings/:projectId',","timestamp":"2026-09-06T06:33:59.390018856Z","level":"info"}
{"timestamp":"2026-09-06T06:33:59.390023396Z","message":"  status: 200,","level":"info"}
{"message":"  durationMs: 54","timestamp":"2026-09-06T06:33:59.390027576Z","level":"info"}
{"level":"info","message":"}","timestamp":"2026-09-06T06:33:59.390032106Z"}
{"message":"[ops] {","level":"error","timestamp":"2026-09-06T06:33:59.397318882Z"}
{"timestamp":"2026-09-06T06:33:59.397325492Z","level":"error","message":"  event: 'security.app_check_rejected',"}
{"message":"  ts: '2026-09-06T06:33:59.396Z',","timestamp":"2026-09-06T06:33:59.397330632Z","level":"error"}
{"level":"error","message":"  reason: 'missing_token',","timestamp":"2026-09-06T06:33:59.397334372Z"}
{"timestamp":"2026-09-06T06:33:59.397337952Z","level":"error","message":"  mode: 'monitor',"}
{"level":"error","message":"  route: '/api/user/settings'","timestamp":"2026-09-06T06:33:59.397343152Z"}
{"message":"}","timestamp":"2026-09-06T06:33:59.397346782Z","level":"error"}
{"message":"[ops] {","timestamp":"2026-09-06T06:33:59.404423821Z","level":"info"}
{"level":"info","message":"  event: 'http_request',","timestamp":"2026-09-06T06:33:59.404434461Z"}
{"level":"info","timestamp":"2026-09-06T06:33:59.404438111Z","message":"  ts: '2026-09-06T06:33:59.403Z',"}
{"level":"info","message":"  requestId: '8cd60383-c4db-49b3-bff7-46e2887efc9c',","timestamp":"2026-09-06T06:33:59.404442821Z"}
{"message":"  method: 'OPTIONS',","timestamp":"2026-09-06T06:33:59.404446661Z","level":"info"}
{"level":"info","timestamp":"2026-09-06T06:33:59.404449970Z","message":"  route: '/api/roblox/oauth/status',"}
{"level":"info","timestamp":"2026-09-06T06:33:59.404453600Z","message":"  status: 204,"}
{"message":"  durationMs: 0","timestamp":"2026-09-06T06:33:59.404456720Z","level":"info"}
{"message":"}","timestamp":"2026-09-06T06:33:59.404460010Z","level":"info"}
{"timestamp":"2026-09-06T06:33:59.409255379Z","message":"[ops] {","level":"info"}
{"timestamp":"2026-09-06T06:33:59.409259409Z","level":"info","message":"  event: 'http_request',"}
{"timestamp":"2026-09-06T06:33:59.409262279Z","message":"  ts: '2026-09-06T06:33:59.408Z',","level":"info"}
{"message":"  requestId: '0ef6e663-08c5-4475-a3eb-99b57dc0ad3e',","timestamp":"2026-09-06T06:33:59.409264778Z","level":"info"}
{"message":"  method: 'OPTIONS',","timestamp":"2026-09-06T06:33:59.409267138Z","level":"info"}
{"timestamp":"2026-09-06T06:33:59.409269958Z","level":"info","message":"  route: '/api/billing/entitlements',"}
{"timestamp":"2026-09-06T06:33:59.409273208Z","level":"info","message":"  status: 204,"}
{"message":"  durationMs: 0","level":"info","timestamp":"2026-09-06T06:33:59.409275648Z"}
{"level":"info","message":"}","timestamp":"2026-09-06T06:33:59.409277908Z"}
{"message":"[ops] {","timestamp":"2026-09-06T06:33:59.448653901Z","level":"info"}
{"timestamp":"2026-09-06T06:33:59.448658941Z","message":"  event: 'http_request',","level":"info"}
{"message":"  ts: '2026-09-06T06:33:59.447Z',","timestamp":"2026-09-06T06:33:59.448662831Z","level":"info"}
{"timestamp":"2026-09-06T06:33:59.448666091Z","message":"  requestId: '2dc1f321-35c9-42dc-9487-18ff64e87414',","level":"info"}
{"message":"  method: 'GET',","level":"info","timestamp":"2026-09-06T06:33:59.448670911Z"}
{"level":"info","message":"  route: '/api/user/settings',","timestamp":"2026-09-06T06:33:59.448674691Z"}
{"timestamp":"2026-09-06T06:33:59.448677731Z","level":"info","message":"  status: 200,"}
{"level":"info","message":"  durationMs: 52","timestamp":"2026-09-06T06:33:59.448680781Z"}
{"message":"}","level":"info","timestamp":"2026-09-06T06:33:59.448683791Z"}
{"timestamp":"2026-09-06T06:33:59.569798232Z","message":"[ops] {","level":"error"}
{"timestamp":"2026-09-06T06:33:59.569804532Z","message":"  event: 'security.app_check_rejected',","level":"error"}
{"level":"error","message":"  ts: '2026-09-06T06:33:59.566Z',","timestamp":"2026-09-06T06:33:59.569809911Z"}
{"level":"error","message":"  reason: 'missing_token',","timestamp":"2026-09-06T06:33:59.569813791Z"}
{"message":"  mode: 'monitor',","timestamp":"2026-09-06T06:33:59.569817631Z","level":"error"}
{"timestamp":"2026-09-06T06:33:59.569821661Z","message":"  route: '/api/roblox/oauth/status'","level":"error"}
{"message":"}","level":"error","timestamp":"2026-09-06T06:33:59.569825921Z"}
{"level":"info","timestamp":"2026-09-06T06:33:59.569829171Z","message":"[ops] {"}
{"level":"info","message":"  event: 'http_request',","timestamp":"2026-09-06T06:33:59.569832901Z"}
{"message":"  ts: '2026-09-06T06:33:59.567Z',","timestamp":"2026-09-06T06:33:59.569837481Z","level":"info"}
{"level":"info","timestamp":"2026-09-06T06:33:59.569841021Z","message":"  requestId: '782fe18d-0dde-430d-bb8c-0edab2403533',"}
{"level":"info","timestamp":"2026-09-06T06:33:59.569844301Z","message":"  method: 'GET',"}
{"timestamp":"2026-09-06T06:33:59.569847541Z","level":"info","message":"  route: '/api/roblox/oauth/status',"}
{"level":"info","timestamp":"2026-09-06T06:33:59.569850801Z","message":"  status: 200,"}
{"timestamp":"2026-09-06T06:33:59.569854761Z","message":"  durationMs: 1","level":"info"}
{"timestamp":"2026-09-06T06:33:59.569858111Z","message":"}","level":"info"}
{"level":"error","message":"[ops] {","timestamp":"2026-09-06T06:33:59.574701309Z"}
{"timestamp":"2026-09-06T06:33:59.574706828Z","message":"  event: 'security.app_check_rejected',","level":"error"}
{"timestamp":"2026-09-06T06:33:59.574711068Z","level":"error","message":"  ts: '2026-09-06T06:33:59.572Z',"}
{"message":"  reason: 'missing_token',","timestamp":"2026-09-06T06:33:59.574714618Z","level":"error"}
{"level":"error","message":"  mode: 'monitor',","timestamp":"2026-09-06T06:33:59.574718938Z"}
{"timestamp":"2026-09-06T06:33:59.574722128Z","message":"  route: '/api/billing/entitlements'","level":"error"}
{"timestamp":"2026-09-06T06:33:59.574725418Z","level":"error","message":"}"}
{"timestamp":"2026-09-06T06:33:59.574729008Z","message":"[ops] {","level":"info"}
{"level":"info","message":"  event: 'http_request',","timestamp":"2026-09-06T06:33:59.574732938Z"}
{"timestamp":"2026-09-06T06:33:59.574736258Z","level":"info","message":"  ts: '2026-09-06T06:33:59.573Z',"}
{"timestamp":"2026-09-06T06:33:59.574739468Z","message":"  requestId: '35b7e8d2-76cb-4c0e-8b63-12e1562a0e24',","level":"info"}
{"message":"  method: 'GET',","timestamp":"2026-09-06T06:33:59.574760328Z","level":"info"}
{"timestamp":"2026-09-06T06:33:59.574763478Z","level":"info","message":"  route: '/api/billing/entitlements',"}
{"level":"info","message":"  status: 200,","timestamp":"2026-09-06T06:33:59.574766828Z"}
{"timestamp":"2026-09-06T06:33:59.574769908Z","message":"  durationMs: 2","level":"info"}
{"timestamp":"2026-09-06T06:33:59.574773048Z","level":"info","message":"}"}
{"message":"[ops] {","timestamp":"2026-09-06T06:33:59.640813937Z","level":"info"}
{"level":"info","timestamp":"2026-09-06T06:33:59.640820327Z","message":"  event: 'http_request',"}
{"timestamp":"2026-09-06T06:33:59.640824477Z","message":"  ts: '2026-09-06T06:33:59.638Z',","level":"info"}
{"level":"info","timestamp":"2026-09-06T06:33:59.640828157Z","message":"  requestId: '9447c895-818e-4a87-badc-434786b087ac',"}
{"level":"info","message":"  method: 'OPTIONS',","timestamp":"2026-09-06T06:33:59.640831887Z"}
{"level":"info","message":"  route: '/api/user/teams',","timestamp":"2026-09-06T06:33:59.640836297Z"}
{"timestamp":"2026-09-06T06:33:59.640839987Z","message":"  status: 204,","level":"info"}
{"message":"  durationMs: 0","level":"info","timestamp":"2026-09-06T06:33:59.640843766Z"}
{"timestamp":"2026-09-06T06:33:59.640847356Z","level":"info","message":"}"}
{"level":"info","message":"[ops] {","timestamp":"2026-09-06T06:33:59.640850576Z"}
{"timestamp":"2026-09-06T06:33:59.640853656Z","level":"info","message":"  event: 'http_request',"}
{"timestamp":"2026-09-06T06:33:59.640857776Z","message":"  ts: '2026-09-06T06:33:59.639Z',","level":"info"}
{"timestamp":"2026-09-06T06:33:59.640860986Z","level":"info","message":"  requestId: 'd7585058-edfc-40fd-8fd8-88e59d691195',"}
{"level":"info","message":"  method: 'OPTIONS',","timestamp":"2026-09-06T06:33:59.640864116Z"}
{"timestamp":"2026-09-06T06:33:59.640867556Z","message":"  route: '/api/v2/agents/active',","level":"info"}
{"level":"info","timestamp":"2026-09-06T06:33:59.640870666Z","message":"  status: 204,"}
{"timestamp":"2026-09-06T06:33:59.640874226Z","level":"info","message":"  durationMs: 0"}
{"timestamp":"2026-09-06T06:33:59.640877946Z","message":"}","level":"info"}
{"level":"info","timestamp":"2026-09-06T06:33:59.642350337Z","message":"[ops] {"}
{"timestamp":"2026-09-06T06:33:59.642356557Z","message":"  event: 'http_request',","level":"info"}
{"message":"  ts: '2026-09-06T06:33:59.641Z',","timestamp":"2026-09-06T06:33:59.642360407Z","level":"info"}
{"timestamp":"2026-09-06T06:33:59.642365407Z","level":"info","message":"  requestId: '76b81afc-008a-4606-a00f-43ead237c02e',"}
{"message":"  method: 'OPTIONS',","timestamp":"2026-09-06T06:33:59.642369737Z","level":"info"}
{"timestamp":"2026-09-06T06:33:59.642373567Z","level":"info","message":"  route: '/api/:id',"}
{"message":"  status: 204,","timestamp":"2026-09-06T06:33:59.642376957Z","level":"info"}
{"message":"  durationMs: 0","level":"info","timestamp":"2026-09-06T06:33:59.642380417Z"}
{"timestamp":"2026-09-06T06:33:59.642383787Z","message":"}","level":"info"}
{"message":"[ops] {","level":"info","timestamp":"2026-09-06T06:33:59.642388077Z"}
{"message":"  event: 'http_request',","timestamp":"2026-09-06T06:33:59.642391627Z","level":"info"}
{"message":"  ts: '2026-09-06T06:33:59.641Z',","timestamp":"2026-09-06T06:33:59.642394856Z","level":"info"}
{"level":"info","message":"  requestId: '6acb3cc0-59d0-485f-8782-5a9e55696cb0',","timestamp":"2026-09-06T06:33:59.642397866Z"}
{"timestamp":"2026-09-06T06:33:59.642401186Z","level":"info","message":"  method: 'OPTIONS',"}
{"message":"  route: '/api/onboarding',","timestamp":"2026-09-06T06:33:59.642404426Z","level":"info"}
{"message":"  status: 204,","timestamp":"2026-09-06T06:33:59.642407886Z","level":"info"}
{"timestamp":"2026-09-06T06:33:59.642411466Z","level":"info","message":"  durationMs: 0"}
{"timestamp":"2026-09-06T06:33:59.642414686Z","level":"info","message":"}"}
{"message":"[ops] {","timestamp":"2026-09-06T06:33:59.699784868Z","level":"info"}
{"timestamp":"2026-09-06T06:33:59.699789868Z","message":"  event: 'http_request',","level":"info"}
{"message":"  ts: '2026-09-06T06:33:59.698Z',","timestamp":"2026-09-06T06:33:59.699794417Z","level":"info"}
{"timestamp":"2026-09-06T06:33:59.699798277Z","level":"info","message":"  requestId: '28dcd1ab-3409-45ea-9168-d409fa3ec8b7',"}
{"message":"  method: 'GET',","timestamp":"2026-09-06T06:33:59.699801887Z","level":"info"}
{"timestamp":"2026-09-06T06:33:59.699805367Z","level":"info","message":"  route: '/api/studio/mcp/status',"}
{"timestamp":"2026-09-06T06:33:59.699809137Z","level":"info","message":"  status: 200,"}
{"level":"info","message":"  durationMs: 365","timestamp":"2026-09-06T06:33:59.699812787Z"}
{"timestamp":"2026-09-06T06:33:59.699816437Z","level":"info","message":"}"}
{"level":"error","message":"[ops] {","timestamp":"2026-09-06T06:33:59.789140596Z"}
{"timestamp":"2026-09-06T06:33:59.789144276Z","level":"error","message":"  event: 'security.app_check_rejected',"}
{"level":"error","timestamp":"2026-09-06T06:33:59.789148696Z","message":"  ts: '2026-09-06T06:33:59.785Z',"}
{"level":"error","message":"  reason: 'missing_token',","timestamp":"2026-09-06T06:33:59.789151786Z"}
{"timestamp":"2026-09-06T06:33:59.789155176Z","level":"error","message":"  mode: 'monitor',"}
{"message":"  route: '/api/models'","level":"error","timestamp":"2026-09-06T06:33:59.789158736Z"}
{"timestamp":"2026-09-06T06:33:59.789162706Z","level":"error","message":"}"}
{"timestamp":"2026-09-06T06:33:59.792126358Z","level":"info","message":"[ops] {"}
{"timestamp":"2026-09-06T06:33:59.792133618Z","level":"info","message":"  event: 'http_request',"}
{"timestamp":"2026-09-06T06:33:59.792138358Z","level":"info","message":"  ts: '2026-09-06T06:33:59.790Z',"}
{"level":"info","timestamp":"2026-09-06T06:33:59.792143118Z","message":"  requestId: '11977329-eb96-4424-9f99-98a76ff03a0a',"}
{"level":"info","message":"  method: 'OPTIONS',","timestamp":"2026-09-06T06:33:59.792146777Z"}
{"message":"  route: '/api/studio/status',","timestamp":"2026-09-06T06:33:59.792149937Z","level":"info"}
{"message":"  status: 204,","level":"info","timestamp":"2026-09-06T06:33:59.792153807Z"}
{"timestamp":"2026-09-06T06:33:59.792157627Z","level":"info","message":"  durationMs: 0"}
{"timestamp":"2026-09-06T06:33:59.792160797Z","message":"}","level":"info"}
{"timestamp":"2026-09-06T06:33:59.797324521Z","level":"info","message":"[ops] {"}
{"level":"info","timestamp":"2026-09-06T06:33:59.797329131Z","message":"  event: 'http_request',"}
{"message":"  ts: '2026-09-06T06:33:59.795Z',","level":"info","timestamp":"2026-09-06T06:33:59.797331781Z"}
{"message":"  requestId: '586cc63f-8ed4-4645-8331-77e8912dcdce',","level":"info","timestamp":"2026-09-06T06:33:59.797342371Z"}
{"timestamp":"2026-09-06T06:33:59.797345161Z","level":"info","message":"  method: 'GET',"}
{"level":"info","message":"  route: '/api/models/',","timestamp":"2026-09-06T06:33:59.797347721Z"}
{"message":"  status: 200,","timestamp":"2026-09-06T06:33:59.797350680Z","level":"info"}
{"level":"info","message":"  durationMs: 10","timestamp":"2026-09-06T06:33:59.797353380Z"}
{"timestamp":"2026-09-06T06:33:59.797356030Z","message":"}","level":"info"}
{"message":"[ops] {","level":"info","timestamp":"2026-09-06T06:33:59.797358150Z"}
{"level":"info","timestamp":"2026-09-06T06:33:59.797361760Z","message":"  event: 'http_request',"}
{"timestamp":"2026-09-06T06:33:59.797364380Z","message":"  ts: '2026-09-06T06:33:59.795Z',","level":"info"}
{"level":"info","message":"  requestId: 'e4b2a5eb-2dd7-49cf-8b79-6702af6410e4',","timestamp":"2026-09-06T06:33:59.797367330Z"}
{"timestamp":"2026-09-06T06:33:59.797369580Z","message":"  method: 'OPTIONS',","level":"info"}
{"timestamp":"2026-09-06T06:33:59.797371870Z","message":"  route: '/api/:id/:id',","level":"info"}
{"timestamp":"2026-09-06T06:33:59.797374310Z","message":"  status: 204,","level":"info"}
{"message":"  durationMs: 0","timestamp":"2026-09-06T06:33:59.797376800Z","level":"info"}
{"level":"info","message":"}","timestamp":"2026-09-06T06:33:59.797379520Z"}
{"timestamp":"2026-09-06T06:33:59.797381890Z","message":"[ops] {","level":"info"}
{"timestamp":"2026-09-06T06:33:59.797384610Z","message":"  event: 'http_request',","level":"info"}
{"timestamp":"2026-09-06T06:33:59.797387350Z","message":"  ts: '2026-09-06T06:33:59.796Z',","level":"info"}
{"message":"  requestId: 'd34348f8-19cf-4738-ae17-f4735d9c1a0e',","timestamp":"2026-09-06T06:33:59.797390060Z","level":"info"}
{"message":"  method: 'OPTIONS',","timestamp":"2026-09-06T06:33:59.797392720Z","level":"info"}
{"timestamp":"2026-09-06T06:33:59.797395580Z","level":"info","message":"  route: '/api/studio/mcp/status',"}
{"level":"info","timestamp":"2026-09-06T06:33:59.797398970Z","message":"  status: 204,"}
{"message":"  durationMs: 0","level":"info","timestamp":"2026-09-06T06:33:59.797401120Z"}
{"message":"}","level":"info","timestamp":"2026-09-06T06:33:59.797404330Z"}
{"message":"[ops] {","level":"info","timestamp":"2026-09-06T06:33:59.799322175Z"}
{"level":"info","message":"  event: 'http_request',","timestamp":"2026-09-06T06:33:59.799329555Z"}
{"message":"  ts: '2026-09-06T06:33:59.797Z',","level":"info","timestamp":"2026-09-06T06:33:59.799334085Z"}
{"message":"  requestId: '48896c3f-71fa-4b30-a4df-5abc7b21fdd6',","timestamp":"2026-09-06T06:33:59.799339135Z","level":"info"}
{"level":"info","message":"  method: 'OPTIONS',","timestamp":"2026-09-06T06:33:59.799343155Z"}
{"message":"  route: '/api/roblox/oauth/status',","level":"info","timestamp":"2026-09-06T06:33:59.799347925Z"}
{"message":"  status: 204,","timestamp":"2026-09-06T06:33:59.799353215Z","level":"info"}
{"message":"  durationMs: 0","timestamp":"2026-09-06T06:33:59.799357645Z","level":"info"}
{"message":"}","timestamp":"2026-09-06T06:33:59.799361305Z","level":"info"}
{"message":"[ops] {","timestamp":"2026-09-06T06:33:59.809174808Z","level":"error"}
{"level":"error","timestamp":"2026-09-06T06:33:59.809177208Z","message":"  event: 'security.app_check_rejected',"}
{"level":"error","timestamp":"2026-09-06T06:33:59.809179758Z","message":"  ts: '2026-09-06T06:33:59.804Z',"}
{"message":"  reason: 'missing_token',","level":"error","timestamp":"2026-09-06T06:33:59.809183038Z"}
{"timestamp":"2026-09-06T06:33:59.809185728Z","message":"  mode: 'monitor',","level":"error"}
{"message":"  route: '/api/v2/agents/active'","timestamp":"2026-09-06T06:33:59.809188858Z","level":"error"}
{"level":"error","timestamp":"2026-09-06T06:33:59.809191508Z","message":"}"}
{"level":"error","message":"[ops] {","timestamp":"2026-09-06T06:33:59.813070608Z"}
{"timestamp":"2026-09-06T06:33:59.813080438Z","message":"  event: 'security.app_check_rejected',","level":"error"}
{"message":"  ts: '2026-09-06T06:33:59.811Z',","timestamp":"2026-09-06T06:33:59.813084498Z","level":"error"}
{"level":"error","message":"  reason: 'missing_token',","timestamp":"2026-09-06T06:33:59.813088198Z"}
{"message":"  mode: 'monitor',","level":"error","timestamp":"2026-09-06T06:33:59.813091898Z"}
{"message":"  route: '/api/project-bindings'","timestamp":"2026-09-06T06:33:59.813095078Z","level":"error"}
{"level":"error","message":"}","timestamp":"2026-09-06T06:33:59.813098628Z"}
{"message":"[ops] {","timestamp":"2026-09-06T06:33:59.819930600Z","level":"error"}
{"timestamp":"2026-09-06T06:33:59.819935260Z","message":"  event: 'security.app_check_rejected',","level":"error"}
{"message":"  ts: '2026-09-06T06:33:59.819Z',","level":"error","timestamp":"2026-09-06T06:33:59.819938260Z"}
{"message":"  reason: 'missing_token',","timestamp":"2026-09-06T06:33:59.819941060Z","level":"error"}
{"message":"  mode: 'monitor',","timestamp":"2026-09-06T06:33:59.819943690Z","level":"error"}
{"message":"  route: '/api/onboarding'","timestamp":"2026-09-06T06:33:59.819946340Z","level":"error"}
{"timestamp":"2026-09-06T06:33:59.819950480Z","level":"error","message":"}"}
{"message":"[ops] {","timestamp":"2026-09-06T06:33:59.821001326Z","level":"error"}
{"timestamp":"2026-09-06T06:33:59.821006446Z","message":"  event: 'security.app_check_rejected',","level":"error"}
{"message":"  ts: '2026-09-06T06:33:59.820Z',","timestamp":"2026-09-06T06:33:59.821009836Z","level":"error"}
{"timestamp":"2026-09-06T06:33:59.821014516Z","level":"error","message":"  reason: 'missing_token',"}
{"timestamp":"2026-09-06T06:33:59.821017836Z","level":"error","message":"  mode: 'monitor',"}
{"timestamp":"2026-09-06T06:33:59.821021786Z","level":"error","message":"  route: '/api/user/teams'"}
{"level":"error","message":"}","timestamp":"2026-09-06T06:33:59.821025446Z"}
{"timestamp":"2026-09-06T06:33:59.864335058Z","level":"info","message":"[ops] {"}
{"message":"  event: 'http_request',","timestamp":"2026-09-06T06:33:59.864341648Z","level":"info"}
{"level":"info","message":"  ts: '2026-09-06T06:33:59.863Z',","timestamp":"2026-09-06T06:33:59.864345967Z"}
{"message":"  requestId: '16ac6b30-8572-451f-a501-d0510d443f7c',","timestamp":"2026-09-06T06:33:59.864349427Z","level":"info"}
{"timestamp":"2026-09-06T06:33:59.864353307Z","message":"  method: 'GET',","level":"info"}
{"timestamp":"2026-09-06T06:33:59.864357747Z","level":"info","message":"  route: '/api/v2/agents/active',"}
{"message":"  status: 200,","timestamp":"2026-09-06T06:33:59.864361987Z","level":"info"}
{"message":"  durationMs: 59","level":"info","timestamp":"2026-09-06T06:33:59.864365557Z"}
{"timestamp":"2026-09-06T06:33:59.864369277Z","message":"}","level":"info"}
{"message":"[ops] {","level":"info","timestamp":"2026-09-06T06:33:59.878057431Z"}
{"message":"  event: 'http_request',","level":"info","timestamp":"2026-09-06T06:33:59.878063601Z"}
{"timestamp":"2026-09-06T06:33:59.878067721Z","message":"  ts: '2026-09-06T06:33:59.877Z',","level":"info"}
{"timestamp":"2026-09-06T06:33:59.878072151Z","message":"  requestId: 'd7b22f46-64f3-44e8-a5d2-d7301d814b93',","level":"info"}
{"level":"info","timestamp":"2026-09-06T06:33:59.878076201Z","message":"  method: 'GET',"}
{"timestamp":"2026-09-06T06:33:59.878079901Z","level":"info","message":"  route: '/api/user/teams',"}
{"message":"  status: 200,","level":"info","timestamp":"2026-09-06T06:33:59.878083461Z"}
{"timestamp":"2026-09-06T06:33:59.878087491Z","level":"info","message":"  durationMs: 57"}
{"timestamp":"2026-09-06T06:33:59.878092210Z","message":"}","level":"info"}
{"timestamp":"2026-09-06T06:33:59.893371524Z","level":"info","message":"[ops] {"}
{"level":"info","message":"  event: 'http_request',","timestamp":"2026-09-06T06:33:59.893379554Z"}
{"timestamp":"2026-09-06T06:33:59.893385274Z","level":"info","message":"  ts: '2026-09-06T06:33:59.891Z',"}
{"level":"info","message":"  requestId: '01a15103-78d1-4a4b-8ec9-680d57e57861',","timestamp":"2026-09-06T06:33:59.893388664Z"}
{"level":"info","message":"  method: 'GET',","timestamp":"2026-09-06T06:33:59.893392983Z"}
{"message":"  route: '/api/project-bindings/',","timestamp":"2026-09-06T06:33:59.893396403Z","level":"info"}
{"level":"info","message":"  status: 200,","timestamp":"2026-09-06T06:33:59.893400953Z"}
{"message":"  durationMs: 80","timestamp":"2026-09-06T06:33:59.893410423Z","level":"info"}
{"message":"}","level":"info","timestamp":"2026-09-06T06:33:59.893421933Z"}
{"timestamp":"2026-09-06T06:33:59.902188940Z","level":"info","message":"[ops] {"}
{"message":"  event: 'http_request',","level":"info","timestamp":"2026-09-06T06:33:59.902194870Z"}
{"message":"  ts: '2026-09-06T06:33:59.901Z',","level":"info","timestamp":"2026-09-06T06:33:59.902199160Z"}
{"message":"  requestId: 'ea94889f-598b-4317-8891-7e96bec51d1e',","level":"info","timestamp":"2026-09-06T06:33:59.902202640Z"}
{"timestamp":"2026-09-06T06:33:59.902205850Z","level":"info","message":"  method: 'GET',"}
{"timestamp":"2026-09-06T06:33:59.902209020Z","message":"  route: '/api/onboarding/',","level":"info"}
{"level":"info","message":"  status: 200,","timestamp":"2026-09-06T06:33:59.902211990Z"}
{"timestamp":"2026-09-06T06:33:59.902215540Z","message":"  durationMs: 82","level":"info"}
{"message":"}","timestamp":"2026-09-06T06:33:59.902218540Z","level":"info"}
{"message":"[ops] {","level":"error","timestamp":"2026-09-06T06:33:59.958387467Z"}
{"timestamp":"2026-09-06T06:33:59.958392157Z","level":"error","message":"  event: 'security.app_check_rejected',"}
{"timestamp":"2026-09-06T06:33:59.958397457Z","message":"  ts: '2026-09-06T06:33:59.955Z',","level":"error"}
{"level":"error","timestamp":"2026-09-06T06:33:59.958400217Z","message":"  reason: 'missing_token',"}
{"message":"  mode: 'monitor',","level":"error","timestamp":"2026-09-06T06:33:59.958402836Z"}
{"timestamp":"2026-09-06T06:33:59.958405976Z","message":"  route: '/api/studio/status'","level":"error"}
{"message":"}","timestamp":"2026-09-06T06:33:59.958408616Z","level":"error"}
{"level":"error","message":"[ops] {","timestamp":"2026-09-06T06:34:00.008194605Z"}
{"timestamp":"2026-09-06T06:34:00.008198785Z","level":"error","message":"  event: 'security.app_check_rejected',"}
{"message":"  ts: '2026-09-06T06:34:00.003Z',","timestamp":"2026-09-06T06:34:00.008201995Z","level":"error"}
{"message":"  reason: 'missing_token',","timestamp":"2026-09-06T06:34:00.008204815Z","level":"error"}
{"level":"error","message":"  mode: 'monitor',","timestamp":"2026-09-06T06:34:00.008207525Z"}
{"level":"error","timestamp":"2026-09-06T06:34:00.008210725Z","message":"  route: '/api/studio/mcp/status'"}
{"level":"error","timestamp":"2026-09-06T06:34:00.008213225Z","message":"}"}
{"message":"[ops] {","timestamp":"2026-09-06T06:34:00.008215725Z","level":"error"}
{"level":"error","timestamp":"2026-09-06T06:34:00.008218805Z","message":"  event: 'security.app_check_rejected',"}
{"level":"error","timestamp":"2026-09-06T06:34:00.008221655Z","message":"  ts: '2026-09-06T06:34:00.005Z',"}
{"level":"error","message":"  reason: 'missing_token',","timestamp":"2026-09-06T06:34:00.008224315Z"}
{"message":"  mode: 'monitor',","level":"error","timestamp":"2026-09-06T06:34:00.008227195Z"}
{"timestamp":"2026-09-06T06:34:00.008230155Z","message":"  route: '/api/project-bindings/proj_e237b4d5b7634cf2a503723f3f8beff7'","level":"error"}
{"level":"error","message":"}","timestamp":"2026-09-06T06:34:00.008233095Z"}
{"timestamp":"2026-09-06T06:34:00.012154614Z","message":"[ops] {","level":"error"}
{"timestamp":"2026-09-06T06:34:00.012158894Z","message":"  event: 'security.app_check_rejected',","level":"error"}
{"message":"  ts: '2026-09-06T06:34:00.010Z',","timestamp":"2026-09-06T06:34:00.012161934Z","level":"error"}
{"level":"error","message":"  reason: 'missing_token',","timestamp":"2026-09-06T06:34:00.012166454Z"}
{"message":"  mode: 'monitor',","timestamp":"2026-09-06T06:34:00.012169274Z","level":"error"}
{"level":"error","timestamp":"2026-09-06T06:34:00.012172264Z","message":"  route: '/api/roblox/oauth/status'"}
{"message":"}","timestamp":"2026-09-06T06:34:00.012175194Z","level":"error"}
{"message":"[ops] {","timestamp":"2026-09-06T06:34:00.016182583Z","level":"info"}
{"message":"  event: 'http_request',","level":"info","timestamp":"2026-09-06T06:34:00.016188063Z"}
{"message":"  ts: '2026-09-06T06:34:00.013Z',","level":"info","timestamp":"2026-09-06T06:34:00.016192832Z"}
{"message":"  requestId: 'c6c79d99-89c6-417c-890f-adf2c3849214',","timestamp":"2026-09-06T06:34:00.016230302Z","level":"info"}
{"message":"  method: 'GET',","level":"info","timestamp":"2026-09-06T06:34:00.016233562Z"}
{"level":"info","timestamp":"2026-09-06T06:34:00.016237542Z","message":"  route: '/api/roblox/oauth/status',"}
{"timestamp":"2026-09-06T06:34:00.016241402Z","level":"info","message":"  status: 200,"}
{"message":"  durationMs: 3","level":"info","timestamp":"2026-09-06T06:34:00.016244812Z"}
{"message":"}","timestamp":"2026-09-06T06:34:00.016284601Z","level":"info"}
{"timestamp":"2026-09-06T06:34:00.022436472Z","level":"info","message":"[ops] {"}
{"level":"info","message":"  event: 'http_request',","timestamp":"2026-09-06T06:34:00.022445322Z"}
{"message":"  ts: '2026-09-06T06:34:00.020Z',","level":"info","timestamp":"2026-09-06T06:34:00.022450452Z"}
{"message":"  requestId: '90f3e470-7c86-4cf0-b536-f89ab3be90ad',","level":"info","timestamp":"2026-09-06T06:34:00.022455702Z"}
{"message":"  method: 'GET',","timestamp":"2026-09-06T06:34:00.022460912Z","level":"info"}
{"level":"info","message":"  route: '/api/studio/status',","timestamp":"2026-09-06T06:34:00.022465862Z"}
{"message":"  status: 200,","timestamp":"2026-09-06T06:34:00.022470552Z","level":"info"}
{"level":"info","message":"  durationMs: 65","timestamp":"2026-09-06T06:34:00.022475652Z"}
{"level":"info","message":"}","timestamp":"2026-09-06T06:34:00.022483311Z"}
{"message":"[ops] {","timestamp":"2026-09-06T06:34:00.022488821Z","level":"info"}
{"message":"  event: 'http_request',","level":"info","timestamp":"2026-09-06T06:34:00.022493411Z"}
{"timestamp":"2026-09-06T06:34:00.022498561Z","message":"  ts: '2026-09-06T06:34:00.020Z',","level":"info"}
{"timestamp":"2026-09-06T06:34:00.022503581Z","message":"  requestId: 'f03d16aa-ab70-4458-8a95-63bfb8e6e333',","level":"info"}
{"level":"info","message":"  method: 'GET',","timestamp":"2026-09-06T06:34:00.022510171Z"}
{"message":"  route: '/api/studio/status',","timestamp":"2026-09-06T06:34:00.022515301Z","level":"info"}
{"level":"info","message":"  status: 200,","timestamp":"2026-09-06T06:34:00.022521821Z"}
{"timestamp":"2026-09-06T06:34:00.022527121Z","message":"  durationMs: 691","level":"info"}
{"message":"}","timestamp":"2026-09-06T06:34:00.022532051Z","level":"info"}
{"message":"project_resolution {","timestamp":"2026-09-06T06:34:00.075167503Z","level":"info"}
{"level":"info","timestamp":"2026-09-06T06:34:00.075171873Z","message":"  requestId: '863dc7f3-5ba8-4872-98a0-dc1b9bbd8bcd',"}
{"timestamp":"2026-09-06T06:34:00.075180053Z","message":"  userHash: '61523b905e6d4bfa',","level":"info"}
{"timestamp":"2026-09-06T06:34:00.075184853Z","level":"info","message":"  projectHash: '345b955d3c8c9e83',"}
{"level":"info","message":"  resolutionState: 'ready',","timestamp":"2026-09-06T06:34:00.075191243Z"}
{"level":"info","message":"  failureCode: null","timestamp":"2026-09-06T06:34:00.075195253Z"}
{"level":"info","message":"}","timestamp":"2026-09-06T06:34:00.075200253Z"}
{"timestamp":"2026-09-06T06:34:00.075204613Z","message":"[ops] {","level":"info"}
{"message":"  event: 'http_request',","level":"info","timestamp":"2026-09-06T06:34:00.075208873Z"}
{"timestamp":"2026-09-06T06:34:00.075213223Z","level":"info","message":"  ts: '2026-09-06T06:34:00.071Z',"}
{"level":"info","message":"  requestId: '863dc7f3-5ba8-4872-98a0-dc1b9bbd8bcd',","timestamp":"2026-09-06T06:34:00.075217863Z"}
{"message":"  method: 'GET',","level":"info","timestamp":"2026-09-06T06:34:00.075223712Z"}
{"message":"  route: '/api/project-bindings/:projectId',","timestamp":"2026-09-06T06:34:00.075227242Z","level":"info"}
{"message":"  status: 200,","timestamp":"2026-09-06T06:34:00.075231652Z","level":"info"}
{"message":"  durationMs: 66","timestamp":"2026-09-06T06:34:00.075234702Z","level":"info"}
{"message":"}","level":"info","timestamp":"2026-09-06T06:34:00.075239162Z"}
{"timestamp":"2026-09-06T06:34:00.366217785Z","message":"  status: 204,","level":"info"}
{"message":"[ops] {","timestamp":"2026-09-06T06:34:00.366230975Z","level":"info"}
{"timestamp":"2026-09-06T06:34:00.366235965Z","level":"info","message":"  event: 'http_request',"}
{"level":"info","message":"  durationMs: 0","timestamp":"2026-09-06T06:34:00.366244995Z"}
{"timestamp":"2026-09-06T06:34:00.366245045Z","level":"info","message":"[ops] {"}
{"timestamp":"2026-09-06T06:34:00.366249415Z","level":"info","message":"  event: 'http_request',"}
{"timestamp":"2026-09-06T06:34:00.366257045Z","message":"  ts: '2026-09-06T06:34:00.225Z',","level":"info"}
{"level":"info","message":"  durationMs: 0","timestamp":"2026-09-06T06:34:00.366258924Z"}
{"message":"  requestId: '95e603bc-a598-474d-9fc9-974d5c17b290',","timestamp":"2026-09-06T06:34:00.366267394Z","level":"info"}
{"level":"info","message":"}","timestamp":"2026-09-06T06:34:00.366267534Z"}
{"timestamp":"2026-09-06T06:34:00.366272994Z","level":"info","message":"  route: '/api/v2/agents/active',"}
{"timestamp":"2026-09-06T06:34:00.366274884Z","message":"  ts: '2026-09-06T06:34:00.220Z',","level":"info"}
{"message":"  method: 'OPTIONS',","timestamp":"2026-09-06T06:34:00.366280614Z","level":"info"}
{"message":"  route: '/api/:id',","level":"info","timestamp":"2026-09-06T06:34:00.366286664Z"}
{"message":"  requestId: '158346db-ee4e-4f7b-8fa7-9a2a95d51e18',","timestamp":"2026-09-06T06:34:00.366291124Z","level":"info"}
{"level":"info","message":"  method: 'OPTIONS',","timestamp":"2026-09-06T06:34:00.366292334Z"}
{"timestamp":"2026-09-06T06:34:00.366296694Z","level":"info","message":"[ops] {"}
{"message":"  status: 204,","level":"info","timestamp":"2026-09-06T06:34:00.366297734Z"}
{"timestamp":"2026-09-06T06:34:00.366301174Z","message":"  method: 'OPTIONS',","level":"info"}
{"timestamp":"2026-09-06T06:34:00.366308564Z","message":"  event: 'http_request',","level":"info"}
{"level":"info","timestamp":"2026-09-06T06:34:00.366309304Z","message":"  route: '/api/onboarding',"}
{"level":"info","timestamp":"2026-09-06T06:34:00.366314044Z","message":"}"}
{"timestamp":"2026-09-06T06:34:00.366315924Z","level":"info","message":"  status: 204,"}
{"level":"info","timestamp":"2026-09-06T06:34:00.366318314Z","message":"  requestId: '5293f8f0-2cb4-406e-acac-f1c5e557b69b',"}
{"timestamp":"2026-09-06T06:34:00.366319804Z","message":"  ts: '2026-09-06T06:34:00.229Z',","level":"info"}
{"message":"  ts: '2026-09-06T06:34:00.226Z',","level":"info","timestamp":"2026-09-06T06:34:00.366324614Z"}
{"level":"info","timestamp":"2026-09-06T06:34:00.366324734Z","message":"[ops] {"}
{"level":"info","message":"  durationMs: 0","timestamp":"2026-09-06T06:34:00.366334044Z"}
{"timestamp":"2026-09-06T06:34:00.366334064Z","level":"info","message":"  event: 'http_request',"}
{"message":"  requestId: '0c166593-bb96-450a-b2cb-740497598355',","timestamp":"2026-09-06T06:34:00.366337473Z","level":"info"}
{"message":"}","level":"info","timestamp":"2026-09-06T06:34:00.366341233Z"}
{"message":"  route: '/api/:id',","timestamp":"2026-09-06T06:34:00.366819347Z","level":"info"}
{"timestamp":"2026-09-06T06:34:00.366827197Z","level":"info","message":"  status: 204,"}
{"timestamp":"2026-09-06T06:34:00.366835597Z","level":"info","message":"}"}
{"level":"info","timestamp":"2026-09-06T06:34:00.366837617Z","message":"  durationMs: 0"}
{"timestamp":"2026-09-06T06:34:00.366839337Z","level":"info","message":"  durationMs: 0"}
{"message":"[ops] {","level":"info","timestamp":"2026-09-06T06:34:00.366848267Z"}
{"timestamp":"2026-09-06T06:34:00.366848867Z","message":"}","level":"info"}
{"message":"  event: 'http_request',","timestamp":"2026-09-06T06:34:00.366866887Z","level":"info"}
{"message":"  ts: '2026-09-06T06:34:00.243Z',","timestamp":"2026-09-06T06:34:00.366872157Z","level":"info"}
{"timestamp":"2026-09-06T06:34:00.366878267Z","level":"info","message":"[ops] {"}
{"level":"info","message":"  requestId: 'c764cfc0-58ec-4be4-94c9-a7fcd47774c9',","timestamp":"2026-09-06T06:34:00.366883676Z"}
{"timestamp":"2026-09-06T06:34:00.366887816Z","message":"  event: 'http_request',","level":"info"}
{"level":"info","message":"  method: 'OPTIONS',","timestamp":"2026-09-06T06:34:00.366892606Z"}
{"timestamp":"2026-09-06T06:34:00.366899716Z","message":"  ts: '2026-09-06T06:34:00.231Z',","level":"info"}
{"message":"  route: '/api/projects/:id/assets',","timestamp":"2026-09-06T06:34:00.366901616Z","level":"info"}
{"timestamp":"2026-09-06T06:34:00.366910566Z","level":"info","message":"  requestId: '90a5a5cd-85c8-4022-adff-5ffbc126439c',"}
{"level":"info","timestamp":"2026-09-06T06:34:00.366910916Z","message":"  status: 204,"}
{"message":"  method: 'OPTIONS',","level":"info","timestamp":"2026-09-06T06:34:00.366917956Z"}
{"message":"  method: 'OPTIONS',","level":"info","timestamp":"2026-09-06T06:34:00.366920126Z"}
{"message":"  route: '/api/user/teams',","timestamp":"2026-09-06T06:34:00.366925456Z","level":"info"}
{"message":"  status: 204,","timestamp":"2026-09-06T06:34:00.366929746Z","level":"info"}
{"message":"  durationMs: 0","timestamp":"2026-09-06T06:34:00.366934346Z","level":"info"}
{"timestamp":"2026-09-06T06:34:00.366939086Z","message":"}","level":"info"}
{"level":"info","message":"[ops] {","timestamp":"2026-09-06T06:34:00.366944866Z"}
{"message":"  event: 'http_request',","timestamp":"2026-09-06T06:34:00.366950076Z","level":"info"}
{"timestamp":"2026-09-06T06:34:00.366955376Z","message":"  ts: '2026-09-06T06:34:00.232Z',","level":"info"}
{"level":"info","message":"  requestId: '68910467-e55e-4ff0-a5df-7def710c6cba',","timestamp":"2026-09-06T06:34:00.366960235Z"}
{"timestamp":"2026-09-06T06:34:00.366964365Z","level":"info","message":"  method: 'OPTIONS',"}
{"timestamp":"2026-09-06T06:34:00.366968765Z","level":"info","message":"  route: '/api/studio/manifest/status',"}
{"timestamp":"2026-09-06T06:34:00.366973475Z","message":"  status: 204,","level":"info"}
{"level":"info","message":"  durationMs: 0","timestamp":"2026-09-06T06:34:00.366978215Z"}
{"timestamp":"2026-09-06T06:34:00.368212569Z","level":"info","message":"}"}
{"timestamp":"2026-09-06T06:34:00.387658799Z","message":"[ops] {","level":"error"}
{"timestamp":"2026-09-06T06:34:00.387662429Z","level":"error","message":"  event: 'security.app_check_rejected',"}
{"timestamp":"2026-09-06T06:34:00.387666809Z","message":"  ts: '2026-09-06T06:34:00.384Z',","level":"error"}
{"message":"  reason: 'missing_token',","timestamp":"2026-09-06T06:34:00.387671149Z","level":"error"}
{"message":"  mode: 'monitor',","timestamp":"2026-09-06T06:34:00.387674479Z","level":"error"}
{"timestamp":"2026-09-06T06:34:00.387678439Z","message":"  route: '/api/v2/agents/active'","level":"error"}
{"timestamp":"2026-09-06T06:34:00.387682799Z","message":"}","level":"error"}
{"timestamp":"2026-09-06T06:34:00.397307555Z","level":"error","message":"[ops] {"}
{"timestamp":"2026-09-06T06:34:00.397311845Z","message":"  event: 'security.app_check_rejected',","level":"error"}
{"timestamp":"2026-09-06T06:34:00.397316675Z","level":"error","message":"  ts: '2026-09-06T06:34:00.394Z',"}
{"timestamp":"2026-09-06T06:34:00.397320675Z","message":"  reason: 'missing_token',","level":"error"}
{"timestamp":"2026-09-06T06:34:00.397324605Z","level":"error","message":"  mode: 'monitor',"}
{"message":"  route: '/api/project-bindings'","level":"error","timestamp":"2026-09-06T06:34:00.397328514Z"}
{"timestamp":"2026-09-06T06:34:00.397332204Z","level":"error","message":"}"}
{"message":"[ops] {","level":"error","timestamp":"2026-09-06T06:34:00.402622376Z"}
{"message":"  event: 'security.app_check_rejected',","timestamp":"2026-09-06T06:34:00.402628186Z","level":"error"}
{"level":"error","message":"  ts: '2026-09-06T06:34:00.400Z',","timestamp":"2026-09-06T06:34:00.402633516Z"}
{"timestamp":"2026-09-06T06:34:00.402638706Z","level":"error","message":"  reason: 'missing_token',"}
{"message":"  mode: 'monitor',","timestamp":"2026-09-06T06:34:00.402643676Z","level":"error"}
{"message":"  route: '/api/user/teams'","timestamp":"2026-09-06T06:34:00.402647866Z","level":"error"}
{"timestamp":"2026-09-06T06:34:00.402652536Z","message":"}","level":"error"}
{"level":"info","timestamp":"2026-09-06T06:34:00.402656766Z","message":"[ops] {"}
{"timestamp":"2026-09-06T06:34:00.402660696Z","level":"info","message":"  event: 'http_request',"}
{"timestamp":"2026-09-06T06:34:00.402664766Z","level":"info","message":"  ts: '2026-09-06T06:34:00.401Z',"}
{"message":"  requestId: '49b37c81-0eb2-438c-8d73-f79d118414b6',","timestamp":"2026-09-06T06:34:00.402668386Z","level":"info"}
{"message":"  method: 'GET',","timestamp":"2026-09-06T06:34:00.402673286Z","level":"info"}
{"message":"  route: '/api/user/teams',","level":"info","timestamp":"2026-09-06T06:34:00.402676956Z"}
{"timestamp":"2026-09-06T06:34:00.402680736Z","level":"info","message":"  status: 200,"}
{"timestamp":"2026-09-06T06:34:00.402685136Z","level":"info","message":"  durationMs: 1"}
{"timestamp":"2026-09-06T06:34:00.402688215Z","level":"info","message":"}"}
{"message":"[ops] {","timestamp":"2026-09-06T06:34:00.404250385Z","level":"error"}
{"level":"error","message":"  event: 'security.app_check_rejected',","timestamp":"2026-09-06T06:34:00.404257565Z"}
{"level":"error","message":"  ts: '2026-09-06T06:34:00.403Z',","timestamp":"2026-09-06T06:34:00.404261885Z"}
{"timestamp":"2026-09-06T06:34:00.404266245Z","level":"error","message":"  reason: 'missing_token',"}
{"level":"error","timestamp":"2026-09-06T06:34:00.404270375Z","message":"  mode: 'monitor',"}
{"timestamp":"2026-09-06T06:34:00.404274155Z","message":"  route: '/api/project-bindings'","level":"error"}
{"timestamp":"2026-09-06T06:34:00.404279205Z","message":"}","level":"error"}
{"message":"[ops] {","level":"error","timestamp":"2026-09-06T06:34:00.407895718Z"}
{"level":"error","timestamp":"2026-09-06T06:34:00.407902358Z","message":"  event: 'security.app_check_rejected',"}
{"message":"  ts: '2026-09-06T06:34:00.405Z',","timestamp":"2026-09-06T06:34:00.407906218Z","level":"error"}
{"message":"  reason: 'missing_token',","level":"error","timestamp":"2026-09-06T06:34:00.407909398Z"}
{"timestamp":"2026-09-06T06:34:00.407912338Z","level":"error","message":"  mode: 'monitor',"}
{"message":"  route: '/api/onboarding'","timestamp":"2026-09-06T06:34:00.407916078Z","level":"error"}
{"message":"}","timestamp":"2026-09-06T06:34:00.407920118Z","level":"error"}
{"level":"error","message":"[ops] {","timestamp":"2026-09-06T06:34:00.411473582Z"}
{"message":"  event: 'security.app_check_rejected',","timestamp":"2026-09-06T06:34:00.411484302Z","level":"error"}
{"message":"  ts: '2026-09-06T06:34:00.410Z',","timestamp":"2026-09-06T06:34:00.411490562Z","level":"error"}
{"level":"error","message":"  reason: 'missing_token',","timestamp":"2026-09-06T06:34:00.411495742Z"}
{"timestamp":"2026-09-06T06:34:00.411499442Z","message":"  mode: 'monitor',","level":"error"}
{"level":"error","message":"  route: '/api/projects/5f2cf251-81c2-4b17-a8eb-c182336aa0db/assets'","timestamp":"2026-09-06T06:34:00.411504042Z"}
{"timestamp":"2026-09-06T06:34:00.411508112Z","level":"error","message":"}"}
{"message":"[ops] {","timestamp":"2026-09-06T06:34:00.414538703Z","level":"error"}
{"level":"error","timestamp":"2026-09-06T06:34:00.414542973Z","message":"  event: 'security.app_check_rejected',"}
{"message":"  ts: '2026-09-06T06:34:00.413Z',","timestamp":"2026-09-06T06:34:00.414546713Z","level":"error"}
{"level":"error","message":"  reason: 'missing_token',","timestamp":"2026-09-06T06:34:00.414551013Z"}
{"timestamp":"2026-09-06T06:34:00.414555053Z","level":"error","message":"  mode: 'monitor',"}
{"message":"  route: '/api/studio/manifest/status'","level":"error","timestamp":"2026-09-06T06:34:00.414558993Z"}
{"level":"error","message":"}","timestamp":"2026-09-06T06:34:00.414563053Z"}
{"level":"info","message":"[ops] {","timestamp":"2026-09-06T06:34:00.439400933Z"}
{"message":"  event: 'http_request',","timestamp":"2026-09-06T06:34:00.439408623Z","level":"info"}
{"level":"info","message":"  ts: '2026-09-06T06:34:00.437Z',","timestamp":"2026-09-06T06:34:00.439414523Z"}
{"timestamp":"2026-09-06T06:34:00.439419273Z","level":"info","message":"  requestId: '952f9896-af4f-40a1-92f6-7febcd9228cd',"}
{"message":"  method: 'GET',","level":"info","timestamp":"2026-09-06T06:34:00.439424312Z"}
{"level":"info","timestamp":"2026-09-06T06:34:00.439429422Z","message":"  route: '/api/v2/agents/active',"}
{"timestamp":"2026-09-06T06:34:00.439435432Z","level":"info","message":"  status: 200,"}
{"message":"  durationMs: 53","timestamp":"2026-09-06T06:34:00.439439882Z","level":"info"}
{"timestamp":"2026-09-06T06:34:00.439445032Z","message":"}","level":"info"}
{"message":"[ops] {","timestamp":"2026-09-06T06:34:00.467032437Z","level":"info"}
{"message":"  event: 'http_request',","level":"info","timestamp":"2026-09-06T06:34:00.467040077Z"}
{"message":"  ts: '2026-09-06T06:34:00.465Z',","level":"info","timestamp":"2026-09-06T06:34:00.467044577Z"}
{"timestamp":"2026-09-06T06:34:00.467048517Z","level":"info","message":"  requestId: '5c875334-f5b0-4547-9089-e83e3037597e',"}
{"level":"info","message":"  method: 'GET',","timestamp":"2026-09-06T06:34:00.467051917Z"}
{"level":"info","message":"  route: '/api/onboarding/',","timestamp":"2026-09-06T06:34:00.467055347Z"}
{"message":"  status: 200,","level":"info","timestamp":"2026-09-06T06:34:00.467058537Z"}
{"level":"info","message":"  durationMs: 59","timestamp":"2026-09-06T06:34:00.467062207Z"}
{"level":"info","timestamp":"2026-09-06T06:34:00.467065237Z","message":"}"}
{"message":"[ops] {","timestamp":"2026-09-06T06:34:00.478151714Z","level":"info"}
{"message":"  event: 'http_request',","level":"info","timestamp":"2026-09-06T06:34:00.478156654Z"}
{"timestamp":"2026-09-06T06:34:00.478161284Z","level":"info","message":"  ts: '2026-09-06T06:34:00.476Z',"}
{"timestamp":"2026-09-06T06:34:00.478165994Z","message":"  requestId: '98ea663b-fa37-4382-a8b2-a7a8019a17e6',","level":"info"}
{"level":"info","timestamp":"2026-09-06T06:34:00.478170074Z","message":"  method: 'GET',"}
{"timestamp":"2026-09-06T06:34:00.478174434Z","level":"info","message":"  route: '/api/project-bindings/',"}
{"level":"info","message":"  status: 200,","timestamp":"2026-09-06T06:34:00.478179454Z"}
{"message":"  durationMs: 82","timestamp":"2026-09-06T06:34:00.478183753Z","level":"info"}
{"timestamp":"2026-09-06T06:34:00.478188283Z","level":"info","message":"}"}
{"level":"info","message":"[ops] {","timestamp":"2026-09-06T06:34:00.479472917Z"}
{"timestamp":"2026-09-06T06:34:00.479479227Z","level":"info","message":"  event: 'http_request',"}
{"level":"info","message":"  ts: '2026-09-06T06:34:00.477Z',","timestamp":"2026-09-06T06:34:00.479484447Z"}
{"timestamp":"2026-09-06T06:34:00.479489627Z","message":"  requestId: '86bf4276-daae-4c4e-ba3d-ea90b006f73c',","level":"info"}
{"level":"info","timestamp":"2026-09-06T06:34:00.479493727Z","message":"  method: 'GET',"}
{"level":"info","timestamp":"2026-09-06T06:34:00.479497667Z","message":"  route: '/api/project-bindings/',"}
{"message":"  status: 200,","level":"info","timestamp":"2026-09-06T06:34:00.479500947Z"}
{"level":"info","timestamp":"2026-09-06T06:34:00.479505406Z","message":"  durationMs: 74"}
{"level":"info","timestamp":"2026-09-06T06:34:00.479509366Z","message":"}"}
{"timestamp":"2026-09-06T06:34:00.547733158Z","level":"info","message":"[ops] {"}
{"level":"info","message":"  event: 'http_request',","timestamp":"2026-09-06T06:34:00.547737538Z"}
{"level":"info","message":"  ts: '2026-09-06T06:34:00.546Z',","timestamp":"2026-09-06T06:34:00.547741128Z"}
{"message":"  requestId: 'b02a8004-0f1c-4ba4-8810-ff3e55c07db4',","timestamp":"2026-09-06T06:34:00.547744688Z","level":"info"}
{"timestamp":"2026-09-06T06:34:00.547748308Z","level":"info","message":"  method: 'GET',"}
{"message":"  route: '/api/studio/manifest/status',","timestamp":"2026-09-06T06:34:00.547751518Z","level":"info"}
{"message":"  status: 200,","timestamp":"2026-09-06T06:34:00.547755168Z","level":"info"}
{"timestamp":"2026-09-06T06:34:00.547758388Z","message":"  durationMs: 133","level":"info"}
{"timestamp":"2026-09-06T06:34:00.547761808Z","level":"info","message":"}"}
{"level":"info","timestamp":"2026-09-06T06:34:00.561126076Z","message":"[ops] {"}
{"message":"  event: 'studio.command_polled',","level":"info","timestamp":"2026-09-06T06:34:00.561131216Z"}
{"level":"info","message":"  ts: '2026-09-06T06:34:00.559Z',","timestamp":"2026-09-06T06:34:00.561133896Z"}
{"timestamp":"2026-09-06T06:34:00.561136655Z","level":"info","message":"  requestId: '81944430-9764-49f4-aaed-d85a70b6b077',"}
{"timestamp":"2026-09-06T06:34:00.561139305Z","message":"  sessionId: 'MLq8J3mhz56J6BRsAeQe',","level":"info"}
{"timestamp":"2026-09-06T06:34:00.561142235Z","level":"info","message":"  status: 'empty'"}
{"timestamp":"2026-09-06T06:34:00.561145135Z","message":"}","level":"info"}
{"level":"info","timestamp":"2026-09-06T06:34:00.561147805Z","message":"[ops] {"}
{"timestamp":"2026-09-06T06:34:00.561150125Z","level":"info","message":"  event: 'http_request',"}
{"message":"  ts: '2026-09-06T06:34:00.559Z',","timestamp":"2026-09-06T06:34:00.561152995Z","level":"info"}
{"message":"  requestId: '81944430-9764-49f4-aaed-d85a70b6b077',","timestamp":"2026-09-06T06:34:00.561155475Z","level":"info"}
{"timestamp":"2026-09-06T06:34:00.561158415Z","message":"  method: 'GET',","level":"info"}
{"timestamp":"2026-09-06T06:34:00.561161075Z","level":"info","message":"  route: '/api/studio/commands/next',"}
{"message":"  status: 204,","timestamp":"2026-09-06T06:34:00.561163395Z","level":"info"}
{"level":"info","timestamp":"2026-09-06T06:34:00.561165925Z","message":"  durationMs: 24054"}
{"message":"}","level":"info","timestamp":"2026-09-06T06:34:00.561168575Z"}
{"level":"info","message":"[ops] {","timestamp":"2026-09-06T06:34:00.566569096Z"}
{"level":"info","message":"  event: 'http_request',","timestamp":"2026-09-06T06:34:00.566573405Z"}
{"message":"  ts: '2026-09-06T06:34:00.564Z',","level":"info","timestamp":"2026-09-06T06:34:00.566576595Z"}
{"timestamp":"2026-09-06T06:34:00.566580255Z","level":"info","message":"  requestId: '9cabf4bc-d35d-41d4-8c5e-5a3ab75519ed',"}
{"level":"info","message":"  method: 'GET',","timestamp":"2026-09-06T06:34:00.566584125Z"}
{"message":"  route: '/api/studio/mcp/status',","timestamp":"2026-09-06T06:34:00.566588575Z","level":"info"}
{"level":"info","timestamp":"2026-09-06T06:34:00.566592815Z","message":"  status: 200,"}
{"level":"info","timestamp":"2026-09-06T06:34:00.566596755Z","message":"  durationMs: 561"}
{"timestamp":"2026-09-06T06:34:00.566600315Z","level":"info","message":"}"}
{"level":"info","timestamp":"2026-09-06T06:34:00.714045166Z","message":"[ops] {"}
{"timestamp":"2026-09-06T06:34:00.714051536Z","level":"info","message":"  event: 'http_request',"}
{"timestamp":"2026-09-06T06:34:00.714057706Z","level":"info","message":"  ts: '2026-09-06T06:34:00.712Z',"}
{"message":"  requestId: 'c30c1513-2e4e-41b1-a368-b80caf33df5f',","level":"info","timestamp":"2026-09-06T06:34:00.714061566Z"}
{"message":"  method: 'OPTIONS',","level":"info","timestamp":"2026-09-06T06:34:00.714065116Z"}
{"timestamp":"2026-09-06T06:34:00.714068676Z","level":"info","message":"  route: '/api/studio/manifest',"}
{"level":"info","message":"  status: 204,","timestamp":"2026-09-06T06:34:00.714072256Z"}
{"timestamp":"2026-09-06T06:34:00.714076326Z","level":"info","message":"  durationMs: 1"}
{"timestamp":"2026-09-06T06:34:00.714079186Z","level":"info","message":"}"}
{"timestamp":"2026-09-06T06:34:00.744465775Z","level":"info","message":"[ops] {"}
{"message":"  event: 'http_request',","level":"info","timestamp":"2026-09-06T06:34:00.744472315Z"}
{"timestamp":"2026-09-06T06:34:00.744476855Z","level":"info","message":"  ts: '2026-09-06T06:34:00.739Z',"}
{"level":"info","timestamp":"2026-09-06T06:34:00.744480904Z","message":"  requestId: '03746357-b8e6-4687-8193-5a5d0e5b4009',"}
{"message":"  method: 'GET',","timestamp":"2026-09-06T06:34:00.744485564Z","level":"info"}
{"message":"  route: '/api/projects/:projectId/assets',","timestamp":"2026-09-06T06:34:00.744489374Z","level":"info"}
{"level":"info","message":"  status: 200,","timestamp":"2026-09-06T06:34:00.744492734Z"}
{"level":"info","timestamp":"2026-09-06T06:34:00.744496214Z","message":"  durationMs: 329"}
{"timestamp":"2026-09-06T06:34:00.744499664Z","level":"info","message":"}"}
{"level":"info","message":"  route: '/api/:id',","timestamp":"2026-09-06T06:34:00.788150912Z"}
{"timestamp":"2026-09-06T06:34:00.788160822Z","message":"  status: 204,","level":"info"}
{"level":"info","message":"  durationMs: 0","timestamp":"2026-09-06T06:34:00.788165032Z"}
{"level":"info","message":"}","timestamp":"2026-09-06T06:34:00.788169002Z"}
{"level":"info","timestamp":"2026-09-06T06:34:00.788172662Z","message":"[ops] {"}
{"timestamp":"2026-09-06T06:34:00.788176562Z","level":"info","message":"  event: 'http_request',"}
{"message":"  ts: '2026-09-06T06:34:00.770Z',","timestamp":"2026-09-06T06:34:00.788179912Z","level":"info"}
{"level":"info","message":"  requestId: 'c379394d-fee8-415c-8c2f-b4d36754ea6f',","timestamp":"2026-09-06T06:34:00.788183462Z"}
{"timestamp":"2026-09-06T06:34:00.788186932Z","message":"  method: 'OPTIONS',","level":"info"}
{"level":"info","message":"  route: '/api/studio/manifest/status',","timestamp":"2026-09-06T06:34:00.788192262Z"}
{"message":"  status: 204,","timestamp":"2026-09-06T06:34:00.788195722Z","level":"info"}
{"level":"info","timestamp":"2026-09-06T06:34:00.788198842Z","message":"  durationMs: 0"}
{"message":"}","timestamp":"2026-09-06T06:34:00.788202082Z","level":"info"}
{"timestamp":"2026-09-06T06:34:00.788212961Z","level":"info","message":"[ops] {"}
{"message":"  event: 'http_request',","timestamp":"2026-09-06T06:34:00.788215491Z","level":"info"}
{"level":"info","message":"  ts: '2026-09-06T06:34:00.770Z',","timestamp":"2026-09-06T06:34:00.788218031Z"}
{"message":"  requestId: 'e2846304-0864-4f7c-8ed5-6bc67359edc4',","level":"info","timestamp":"2026-09-06T06:34:00.788220691Z"}
{"timestamp":"2026-09-06T06:34:00.788223441Z","message":"  method: 'OPTIONS',","level":"info"}
{"level":"error","timestamp":"2026-09-06T06:34:00.882206961Z","message":"[ops] {"}
{"message":"  event: 'security.app_check_rejected',","level":"error","timestamp":"2026-09-06T06:34:00.882212711Z"}
{"level":"error","message":"  ts: '2026-09-06T06:34:00.875Z',","timestamp":"2026-09-06T06:34:00.882215481Z"}
{"timestamp":"2026-09-06T06:34:00.882218301Z","message":"  reason: 'missing_token',","level":"error"}
{"timestamp":"2026-09-06T06:34:00.882221161Z","message":"  mode: 'monitor',","level":"error"}
{"level":"error","message":"  route: '/api/studio/manifest'","timestamp":"2026-09-06T06:34:00.882223761Z"}
{"message":"}","timestamp":"2026-09-06T06:34:00.882228101Z","level":"error"}
{"timestamp":"2026-09-06T06:34:00.934111523Z","message":"[ops] {","level":"error"}
{"message":"  event: 'security.app_check_rejected',","timestamp":"2026-09-06T06:34:00.934115513Z","level":"error"}
{"level":"error","timestamp":"2026-09-06T06:34:00.934118122Z","message":"  ts: '2026-09-06T06:34:00.933Z',"}
{"level":"error","message":"  reason: 'missing_token',","timestamp":"2026-09-06T06:34:00.934121772Z"}
{"timestamp":"2026-09-06T06:34:00.934124472Z","level":"error","message":"  mode: 'monitor',"}
{"timestamp":"2026-09-06T06:34:00.934127162Z","level":"error","message":"  route: '/api/project-bindings'"}
{"timestamp":"2026-09-06T06:34:00.934129722Z","message":"}","level":"error"}
{"message":"[ops] {","timestamp":"2026-09-06T06:34:00.943600610Z","level":"error"}
{"message":"  event: 'security.app_check_rejected',","timestamp":"2026-09-06T06:34:00.943603810Z","level":"error"}
{"message":"  ts: '2026-09-06T06:34:00.942Z',","timestamp":"2026-09-06T06:34:00.943606460Z","level":"error"}
{"timestamp":"2026-09-06T06:34:00.943608730Z","level":"error","message":"  reason: 'missing_token',"}
{"message":"  mode: 'monitor',","timestamp":"2026-09-06T06:34:00.943611680Z","level":"error"}
{"message":"  route: '/api/studio/manifest/status'","level":"error","timestamp":"2026-09-06T06:34:00.943613970Z"}
{"timestamp":"2026-09-06T06:34:00.943616350Z","message":"}","level":"error"}
{"timestamp":"2026-09-06T06:34:01.007618616Z","message":"}","level":"info"}
{"timestamp":"2026-09-06T06:34:01.007627076Z","level":"info","message":"[ops] {"}
{"message":"  event: 'http_request',","level":"info","timestamp":"2026-09-06T06:34:01.007633656Z"}
{"message":"  ts: '2026-09-06T06:34:01.005Z',","timestamp":"2026-09-06T06:34:01.007639216Z","level":"info"}
{"level":"info","message":"  requestId: '66094532-7543-4f5f-9ea6-faeea9079c30',","timestamp":"2026-09-06T06:34:01.007643526Z"}
{"level":"info","message":"  method: 'GET',","timestamp":"2026-09-06T06:34:01.007647316Z"}
{"message":"  route: '/api/project-bindings/',","timestamp":"2026-09-06T06:34:01.007652816Z","level":"info"}
{"timestamp":"2026-09-06T06:34:01.007657076Z","message":"  status: 200,","level":"info"}
{"level":"info","message":"  durationMs: 73","timestamp":"2026-09-06T06:34:01.007660566Z"}
{"timestamp":"2026-09-06T06:34:01.051364383Z","level":"info","message":"[ops] {"}
{"level":"info","timestamp":"2026-09-06T06:34:01.051371563Z","message":"  event: 'http_request',"}
{"timestamp":"2026-09-06T06:34:01.051375693Z","level":"info","message":"  ts: '2026-09-06T06:34:01.049Z',"}
{"timestamp":"2026-09-06T06:34:01.051378893Z","message":"  requestId: '1c0f429e-7838-4372-94fe-32210a504b98',","level":"info"}
{"timestamp":"2026-09-06T06:34:01.051381733Z","level":"info","message":"  method: 'GET',"}
{"timestamp":"2026-09-06T06:34:01.051385043Z","message":"  route: '/api/studio/manifest/status',","level":"info"}
{"level":"info","message":"  status: 200,","timestamp":"2026-09-06T06:34:01.051388033Z"}
{"level":"info","message":"  durationMs: 108","timestamp":"2026-09-06T06:34:01.051390913Z"}
{"message":"}","timestamp":"2026-09-06T06:34:01.051393953Z","level":"info"}
{"timestamp":"2026-09-06T06:34:01.347003686Z","level":"info","message":"[ops] {"}
{"message":"  event: 'http_request',","timestamp":"2026-09-06T06:34:01.347008436Z","level":"info"}
{"message":"  ts: '2026-09-06T06:34:01.151Z',","level":"info","timestamp":"2026-09-06T06:34:01.347013276Z"}
{"timestamp":"2026-09-06T06:34:01.347018096Z","level":"info","message":"  requestId: 'bcead3fa-4454-4cd9-b13e-2834f02b715f',"}
{"level":"info","message":"  method: 'GET',","timestamp":"2026-09-06T06:34:01.347022975Z"}
{"level":"info","timestamp":"2026-09-06T06:34:01.347027415Z","message":"  route: '/api/studio/manifest',"}
{"timestamp":"2026-09-06T06:34:01.347033405Z","message":"  status: 200,","level":"info"}
{"message":"  durationMs: 276","timestamp":"2026-09-06T06:34:01.347038435Z","level":"info"}
{"message":"}","timestamp":"2026-09-06T06:34:01.347043845Z","level":"info"}
{"level":"info","timestamp":"2026-09-06T06:34:01.347048845Z","message":"[ops] {"}
{"message":"  event: 'http_request',","timestamp":"2026-09-06T06:34:01.347054365Z","level":"info"}
{"message":"  ts: '2026-09-06T06:34:01.343Z',","timestamp":"2026-09-06T06:34:01.347059605Z","level":"info"}
{"timestamp":"2026-09-06T06:34:01.347064945Z","message":"  requestId: 'a56802c5-59df-4024-897f-52ef0a240864',","level":"info"}
{"timestamp":"2026-09-06T06:34:01.347069865Z","level":"info","message":"  method: 'OPTIONS',"}
{"level":"info","message":"  route: '/api/studio/manifest',","timestamp":"2026-09-06T06:34:01.347074535Z"}
{"message":"  status: 204,","level":"info","timestamp":"2026-09-06T06:34:01.347078955Z"}
{"level":"info","message":"  durationMs: 0","timestamp":"2026-09-06T06:34:01.347083725Z"}
{"message":"}","level":"info","timestamp":"2026-09-06T06:34:01.347089225Z"}
{"timestamp":"2026-09-06T06:34:01.521956283Z","level":"error","message":"[ops] {"}
{"timestamp":"2026-09-06T06:34:01.521965503Z","level":"error","message":"  event: 'security.app_check_rejected',"}
{"message":"  ts: '2026-09-06T06:34:01.519Z',","timestamp":"2026-09-06T06:34:01.521971603Z","level":"error"}
{"message":"  reason: 'missing_token',","level":"error","timestamp":"2026-09-06T06:34:01.521976633Z"}
{"timestamp":"2026-09-06T06:34:01.521981483Z","level":"error","message":"  mode: 'monitor',"}
{"timestamp":"2026-09-06T06:34:01.521986503Z","message":"  route: '/api/studio/manifest'","level":"error"}
{"message":"}","level":"error","timestamp":"2026-09-06T06:34:01.521991343Z"}
{"level":"info","message":"[ops] {","timestamp":"2026-09-06T06:34:01.807776343Z"}
{"message":"  event: 'http_request',","timestamp":"2026-09-06T06:34:01.807781023Z","level":"info"}
{"timestamp":"2026-09-06T06:34:01.807784213Z","message":"  ts: '2026-09-06T06:34:01.806Z',","level":"info"}
{"timestamp":"2026-09-06T06:34:01.807786613Z","message":"  requestId: '67a94b12-77dd-4c00-af08-7ceef796d944',","level":"info"}
{"message":"  method: 'GET',","timestamp":"2026-09-06T06:34:01.807789173Z","level":"info"}
{"timestamp":"2026-09-06T06:34:01.807793403Z","message":"  route: '/api/studio/manifest',","level":"info"}
{"message":"  status: 200,","level":"info","timestamp":"2026-09-06T06:34:01.807796403Z"}
{"timestamp":"2026-09-06T06:34:01.807799193Z","level":"info","message":"  durationMs: 286"}
{"level":"info","timestamp":"2026-09-06T06:34:01.807801543Z","message":"}"}
{"message":"[ops] {","timestamp":"2026-09-06T06:34:01.849431466Z","level":"info"}
{"level":"info","message":"  event: 'http_request',","timestamp":"2026-09-06T06:34:01.849437036Z"}
{"message":"  ts: '2026-09-06T06:34:01.847Z',","level":"info","timestamp":"2026-09-06T06:34:01.849441186Z"}
{"level":"info","timestamp":"2026-09-06T06:34:01.849445726Z","message":"  requestId: '14547267-a68f-4d1f-9a48-11953780f7ea',"}
{"timestamp":"2026-09-06T06:34:01.849449276Z","level":"info","message":"  method: 'POST',"}
{"level":"info","timestamp":"2026-09-06T06:34:01.849458186Z","message":"  route: '/api/studio/mcp/session/ping',"}
{"level":"info","message":"  status: 200,","timestamp":"2026-09-06T06:34:01.849462486Z"}
{"level":"info","message":"  durationMs: 332","timestamp":"2026-09-06T06:34:01.849465616Z"}
{"message":"}","level":"info","timestamp":"2026-09-06T06:34:01.849469626Z"}
{"level":"info","timestamp":"2026-09-06T06:34:02.309719479Z","message":"[ops] {"}
{"timestamp":"2026-09-06T06:34:02.309724159Z","level":"info","message":"  event: 'http_request',"}
{"level":"info","message":"  ts: '2026-09-06T06:34:02.135Z',","timestamp":"2026-09-06T06:34:02.309730559Z"}
{"timestamp":"2026-09-06T06:34:02.309735809Z","message":"  requestId: '0753bf95-b769-49e0-9f61-46553fa1619e',","level":"info"}
{"message":"  method: 'OPTIONS',","timestamp":"2026-09-06T06:34:02.309740819Z","level":"info"}
{"message":"  route: '/api/v2/events',","timestamp":"2026-09-06T06:34:02.309745749Z","level":"info"}
{"message":"  status: 204,","level":"info","timestamp":"2026-09-06T06:34:02.309750079Z"}
{"message":"  durationMs: 0","timestamp":"2026-09-06T06:34:02.309754299Z","level":"info"}
{"timestamp":"2026-09-06T06:34:02.309758399Z","level":"info","message":"}"}
{"timestamp":"2026-09-06T06:34:02.309764368Z","level":"error","message":"[ops] {"}
{"timestamp":"2026-09-06T06:34:02.309771688Z","message":"  event: 'security.app_check_rejected',","level":"error"}
{"timestamp":"2026-09-06T06:34:02.309777158Z","level":"error","message":"  ts: '2026-09-06T06:34:02.301Z',"}
{"timestamp":"2026-09-06T06:34:02.309782818Z","level":"error","message":"  reason: 'missing_token',"}
{"message":"  mode: 'monitor',","level":"error","timestamp":"2026-09-06T06:34:02.309787408Z"}
{"message":"  route: '/api/v2/events'","timestamp":"2026-09-06T06:34:02.309791478Z","level":"error"}
{"message":"}","timestamp":"2026-09-06T06:34:02.309796028Z","level":"error"}
{"message":"[ops] {","timestamp":"2026-09-06T06:34:02.865746529Z","level":"info"}
{"level":"info","message":"  event: 'http_request',","timestamp":"2026-09-06T06:34:02.865749529Z"}
{"message":"  ts: '2026-09-06T06:34:02.864Z',","level":"info","timestamp":"2026-09-06T06:34:02.865752749Z"}
{"timestamp":"2026-09-06T06:34:02.865755639Z","level":"info","message":"  requestId: 'a386f5dc-625e-4646-9286-9e6cda69d50d',"}
{"message":"  method: 'GET',","timestamp":"2026-09-06T06:34:02.865759089Z","level":"info"}
{"message":"  route: '/api/v2/events',","timestamp":"2026-09-06T06:34:02.865761919Z","level":"info"}
{"message":"  status: 200,","timestamp":"2026-09-06T06:34:02.865764899Z","level":"info"}
{"timestamp":"2026-09-06T06:34:02.865768409Z","message":"  durationMs: 563","level":"info"}
{"message":"}","timestamp":"2026-09-06T06:34:02.865771829Z","level":"info"}
{"message":"  status: 204,","level":"info","timestamp":"2026-09-06T06:34:03.403526354Z"}
{"timestamp":"2026-09-06T06:34:03.403528674Z","level":"info","message":"[ops] {"}
{"message":"  durationMs: 1","timestamp":"2026-09-06T06:34:03.403532104Z","level":"info"}
{"message":"  event: 'http_request',","timestamp":"2026-09-06T06:34:03.403533054Z","level":"info"}
{"message":"}","timestamp":"2026-09-06T06:34:03.403535534Z","level":"info"}
{"message":"  ts: '2026-09-06T06:34:03.402Z',","timestamp":"2026-09-06T06:34:03.403537034Z","level":"info"}
{"level":"info","message":"  requestId: 'b82dadb0-a895-45a4-b908-f5532c21c9a0',","timestamp":"2026-09-06T06:34:03.403540193Z"}
{"timestamp":"2026-09-06T06:34:03.403543663Z","level":"info","message":"  method: 'OPTIONS',"}
{"timestamp":"2026-09-06T06:34:03.403547003Z","level":"info","message":"  route: '/api/v2/events',"}
{"level":"error","timestamp":"2026-09-06T06:34:03.576821352Z","message":"[ops] {"}
{"timestamp":"2026-09-06T06:34:03.576829602Z","message":"  event: 'security.app_check_rejected',","level":"error"}
{"level":"error","message":"  ts: '2026-09-06T06:34:03.576Z',","timestamp":"2026-09-06T06:34:03.576834592Z"}
{"timestamp":"2026-09-06T06:34:03.576838812Z","level":"error","message":"  reason: 'missing_token',"}
{"timestamp":"2026-09-06T06:34:03.576842982Z","level":"error","message":"  mode: 'monitor',"}
{"level":"error","message":"  route: '/api/v2/events'","timestamp":"2026-09-06T06:34:03.576846962Z"}
{"message":"}","timestamp":"2026-09-06T06:34:03.576850472Z","level":"error"}
{"message":"  durationMs: 583","level":"info","timestamp":"2026-09-06T06:34:04.350972363Z"}
{"message":"}","timestamp":"2026-09-06T06:34:04.350982403Z","level":"info"}
{"message":"[ops] {","timestamp":"2026-09-06T06:34:04.351047272Z","level":"info"}
{"message":"  event: 'http_request',","timestamp":"2026-09-06T06:34:04.351051312Z","level":"info"}
{"message":"  ts: '2026-09-06T06:34:04.158Z',","timestamp":"2026-09-06T06:34:04.351054752Z","level":"info"}
{"message":"  requestId: 'c0784dc9-ea23-4995-9c98-52f9aa14d570',","level":"info","timestamp":"2026-09-06T06:34:04.351057902Z"}
{"level":"info","timestamp":"2026-09-06T06:34:04.351061082Z","message":"  method: 'GET',"}
{"message":"  route: '/api/v2/events',","timestamp":"2026-09-06T06:34:04.351064282Z","level":"info"}
{"timestamp":"2026-09-06T06:34:04.351067132Z","message":"  status: 200,","level":"info"}
{"message":"[ops] {","level":"info","timestamp":"2026-09-06T06:34:04.646466478Z"}
{"level":"info","timestamp":"2026-09-06T06:34:04.646472388Z","message":"  event: 'http_request',"}
{"level":"info","timestamp":"2026-09-06T06:34:04.646475978Z","message":"  ts: '2026-09-06T06:34:04.645Z',"}
{"timestamp":"2026-09-06T06:34:04.646478628Z","message":"  requestId: 'a1e1de08-3f98-428b-888d-ef455313f693',","level":"info"}
{"level":"info","timestamp":"2026-09-06T06:34:04.646481378Z","message":"  method: 'OPTIONS',"}
{"message":"  route: '/api/v2/events',","timestamp":"2026-09-06T06:34:04.646484138Z","level":"info"}
{"message":"  status: 204,","level":"info","timestamp":"2026-09-06T06:34:04.646486918Z"}
{"timestamp":"2026-09-06T06:34:04.646490228Z","level":"info","message":"  durationMs: 0"}
{"timestamp":"2026-09-06T06:34:04.646492648Z","level":"info","message":"}"}
{"message":"[ops] {","timestamp":"2026-09-06T06:34:04.809356141Z","level":"error"}
{"timestamp":"2026-09-06T06:34:04.809362590Z","message":"  event: 'security.app_check_rejected',","level":"error"}
{"message":"  ts: '2026-09-06T06:34:04.808Z',","timestamp":"2026-09-06T06:34:04.809366920Z","level":"error"}
{"timestamp":"2026-09-06T06:34:04.809371280Z","level":"error","message":"  reason: 'missing_token',"}
{"level":"error","message":"  mode: 'monitor',","timestamp":"2026-09-06T06:34:04.809374590Z"}
{"level":"error","message":"  route: '/api/v2/events'","timestamp":"2026-09-06T06:34:04.809378440Z"}
{"timestamp":"2026-09-06T06:34:04.809382150Z","message":"}","level":"error"}
{"message":"[ops] {","timestamp":"2026-09-06T06:34:05.396271683Z","level":"info"}
{"message":"  event: 'http_request',","timestamp":"2026-09-06T06:34:05.396276063Z","level":"info"}
{"level":"info","timestamp":"2026-09-06T06:34:05.396278833Z","message":"  ts: '2026-09-06T06:34:05.395Z',"}
{"level":"info","message":"  requestId: '138db227-19d9-4209-937b-4ee165b1f46b',","timestamp":"2026-09-06T06:34:05.396286713Z"}
{"message":"  method: 'OPTIONS',","timestamp":"2026-09-06T06:34:05.396289373Z","level":"info"}
{"timestamp":"2026-09-06T06:34:05.396292153Z","message":"  route: '/api/v2/events',","level":"info"}
{"message":"  status: 204,","timestamp":"2026-09-06T06:34:05.396294573Z","level":"info"}
{"level":"info","timestamp":"2026-09-06T06:34:05.396297113Z","message":"  durationMs: 1"}
{"timestamp":"2026-09-06T06:34:05.396299653Z","level":"info","message":"}"}
{"level":"info","timestamp":"2026-09-06T06:34:05.442380949Z","message":"[ops] {"}
{"level":"info","message":"  route: '/api/studio/session/ping',","timestamp":"2026-09-06T06:34:05.442381299Z"}
{"timestamp":"2026-09-06T06:34:05.442387669Z","message":"  status: 200,","level":"info"}
{"level":"info","timestamp":"2026-09-06T06:34:05.442389909Z","message":"  event: 'http_request',"}
{"level":"info","message":"  sessionId: 'MLq8J3mhz56J6BRsAeQe',","timestamp":"2026-09-06T06:34:05.442392249Z"}
{"level":"info","timestamp":"2026-09-06T06:34:05.442392669Z","message":"  durationMs: 666"}
{"message":"  ts: '2026-09-06T06:34:05.437Z',","level":"info","timestamp":"2026-09-06T06:34:05.442394149Z"}
{"message":"  requestId: '6d1213ae-68b4-4087-ac3d-3dab7936fd2e',","level":"info","timestamp":"2026-09-06T06:34:05.442397459Z"}
{"message":"  userId: '0VSQotqOXxPXBLeQu1gUNkXELWH3',","timestamp":"2026-09-06T06:34:05.442400169Z","level":"info"}
{"message":"  method: 'GET',","timestamp":"2026-09-06T06:34:05.442400569Z","level":"info"}
{"timestamp":"2026-09-06T06:34:05.442403869Z","level":"info","message":"  status: 'compatible',"}
{"timestamp":"2026-09-06T06:34:05.442406539Z","level":"info","message":"  reasonCodes: [],"}
{"level":"info","timestamp":"2026-09-06T06:34:05.442409079Z","message":"  route: '/api/v2/events',"}
{"timestamp":"2026-09-06T06:34:05.442409419Z","message":"  buildId: 'nexusrbx-studio-0.14.0-r15-animation.12-toolbox',","level":"info"}
{"level":"info","timestamp":"2026-09-06T06:34:05.442411969Z","message":"  status: 200,"}
{"timestamp":"2026-09-06T06:34:05.442412979Z","message":"  attestationWritten: false,","level":"info"}
{"message":"  durationMs: 629","timestamp":"2026-09-06T06:34:05.442414939Z","level":"info"}
{"timestamp":"2026-09-06T06:34:05.442416229Z","message":"  repairDurationMs: 608","level":"info"}
{"timestamp":"2026-09-06T06:34:05.442417579Z","level":"info","message":"}"}
{"message":"}","timestamp":"2026-09-06T06:34:05.442419179Z","level":"info"}
{"timestamp":"2026-09-06T06:34:05.442420269Z","message":"[ops] {","level":"info"}
{"message":"[ops] {","level":"info","timestamp":"2026-09-06T06:34:05.442421669Z"}
{"message":"  event: 'studio.plugin_compatibility_handshake',","level":"info","timestamp":"2026-09-06T06:34:05.442424829Z"}
{"level":"info","message":"  event: 'http_request',","timestamp":"2026-09-06T06:34:05.442424919Z"}
{"level":"info","message":"  ts: '2026-09-06T06:34:05.441Z',","timestamp":"2026-09-06T06:34:05.442427878Z"}
{"message":"  ts: '2026-09-06T06:34:05.440Z',","level":"info","timestamp":"2026-09-06T06:34:05.442428218Z"}
{"message":"  requestId: '8d904bcc-8f1f-4a9d-90c8-e5e47f1b28bf',","timestamp":"2026-09-06T06:34:05.442430758Z","level":"info"}
{"message":"  requestId: '8d904bcc-8f1f-4a9d-90c8-e5e47f1b28bf',","timestamp":"2026-09-06T06:34:05.442430798Z","level":"info"}
{"level":"info","message":"  method: 'POST',","timestamp":"2026-09-06T06:34:05.442433738Z"}
{"timestamp":"2026-09-06T06:34:05.443482085Z","level":"info","message":"}"}
{"message":"[ops] {","timestamp":"2026-09-06T06:34:05.569654580Z","level":"error"}
{"message":"  event: 'security.app_check_rejected',","timestamp":"2026-09-06T06:34:05.569659140Z","level":"error"}
{"timestamp":"2026-09-06T06:34:05.569663840Z","message":"  ts: '2026-09-06T06:34:05.567Z',","level":"error"}
{"level":"error","message":"  reason: 'missing_token',","timestamp":"2026-09-06T06:34:05.569666830Z"}
{"timestamp":"2026-09-06T06:34:05.569669470Z","level":"error","message":"  mode: 'monitor',"}
{"level":"error","message":"  route: '/api/v2/events'","timestamp":"2026-09-06T06:34:05.569673240Z"}
{"timestamp":"2026-09-06T06:34:05.569677060Z","level":"error","message":"}"}
{"level":"error","timestamp":"2026-09-06T06:34:05.684660279Z","message":"  ts: '2026-09-06T06:34:05.682Z',"}
{"timestamp":"2026-09-06T06:34:05.684667959Z","level":"error","message":"  reason: 'missing_token',"}
{"message":"  mode: 'monitor',","level":"error","timestamp":"2026-09-06T06:34:05.684672999Z"}
{"message":"  route: '/api/studio/chat/bootstrap'","timestamp":"2026-09-06T06:34:05.684677249Z","level":"error"}
{"timestamp":"2026-09-06T06:34:05.684680719Z","level":"error","message":"}"}
{"timestamp":"2026-09-06T06:34:05.684720469Z","level":"error","message":"[ops] {"}
{"level":"error","timestamp":"2026-09-06T06:34:05.684723059Z","message":"  event: 'security.app_check_rejected',"}
{"level":"info","timestamp":"2026-09-06T06:34:06.302693351Z","message":"  durationMs: 583"}
{"timestamp":"2026-09-06T06:34:06.302709601Z","message":"}","level":"info"}
{"timestamp":"2026-09-06T06:34:06.302717641Z","message":"[ops] {","level":"info"}
{"level":"info","message":"  event: 'http_request',","timestamp":"2026-09-06T06:34:06.302721950Z"}
{"message":"  ts: '2026-09-06T06:34:06.270Z',","timestamp":"2026-09-06T06:34:06.302729280Z","level":"info"}
{"timestamp":"2026-09-06T06:34:06.302733470Z","message":"  requestId: '93519b9a-f27d-43a1-a54c-fda379e69f72',","level":"info"}
{"level":"info","message":"  method: 'GET',","timestamp":"2026-09-06T06:34:06.302738280Z"}
{"message":"  route: '/api/studio/chat/bootstrap',","timestamp":"2026-09-06T06:34:06.302750250Z","level":"info"}
{"level":"info","timestamp":"2026-09-06T06:34:06.302753920Z","message":"  status: 200,"}
{"level":"info","timestamp":"2026-09-06T06:34:06.302760390Z","message":"  durationMs: 589"}
{"level":"info","timestamp":"2026-09-06T06:34:06.302764980Z","message":"}"}
{"timestamp":"2026-09-06T06:34:06.302873729Z","message":"[ops] {","level":"info"}
{"level":"info","message":"  event: 'http_request',","timestamp":"2026-09-06T06:34:06.302877448Z"}
{"timestamp":"2026-09-06T06:34:06.302880928Z","message":"  ts: '2026-09-06T06:34:06.150Z',","level":"info"}
{"level":"info","message":"  requestId: '7de8014f-3849-4b5e-94de-d211aaba8ca7',","timestamp":"2026-09-06T06:34:06.302884758Z"}
{"message":"  method: 'GET',","timestamp":"2026-09-06T06:34:06.302887898Z","level":"info"}
{"timestamp":"2026-09-06T06:34:06.302891218Z","level":"info","message":"  route: '/api/v2/events',"}
{"level":"info","message":"  status: 200,","timestamp":"2026-09-06T06:34:06.302895088Z"}
{"message":"  route: '/api/v2/events'","timestamp":"2026-09-06T06:34:07.361665623Z","level":"error"}
{"level":"error","timestamp":"2026-09-06T06:34:07.361675193Z","message":"}"}
{"message":"  route: '/api/v2/events',","level":"info","timestamp":"2026-09-06T06:34:07.361697463Z"}
{"timestamp":"2026-09-06T06:34:07.361711853Z","level":"info","message":"  status: 204,"}
{"message":"  durationMs: 0","timestamp":"2026-09-06T06:34:07.361718943Z","level":"info"}
{"timestamp":"2026-09-06T06:34:07.361723293Z","message":"}","level":"info"}
{"level":"error","timestamp":"2026-09-06T06:34:07.361727663Z","message":"[ops] {"}
{"message":"  event: 'security.app_check_rejected',","timestamp":"2026-09-06T06:34:07.361732083Z","level":"error"}
{"level":"error","timestamp":"2026-09-06T06:34:07.361739013Z","message":"  ts: '2026-09-06T06:34:07.330Z',"}
{"timestamp":"2026-09-06T06:34:07.361745792Z","level":"error","message":"  reason: 'missing_token',"}
{"timestamp":"2026-09-06T06:34:07.361749892Z","message":"  mode: 'monitor',","level":"error"}
{"timestamp":"2026-09-06T06:34:07.361754472Z","message":"[ops] {","level":"info"}
{"message":"  event: 'http_request',","timestamp":"2026-09-06T06:34:07.361758272Z","level":"info"}
{"level":"info","message":"  ts: '2026-09-06T06:34:07.143Z',","timestamp":"2026-09-06T06:34:07.361761832Z"}
{"timestamp":"2026-09-06T06:34:07.361765882Z","level":"info","message":"  requestId: '63000dfb-aadc-4bf0-9eaa-be11554a9403',"}
{"message":"  method: 'OPTIONS',","timestamp":"2026-09-06T06:34:07.361770412Z","level":"info"}
{"message":"[ops] {","timestamp":"2026-09-06T06:34:07.746804144Z","level":"info"}
{"message":"  event: 'http_request',","level":"info","timestamp":"2026-09-06T06:34:07.746808634Z"}
{"message":"  ts: '2026-09-06T06:34:07.745Z',","level":"info","timestamp":"2026-09-06T06:34:07.746812184Z"}
{"timestamp":"2026-09-06T06:34:07.746816224Z","message":"  requestId: '75f83462-5086-4b8a-a2b5-0f02bdbc4e2f',","level":"info"}
{"level":"info","timestamp":"2026-09-06T06:34:07.746819564Z","message":"  method: 'OPTIONS',"}
{"level":"info","timestamp":"2026-09-06T06:34:07.746823024Z","message":"  route: '/api/:id',"}
{"message":"  status: 204,","level":"info","timestamp":"2026-09-06T06:34:07.746826664Z"}
{"message":"  durationMs: 0","timestamp":"2026-09-06T06:34:07.746829904Z","level":"info"}
{"message":"}","timestamp":"2026-09-06T06:34:07.746833444Z","level":"info"}
{"message":"[ops] {","level":"error","timestamp":"2026-09-06T06:34:07.920020263Z"}
{"level":"error","message":"  event: 'security.app_check_rejected',","timestamp":"2026-09-06T06:34:07.920041433Z"}
{"message":"  ts: '2026-09-06T06:34:07.917Z',","level":"error","timestamp":"2026-09-06T06:34:07.920045843Z"}
{"level":"error","timestamp":"2026-09-06T06:34:07.920058383Z","message":"  reason: 'missing_token',"}
{"message":"  mode: 'monitor',","timestamp":"2026-09-06T06:34:07.920062653Z","level":"error"}
{"message":"  route: '/api/project-bindings'","timestamp":"2026-09-06T06:34:07.920066563Z","level":"error"}
{"timestamp":"2026-09-06T06:34:07.920073153Z","message":"}","level":"error"}
{"level":"info","message":"[ops] {","timestamp":"2026-09-06T06:34:07.973238188Z"}
{"timestamp":"2026-09-06T06:34:07.973242978Z","message":"  event: 'http_request',","level":"info"}
{"level":"info","timestamp":"2026-09-06T06:34:07.973245738Z","message":"  ts: '2026-09-06T06:34:07.970Z',"}
{"message":"  requestId: 'ad61a8e3-bc11-48a3-acbe-0941b800cf65',","timestamp":"2026-09-06T06:34:07.973248338Z","level":"info"}
{"message":"  method: 'GET',","timestamp":"2026-09-06T06:34:07.973251098Z","level":"info"}
{"level":"info","message":"  route: '/api/v2/events',","timestamp":"2026-09-06T06:34:07.973253918Z"}
{"timestamp":"2026-09-06T06:34:07.973256658Z","level":"info","message":"  status: 200,"}
{"message":"  durationMs: 641","timestamp":"2026-09-06T06:34:07.973259178Z","level":"info"}
{"message":"}","timestamp":"2026-09-06T06:34:07.973261668Z","level":"info"}
{"level":"info","message":"[ops] {","timestamp":"2026-09-06T06:34:08.001735271Z"}
{"level":"info","message":"  event: 'http_request',","timestamp":"2026-09-06T06:34:08.001745441Z"}
{"timestamp":"2026-09-06T06:34:08.001749751Z","level":"info","message":"  ts: '2026-09-06T06:34:07.999Z',"}
{"timestamp":"2026-09-06T06:34:08.001753491Z","level":"info","message":"  requestId: 'f82c8b7c-aecb-44d6-ac3d-af624766f548',"}
{"message":"  method: 'GET',","level":"info","timestamp":"2026-09-06T06:34:08.001757241Z"}
{"level":"info","message":"  route: '/api/project-bindings/',","timestamp":"2026-09-06T06:34:08.001761041Z"}
{"timestamp":"2026-09-06T06:34:08.001765171Z","level":"info","message":"  status: 200,"}
{"message":"  durationMs: 83","level":"info","timestamp":"2026-09-06T06:34:08.001768851Z"}
{"level":"info","message":"}","timestamp":"2026-09-06T06:34:08.001772071Z"}
{"timestamp":"2026-09-06T06:34:08.404138889Z","level":"info","message":"[ops] {"}
{"timestamp":"2026-09-06T06:34:08.404147929Z","level":"info","message":"  event: 'http_request',"}
{"timestamp":"2026-09-06T06:34:08.404153309Z","level":"info","message":"  ts: '2026-09-06T06:34:08.403Z',"}
{"message":"  requestId: '3c28d69e-cee1-4d45-ac0a-7e1e8f502046',","timestamp":"2026-09-06T06:34:08.404158339Z","level":"info"}
{"timestamp":"2026-09-06T06:34:08.404162929Z","level":"info","message":"  method: 'OPTIONS',"}
{"timestamp":"2026-09-06T06:34:08.404167959Z","level":"info","message":"  route: '/api/v2/events',"}
{"message":"  status: 204,","timestamp":"2026-09-06T06:34:08.404176369Z","level":"info"}
{"message":"  durationMs: 1","timestamp":"2026-09-06T06:34:08.404181469Z","level":"info"}
{"level":"info","message":"}","timestamp":"2026-09-06T06:34:08.404186749Z"}
{"message":"[ops] {","level":"error","timestamp":"2026-09-06T06:34:08.655702950Z"}
{"message":"  event: 'security.app_check_rejected',","level":"error","timestamp":"2026-09-06T06:34:08.655709280Z"}
{"message":"  ts: '2026-09-06T06:34:08.653Z',","timestamp":"2026-09-06T06:34:08.655713160Z","level":"error"}
{"timestamp":"2026-09-06T06:34:08.655717709Z","level":"error","message":"  reason: 'missing_token',"}
{"message":"  mode: 'monitor',","timestamp":"2026-09-06T06:34:08.655721299Z","level":"error"}
{"level":"error","message":"  route: '/api/v2/events'","timestamp":"2026-09-06T06:34:08.655725059Z"}
{"level":"error","message":"}","timestamp":"2026-09-06T06:34:08.655729099Z"}
{"message":"[ops] {","level":"info","timestamp":"2026-09-06T06:34:09.326241265Z"}
{"timestamp":"2026-09-06T06:34:09.326246245Z","message":"  event: 'http_request',","level":"info"}
{"timestamp":"2026-09-06T06:34:09.326249985Z","level":"info","message":"  ts: '2026-09-06T06:34:09.282Z',"}
{"message":"  requestId: '7cdfde88-b31d-46b5-a6e7-554f89d261d6',","timestamp":"2026-09-06T06:34:09.326254085Z","level":"info"}
{"message":"  method: 'GET',","timestamp":"2026-09-06T06:34:09.326258425Z","level":"info"}
{"level":"info","timestamp":"2026-09-06T06:34:09.326262795Z","message":"  route: '/api/v2/events',"}
{"message":"  status: 200,","timestamp":"2026-09-06T06:34:09.326267115Z","level":"info"}
{"message":"  durationMs: 629","timestamp":"2026-09-06T06:34:09.326271315Z","level":"info"}
{"timestamp":"2026-09-06T06:34:09.326276305Z","level":"info","message":"}"}
{"message":"[ops] {","timestamp":"2026-09-06T06:34:09.634261539Z","level":"info"}
{"message":"  event: 'http_request',","timestamp":"2026-09-06T06:34:09.634266909Z","level":"info"}
{"level":"info","message":"  ts: '2026-09-06T06:34:09.631Z',","timestamp":"2026-09-06T06:34:09.634271328Z"}
{"timestamp":"2026-09-06T06:34:09.634275248Z","message":"  requestId: '3436146c-1f6c-4bc7-9a96-2ce0e46fbf6a',","level":"info"}
{"level":"info","message":"  method: 'OPTIONS',","timestamp":"2026-09-06T06:34:09.634279218Z"}
{"message":"  route: '/api/v2/agents/active',","timestamp":"2026-09-06T06:34:09.634282708Z","level":"info"}
{"timestamp":"2026-09-06T06:34:09.634287008Z","message":"  status: 204,","level":"info"}
{"timestamp":"2026-09-06T06:34:09.634291388Z","level":"info","message":"  durationMs: 2"}
{"timestamp":"2026-09-06T06:34:09.634295238Z","level":"info","message":"}"}
{"message":"[ops] {","level":"info","timestamp":"2026-09-06T06:34:09.635110968Z"}
{"level":"info","message":"  event: 'http_request',","timestamp":"2026-09-06T06:34:09.635115028Z"}
{"message":"  ts: '2026-09-06T06:34:09.633Z',","level":"info","timestamp":"2026-09-06T06:34:09.635117878Z"}
{"level":"info","message":"  requestId: '3d42b4c5-bc9f-49c9-a422-9dc3b10fa962',","timestamp":"2026-09-06T06:34:09.635121148Z"}
{"timestamp":"2026-09-06T06:34:09.635124747Z","level":"info","message":"  method: 'OPTIONS',"}
{"timestamp":"2026-09-06T06:34:09.635127997Z","level":"info","message":"  route: '/api/v2/events',"}
{"timestamp":"2026-09-06T06:34:09.635130787Z","message":"  status: 204,","level":"info"}
{"level":"info","message":"  durationMs: 0","timestamp":"2026-09-06T06:34:09.635133297Z"}
{"timestamp":"2026-09-06T06:34:09.635135917Z","message":"}","level":"info"}
{"message":"  ts: '2026-09-06T06:34:09.792Z',","level":"error","timestamp":"2026-09-06T06:34:09.803755526Z"}
{"message":"  reason: 'missing_token',","timestamp":"2026-09-06T06:34:09.803761366Z","level":"error"}
{"timestamp":"2026-09-06T06:34:09.803765306Z","message":"  mode: 'monitor',","level":"error"}
{"level":"error","message":"  route: '/api/v2/agents/active'","timestamp":"2026-09-06T06:34:09.803769086Z"}
{"timestamp":"2026-09-06T06:34:09.803772696Z","message":"}","level":"error"}
{"level":"error","timestamp":"2026-09-06T06:34:09.803776686Z","message":"[ops] {"}
{"message":"[ops] {","timestamp":"2026-09-06T06:34:09.803777396Z","level":"error"}
{"message":"  event: 'security.app_check_rejected',","timestamp":"2026-09-06T06:34:09.803780526Z","level":"error"}
{"level":"error","message":"  event: 'security.app_check_rejected',","timestamp":"2026-09-06T06:34:09.803781876Z"}
{"level":"error","timestamp":"2026-09-06T06:34:09.803784446Z","message":"  ts: '2026-09-06T06:34:09.798Z',"}
{"level":"error","timestamp":"2026-09-06T06:34:09.803788095Z","message":"  reason: 'missing_token',"}
{"message":"  mode: 'monitor',","timestamp":"2026-09-06T06:34:09.803792005Z","level":"error"}
{"timestamp":"2026-09-06T06:34:09.803795265Z","level":"error","message":"  route: '/api/v2/events'"}
{"level":"error","message":"}","timestamp":"2026-09-06T06:34:09.803798265Z"}
{"timestamp":"2026-09-06T06:34:09.860879870Z","level":"info","message":"[ops] {"}
{"timestamp":"2026-09-06T06:34:09.860883590Z","level":"info","message":"  event: 'http_request',"}
{"level":"info","message":"  ts: '2026-09-06T06:34:09.858Z',","timestamp":"2026-09-06T06:34:09.860886540Z"}
{"message":"  requestId: '63312b68-be1e-4bfa-a0f6-8fa7ba11dde5',","timestamp":"2026-09-06T06:34:09.860889340Z","level":"info"}
{"timestamp":"2026-09-06T06:34:09.860892660Z","level":"info","message":"  method: 'GET',"}
{"timestamp":"2026-09-06T06:34:09.860895480Z","message":"  route: '/api/v2/agents/active',","level":"info"}
{"level":"info","message":"  status: 200,","timestamp":"2026-09-06T06:34:09.860898890Z"}
{"timestamp":"2026-09-06T06:34:09.860901520Z","level":"info","message":"  durationMs: 66"}
{"timestamp":"2026-09-06T06:34:09.860903880Z","message":"}","level":"info"}
{"message":"[ops] {","timestamp":"2026-09-06T06:34:10.394528528Z","level":"info"}
{"timestamp":"2026-09-06T06:34:10.394533948Z","level":"info","message":"  event: 'http_request',"}
{"level":"info","message":"  ts: '2026-09-06T06:34:10.393Z',","timestamp":"2026-09-06T06:34:10.394537138Z"}
{"level":"info","timestamp":"2026-09-06T06:34:10.394540008Z","message":"  requestId: 'f9f7fb66-f5bd-42e6-b7c2-ca1cdb3f6157',"}
{"timestamp":"2026-09-06T06:34:10.394542758Z","level":"info","message":"  method: 'GET',"}
{"message":"  route: '/api/v2/events',","timestamp":"2026-09-06T06:34:10.394545588Z","level":"info"}
{"timestamp":"2026-09-06T06:34:10.394549228Z","level":"info","message":"  status: 200,"}
{"message":"  durationMs: 595","timestamp":"2026-09-06T06:34:10.394551948Z","level":"info"}
{"message":"}","level":"info","timestamp":"2026-09-06T06:34:10.394556628Z"}
{"level":"info","timestamp":"2026-09-06T06:34:10.395542525Z","message":"[ops] {"}
{"level":"info","message":"  event: 'http_request',","timestamp":"2026-09-06T06:34:10.395546125Z"}
{"message":"  ts: '2026-09-06T06:34:10.394Z',","timestamp":"2026-09-06T06:34:10.395549665Z","level":"info"}
{"timestamp":"2026-09-06T06:34:10.395552925Z","message":"  requestId: '8b631aa7-9f33-413f-a404-7783358892f7',","level":"info"}
{"message":"  method: 'OPTIONS',","level":"info","timestamp":"2026-09-06T06:34:10.395556115Z"}
{"level":"info","timestamp":"2026-09-06T06:34:10.395558905Z","message":"  route: '/api/v2/agents/active',"}
{"timestamp":"2026-09-06T06:34:10.395561775Z","level":"info","message":"  status: 204,"}
{"message":"  durationMs: 0","timestamp":"2026-09-06T06:34:10.395564385Z","level":"info"}
{"message":"}","timestamp":"2026-09-06T06:34:10.395567095Z","level":"info"}
{"message":"[ops] {","timestamp":"2026-09-06T06:34:10.400786228Z","level":"info"}
{"message":"  event: 'http_request',","timestamp":"2026-09-06T06:34:10.400794558Z","level":"info"}
{"timestamp":"2026-09-06T06:34:10.400799838Z","level":"info","message":"  ts: '2026-09-06T06:34:10.399Z',"}
{"timestamp":"2026-09-06T06:34:10.400804828Z","message":"  requestId: 'f88c2794-ef10-4362-bd68-53647b93f9aa',","level":"info"}
{"message":"  method: 'OPTIONS',","timestamp":"2026-09-06T06:34:10.400810088Z","level":"info"}
{"message":"  route: '/api/v2/events',","timestamp":"2026-09-06T06:34:10.400814307Z","level":"info"}
{"message":"  status: 204,","timestamp":"2026-09-06T06:34:10.400818967Z","level":"info"}
{"message":"  durationMs: 0","level":"info","timestamp":"2026-09-06T06:34:10.400823627Z"}
{"message":"}","level":"info","timestamp":"2026-09-06T06:34:10.400829787Z"}
{"level":"error","timestamp":"2026-09-06T06:34:10.562142779Z","message":"[ops] {"}
{"timestamp":"2026-09-06T06:34:10.562149969Z","level":"error","message":"  event: 'security.app_check_rejected',"}
{"timestamp":"2026-09-06T06:34:10.562154849Z","message":"  ts: '2026-09-06T06:34:10.560Z',","level":"error"}
{"message":"  reason: 'missing_token',","timestamp":"2026-09-06T06:34:10.562158529Z","level":"error"}
{"message":"  mode: 'monitor',","timestamp":"2026-09-06T06:34:10.562163009Z","level":"error"}
{"timestamp":"2026-09-06T06:34:10.562166719Z","message":"  route: '/api/v2/agents/active'","level":"error"}
{"level":"error","timestamp":"2026-09-06T06:34:10.562170909Z","message":"}"}
{"level":"error","message":"[ops] {","timestamp":"2026-09-06T06:34:10.567348242Z"}
{"level":"error","timestamp":"2026-09-06T06:34:10.567360222Z","message":"  event: 'security.app_check_rejected',"}
{"message":"  ts: '2026-09-06T06:34:10.566Z',","timestamp":"2026-09-06T06:34:10.567367312Z","level":"error"}
{"level":"error","timestamp":"2026-09-06T06:34:10.567372552Z","message":"  reason: 'missing_token',"}
{"timestamp":"2026-09-06T06:34:10.567377662Z","message":"  mode: 'monitor',","level":"error"}
{"level":"error","message":"  route: '/api/v2/events'","timestamp":"2026-09-06T06:34:10.567383381Z"}
{"timestamp":"2026-09-06T06:34:10.567391011Z","message":"}","level":"error"}
{"message":"[ops] {","timestamp":"2026-09-06T06:34:10.627410029Z","level":"info"}
{"timestamp":"2026-09-06T06:34:10.627413339Z","level":"info","message":"  event: 'http_request',"}
{"message":"  ts: '2026-09-06T06:34:10.626Z',","timestamp":"2026-09-06T06:34:10.627415909Z","level":"info"}
{"level":"info","message":"  requestId: '72fe653b-0cdc-4313-9e6c-536da8864958',","timestamp":"2026-09-06T06:34:10.627418719Z"}
{"timestamp":"2026-09-06T06:34:10.627421678Z","message":"  method: 'GET',","level":"info"}
{"message":"  route: '/api/v2/agents/active',","timestamp":"2026-09-06T06:34:10.627425198Z","level":"info"}
{"level":"info","message":"  status: 200,","timestamp":"2026-09-06T06:34:10.627427958Z"}
{"level":"info","message":"  durationMs: 65","timestamp":"2026-09-06T06:34:10.627430788Z"}
{"timestamp":"2026-09-06T06:34:10.627435318Z","message":"}","level":"info"}
{"level":"info","message":"[ops] {","timestamp":"2026-09-06T06:34:11.133942676Z"}
{"timestamp":"2026-09-06T06:34:11.133947606Z","message":"  event: 'http_request',","level":"info"}
{"level":"info","timestamp":"2026-09-06T06:34:11.133950836Z","message":"  ts: '2026-09-06T06:34:11.132Z',"}
{"level":"info","timestamp":"2026-09-06T06:34:11.133953556Z","message":"  requestId: '5f9e7ae0-964c-429d-8dd2-162180de3e98',"}
{"timestamp":"2026-09-06T06:34:11.133956256Z","level":"info","message":"  method: 'GET',"}
{"level":"info","message":"  route: '/api/v2/events',","timestamp":"2026-09-06T06:34:11.133959176Z"}
{"timestamp":"2026-09-06T06:34:11.133961615Z","message":"  status: 200,","level":"info"}
{"message":"  durationMs: 566","timestamp":"2026-09-06T06:34:11.133964385Z","level":"info"}
{"message":"}","level":"info","timestamp":"2026-09-06T06:34:11.133967215Z"}
{"message":"[ops] {","level":"info","timestamp":"2026-09-06T06:34:12.343344542Z"}
{"level":"info","message":"  event: 'http_request',","timestamp":"2026-09-06T06:34:12.343351652Z"}
{"timestamp":"2026-09-06T06:34:12.343356591Z","level":"info","message":"  ts: '2026-09-06T06:34:12.144Z',"}
{"message":"  requestId: 'ebe507d4-89ef-425d-8e8d-be9dd5875d93',","level":"info","timestamp":"2026-09-06T06:34:12.343360901Z"}
{"level":"info","message":"  method: 'OPTIONS',","timestamp":"2026-09-06T06:34:12.343365071Z"}
{"message":"  route: '/api/v2/events',","level":"info","timestamp":"2026-09-06T06:34:12.343368831Z"}
{"message":"  status: 204,","timestamp":"2026-09-06T06:34:12.343372521Z","level":"info"}
{"timestamp":"2026-09-06T06:34:12.343377451Z","message":"  durationMs: 1","level":"info"}
{"timestamp":"2026-09-06T06:34:12.343381181Z","message":"}","level":"info"}
{"timestamp":"2026-09-06T06:34:12.343385961Z","level":"error","message":"[ops] {"}
{"timestamp":"2026-09-06T06:34:12.343389721Z","message":"  event: 'security.app_check_rejected',","level":"error"}
{"level":"error","message":"  ts: '2026-09-06T06:34:12.308Z',","timestamp":"2026-09-06T06:34:12.343393121Z"}
{"level":"error","message":"  reason: 'missing_token',","timestamp":"2026-09-06T06:34:12.343396671Z"}
{"level":"error","message":"  mode: 'monitor',","timestamp":"2026-09-06T06:34:12.343399571Z"}
{"level":"error","timestamp":"2026-09-06T06:34:12.343402781Z","message":"  route: '/api/v2/events'"}
{"message":"}","level":"error","timestamp":"2026-09-06T06:34:12.343406191Z"}
{"level":"info","timestamp":"2026-09-06T06:34:12.937185145Z","message":"[ops] {"}
{"timestamp":"2026-09-06T06:34:12.937190025Z","level":"info","message":"  event: 'http_request',"}
{"message":"  ts: '2026-09-06T06:34:12.936Z',","timestamp":"2026-09-06T06:34:12.937194765Z","level":"info"}
{"message":"  requestId: '45d131da-9341-460f-a7ee-8dfbf7f39629',","timestamp":"2026-09-06T06:34:12.937198054Z","level":"info"}
{"message":"  method: 'GET',","timestamp":"2026-09-06T06:34:12.937201584Z","level":"info"}
{"timestamp":"2026-09-06T06:34:12.937204834Z","level":"info","message":"  route: '/api/v2/events',"}
{"message":"  status: 200,","timestamp":"2026-09-06T06:34:12.937207964Z","level":"info"}
{"message":"  durationMs: 628","timestamp":"2026-09-06T06:34:12.937211344Z","level":"info"}
{"level":"info","timestamp":"2026-09-06T06:34:12.937214494Z","message":"}"}
{"level":"info","timestamp":"2026-09-06T06:34:13.401004912Z","message":"[ops] {"}
{"level":"info","message":"  event: 'http_request',","timestamp":"2026-09-06T06:34:13.401011092Z"}
{"timestamp":"2026-09-06T06:34:13.401015471Z","level":"info","message":"  ts: '2026-09-06T06:34:13.392Z',"}
{"level":"info","timestamp":"2026-09-06T06:34:13.401019261Z","message":"  requestId: 'df255f13-68df-43f4-bfac-5fa0e1b66e15',"}
{"level":"info","timestamp":"2026-09-06T06:34:13.401023341Z","message":"  method: 'OPTIONS',"}
{"message":"  route: '/api/v2/events',","timestamp":"2026-09-06T06:34:13.401027301Z","level":"info"}
{"timestamp":"2026-09-06T06:34:13.401031341Z","level":"info","message":"  status: 204,"}
{"timestamp":"2026-09-06T06:34:13.401034981Z","level":"info","message":"  durationMs: 0"}
{"timestamp":"2026-09-06T06:34:13.401039111Z","level":"info","message":"}"}
{"level":"error","message":"[ops] {","timestamp":"2026-09-06T06:34:13.560240031Z"}
{"message":"  event: 'security.app_check_rejected',","timestamp":"2026-09-06T06:34:13.560245061Z","level":"error"}
{"timestamp":"2026-09-06T06:34:13.560248851Z","level":"error","message":"  ts: '2026-09-06T06:34:13.558Z',"}
{"message":"  reason: 'missing_token',","timestamp":"2026-09-06T06:34:13.560251961Z","level":"error"}
{"level":"error","timestamp":"2026-09-06T06:34:13.560256001Z","message":"  mode: 'monitor',"}
{"level":"error","timestamp":"2026-09-06T06:34:13.560259351Z","message":"  route: '/api/v2/events'"}
{"timestamp":"2026-09-06T06:34:13.560262771Z","message":"}","level":"error"}
{"level":"info","timestamp":"2026-09-06T06:34:14.328425158Z","message":"[ops] {"}
{"message":"  event: 'http_request',","timestamp":"2026-09-06T06:34:14.328428278Z","level":"info"}
{"message":"  ts: '2026-09-06T06:34:14.159Z',","level":"info","timestamp":"2026-09-06T06:34:14.328432218Z"}
{"message":"  requestId: '78cd0583-ec76-4876-a290-d4c7069381db',","timestamp":"2026-09-06T06:34:14.328436348Z","level":"info"}
{"level":"info","message":"  method: 'GET',","timestamp":"2026-09-06T06:34:14.328440628Z"}
{"timestamp":"2026-09-06T06:34:14.328445258Z","message":"  route: '/api/v2/events',","level":"info"}
{"level":"info","timestamp":"2026-09-06T06:34:14.328450158Z","message":"  status: 200,"}
{"message":"  durationMs: 601","level":"info","timestamp":"2026-09-06T06:34:14.328455068Z"}
{"timestamp":"2026-09-06T06:34:14.328460217Z","message":"}","level":"info"}
{"message":"[ops] {","level":"info","timestamp":"2026-09-06T06:34:14.640422060Z"}
{"timestamp":"2026-09-06T06:34:14.640427410Z","message":"  event: 'http_request',","level":"info"}
{"message":"  ts: '2026-09-06T06:34:14.637Z',","timestamp":"2026-09-06T06:34:14.640431380Z","level":"info"}
{"timestamp":"2026-09-06T06:34:14.640434720Z","level":"info","message":"  requestId: '374d807e-e98c-446c-9e94-ccd91d1970ac',"}
{"message":"  method: 'OPTIONS',","timestamp":"2026-09-06T06:34:14.640438540Z","level":"info"}
{"message":"  route: '/api/v2/events',","timestamp":"2026-09-06T06:34:14.640441910Z","level":"info"}
{"timestamp":"2026-09-06T06:34:14.640445320Z","level":"info","message":"  status: 204,"}
{"message":"  durationMs: 0","timestamp":"2026-09-06T06:34:14.640448360Z","level":"info"}
{"timestamp":"2026-09-06T06:34:14.640451720Z","level":"info","message":"}"}
{"message":"[ops] {","timestamp":"2026-09-06T06:34:14.803371322Z","level":"error"}
{"timestamp":"2026-09-06T06:34:14.803378602Z","level":"error","message":"  event: 'security.app_check_rejected',"}
{"message":"  ts: '2026-09-06T06:34:14.801Z',","level":"error","timestamp":"2026-09-06T06:34:14.803383732Z"}
{"message":"  reason: 'missing_token',","timestamp":"2026-09-06T06:34:14.803388631Z","level":"error"}
{"timestamp":"2026-09-06T06:34:14.803393351Z","level":"error","message":"  mode: 'monitor',"}
{"message":"  route: '/api/v2/events'","timestamp":"2026-09-06T06:34:14.803397451Z","level":"error"}
{"level":"error","timestamp":"2026-09-06T06:34:14.803402221Z","message":"}"}
{"level":"info","timestamp":"2026-09-06T06:34:15.341074527Z","message":"[ops] {"}
{"level":"info","message":"  event: 'http_request',","timestamp":"2026-09-06T06:34:15.341077587Z"}
{"message":"  ts: '2026-09-06T06:34:15.214Z',","level":"info","timestamp":"2026-09-06T06:34:15.341080247Z"}
{"message":"  requestId: '39734dca-e570-46ec-8719-9b73b12e676f',","level":"info","timestamp":"2026-09-06T06:34:15.341083077Z"}
{"message":"  method: 'OPTIONS',","level":"info","timestamp":"2026-09-06T06:34:15.341085637Z"}
{"level":"info","timestamp":"2026-09-06T06:34:15.341088547Z","message":"  route: '/api/studio/mcp/status',"}
{"message":"  status: 204,","timestamp":"2026-09-06T06:34:15.341091747Z","level":"info"}
{"level":"info","message":"  durationMs: 0","timestamp":"2026-09-06T06:34:15.341094507Z"}
{"level":"info","message":"}","timestamp":"2026-09-06T06:34:15.341097127Z"}
{"level":"info","timestamp":"2026-09-06T06:34:15.341100717Z","message":"[ops] {"}
{"message":"  event: 'http_request',","level":"info","timestamp":"2026-09-06T06:34:15.341103637Z"}
{"timestamp":"2026-09-06T06:34:15.341106537Z","level":"info","message":"  ts: '2026-09-06T06:34:15.215Z',"}
{"level":"info","message":"  requestId: '163e5521-270e-4af8-ab53-b5417f8de5d2',","timestamp":"2026-09-06T06:34:15.341110026Z"}
{"timestamp":"2026-09-06T06:34:15.341113046Z","message":"  method: 'OPTIONS',","level":"info"}
{"message":"  route: '/api/studio/status',","timestamp":"2026-09-06T06:34:15.341115976Z","level":"info"}
{"timestamp":"2026-09-06T06:34:15.341118806Z","level":"info","message":"  status: 204,"}
{"message":"  durationMs: 0","level":"info","timestamp":"2026-09-06T06:34:15.341121536Z"}
{"timestamp":"2026-09-06T06:34:15.341124246Z","message":"}","level":"info"}
{"message":"[ops] {","timestamp":"2026-09-06T06:34:15.377820024Z","level":"info"}
{"message":"  event: 'http_request',","timestamp":"2026-09-06T06:34:15.377826714Z","level":"info"}
{"timestamp":"2026-09-06T06:34:15.377832354Z","message":"  ts: '2026-09-06T06:34:15.376Z',","level":"info"}
{"level":"info","timestamp":"2026-09-06T06:34:15.377838724Z","message":"  requestId: 'f5fb8848-41c9-4ac1-b732-2a92bc49c3da',"}
{"timestamp":"2026-09-06T06:34:15.377842944Z","level":"info","message":"  method: 'GET',"}
{"level":"info","message":"  route: '/api/v2/events',","timestamp":"2026-09-06T06:34:15.377848373Z"}
{"timestamp":"2026-09-06T06:34:15.377853893Z","level":"info","message":"  status: 200,"}
{"timestamp":"2026-09-06T06:34:15.377858133Z","level":"info","message":"  durationMs: 576"}
{"message":"}","level":"info","timestamp":"2026-09-06T06:34:15.377862073Z"}
{"timestamp":"2026-09-06T06:34:15.381763173Z","level":"error","message":"[ops] {"}
{"timestamp":"2026-09-06T06:34:15.381766773Z","level":"error","message":"  event: 'security.app_check_rejected',"}
{"timestamp":"2026-09-06T06:34:15.381770883Z","level":"error","message":"  ts: '2026-09-06T06:34:15.380Z',"}
{"level":"error","message":"  reason: 'missing_token',","timestamp":"2026-09-06T06:34:15.381774613Z"}
{"level":"error","message":"  mode: 'monitor',","timestamp":"2026-09-06T06:34:15.381779703Z"}
{"level":"error","message":"  route: '/api/studio/status'","timestamp":"2026-09-06T06:34:15.381783223Z"}
{"message":"}","timestamp":"2026-09-06T06:34:15.381787413Z","level":"error"}
{"level":"error","message":"[ops] {","timestamp":"2026-09-06T06:34:15.388770073Z"}
{"timestamp":"2026-09-06T06:34:15.388773343Z","level":"error","message":"  event: 'security.app_check_rejected',"}
{"timestamp":"2026-09-06T06:34:15.388776073Z","level":"error","message":"  ts: '2026-09-06T06:34:15.385Z',"}
{"level":"error","message":"  reason: 'missing_token',","timestamp":"2026-09-06T06:34:15.388778493Z"}
{"timestamp":"2026-09-06T06:34:15.388781613Z","message":"  mode: 'monitor',","level":"error"}
{"message":"  route: '/api/studio/mcp/status'","timestamp":"2026-09-06T06:34:15.388784463Z","level":"error"}
{"message":"}","timestamp":"2026-09-06T06:34:15.388787373Z","level":"error"}
{"timestamp":"2026-09-06T06:34:15.405581846Z","level":"info","message":"[ops] {"}
{"level":"info","message":"  event: 'http_request',","timestamp":"2026-09-06T06:34:15.405590526Z"}
{"message":"  ts: '2026-09-06T06:34:15.404Z',","timestamp":"2026-09-06T06:34:15.405593946Z","level":"info"}
{"level":"info","message":"  requestId: 'ce2ac69b-810d-4063-ac26-a36fba686d57',","timestamp":"2026-09-06T06:34:15.405597066Z"}
{"level":"info","timestamp":"2026-09-06T06:34:15.405601506Z","message":"  method: 'OPTIONS',"}
{"level":"info","message":"  route: '/api/v2/events',","timestamp":"2026-09-06T06:34:15.405605996Z"}
{"level":"info","message":"  status: 204,","timestamp":"2026-09-06T06:34:15.405609796Z"}
{"message":"  durationMs: 0","level":"info","timestamp":"2026-09-06T06:34:15.405613636Z"}
{"message":"}","timestamp":"2026-09-06T06:34:15.405618306Z","level":"info"}
{"message":"[ops] {","timestamp":"2026-09-06T06:34:15.574757158Z","level":"error"}
{"level":"error","timestamp":"2026-09-06T06:34:15.574759688Z","message":"  event: 'security.app_check_rejected',"}
{"level":"error","message":"  ts: '2026-09-06T06:34:15.566Z',","timestamp":"2026-09-06T06:34:15.574762758Z"}
{"message":"  reason: 'missing_token',","timestamp":"2026-09-06T06:34:15.574765478Z","level":"error"}
{"timestamp":"2026-09-06T06:34:15.574767748Z","message":"  mode: 'monitor',","level":"error"}
{"message":"  route: '/api/v2/events'","timestamp":"2026-09-06T06:34:15.574770438Z","level":"error"}
{"level":"error","message":"}","timestamp":"2026-09-06T06:34:15.574773298Z"}
{"message":"[ops] {","timestamp":"2026-09-06T06:34:15.749617636Z","level":"info"}
{"message":"  event: 'http_request',","timestamp":"2026-09-06T06:34:15.749625306Z","level":"info"}
{"message":"  ts: '2026-09-06T06:34:15.748Z',","level":"info","timestamp":"2026-09-06T06:34:15.749629926Z"}
{"level":"info","message":"  requestId: 'e9cefcdf-1b45-4ded-af34-f9ebf79b3e05',","timestamp":"2026-09-06T06:34:15.749635316Z"}
{"message":"  method: 'GET',","level":"info","timestamp":"2026-09-06T06:34:15.749639226Z"}
{"message":"  route: '/api/studio/mcp/status',","timestamp":"2026-09-06T06:34:15.749643096Z","level":"info"}
{"message":"  status: 200,","timestamp":"2026-09-06T06:34:15.749646836Z","level":"info"}
{"timestamp":"2026-09-06T06:34:15.749650886Z","level":"info","message":"  durationMs: 363"}
{"level":"info","message":"}","timestamp":"2026-09-06T06:34:15.749654756Z"}
{"message":"[ops] {","timestamp":"2026-09-06T06:34:15.942631391Z","level":"info"}
{"message":"  event: 'http_request',","timestamp":"2026-09-06T06:34:15.942641110Z","level":"info"}
{"timestamp":"2026-09-06T06:34:15.942646600Z","message":"  ts: '2026-09-06T06:34:15.941Z',","level":"info"}
{"timestamp":"2026-09-06T06:34:15.942652170Z","level":"info","message":"  requestId: 'b63e076e-ea6e-46ab-a019-86bb6d30c640',"}
{"timestamp":"2026-09-06T06:34:15.942657580Z","level":"info","message":"  method: 'GET',"}
{"message":"  route: '/api/studio/status',","timestamp":"2026-09-06T06:34:15.942662590Z","level":"info"}
{"timestamp":"2026-09-06T06:34:15.942667150Z","message":"  status: 200,","level":"info"}
{"level":"info","message":"  durationMs: 561","timestamp":"2026-09-06T06:34:15.942670880Z"}
{"timestamp":"2026-09-06T06:34:15.942674500Z","message":"}","level":"info"}
{"level":"info","message":"[ops] {","timestamp":"2026-09-06T06:34:16.128825143Z"}
{"timestamp":"2026-09-06T06:34:16.128829533Z","level":"info","message":"  event: 'http_request',"}
{"level":"info","message":"  ts: '2026-09-06T06:34:16.128Z',","timestamp":"2026-09-06T06:34:16.128832483Z"}
{"level":"info","message":"  requestId: 'bf7673cf-53dc-443d-b970-849fda831724',","timestamp":"2026-09-06T06:34:16.128835153Z"}
{"timestamp":"2026-09-06T06:34:16.128838103Z","level":"info","message":"  method: 'GET',"}
{"message":"  route: '/api/v2/events',","timestamp":"2026-09-06T06:34:16.128840463Z","level":"info"}
{"level":"info","timestamp":"2026-09-06T06:34:16.128842823Z","message":"  status: 200,"}
{"timestamp":"2026-09-06T06:34:16.128845403Z","message":"  durationMs: 562","level":"info"}
{"level":"info","message":"}","timestamp":"2026-09-06T06:34:16.128848153Z"}
{"level":"info","message":"[ops] {","timestamp":"2026-09-06T06:34:17.329130465Z"}
{"timestamp":"2026-09-06T06:34:17.329134665Z","message":"  event: 'http_request',","level":"info"}
{"timestamp":"2026-09-06T06:34:17.329138855Z","message":"  ts: '2026-09-06T06:34:17.145Z',","level":"info"}
{"level":"info","timestamp":"2026-09-06T06:34:17.329143755Z","message":"  requestId: 'a28dfd84-fecc-45a8-8bc4-fd3f52c274c7',"}
{"message":"  method: 'OPTIONS',","timestamp":"2026-09-06T06:34:17.329149105Z","level":"info"}
{"message":"  route: '/api/v2/events',","timestamp":"2026-09-06T06:34:17.329154705Z","level":"info"}
{"level":"info","message":"  status: 204,","timestamp":"2026-09-06T06:34:17.329159275Z"}
{"message":"  durationMs: 0","level":"info","timestamp":"2026-09-06T06:34:17.329163985Z"}
{"message":"}","timestamp":"2026-09-06T06:34:17.329168835Z","level":"info"}
{"message":"[ops] {","timestamp":"2026-09-06T06:34:17.329174195Z","level":"error"}
{"timestamp":"2026-09-06T06:34:17.329180115Z","message":"  event: 'security.app_check_rejected',","level":"error"}
{"level":"error","message":"  ts: '2026-09-06T06:34:17.322Z',","timestamp":"2026-09-06T06:34:17.329186315Z"}
{"level":"error","message":"  reason: 'missing_token',","timestamp":"2026-09-06T06:34:17.329191905Z"}
{"timestamp":"2026-09-06T06:34:17.329197825Z","message":"  mode: 'monitor',","level":"error"}
{"message":"  route: '/api/v2/events'","timestamp":"2026-09-06T06:34:17.329203055Z","level":"error"}
{"message":"}","timestamp":"2026-09-06T06:34:17.329209304Z","level":"error"}
{"timestamp":"2026-09-06T06:34:17.642171243Z","level":"info","message":"[ops] {"}
{"message":"  event: 'http_request',","timestamp":"2026-09-06T06:34:17.642176163Z","level":"info"}
{"level":"info","message":"  ts: '2026-09-06T06:34:17.639Z',","timestamp":"2026-09-06T06:34:17.642180473Z"}
{"level":"info","message":"  requestId: '72ed4da7-481e-4c09-bdb0-a6713ddd8d59',","timestamp":"2026-09-06T06:34:17.642185013Z"}
{"message":"  method: 'POST',","timestamp":"2026-09-06T06:34:17.642188793Z","level":"info"}
{"message":"  route: '/api/studio/mcp/session/ping',","timestamp":"2026-09-06T06:34:17.642192753Z","level":"info"}
{"message":"  status: 200,","timestamp":"2026-09-06T06:34:17.642196493Z","level":"info"}
{"message":"  durationMs: 288","timestamp":"2026-09-06T06:34:17.642199873Z","level":"info"}
{"timestamp":"2026-09-06T06:34:17.642203793Z","message":"}","level":"info"}
{"timestamp":"2026-09-06T06:34:17.925330567Z","level":"info","message":"[ops] {"}
{"message":"  event: 'http_request',","level":"info","timestamp":"2026-09-06T06:34:17.925335417Z"}
{"timestamp":"2026-09-06T06:34:17.925339127Z","level":"info","message":"  ts: '2026-09-06T06:34:17.920Z',"}
{"message":"  requestId: 'b62c5b99-5052-4c0a-8bc3-dc73cdc30e5c',","timestamp":"2026-09-06T06:34:17.925341926Z","level":"info"}
{"message":"  method: 'GET',","timestamp":"2026-09-06T06:34:17.925344356Z","level":"info"}
{"message":"  route: '/api/v2/events',","timestamp":"2026-09-06T06:34:17.925347066Z","level":"info"}
{"message":"  status: 200,","timestamp":"2026-09-06T06:34:17.925349776Z","level":"info"}
{"message":"  durationMs: 598","timestamp":"2026-09-06T06:34:17.925353436Z","level":"info"}
{"level":"info","message":"}","timestamp":"2026-09-06T06:34:17.925356156Z"}
{"timestamp":"2026-09-06T06:34:18.400034413Z","level":"info","message":"[ops] {"}
{"level":"info","timestamp":"2026-09-06T06:34:18.400038173Z","message":"  event: 'http_request',"}
{"level":"info","message":"  ts: '2026-09-06T06:34:18.399Z',","timestamp":"2026-09-06T06:34:18.400042463Z"}
{"level":"info","message":"  requestId: '379e871a-bd4f-4aac-a43f-8af7569b9e11',","timestamp":"2026-09-06T06:34:18.400046223Z"}
{"level":"info","message":"  method: 'OPTIONS',","timestamp":"2026-09-06T06:34:18.400049513Z"}
{"message":"  route: '/api/v2/events',","timestamp":"2026-09-06T06:34:18.400053263Z","level":"info"}
{"timestamp":"2026-09-06T06:34:18.400056973Z","message":"  status: 204,","level":"info"}
{"message":"  durationMs: 0","timestamp":"2026-09-06T06:34:18.400060903Z","level":"info"}
{"message":"}","timestamp":"2026-09-06T06:34:18.400064693Z","level":"info"}
{"message":"[ops] {","timestamp":"2026-09-06T06:34:18.565907847Z","level":"error"}
{"message":"  event: 'security.app_check_rejected',","timestamp":"2026-09-06T06:34:18.565913607Z","level":"error"}
{"level":"error","timestamp":"2026-09-06T06:34:18.565918807Z","message":"  ts: '2026-09-06T06:34:18.564Z',"}
{"message":"  reason: 'missing_token',","timestamp":"2026-09-06T06:34:18.565923217Z","level":"error"}
{"timestamp":"2026-09-06T06:34:18.565929057Z","level":"error","message":"  mode: 'monitor',"}
{"level":"error","message":"  route: '/api/v2/events'","timestamp":"2026-09-06T06:34:18.565933817Z"}
{"message":"}","level":"error","timestamp":"2026-09-06T06:34:18.565938927Z"}
{"timestamp":"2026-09-06T06:34:19.132467151Z","level":"info","message":"[ops] {"}
{"level":"info","message":"  event: 'http_request',","timestamp":"2026-09-06T06:34:19.132470901Z"}
{"level":"info","timestamp":"2026-09-06T06:34:19.132473741Z","message":"  ts: '2026-09-06T06:34:19.130Z',"}
{"timestamp":"2026-09-06T06:34:19.132476611Z","message":"  requestId: '687d56a5-fee6-42b4-981f-d85288ab2eea',","level":"info"}
{"level":"info","message":"  method: 'GET',","timestamp":"2026-09-06T06:34:19.132479011Z"}
{"level":"info","timestamp":"2026-09-06T06:34:19.132481751Z","message":"  route: '/api/v2/events',"}
{"message":"  status: 200,","timestamp":"2026-09-06T06:34:19.132484441Z","level":"info"}
{"level":"info","message":"  durationMs: 566","timestamp":"2026-09-06T06:34:19.132488511Z"}
{"message":"}","timestamp":"2026-09-06T06:34:19.132491691Z","level":"info"}
{"timestamp":"2026-09-06T06:34:19.644842053Z","level":"info","message":"[ops] {"}
{"level":"info","timestamp":"2026-09-06T06:34:19.644847093Z","message":"  event: 'http_request',"}
{"timestamp":"2026-09-06T06:34:19.644851333Z","message":"  ts: '2026-09-06T06:34:19.643Z',","level":"info"}
{"level":"info","message":"  requestId: '1248e436-a3b0-4009-9852-ecccc1fd3448',","timestamp":"2026-09-06T06:34:19.644855553Z"}
{"timestamp":"2026-09-06T06:34:19.644859083Z","level":"info","message":"  method: 'OPTIONS',"}
{"message":"  route: '/api/v2/agents/active',","level":"info","timestamp":"2026-09-06T06:34:19.644863003Z"}
{"level":"info","timestamp":"2026-09-06T06:34:19.644868123Z","message":"  status: 204,"}
{"message":"  durationMs: 0","timestamp":"2026-09-06T06:34:19.644871673Z","level":"info"}
{"level":"info","message":"}","timestamp":"2026-09-06T06:34:19.644875773Z"}
{"message":"[ops] {","timestamp":"2026-09-06T06:34:19.645947789Z","level":"info"}
{"level":"info","message":"  event: 'http_request',","timestamp":"2026-09-06T06:34:19.645957439Z"}
{"timestamp":"2026-09-06T06:34:19.645963239Z","level":"info","message":"  ts: '2026-09-06T06:34:19.644Z',"}
{"timestamp":"2026-09-06T06:34:19.645968989Z","level":"info","message":"  requestId: '133eb2e4-f7a8-4a73-9962-a0e5a69fb671',"}
{"message":"  method: 'OPTIONS',","timestamp":"2026-09-06T06:34:19.645973938Z","level":"info"}
{"timestamp":"2026-09-06T06:34:19.645978698Z","message":"  route: '/api/v2/events',","level":"info"}
{"timestamp":"2026-09-06T06:34:19.645982988Z","message":"  status: 204,","level":"info"}
{"message":"  durationMs: 0","timestamp":"2026-09-06T06:34:19.645987078Z","level":"info"}
{"timestamp":"2026-09-06T06:34:19.645992568Z","level":"info","message":"}"}
{"level":"error","timestamp":"2026-09-06T06:34:19.815981329Z","message":"[ops] {"}
{"level":"error","message":"  event: 'security.app_check_rejected',","timestamp":"2026-09-06T06:34:19.815987969Z"}
{"timestamp":"2026-09-06T06:34:19.815992109Z","message":"  ts: '2026-09-06T06:34:19.814Z',","level":"error"}
{"message":"  reason: 'missing_token',","timestamp":"2026-09-06T06:34:19.815995629Z","level":"error"}
{"level":"error","timestamp":"2026-09-06T06:34:19.815999389Z","message":"  mode: 'monitor',"}
{"timestamp":"2026-09-06T06:34:19.816003129Z","message":"  route: '/api/v2/events'","level":"error"}
{"timestamp":"2026-09-06T06:34:19.816010689Z","level":"error","message":"}"}
{"message":"[ops] {","timestamp":"2026-09-06T06:34:19.820524790Z","level":"error"}
{"message":"  event: 'security.app_check_rejected',","timestamp":"2026-09-06T06:34:19.820535580Z","level":"error"}
{"message":"  ts: '2026-09-06T06:34:19.818Z',","timestamp":"2026-09-06T06:34:19.820541190Z","level":"error"}
{"timestamp":"2026-09-06T06:34:19.820547650Z","level":"error","message":"  reason: 'missing_token',"}
{"timestamp":"2026-09-06T06:34:19.820552660Z","level":"error","message":"  mode: 'monitor',"}
{"level":"error","message":"  route: '/api/v2/agents/active'","timestamp":"2026-09-06T06:34:19.820556130Z"}
{"message":"}","timestamp":"2026-09-06T06:34:19.820562230Z","level":"error"}
{"message":"[ops] {","level":"info","timestamp":"2026-09-06T06:34:19.923229748Z"}
{"level":"info","message":"  event: 'http_request',","timestamp":"2026-09-06T06:34:19.923238918Z"}
{"timestamp":"2026-09-06T06:34:19.923243108Z","level":"info","message":"  ts: '2026-09-06T06:34:19.921Z',"}
{"timestamp":"2026-09-06T06:34:19.923247218Z","level":"info","message":"  requestId: '107204ff-6660-4272-80af-032ac08c5269',"}
{"timestamp":"2026-09-06T06:34:19.923254068Z","message":"  method: 'GET',","level":"info"}
{"message":"  route: '/api/v2/agents/active',","level":"info","timestamp":"2026-09-06T06:34:19.923258238Z"}
{"timestamp":"2026-09-06T06:34:19.923261958Z","message":"  status: 200,","level":"info"}
{"level":"info","message":"  durationMs: 103","timestamp":"2026-09-06T06:34:19.923265867Z"}
{"level":"info","timestamp":"2026-09-06T06:34:19.923268907Z","message":"}"}
{"level":"info","message":"[ops] {","timestamp":"2026-09-06T06:34:20.393154316Z"}
{"timestamp":"2026-09-06T06:34:20.393158176Z","level":"info","message":"  event: 'http_request',"}
{"message":"  ts: '2026-09-06T06:34:20.391Z',","timestamp":"2026-09-06T06:34:20.393161996Z","level":"info"}
{"message":"  requestId: '1a0b495b-18e6-4461-8312-2fb99d13d806',","level":"info","timestamp":"2026-09-06T06:34:20.393164986Z"}
{"timestamp":"2026-09-06T06:34:20.393168286Z","message":"  method: 'OPTIONS',","level":"info"}
{"timestamp":"2026-09-06T06:34:20.393171196Z","level":"info","message":"  route: '/api/v2/agents/active',"}
{"message":"  status: 204,","level":"info","timestamp":"2026-09-06T06:34:20.393173826Z"}
{"timestamp":"2026-09-06T06:34:20.393176336Z","level":"info","message":"  durationMs: 0"}
{"timestamp":"2026-09-06T06:34:20.393178806Z","level":"info","message":"}"}
{"message":"[ops] {","level":"info","timestamp":"2026-09-06T06:34:20.403540892Z"}
{"message":"  event: 'http_request',","timestamp":"2026-09-06T06:34:20.403544402Z","level":"info"}
{"timestamp":"2026-09-06T06:34:20.403546902Z","level":"info","message":"  ts: '2026-09-06T06:34:20.399Z',"}
{"message":"  requestId: '5c6fccb5-b08c-4e34-9a51-38063b2149e8',","level":"info","timestamp":"2026-09-06T06:34:20.403549322Z"}
{"timestamp":"2026-09-06T06:34:20.403551812Z","message":"  method: 'OPTIONS',","level":"info"}
{"message":"  route: '/api/v2/events',","timestamp":"2026-09-06T06:34:20.403554782Z","level":"info"}
{"level":"info","message":"  status: 204,","timestamp":"2026-09-06T06:34:20.403557522Z"}
{"timestamp":"2026-09-06T06:34:20.403560022Z","message":"  durationMs: 0","level":"info"}
{"message":"}","level":"info","timestamp":"2026-09-06T06:34:20.403562732Z"}
{"level":"info","message":"[ops] {","timestamp":"2026-09-06T06:34:20.433992360Z"}
{"timestamp":"2026-09-06T06:34:20.434000190Z","message":"  event: 'http_request',","level":"info"}
{"message":"  ts: '2026-09-06T06:34:20.433Z',","timestamp":"2026-09-06T06:34:20.434006080Z","level":"info"}
{"message":"  requestId: 'f16e58d3-75ba-4454-b813-2d32e27f91b7',","timestamp":"2026-09-06T06:34:20.434009790Z","level":"info"}
{"timestamp":"2026-09-06T06:34:20.434013330Z","message":"  method: 'GET',","level":"info"}
{"timestamp":"2026-09-06T06:34:20.434018910Z","message":"  route: '/api/v2/events',","level":"info"}
{"level":"info","message":"  status: 200,","timestamp":"2026-09-06T06:34:20.434022290Z"}
{"message":"  durationMs: 619","level":"info","timestamp":"2026-09-06T06:34:20.434026540Z"}
{"level":"info","timestamp":"2026-09-06T06:34:20.434030990Z","message":"}"}
{"level":"error","message":"[ops] {","timestamp":"2026-09-06T06:34:20.565753143Z"}
{"message":"  event: 'security.app_check_rejected',","level":"error","timestamp":"2026-09-06T06:34:20.565759263Z"}
{"level":"error","message":"  ts: '2026-09-06T06:34:20.563Z',","timestamp":"2026-09-06T06:34:20.565762153Z"}
{"timestamp":"2026-09-06T06:34:20.565764843Z","message":"  reason: 'missing_token',","level":"error"}
{"level":"error","timestamp":"2026-09-06T06:34:20.565767233Z","message":"  mode: 'monitor',"}
{"message":"  route: '/api/v2/agents/active'","timestamp":"2026-09-06T06:34:20.565769743Z","level":"error"}
{"level":"error","message":"}","timestamp":"2026-09-06T06:34:20.565772463Z"}
{"message":"[ops] {","level":"error","timestamp":"2026-09-06T06:34:20.567852386Z"}
{"message":"  event: 'security.app_check_rejected',","timestamp":"2026-09-06T06:34:20.567856206Z","level":"error"}
{"timestamp":"2026-09-06T06:34:20.567859016Z","message":"  ts: '2026-09-06T06:34:20.565Z',","level":"error"}
{"level":"error","message":"  reason: 'missing_token',","timestamp":"2026-09-06T06:34:20.567861436Z"}
{"message":"  mode: 'monitor',","level":"error","timestamp":"2026-09-06T06:34:20.567864896Z"}
{"message":"  route: '/api/v2/events'","timestamp":"2026-09-06T06:34:20.567867306Z","level":"error"}
{"timestamp":"2026-09-06T06:34:20.567869626Z","level":"error","message":"}"}
{"message":"[ops] {","level":"info","timestamp":"2026-09-06T06:34:20.623883265Z"}
{"message":"  event: 'http_request',","timestamp":"2026-09-06T06:34:20.623887775Z","level":"info"}
{"message":"  ts: '2026-09-06T06:34:20.623Z',","timestamp":"2026-09-06T06:34:20.623891375Z","level":"info"}
{"level":"info","timestamp":"2026-09-06T06:34:20.623894345Z","message":"  requestId: '395724a3-343d-497f-8fb0-562f82e495f7',"}
{"message":"  method: 'GET',","timestamp":"2026-09-06T06:34:20.623897185Z","level":"info"}
{"timestamp":"2026-09-06T06:34:20.623900285Z","message":"  route: '/api/v2/agents/active',","level":"info"}
{"timestamp":"2026-09-06T06:34:20.623902995Z","message":"  status: 200,","level":"info"}
{"message":"  durationMs: 59","timestamp":"2026-09-06T06:34:20.623905655Z","level":"info"}
{"timestamp":"2026-09-06T06:34:20.623909934Z","level":"info","message":"}"}
{"message":"  route: '/api/v2/events',","level":"info","timestamp":"2026-09-06T06:34:21.330270397Z"}
{"level":"info","message":"  status: 200,","timestamp":"2026-09-06T06:34:21.330286677Z"}
{"message":"  durationMs: 696","level":"info","timestamp":"2026-09-06T06:34:21.330292837Z"}
{"timestamp":"2026-09-06T06:34:21.330298286Z","message":"}","level":"info"}
{"level":"info","message":"[ops] {","timestamp":"2026-09-06T06:34:21.330350806Z"}
{"level":"info","message":"  event: 'http_request',","timestamp":"2026-09-06T06:34:21.330365676Z"}
{"timestamp":"2026-09-06T06:34:21.330372156Z","level":"info","message":"  ts: '2026-09-06T06:34:21.260Z',"}
{"level":"info","timestamp":"2026-09-06T06:34:21.330377545Z","message":"  requestId: '4462022a-d9b2-4075-862c-517d8ed577d5',"}
{"level":"info","message":"  method: 'GET',","timestamp":"2026-09-06T06:34:21.330383235Z"}
{"level":"info","message":"[ops] {","timestamp":"2026-09-06T06:34:21.450270141Z"}
{"timestamp":"2026-09-06T06:34:21.450275591Z","level":"info","message":"  event: 'studio.plugin_compatibility_handshake',"}
{"message":"  ts: '2026-09-06T06:34:21.449Z',","timestamp":"2026-09-06T06:34:21.450282031Z","level":"info"}
{"level":"info","message":"  requestId: 'eab669f5-b89b-4dca-87c0-2e7c40903561',","timestamp":"2026-09-06T06:34:21.450285551Z"}
{"message":"  sessionId: 'MLq8J3mhz56J6BRsAeQe',","timestamp":"2026-09-06T06:34:21.450289861Z","level":"info"}
{"message":"  userId: '0VSQotqOXxPXBLeQu1gUNkXELWH3',","timestamp":"2026-09-06T06:34:21.450293511Z","level":"info"}
{"message":"  status: 'compatible',","timestamp":"2026-09-06T06:34:21.450296891Z","level":"info"}
{"level":"info","message":"  reasonCodes: [],","timestamp":"2026-09-06T06:34:21.450300361Z"}
{"level":"info","message":"  buildId: 'nexusrbx-studio-0.14.0-r15-animation.12-toolbox',","timestamp":"2026-09-06T06:34:21.450303471Z"}
{"level":"info","timestamp":"2026-09-06T06:34:21.450317541Z","message":"  attestationWritten: false,"}
{"timestamp":"2026-09-06T06:34:21.450321821Z","message":"  repairDurationMs: 688","level":"info"}
{"timestamp":"2026-09-06T06:34:21.450326121Z","message":"}","level":"info"}
{"timestamp":"2026-09-06T06:34:21.452049818Z","message":"[ops] {","level":"info"}
{"timestamp":"2026-09-06T06:34:21.452053878Z","level":"info","message":"  event: 'http_request',"}
{"message":"  ts: '2026-09-06T06:34:21.449Z',","timestamp":"2026-09-06T06:34:21.452057428Z","level":"info"}
{"message":"  requestId: 'eab669f5-b89b-4dca-87c0-2e7c40903561',","timestamp":"2026-09-06T06:34:21.452062058Z","level":"info"}
{"timestamp":"2026-09-06T06:34:21.452066948Z","level":"info","message":"  method: 'POST',"}
{"message":"  route: '/api/studio/session/ping',","timestamp":"2026-09-06T06:34:21.452070468Z","level":"info"}
{"message":"  status: 200,","level":"info","timestamp":"2026-09-06T06:34:21.452073748Z"}
{"timestamp":"2026-09-06T06:34:21.452077158Z","level":"info","message":"  durationMs: 742"}
{"level":"info","message":"}","timestamp":"2026-09-06T06:34:21.452080428Z"}
{"level":"info","timestamp":"2026-09-06T06:34:22.351068601Z","message":"[ops] {"}
{"message":"  event: 'http_request',","timestamp":"2026-09-06T06:34:22.351071511Z","level":"info"}
{"level":"info","message":"  ts: '2026-09-06T06:34:22.156Z',","timestamp":"2026-09-06T06:34:22.351074361Z"}
{"timestamp":"2026-09-06T06:34:22.351077811Z","level":"info","message":"  requestId: 'd9858713-f542-4478-bf8b-36b4be095157',"}
{"level":"info","message":"  method: 'OPTIONS',","timestamp":"2026-09-06T06:34:22.351080951Z"}
{"timestamp":"2026-09-06T06:34:22.351084321Z","message":"  route: '/api/v2/events',","level":"info"}
{"message":"  status: 204,","timestamp":"2026-09-06T06:34:22.351087061Z","level":"info"}
{"timestamp":"2026-09-06T06:34:22.351090351Z","level":"info","message":"  durationMs: 0"}
{"level":"info","timestamp":"2026-09-06T06:34:22.351181390Z","message":"}"}
{"timestamp":"2026-09-06T06:34:22.351184499Z","level":"error","message":"[ops] {"}
{"message":"  event: 'security.app_check_rejected',","timestamp":"2026-09-06T06:34:22.351187369Z","level":"error"}
{"message":"  ts: '2026-09-06T06:34:22.322Z',","level":"error","timestamp":"2026-09-06T06:34:22.351190289Z"}
{"message":"  reason: 'missing_token',","timestamp":"2026-09-06T06:34:22.351192629Z","level":"error"}
{"message":"  mode: 'monitor',","timestamp":"2026-09-06T06:34:22.351195409Z","level":"error"}
{"message":"  route: '/api/v2/events'","timestamp":"2026-09-06T06:34:22.351197909Z","level":"error"}
{"timestamp":"2026-09-06T06:34:22.351200629Z","message":"}","level":"error"}
{"level":"info","timestamp":"2026-09-06T06:34:22.969296949Z","message":"[ops] {"}
{"message":"  event: 'http_request',","timestamp":"2026-09-06T06:34:22.969299529Z","level":"info"}
{"message":"  ts: '2026-09-06T06:34:22.968Z',","timestamp":"2026-09-06T06:34:22.969302469Z","level":"info"}
{"timestamp":"2026-09-06T06:34:22.969305799Z","message":"  requestId: 'c029d4eb-b211-4a71-8c74-b2fee9d7b5d7',","level":"info"}
{"message":"  method: 'GET',","level":"info","timestamp":"2026-09-06T06:34:22.969308129Z"}
{"level":"info","timestamp":"2026-09-06T06:34:22.969310649Z","message":"  route: '/api/v2/events',"}
{"message":"  status: 200,","timestamp":"2026-09-06T06:34:22.969313489Z","level":"info"}
{"timestamp":"2026-09-06T06:34:22.969316489Z","message":"  durationMs: 646","level":"info"}
{"timestamp":"2026-09-06T06:34:22.969319079Z","level":"info","message":"}"}
{"timestamp":"2026-09-06T06:34:23.396061693Z","message":"[ops] {","level":"info"}
{"level":"info","message":"  event: 'http_request',","timestamp":"2026-09-06T06:34:23.396066263Z"}
{"message":"  ts: '2026-09-06T06:34:23.394Z',","timestamp":"2026-09-06T06:34:23.396069903Z","level":"info"}
{"timestamp":"2026-09-06T06:34:23.396073523Z","level":"info","message":"  requestId: '2048f545-6710-4d4e-80a8-354fa2c9093a',"}
{"message":"  method: 'OPTIONS',","timestamp":"2026-09-06T06:34:23.396077233Z","level":"info"}
{"level":"info","timestamp":"2026-09-06T06:34:23.396082323Z","message":"  route: '/api/v2/events',"}
{"message":"  status: 204,","timestamp":"2026-09-06T06:34:23.396085583Z","level":"info"}
{"level":"info","message":"  durationMs: 0","timestamp":"2026-09-06T06:34:23.396089003Z"}
{"message":"}","level":"info","timestamp":"2026-09-06T06:34:23.396092723Z"}
{"message":"  reason: 'missing_token',","level":"error","timestamp":"2026-09-06T06:34:23.759128078Z"}
{"level":"error","timestamp":"2026-09-06T06:34:23.759131508Z","message":"  route: '/api/v2/events'"}
{"level":"error","message":"  mode: 'monitor',","timestamp":"2026-09-06T06:34:23.759136488Z"}
{"timestamp":"2026-09-06T06:34:23.759140938Z","message":"}","level":"error"}
{"level":"error","message":"  ts: '2026-09-06T06:34:23.757Z',","timestamp":"2026-09-06T06:34:23.759145078Z"}
{"timestamp":"2026-09-06T06:34:23.759146058Z","level":"error","message":"  event: 'security.app_check_rejected',"}
{"timestamp":"2026-09-06T06:34:23.759177797Z","level":"error","message":"[ops] {"}
{"message":"[ops] {","timestamp":"2026-09-06T06:34:24.392133026Z","level":"info"}
{"timestamp":"2026-09-06T06:34:24.392137096Z","level":"info","message":"  event: 'http_request',"}
{"message":"  ts: '2026-09-06T06:34:24.308Z',","timestamp":"2026-09-06T06:34:24.392141405Z","level":"info"}
{"message":"  requestId: '03bbb0da-2d0c-4a36-9658-b9301ab2fbc4',","level":"info","timestamp":"2026-09-06T06:34:24.392145395Z"}
{"timestamp":"2026-09-06T06:34:24.392148685Z","level":"info","message":"  method: 'GET',"}
{"timestamp":"2026-09-06T06:34:24.392151825Z","level":"info","message":"  route: '/api/v2/events',"}
{"message":"  status: 200,","timestamp":"2026-09-06T06:34:24.392156145Z","level":"info"}
{"message":"  durationMs: 551","timestamp":"2026-09-06T06:34:24.392159805Z","level":"info"}
{"timestamp":"2026-09-06T06:34:24.392164005Z","message":"}","level":"info"}
{"timestamp":"2026-09-06T06:34:24.638109678Z","level":"info","message":"[ops] {"}
{"timestamp":"2026-09-06T06:34:24.638112818Z","level":"info","message":"  event: 'http_request',"}
{"level":"info","timestamp":"2026-09-06T06:34:24.638117048Z","message":"  ts: '2026-09-06T06:34:24.636Z',"}
{"level":"info","message":"  requestId: 'd437ed93-7012-45c5-a9e7-6b148bb296e0',","timestamp":"2026-09-06T06:34:24.638121358Z"}
{"message":"  method: 'OPTIONS',","timestamp":"2026-09-06T06:34:24.638125258Z","level":"info"}
{"level":"info","timestamp":"2026-09-06T06:34:24.638128207Z","message":"  route: '/api/v2/events',"}
{"level":"info","message":"  status: 204,","timestamp":"2026-09-06T06:34:24.638131317Z"}
{"message":"  durationMs: 0","timestamp":"2026-09-06T06:34:24.638134857Z","level":"info"}
{"message":"}","timestamp":"2026-09-06T06:34:24.638137707Z","level":"info"}
{"message":"[ops] {","level":"error","timestamp":"2026-09-06T06:34:25.399810227Z"}
{"message":"  event: 'security.app_check_rejected',","level":"error","timestamp":"2026-09-06T06:34:25.399813787Z"}
{"message":"  ts: '2026-09-06T06:34:25.201Z',","timestamp":"2026-09-06T06:34:25.399817777Z","level":"error"}
{"level":"error","message":"  reason: 'missing_token',","timestamp":"2026-09-06T06:34:25.399821447Z"}
{"message":"  mode: 'monitor',","level":"error","timestamp":"2026-09-06T06:34:25.399825037Z"}
{"message":"  route: '/api/v2/events'","timestamp":"2026-09-06T06:34:25.399828507Z","level":"error"}
{"timestamp":"2026-09-06T06:34:25.399831927Z","level":"error","message":"}"}
{"timestamp":"2026-09-06T06:34:25.408405546Z","level":"info","message":"[ops] {"}
{"timestamp":"2026-09-06T06:34:25.408412296Z","message":"  event: 'http_request',","level":"info"}
{"message":"  ts: '2026-09-06T06:34:25.406Z',","timestamp":"2026-09-06T06:34:25.408415946Z","level":"info"}
{"timestamp":"2026-09-06T06:34:25.408419506Z","level":"info","message":"  requestId: '58fd2b7a-34cc-4918-b0c4-1ae27743c437',"}
{"level":"info","timestamp":"2026-09-06T06:34:25.408423566Z","message":"  method: 'OPTIONS',"}
{"timestamp":"2026-09-06T06:34:25.408427556Z","level":"info","message":"  route: '/api/v2/events',"}
{"message":"  status: 204,","level":"info","timestamp":"2026-09-06T06:34:25.408431306Z"}
{"timestamp":"2026-09-06T06:34:25.408435466Z","message":"  durationMs: 0","level":"info"}
{"timestamp":"2026-09-06T06:34:25.408439016Z","message":"}","level":"info"}
{"level":"info","timestamp":"2026-09-06T06:34:25.467451846Z","message":"}"}
{"message":"[ops] {","timestamp":"2026-09-06T06:34:25.467459136Z","level":"info"}
{"message":"  event: 'studio.command_polled',","timestamp":"2026-09-06T06:34:25.467465386Z","level":"info"}
{"timestamp":"2026-09-06T06:34:25.467468036Z","level":"info","message":"  ts: '2026-09-06T06:34:25.465Z',"}
{"timestamp":"2026-09-06T06:34:25.467471346Z","level":"info","message":"  requestId: '60fa42cc-523f-4593-b1f2-2da26dcd9e0f',"}
{"message":"  sessionId: 'MLq8J3mhz56J6BRsAeQe',","level":"info","timestamp":"2026-09-06T06:34:25.467475226Z"}
{"timestamp":"2026-09-06T06:34:25.467478336Z","level":"info","message":"  status: 'empty'"}
{"message":"}","timestamp":"2026-09-06T06:34:25.467481336Z","level":"info"}
{"level":"info","message":"[ops] {","timestamp":"2026-09-06T06:34:25.467484266Z"}
{"level":"info","timestamp":"2026-09-06T06:34:25.467487446Z","message":"  event: 'http_request',"}
{"message":"  ts: '2026-09-06T06:34:25.466Z',","level":"info","timestamp":"2026-09-06T06:34:25.467489986Z"}
{"message":"  requestId: '60fa42cc-523f-4593-b1f2-2da26dcd9e0f',","timestamp":"2026-09-06T06:34:25.467493456Z","level":"info"}
{"level":"info","message":"  method: 'GET',","timestamp":"2026-09-06T06:34:25.467496146Z"}
{"level":"info","timestamp":"2026-09-06T06:34:25.467498806Z","message":"  route: '/api/studio/commands/next',"}
{"level":"info","message":"  status: 204,","timestamp":"2026-09-06T06:34:25.467501806Z"}
{"timestamp":"2026-09-06T06:34:25.467504856Z","level":"info","message":"  durationMs: 24399"}
{"level":"error","message":"[ops] {","timestamp":"2026-09-06T06:34:25.573918655Z"}
{"message":"  event: 'security.app_check_rejected',","level":"error","timestamp":"2026-09-06T06:34:25.573925185Z"}
{"level":"error","message":"  ts: '2026-09-06T06:34:25.572Z',","timestamp":"2026-09-06T06:34:25.573929535Z"}
{"timestamp":"2026-09-06T06:34:25.573934425Z","level":"error","message":"  reason: 'missing_token',"}
{"level":"error","message":"  mode: 'monitor',","timestamp":"2026-09-06T06:34:25.573938385Z"}
{"level":"error","timestamp":"2026-09-06T06:34:25.573942595Z","message":"  route: '/api/v2/events'"}
{"timestamp":"2026-09-06T06:34:25.573946015Z","message":"}","level":"error"}
{"level":"info","message":"[ops] {","timestamp":"2026-09-06T06:34:25.795140796Z"}
{"level":"info","timestamp":"2026-09-06T06:34:25.795146296Z","message":"  event: 'http_request',"}
{"level":"info","timestamp":"2026-09-06T06:34:25.795149786Z","message":"  ts: '2026-09-06T06:34:25.788Z',"}
{"level":"info","message":"  requestId: '1fc1a636-3033-405e-be7e-5dda2d708f38',","timestamp":"2026-09-06T06:34:25.795152536Z"}
{"timestamp":"2026-09-06T06:34:25.795155196Z","message":"  method: 'GET',","level":"info"}
{"timestamp":"2026-09-06T06:34:25.795157966Z","message":"  route: '/api/v2/events',","level":"info"}
{"message":"  status: 200,","timestamp":"2026-09-06T06:34:25.795160696Z","level":"info"}
{"timestamp":"2026-09-06T06:34:25.795163856Z","level":"info","message":"  durationMs: 587"}
{"message":"}","timestamp":"2026-09-06T06:34:25.795166736Z","level":"info"}
{"message":"[ops] {","level":"info","timestamp":"2026-09-06T06:34:26.396440212Z"}
{"level":"info","timestamp":"2026-09-06T06:34:26.396446022Z","message":"  event: 'http_request',"}
{"message":"  ts: '2026-09-06T06:34:26.210Z',","timestamp":"2026-09-06T06:34:26.396450562Z","level":"info"}
{"level":"info","timestamp":"2026-09-06T06:34:26.396538781Z","message":"  requestId: '76bc5eee-dd6f-4363-965c-f400b2356252',"}
{"message":"  method: 'GET',","level":"info","timestamp":"2026-09-06T06:34:26.396543751Z"}
{"timestamp":"2026-09-06T06:34:26.396548191Z","message":"  route: '/api/v2/events',","level":"info"}
{"timestamp":"2026-09-06T06:34:26.396552331Z","message":"  status: 200,","level":"info"}
{"message":"  durationMs: 638","timestamp":"2026-09-06T06:34:26.396559981Z","level":"info"}
{"timestamp":"2026-09-06T06:34:26.396566011Z","level":"info","message":"}"}
{"level":"info","message":"[ops] {","timestamp":"2026-09-06T06:34:27.133184894Z"}
{"timestamp":"2026-09-06T06:34:27.133191814Z","level":"info","message":"  event: 'http_request',"}
{"level":"info","message":"  ts: '2026-09-06T06:34:27.131Z',","timestamp":"2026-09-06T06:34:27.133196064Z"}
{"message":"  requestId: 'c178b797-aaf4-47ba-b85b-62a8fc42f592',","timestamp":"2026-09-06T06:34:27.133200284Z","level":"info"}
{"level":"info","message":"  method: 'OPTIONS',","timestamp":"2026-09-06T06:34:27.133204364Z"}
{"level":"info","message":"  route: '/api/v2/events',","timestamp":"2026-09-06T06:34:27.133208044Z"}
{"message":"  status: 204,","level":"info","timestamp":"2026-09-06T06:34:27.133212034Z"}
{"message":"  durationMs: 0","timestamp":"2026-09-06T06:34:27.133215454Z","level":"info"}
{"message":"}","timestamp":"2026-09-06T06:34:27.133219414Z","level":"info"}
{"timestamp":"2026-09-06T06:34:27.392416696Z","level":"error","message":"[ops] {"}
{"timestamp":"2026-09-06T06:34:27.392422036Z","message":"  event: 'security.app_check_rejected',","level":"error"}
{"timestamp":"2026-09-06T06:34:27.392426176Z","message":"  ts: '2026-09-06T06:34:27.388Z',","level":"error"}
{"message":"  reason: 'missing_token',","level":"error","timestamp":"2026-09-06T06:34:27.392430335Z"}
{"timestamp":"2026-09-06T06:34:27.392434135Z","level":"error","message":"  mode: 'monitor',"}
{"level":"error","message":"  route: '/api/v2/events'","timestamp":"2026-09-06T06:34:27.392437665Z"}
{"level":"error","message":"}","timestamp":"2026-09-06T06:34:27.392441265Z"}
{"message":"[ops] {","level":"info","timestamp":"2026-09-06T06:34:27.993169589Z"}
{"level":"info","message":"  event: 'http_request',","timestamp":"2026-09-06T06:34:27.993173679Z"}
{"level":"info","message":"  ts: '2026-09-06T06:34:27.991Z',","timestamp":"2026-09-06T06:34:27.993176869Z"}
{"timestamp":"2026-09-06T06:34:27.993180249Z","message":"  requestId: 'ecae765b-c785-4f45-8fdf-261502daa8eb',","level":"info"}
{"timestamp":"2026-09-06T06:34:27.993183079Z","message":"  method: 'GET',","level":"info"}
{"timestamp":"2026-09-06T06:34:27.993185639Z","level":"info","message":"  route: '/api/v2/events',"}
{"level":"info","timestamp":"2026-09-06T06:34:27.993188278Z","message":"  status: 200,"}
{"timestamp":"2026-09-06T06:34:27.993190998Z","level":"info","message":"  durationMs: 604"}
{"timestamp":"2026-09-06T06:34:27.993193608Z","message":"}","level":"info"}
{"timestamp":"2026-09-06T06:34:28.396612712Z","level":"info","message":"[ops] {"}
{"message":"  event: 'http_request',","level":"info","timestamp":"2026-09-06T06:34:28.396617432Z"}
{"message":"  ts: '2026-09-06T06:34:28.395Z',","timestamp":"2026-09-06T06:34:28.396620832Z","level":"info"}
{"message":"  requestId: '2283e4ff-61c1-4968-8b61-d7b281d7fb20',","timestamp":"2026-09-06T06:34:28.396623692Z","level":"info"}
{"message":"  method: 'OPTIONS',","level":"info","timestamp":"2026-09-06T06:34:28.396626212Z"}
{"level":"info","message":"  route: '/api/v2/events',","timestamp":"2026-09-06T06:34:28.396628902Z"}
{"message":"  status: 204,","level":"info","timestamp":"2026-09-06T06:34:28.396631322Z"}
{"message":"  durationMs: 0","level":"info","timestamp":"2026-09-06T06:34:28.396633642Z"}
{"level":"info","message":"}","timestamp":"2026-09-06T06:34:28.396636322Z"}
{"timestamp":"2026-09-06T06:34:28.560336634Z","level":"error","message":"[ops] {"}
{"level":"error","message":"  event: 'security.app_check_rejected',","timestamp":"2026-09-06T06:34:28.560342314Z"}
{"timestamp":"2026-09-06T06:34:28.560345864Z","message":"  ts: '2026-09-06T06:34:28.556Z',","level":"error"}
{"level":"error","timestamp":"2026-09-06T06:34:28.560348744Z","message":"  reason: 'missing_token',"}
{"message":"  mode: 'monitor',","timestamp":"2026-09-06T06:34:28.560351563Z","level":"error"}
{"message":"  route: '/api/v2/events'","timestamp":"2026-09-06T06:34:28.560356883Z","level":"error"}
{"level":"error","message":"}","timestamp":"2026-09-06T06:34:28.560359733Z"}
{"timestamp":"2026-09-06T06:34:29.114807823Z","message":"[ops] {","level":"info"}
{"level":"info","timestamp":"2026-09-06T06:34:29.114811523Z","message":"  event: 'http_request',"}
{"message":"  ts: '2026-09-06T06:34:29.113Z',","level":"info","timestamp":"2026-09-06T06:34:29.114815062Z"}
{"level":"info","timestamp":"2026-09-06T06:34:29.114817662Z","message":"  requestId: 'b2f50097-4dca-4dc2-995b-de0f2bf7be73',"}
{"timestamp":"2026-09-06T06:34:29.114820582Z","message":"  method: 'GET',","level":"info"}
{"message":"  route: '/api/v2/events',","timestamp":"2026-09-06T06:34:29.114823612Z","level":"info"}
{"message":"  status: 200,","level":"info","timestamp":"2026-09-06T06:34:29.114826012Z"}
{"level":"info","message":"  durationMs: 557","timestamp":"2026-09-06T06:34:29.114828682Z"}
{"message":"}","timestamp":"2026-09-06T06:34:29.114831142Z","level":"info"}
{"timestamp":"2026-09-06T06:34:29.645010014Z","message":"[ops] {","level":"info"}
{"level":"info","timestamp":"2026-09-06T06:34:29.645020744Z","message":"  event: 'http_request',"}
{"message":"  ts: '2026-09-06T06:34:29.643Z',","timestamp":"2026-09-06T06:34:29.645026044Z","level":"info"}
{"level":"info","message":"  requestId: '3997edde-a9fc-4a6e-967c-9f4cbb10c2f1',","timestamp":"2026-09-06T06:34:29.645030144Z"}
{"message":"  method: 'OPTIONS',","level":"info","timestamp":"2026-09-06T06:34:29.645041464Z"}
{"level":"info","timestamp":"2026-09-06T06:34:29.645045494Z","message":"  route: '/api/v2/agents/active',"}
{"timestamp":"2026-09-06T06:34:29.645048714Z","level":"info","message":"  status: 204,"}
{"message":"  durationMs: 0","timestamp":"2026-09-06T06:34:29.645052214Z","level":"info"}
{"level":"info","timestamp":"2026-09-06T06:34:29.645058074Z","message":"}"}
{"timestamp":"2026-09-06T06:34:29.648795436Z","message":"[ops] {","level":"info"}
{"timestamp":"2026-09-06T06:34:29.648804646Z","level":"info","message":"  event: 'http_request',"}
{"timestamp":"2026-09-06T06:34:29.648810856Z","level":"info","message":"  ts: '2026-09-06T06:34:29.647Z',"}
{"message":"  requestId: '3f5c8087-118d-46c9-9563-43375d81b553',","timestamp":"2026-09-06T06:34:29.648815895Z","level":"info"}
{"message":"  method: 'OPTIONS',","level":"info","timestamp":"2026-09-06T06:34:29.648821865Z"}
{"timestamp":"2026-09-06T06:34:29.648827025Z","message":"  route: '/api/v2/events',","level":"info"}
{"level":"info","timestamp":"2026-09-06T06:34:29.648834455Z","message":"  status: 204,"}
{"level":"info","message":"  durationMs: 0","timestamp":"2026-09-06T06:34:29.648838995Z"}
{"timestamp":"2026-09-06T06:34:29.648843485Z","level":"info","message":"}"}
{"timestamp":"2026-09-06T06:34:29.813583104Z","level":"error","message":"[ops] {"}
{"message":"  event: 'security.app_check_rejected',","timestamp":"2026-09-06T06:34:29.813587644Z","level":"error"}
{"timestamp":"2026-09-06T06:34:29.813590634Z","level":"error","message":"  ts: '2026-09-06T06:34:29.812Z',"}
{"message":"  reason: 'missing_token',","level":"error","timestamp":"2026-09-06T06:34:29.813593233Z"}
{"timestamp":"2026-09-06T06:34:29.813597123Z","level":"error","message":"  mode: 'monitor',"}
{"timestamp":"2026-09-06T06:34:29.813600253Z","message":"  route: '/api/v2/events'","level":"error"}
{"message":"}","timestamp":"2026-09-06T06:34:29.813603013Z","level":"error"}
{"message":"[ops] {","timestamp":"2026-09-06T06:34:29.817670851Z","level":"error"}
{"level":"error","message":"  event: 'security.app_check_rejected',","timestamp":"2026-09-06T06:34:29.817677091Z"}
{"level":"error","timestamp":"2026-09-06T06:34:29.817681241Z","message":"  ts: '2026-09-06T06:34:29.816Z',"}
{"timestamp":"2026-09-06T06:34:29.817684861Z","level":"error","message":"  reason: 'missing_token',"}
{"timestamp":"2026-09-06T06:34:29.817688341Z","message":"  mode: 'monitor',","level":"error"}
{"timestamp":"2026-09-06T06:34:29.817692441Z","level":"error","message":"  route: '/api/v2/agents/active'"}
{"timestamp":"2026-09-06T06:34:29.817696071Z","level":"error","message":"}"}
{"timestamp":"2026-09-06T06:34:29.919779726Z","level":"info","message":"[ops] {"}
{"timestamp":"2026-09-06T06:34:29.919783336Z","message":"  event: 'http_request',","level":"info"}
{"level":"info","message":"  ts: '2026-09-06T06:34:29.918Z',","timestamp":"2026-09-06T06:34:29.919786946Z"}
{"message":"  requestId: 'c98b7bbd-88f7-4b5d-a0a9-26d12bd6956e',","timestamp":"2026-09-06T06:34:29.919790356Z","level":"info"}
{"timestamp":"2026-09-06T06:34:29.919793866Z","message":"  method: 'GET',","level":"info"}
{"timestamp":"2026-09-06T06:34:29.919797086Z","message":"  route: '/api/v2/agents/active',","level":"info"}
{"timestamp":"2026-09-06T06:34:29.919800216Z","level":"info","message":"  status: 200,"}
{"level":"info","message":"  durationMs: 102","timestamp":"2026-09-06T06:34:29.919805556Z"}
{"message":"}","timestamp":"2026-09-06T06:34:29.919811075Z","level":"info"}
{"level":"info","message":"[ops] {","timestamp":"2026-09-06T06:34:30.404052599Z"}
{"timestamp":"2026-09-06T06:34:30.404055989Z","level":"info","message":"  event: 'http_request',"}
{"timestamp":"2026-09-06T06:34:30.404059339Z","message":"  ts: '2026-09-06T06:34:30.401Z',","level":"info"}
{"timestamp":"2026-09-06T06:34:30.404063079Z","level":"info","message":"  requestId: '1a540b75-c7a7-4eca-a578-72509d9ae403',"}
{"message":"  method: 'OPTIONS',","timestamp":"2026-09-06T06:34:30.404066419Z","level":"info"}
{"timestamp":"2026-09-06T06:34:30.404070059Z","level":"info","message":"  route: '/api/v2/agents/active',"}
{"level":"info","message":"  status: 204,","timestamp":"2026-09-06T06:34:30.404073499Z"}
{"message":"  durationMs: 0","timestamp":"2026-09-06T06:34:30.404077319Z","level":"info"}
{"message":"}","timestamp":"2026-09-06T06:34:30.404080739Z","level":"info"}
{"timestamp":"2026-09-06T06:34:30.406946832Z","message":"[ops] {","level":"info"}
{"timestamp":"2026-09-06T06:34:30.406950922Z","level":"info","message":"  event: 'http_request',"}
{"timestamp":"2026-09-06T06:34:30.406955172Z","message":"  ts: '2026-09-06T06:34:30.404Z',","level":"info"}
{"message":"  requestId: 'e6b46312-7f20-4418-a8d0-fad1533a2cc0',","timestamp":"2026-09-06T06:34:30.406959152Z","level":"info"}
{"level":"info","message":"  method: 'OPTIONS',","timestamp":"2026-09-06T06:34:30.406963632Z"}
{"message":"  route: '/api/v2/events',","level":"info","timestamp":"2026-09-06T06:34:30.406968332Z"}
{"level":"info","message":"  status: 204,","timestamp":"2026-09-06T06:34:30.406972541Z"}
{"message":"  durationMs: 0","level":"info","timestamp":"2026-09-06T06:34:30.406978191Z"}
{"level":"info","timestamp":"2026-09-06T06:34:30.406982101Z","message":"}"}
{"message":"[ops] {","level":"info","timestamp":"2026-09-06T06:34:30.493110422Z"}
{"level":"info","timestamp":"2026-09-06T06:34:30.493115172Z","message":"  event: 'http_request',"}
{"message":"  ts: '2026-09-06T06:34:30.491Z',","timestamp":"2026-09-06T06:34:30.493118172Z","level":"info"}
{"message":"  requestId: 'eb12e3ba-e406-492e-bb35-1dc085cff20e',","level":"info","timestamp":"2026-09-06T06:34:30.493120672Z"}
{"level":"info","message":"  method: 'GET',","timestamp":"2026-09-06T06:34:30.493123192Z"}
{"message":"  route: '/api/v2/events',","level":"info","timestamp":"2026-09-06T06:34:30.493125902Z"}
{"message":"  status: 200,","timestamp":"2026-09-06T06:34:30.493128582Z","level":"info"}
{"level":"info","message":"  durationMs: 679","timestamp":"2026-09-06T06:34:30.493131182Z"}
{"timestamp":"2026-09-06T06:34:30.493134082Z","level":"info","message":"}"}
{"timestamp":"2026-09-06T06:34:30.570536165Z","message":"[ops] {","level":"error"}
{"message":"  event: 'security.app_check_rejected',","timestamp":"2026-09-06T06:34:30.570543405Z","level":"error"}
{"message":"  ts: '2026-09-06T06:34:30.568Z',","timestamp":"2026-09-06T06:34:30.570549715Z","level":"error"}
{"message":"  reason: 'missing_token',","level":"error","timestamp":"2026-09-06T06:34:30.570554204Z"}
{"message":"  mode: 'monitor',","level":"error","timestamp":"2026-09-06T06:34:30.570558984Z"}
{"message":"  route: '/api/v2/events'","timestamp":"2026-09-06T06:34:30.570563444Z","level":"error"}
{"message":"}","timestamp":"2026-09-06T06:34:30.570567394Z","level":"error"}
{"message":"[ops] {","timestamp":"2026-09-06T06:34:30.571610871Z","level":"error"}
{"timestamp":"2026-09-06T06:34:30.571618141Z","message":"  event: 'security.app_check_rejected',","level":"error"}
{"message":"  ts: '2026-09-06T06:34:30.570Z',","timestamp":"2026-09-06T06:34:30.571623651Z","level":"error"}
{"timestamp":"2026-09-06T06:34:30.571628071Z","message":"  reason: 'missing_token',","level":"error"}
{"message":"  mode: 'monitor',","timestamp":"2026-09-06T06:34:30.571632991Z","level":"error"}
{"timestamp":"2026-09-06T06:34:30.571637651Z","message":"  route: '/api/v2/agents/active'","level":"error"}
{"message":"}","level":"error","timestamp":"2026-09-06T06:34:30.571642270Z"}
{"level":"info","message":"[ops] {","timestamp":"2026-09-06T06:34:30.666829205Z"}
{"message":"  event: 'http_request',","level":"info","timestamp":"2026-09-06T06:34:30.666836115Z"}
{"message":"  ts: '2026-09-06T06:34:30.665Z',","timestamp":"2026-09-06T06:34:30.666841895Z","level":"info"}
{"message":"  requestId: '388efad8-6018-4fb6-8b48-dcf7367efa01',","timestamp":"2026-09-06T06:34:30.666845935Z","level":"info"}
{"message":"  method: 'GET',","timestamp":"2026-09-06T06:34:30.666850815Z","level":"info"}
{"level":"info","message":"  route: '/api/v2/agents/active',","timestamp":"2026-09-06T06:34:30.666854725Z"}
{"message":"  status: 200,","level":"info","timestamp":"2026-09-06T06:34:30.666865544Z"}
{"level":"info","timestamp":"2026-09-06T06:34:30.666868974Z","message":"  durationMs: 95"}
{"level":"info","message":"}","timestamp":"2026-09-06T06:34:30.666872454Z"}
{"level":"info","message":"[ops] {","timestamp":"2026-09-06T06:34:31.120433313Z"}
{"level":"info","message":"  event: 'http_request',","timestamp":"2026-09-06T06:34:31.120449433Z"}
{"message":"  ts: '2026-09-06T06:34:31.118Z',","timestamp":"2026-09-06T06:34:31.120454883Z","level":"info"}
{"message":"  requestId: '5a0b7707-3981-4c54-bce5-2b344f921d04',","timestamp":"2026-09-06T06:34:31.120459113Z","level":"info"}
{"message":"  method: 'GET',","timestamp":"2026-09-06T06:34:31.120462643Z","level":"info"}
{"message":"  route: '/api/v2/events',","timestamp":"2026-09-06T06:34:31.120466383Z","level":"info"}
{"level":"info","timestamp":"2026-09-06T06:34:31.120469763Z","message":"  status: 200,"}
{"message":"  durationMs: 550","timestamp":"2026-09-06T06:34:31.120473822Z","level":"info"}
{"timestamp":"2026-09-06T06:34:31.120478482Z","message":"}","level":"info"}
{"level":"info","message":"[ops] {","timestamp":"2026-09-06T06:34:31.125031494Z"}
{"message":"  event: 'http_request',","timestamp":"2026-09-06T06:34:31.125036854Z","level":"info"}
{"timestamp":"2026-09-06T06:34:31.125039844Z","level":"info","message":"  ts: '2026-09-06T06:34:31.123Z',"}
{"timestamp":"2026-09-06T06:34:31.125042694Z","message":"  requestId: 'd58e0015-ec78-4630-9af4-88470766c076',","level":"info"}
{"message":"  method: 'OPTIONS',","level":"info","timestamp":"2026-09-06T06:34:31.125045354Z"}
{"timestamp":"2026-09-06T06:34:31.125048474Z","level":"info","message":"  route: '/api/studio/status',"}
{"timestamp":"2026-09-06T06:34:31.125051334Z","level":"info","message":"  status: 204,"}
{"timestamp":"2026-09-06T06:34:31.125054263Z","message":"  durationMs: 0","level":"info"}
{"level":"info","message":"}","timestamp":"2026-09-06T06:34:31.125056823Z"}
{"timestamp":"2026-09-06T06:34:31.128298592Z","message":"  durationMs: 0","level":"info"}
{"message":"}","level":"info","timestamp":"2026-09-06T06:34:31.128303222Z"}
{"level":"info","timestamp":"2026-09-06T06:34:31.128313632Z","message":"[ops] {"}
{"level":"info","message":"  method: 'OPTIONS',","timestamp":"2026-09-06T06:34:31.128319081Z"}
{"timestamp":"2026-09-06T06:34:31.128324311Z","message":"  event: 'http_request',","level":"info"}
{"timestamp":"2026-09-06T06:34:31.128332671Z","level":"info","message":"  route: '/api/studio/mcp/status',"}
{"message":"  ts: '2026-09-06T06:34:31.127Z',","level":"info","timestamp":"2026-09-06T06:34:31.128333841Z"}
{"level":"info","message":"  requestId: 'e3263654-ad7f-4d84-94ab-122f3774a4db',","timestamp":"2026-09-06T06:34:31.128339891Z"}
{"message":"  status: 204,","timestamp":"2026-09-06T06:34:31.128360071Z","level":"info"}
{"level":"error","message":"[ops] {","timestamp":"2026-09-06T06:34:31.342303326Z"}
{"message":"  event: 'security.app_check_rejected',","level":"error","timestamp":"2026-09-06T06:34:31.342306585Z"}
{"level":"error","message":"  ts: '2026-09-06T06:34:31.292Z',","timestamp":"2026-09-06T06:34:31.342310305Z"}
{"message":"  reason: 'missing_token',","timestamp":"2026-09-06T06:34:31.342314365Z","level":"error"}
{"message":"  mode: 'monitor',","timestamp":"2026-09-06T06:34:31.342318975Z","level":"error"}
{"message":"  route: '/api/studio/status'","timestamp":"2026-09-06T06:34:31.342322685Z","level":"error"}
{"timestamp":"2026-09-06T06:34:31.342326165Z","level":"error","message":"}"}
{"message":"[ops] {","timestamp":"2026-09-06T06:34:31.342330035Z","level":"error"}
{"timestamp":"2026-09-06T06:34:31.342333045Z","level":"error","message":"  event: 'security.app_check_rejected',"}
{"timestamp":"2026-09-06T06:34:31.342336575Z","level":"error","message":"  ts: '2026-09-06T06:34:31.297Z',"}
{"message":"  reason: 'missing_token',","timestamp":"2026-09-06T06:34:31.342340455Z","level":"error"}
{"timestamp":"2026-09-06T06:34:31.342343465Z","message":"  mode: 'monitor',","level":"error"}
{"level":"error","timestamp":"2026-09-06T06:34:31.342347245Z","message":"  route: '/api/studio/mcp/status'"}
{"timestamp":"2026-09-06T06:34:31.342351525Z","level":"error","message":"}"}
{"level":"info","message":"[ops] {","timestamp":"2026-09-06T06:34:31.577565206Z"}
{"level":"info","message":"  event: 'http_request',","timestamp":"2026-09-06T06:34:31.577570616Z"}
{"timestamp":"2026-09-06T06:34:31.577574555Z","message":"  ts: '2026-09-06T06:34:31.572Z',","level":"info"}
{"level":"info","message":"  requestId: '9e979c67-f33a-4bcf-92ce-e2a22490f41d',","timestamp":"2026-09-06T06:34:31.577578765Z"}
{"level":"info","message":"  method: 'GET',","timestamp":"2026-09-06T06:34:31.577582715Z"}
{"message":"  route: '/api/studio/mcp/status',","timestamp":"2026-09-06T06:34:31.577585945Z","level":"info"}
{"message":"  status: 200,","level":"info","timestamp":"2026-09-06T06:34:31.577588945Z"}
{"message":"  durationMs: 275","level":"info","timestamp":"2026-09-06T06:34:31.577591645Z"}
{"message":"}","timestamp":"2026-09-06T06:34:31.577594385Z","level":"info"}
{"timestamp":"2026-09-06T06:34:31.714776209Z","message":"[ops] {","level":"info"}
{"message":"  event: 'http_request',","timestamp":"2026-09-06T06:34:31.714782628Z","level":"info"}
{"message":"  ts: '2026-09-06T06:34:31.713Z',","timestamp":"2026-09-06T06:34:31.714786958Z","level":"info"}
{"message":"  requestId: '64a1241e-187b-4042-a584-5a2f592f55d5',","level":"info","timestamp":"2026-09-06T06:34:31.714790618Z"}
{"level":"info","message":"  method: 'GET',","timestamp":"2026-09-06T06:34:31.714794578Z"}
{"level":"info","message":"  route: '/api/studio/status',","timestamp":"2026-09-06T06:34:31.714801228Z"}
{"message":"  status: 200,","timestamp":"2026-09-06T06:34:31.714804998Z","level":"info"}
{"timestamp":"2026-09-06T06:34:31.714808428Z","level":"info","message":"  durationMs: 421"}
{"message":"}","timestamp":"2026-09-06T06:34:31.714812428Z","level":"info"}
{"message":"[ops] {","timestamp":"2026-09-06T06:34:32.375651186Z","level":"info"}
{"level":"info","message":"  event: 'http_request',","timestamp":"2026-09-06T06:34:32.375655096Z"}
{"message":"  ts: '2026-09-06T06:34:32.200Z',","timestamp":"2026-09-06T06:34:32.375659206Z","level":"info"}
{"level":"info","message":"  requestId: '3ea1a8b4-059c-4679-90a6-f447bf93e2ab',","timestamp":"2026-09-06T06:34:32.375662846Z"}
{"timestamp":"2026-09-06T06:34:32.375666386Z","level":"info","message":"  method: 'OPTIONS',"}
{"message":"  route: '/api/v2/events',","timestamp":"2026-09-06T06:34:32.375670106Z","level":"info"}
{"level":"info","timestamp":"2026-09-06T06:34:32.375673476Z","message":"  status: 204,"}
{"timestamp":"2026-09-06T06:34:32.375677156Z","level":"info","message":"  durationMs: 1"}
{"message":"}","timestamp":"2026-09-06T06:34:32.375681056Z","level":"info"}
{"timestamp":"2026-09-06T06:34:32.375684676Z","message":"[ops] {","level":"error"}
{"timestamp":"2026-09-06T06:34:32.375687956Z","level":"error","message":"  event: 'security.app_check_rejected',"}
{"timestamp":"2026-09-06T06:34:32.375691006Z","level":"error","message":"  ts: '2026-09-06T06:34:32.365Z',"}
{"timestamp":"2026-09-06T06:34:32.375694876Z","message":"  reason: 'missing_token',","level":"error"}
{"message":"  mode: 'monitor',","level":"error","timestamp":"2026-09-06T06:34:32.375698735Z"}
{"level":"error","timestamp":"2026-09-06T06:34:32.375701865Z","message":"  route: '/api/v2/events'"}
{"timestamp":"2026-09-06T06:34:32.375706265Z","level":"error","message":"}"}
{"level":"error","timestamp":"2026-09-06T06:34:32.894332856Z","message":"[ops] {"}
{"level":"error","timestamp":"2026-09-06T06:34:32.894338006Z","message":"  event: 'security.app_check_rejected',"}
{"timestamp":"2026-09-06T06:34:32.894342316Z","message":"  ts: '2026-09-06T06:34:32.892Z',","level":"error"}
{"message":"  reason: 'missing_token',","timestamp":"2026-09-06T06:34:32.894344756Z","level":"error"}
{"timestamp":"2026-09-06T06:34:32.894347356Z","message":"  mode: 'monitor',","level":"error"}
{"level":"error","message":"  route: '/api/icons/eBSP8BTus9uDAcLIIFqZ'","timestamp":"2026-09-06T06:34:32.894350236Z"}
{"level":"error","message":"}","timestamp":"2026-09-06T06:34:32.894353546Z"}
{"message":"[ops] {","timestamp":"2026-09-06T06:34:32.948587257Z","level":"info"}
{"level":"info","message":"  event: 'http_request',","timestamp":"2026-09-06T06:34:32.948668416Z"}
{"level":"info","message":"  ts: '2026-09-06T06:34:32.944Z',","timestamp":"2026-09-06T06:34:32.948674886Z"}
{"level":"info","message":"  requestId: '65460d5e-eddf-4627-a8b3-c9657f031900',","timestamp":"2026-09-06T06:34:32.948679546Z"}
{"timestamp":"2026-09-06T06:34:32.948684296Z","level":"info","message":"  method: 'GET',"}
{"message":"  route: '/api/icons/:id',","timestamp":"2026-09-06T06:34:32.948689646Z","level":"info"}
{"timestamp":"2026-09-06T06:34:32.948693926Z","level":"info","message":"  status: 200,"}
{"message":"  durationMs: 52","timestamp":"2026-09-06T06:34:32.948720156Z","level":"info"}
{"message":"}","level":"info","timestamp":"2026-09-06T06:34:32.948747765Z"}
{"message":"[ops] {","timestamp":"2026-09-06T06:34:33.002776270Z","level":"info"}
{"level":"info","message":"  event: 'http_request',","timestamp":"2026-09-06T06:34:33.002786849Z"}
{"message":"  ts: '2026-09-06T06:34:33.000Z',","level":"info","timestamp":"2026-09-06T06:34:33.002791229Z"}
{"message":"  requestId: '442a226c-36c9-49b1-b2ad-03b1665a3ace',","timestamp":"2026-09-06T06:34:33.002795779Z","level":"info"}
{"timestamp":"2026-09-06T06:34:33.002799419Z","message":"  method: 'GET',","level":"info"}
{"message":"  route: '/api/v2/events',","level":"info","timestamp":"2026-09-06T06:34:33.002803299Z"}
{"timestamp":"2026-09-06T06:34:33.002808939Z","message":"  status: 200,","level":"info"}
{"timestamp":"2026-09-06T06:34:33.002812749Z","level":"info","message":"  durationMs: 635"}
{"level":"info","timestamp":"2026-09-06T06:34:33.002816329Z","message":"}"}
{"timestamp":"2026-09-06T06:34:33.406170074Z","level":"info","message":"[ops] {"}
{"level":"info","message":"  event: 'http_request',","timestamp":"2026-09-06T06:34:33.406178234Z"}
{"level":"info","message":"  ts: '2026-09-06T06:34:33.404Z',","timestamp":"2026-09-06T06:34:33.406183724Z"}
{"message":"  requestId: '204b5851-a103-40f7-9e2a-547ad300bc58',","level":"info","timestamp":"2026-09-06T06:34:33.406188024Z"}
{"level":"info","message":"  method: 'POST',","timestamp":"2026-09-06T06:34:33.406192964Z"}
{"message":"  route: '/api/studio/mcp/session/ping',","timestamp":"2026-09-06T06:34:33.406206964Z","level":"info"}
{"timestamp":"2026-09-06T06:34:33.406211424Z","message":"  status: 200,","level":"info"}
{"message":"  durationMs: 255","level":"info","timestamp":"2026-09-06T06:34:33.406215934Z"}
{"timestamp":"2026-09-06T06:34:33.406220283Z","message":"}","level":"info"}
{"message":"[ops] {","timestamp":"2026-09-06T06:34:33.433254365Z","level":"info"}
{"timestamp":"2026-09-06T06:34:33.433259525Z","level":"info","message":"  event: 'http_request',"}
{"level":"info","message":"  ts: '2026-09-06T06:34:33.431Z',","timestamp":"2026-09-06T06:34:33.433263515Z"}
{"timestamp":"2026-09-06T06:34:33.433267265Z","message":"  requestId: '78577e86-1961-4da2-b087-8de4fc452eb4',","level":"info"}
{"timestamp":"2026-09-06T06:34:33.433270855Z","level":"info","message":"  method: 'OPTIONS',"}
{"level":"info","message":"  route: '/api/v2/events',","timestamp":"2026-09-06T06:34:33.433274175Z"}
{"level":"info","timestamp":"2026-09-06T06:34:33.433277395Z","message":"  status: 204,"}
{"timestamp":"2026-09-06T06:34:33.433280445Z","message":"  durationMs: 0","level":"info"}
{"timestamp":"2026-09-06T06:34:33.433283475Z","message":"}","level":"info"}
{"timestamp":"2026-09-06T06:34:33.603001209Z","level":"error","message":"[ops] {"}
{"level":"error","timestamp":"2026-09-06T06:34:33.603005639Z","message":"  event: 'security.app_check_rejected',"}
{"message":"  ts: '2026-09-06T06:34:33.601Z',","timestamp":"2026-09-06T06:34:33.603009149Z","level":"error"}
{"level":"error","message":"  reason: 'missing_token',","timestamp":"2026-09-06T06:34:33.603012509Z"}
{"message":"  mode: 'monitor',","timestamp":"2026-09-06T06:34:33.603015179Z","level":"error"}
{"level":"error","timestamp":"2026-09-06T06:34:33.603018409Z","message":"  route: '/api/v2/events'"}
{"level":"error","message":"}","timestamp":"2026-09-06T06:34:33.603021599Z"}
{"timestamp":"2026-09-06T06:34:34.380296389Z","level":"info","message":"[ops] {"}
{"message":"  event: 'http_request',","timestamp":"2026-09-06T06:34:34.380306459Z","level":"info"}
{"timestamp":"2026-09-06T06:34:34.380310848Z","level":"info","message":"  ts: '2026-09-06T06:34:34.164Z',"}
{"timestamp":"2026-09-06T06:34:34.380315228Z","level":"info","message":"  requestId: 'fbbee03f-1955-4332-9271-4e1624edb4aa',"}
{"timestamp":"2026-09-06T06:34:34.380319268Z","message":"  method: 'GET',","level":"info"}
{"level":"info","message":"  route: '/api/v2/events',","timestamp":"2026-09-06T06:34:34.380323358Z"}
{"level":"info","message":"  status: 200,","timestamp":"2026-09-06T06:34:34.380327548Z"}
{"timestamp":"2026-09-06T06:34:34.380331418Z","level":"info","message":"  durationMs: 563"}
{"message":"}","timestamp":"2026-09-06T06:34:34.380335258Z","level":"info"}
{"timestamp":"2026-09-06T06:34:34.712340012Z","level":"info","message":"[ops] {"}
{"timestamp":"2026-09-06T06:34:34.712347792Z","level":"info","message":"  event: 'http_request',"}
{"level":"info","message":"  ts: '2026-09-06T06:34:34.711Z',","timestamp":"2026-09-06T06:34:34.712353222Z"}
{"level":"info","message":"  requestId: 'cf4b9ff5-c082-4222-9a66-fee22e497af0',","timestamp":"2026-09-06T06:34:34.712358312Z"}
{"timestamp":"2026-09-06T06:34:34.712364632Z","level":"info","message":"  method: 'OPTIONS',"}
{"message":"  route: '/api/v2/events',","timestamp":"2026-09-06T06:34:34.712369862Z","level":"info"}
{"message":"  status: 204,","timestamp":"2026-09-06T06:34:34.712374472Z","level":"info"}
{"message":"  durationMs: 0","level":"info","timestamp":"2026-09-06T06:34:34.712379242Z"}
{"level":"info","timestamp":"2026-09-06T06:34:34.712384072Z","message":"}"}
{"timestamp":"2026-09-06T06:34:34.881087119Z","level":"error","message":"[ops] {"}
{"level":"error","message":"  event: 'security.app_check_rejected',","timestamp":"2026-09-06T06:34:34.881097549Z"}
{"message":"  ts: '2026-09-06T06:34:34.876Z',","timestamp":"2026-09-06T06:34:34.881101959Z","level":"error"}
{"timestamp":"2026-09-06T06:34:34.881105748Z","message":"  reason: 'missing_token',","level":"error"}
{"timestamp":"2026-09-06T06:34:34.881108828Z","level":"error","message":"  mode: 'monitor',"}
{"timestamp":"2026-09-06T06:34:34.881112138Z","message":"  route: '/api/v2/events'","level":"error"}
{"message":"}","timestamp":"2026-09-06T06:34:34.881115138Z","level":"error"}
{"message":"[ops] {","timestamp":"2026-09-06T06:34:35.441945265Z","level":"info"}
{"timestamp":"2026-09-06T06:34:35.441949785Z","message":"  event: 'http_request',","level":"info"}
{"level":"info","message":"  ts: '2026-09-06T06:34:35.439Z',","timestamp":"2026-09-06T06:34:35.441954835Z"}
{"timestamp":"2026-09-06T06:34:35.441958075Z","message":"  requestId: 'c2f967a2-9d9f-4739-8bcf-c004b2ceced6',","level":"info"}
{"message":"  method: 'GET',","level":"info","timestamp":"2026-09-06T06:34:35.441961115Z"}
{"level":"info","message":"  route: '/api/v2/events',","timestamp":"2026-09-06T06:34:35.441964905Z"}
{"level":"info","message":"  status: 200,","timestamp":"2026-09-06T06:34:35.441967855Z"}
{"level":"info","message":"  durationMs: 563","timestamp":"2026-09-06T06:34:35.441970975Z"}
{"timestamp":"2026-09-06T06:34:35.441974385Z","level":"info","message":"}"}
{"timestamp":"2026-09-06T06:34:37.380271311Z","level":"info","message":"[ops] {"}
{"message":"  event: 'http_request',","level":"info","timestamp":"2026-09-06T06:34:37.380274461Z"}
{"message":"  ts: '2026-09-06T06:34:37.158Z',","timestamp":"2026-09-06T06:34:37.380276781Z","level":"info"}
{"message":"  requestId: '77975df1-5e8a-482e-8b80-f6a76e525705',","level":"info","timestamp":"2026-09-06T06:34:37.380279101Z"}
{"message":"  method: 'OPTIONS',","level":"info","timestamp":"2026-09-06T06:34:37.380281461Z"}
{"timestamp":"2026-09-06T06:34:37.380283951Z","level":"info","message":"  route: '/api/v2/events',"}
{"timestamp":"2026-09-06T06:34:37.380286271Z","level":"info","message":"  status: 204,"}
{"level":"info","message":"  durationMs: 0","timestamp":"2026-09-06T06:34:37.380288541Z"}
{"message":"}","level":"info","timestamp":"2026-09-06T06:34:37.380291781Z"}
{"timestamp":"2026-09-06T06:34:37.380294090Z","message":"[ops] {","level":"error"}
{"level":"error","timestamp":"2026-09-06T06:34:37.380297010Z","message":"  event: 'security.app_check_rejected',"}
{"message":"  ts: '2026-09-06T06:34:37.324Z',","level":"error","timestamp":"2026-09-06T06:34:37.380299240Z"}
{"level":"error","message":"  reason: 'missing_token',","timestamp":"2026-09-06T06:34:37.380301720Z"}
{"level":"error","timestamp":"2026-09-06T06:34:37.380304120Z","message":"  mode: 'monitor',"}
{"message":"  route: '/api/v2/events'","timestamp":"2026-09-06T06:34:37.380306470Z","level":"error"}
{"level":"error","message":"}","timestamp":"2026-09-06T06:34:37.380309260Z"}
{"message":"[ops] {","timestamp":"2026-09-06T06:34:37.544651073Z","level":"info"}
{"level":"info","message":"  event: 'http_request',","timestamp":"2026-09-06T06:34:37.544656583Z"}
{"message":"  ts: '2026-09-06T06:34:37.543Z',","level":"info","timestamp":"2026-09-06T06:34:37.544660743Z"}
{"timestamp":"2026-09-06T06:34:37.544664653Z","message":"  requestId: 'f363dc5a-f439-46a7-a8b5-5e87b909aaee',","level":"info"}
{"timestamp":"2026-09-06T06:34:37.544667823Z","level":"info","message":"  method: 'OPTIONS',"}
{"level":"info","timestamp":"2026-09-06T06:34:37.544671023Z","message":"  route: '/api/projects/:id/assets',"}
{"message":"  status: 204,","timestamp":"2026-09-06T06:34:37.544676083Z","level":"info"}
{"message":"  durationMs: 0","timestamp":"2026-09-06T06:34:37.544679283Z","level":"info"}
{"level":"info","timestamp":"2026-09-06T06:34:37.544690433Z","message":"}"}
{"timestamp":"2026-09-06T06:34:37.717894493Z","level":"error","message":"[ops] {"}
{"level":"error","timestamp":"2026-09-06T06:34:37.717900792Z","message":"  event: 'security.app_check_rejected',"}
{"timestamp":"2026-09-06T06:34:37.717905002Z","level":"error","message":"  ts: '2026-09-06T06:34:37.716Z',"}
{"message":"  reason: 'missing_token',","level":"error","timestamp":"2026-09-06T06:34:37.717909342Z"}
{"level":"error","message":"  mode: 'monitor',","timestamp":"2026-09-06T06:34:37.717913072Z"}
{"timestamp":"2026-09-06T06:34:37.717917852Z","message":"  route: '/api/projects/5f2cf251-81c2-4b17-a8eb-c182336aa0db/assets'","level":"error"}
{"timestamp":"2026-09-06T06:34:37.717922632Z","level":"error","message":"}"}
{"timestamp":"2026-09-06T06:34:37.767707671Z","level":"info","message":"[ops] {"}
{"level":"info","timestamp":"2026-09-06T06:34:37.767713761Z","message":"  event: 'studio.plugin_compatibility_handshake',"}
{"level":"info","message":"  ts: '2026-09-06T06:34:37.765Z',","timestamp":"2026-09-06T06:34:37.767720501Z"}
{"message":"  requestId: '15170015-a2f6-42ef-ba9a-871303594425',","level":"info","timestamp":"2026-09-06T06:34:37.767726700Z"}
{"message":"  sessionId: 'MLq8J3mhz56J6BRsAeQe',","timestamp":"2026-09-06T06:34:37.767730320Z","level":"info"}
{"message":"  userId: '0VSQotqOXxPXBLeQu1gUNkXELWH3',","level":"info","timestamp":"2026-09-06T06:34:37.767734270Z"}
{"timestamp":"2026-09-06T06:34:37.767737830Z","level":"info","message":"  status: 'compatible',"}
{"message":"  reasonCodes: [],","timestamp":"2026-09-06T06:34:37.767741110Z","level":"info"}
{"timestamp":"2026-09-06T06:34:37.767744390Z","message":"  buildId: 'nexusrbx-studio-0.14.0-r15-animation.12-toolbox',","level":"info"}
{"level":"info","message":"  attestationWritten: false,","timestamp":"2026-09-06T06:34:37.767748870Z"}
{"level":"info","message":"  repairDurationMs: 633","timestamp":"2026-09-06T06:34:37.767751900Z"}
{"timestamp":"2026-09-06T06:34:37.767755380Z","level":"info","message":"}"}
{"message":"[ops] {","level":"info","timestamp":"2026-09-06T06:34:37.767758740Z"}
{"level":"info","timestamp":"2026-09-06T06:34:37.767761890Z","message":"  event: 'http_request',"}
{"message":"  ts: '2026-09-06T06:34:37.766Z',","level":"info","timestamp":"2026-09-06T06:34:37.767765320Z"}
{"timestamp":"2026-09-06T06:34:37.767768390Z","level":"info","message":"  requestId: '15170015-a2f6-42ef-ba9a-871303594425',"}
{"message":"  method: 'POST',","level":"info","timestamp":"2026-09-06T06:34:37.767773430Z"}
{"timestamp":"2026-09-06T06:34:37.767776920Z","level":"info","message":"  route: '/api/studio/session/ping',"}
{"timestamp":"2026-09-06T06:34:37.767780450Z","level":"info","message":"  status: 200,"}
{"message":"  durationMs: 723","level":"info","timestamp":"2026-09-06T06:34:37.767783990Z"}
{"level":"info","message":"}","timestamp":"2026-09-06T06:34:37.767788440Z"}
{"level":"info","message":"[ops] {","timestamp":"2026-09-06T06:34:37.970799585Z"}
{"timestamp":"2026-09-06T06:34:37.970805765Z","level":"info","message":"  event: 'http_request',"}
{"message":"  ts: '2026-09-06T06:34:37.969Z',","timestamp":"2026-09-06T06:34:37.970811755Z","level":"info"}
{"message":"  requestId: '863bf4ad-94e0-4975-8bfb-6f6de14d9e97',","timestamp":"2026-09-06T06:34:37.970815305Z","level":"info"}
{"timestamp":"2026-09-06T06:34:37.970818205Z","message":"  method: 'GET',","level":"info"}
{"level":"info","message":"  route: '/api/v2/events',","timestamp":"2026-09-06T06:34:37.970821215Z"}
{"timestamp":"2026-09-06T06:34:37.970823705Z","level":"info","message":"  status: 200,"}
{"timestamp":"2026-09-06T06:34:37.970826005Z","level":"info","message":"  durationMs: 645"}
{"level":"info","message":"}","timestamp":"2026-09-06T06:34:37.970828405Z"}
{"timestamp":"2026-09-06T06:34:38.023673284Z","message":"[ops] {","level":"info"}
{"level":"info","message":"  event: 'http_request',","timestamp":"2026-09-06T06:34:38.023678294Z"}
{"timestamp":"2026-09-06T06:34:38.023682824Z","level":"info","message":"  ts: '2026-09-06T06:34:38.022Z',"}
{"timestamp":"2026-09-06T06:34:38.023686384Z","message":"  requestId: '3c5462e2-eb41-4dac-94a1-c05ed81a2ed1',","level":"info"}
{"timestamp":"2026-09-06T06:34:38.023689584Z","level":"info","message":"  method: 'GET',"}
{"level":"info","message":"  route: '/api/projects/:projectId/assets',","timestamp":"2026-09-06T06:34:38.023692964Z"}
{"message":"  status: 200,","timestamp":"2026-09-06T06:34:38.023696474Z","level":"info"}
{"level":"info","message":"  durationMs: 306","timestamp":"2026-09-06T06:34:38.023699884Z"}
{"message":"}","level":"info","timestamp":"2026-09-06T06:34:38.023703574Z"}
{"timestamp":"2026-09-06T06:34:39.645625854Z","message":"[ops] {","level":"info"}
{"message":"  event: 'http_request',","timestamp":"2026-09-06T06:34:39.645634174Z","level":"info"}
{"level":"info","message":"  ts: '2026-09-06T06:34:39.644Z',","timestamp":"2026-09-06T06:34:39.645639384Z"}
{"message":"  requestId: '1e828ac7-572a-4611-bb93-0e9b17001ea6',","timestamp":"2026-09-06T06:34:39.645644044Z","level":"info"}
{"timestamp":"2026-09-06T06:34:39.645647854Z","level":"info","message":"  method: 'OPTIONS',"}
{"timestamp":"2026-09-06T06:34:39.645651804Z","level":"info","message":"  route: '/api/v2/agents/active',"}
{"message":"  status: 204,","level":"info","timestamp":"2026-09-06T06:34:39.645655413Z"}
{"level":"info","message":"  durationMs: 0","timestamp":"2026-09-06T06:34:39.645659223Z"}
{"level":"info","message":"}","timestamp":"2026-09-06T06:34:39.645663053Z"}
{"message":"[ops] {","level":"info","timestamp":"2026-09-06T06:34:39.655336548Z"}
{"timestamp":"2026-09-06T06:34:39.655342118Z","message":"  event: 'http_request',","level":"info"}
{"timestamp":"2026-09-06T06:34:39.655346988Z","level":"info","message":"  ts: '2026-09-06T06:34:39.651Z',"}
{"level":"info","message":"  requestId: '50b06b49-72f3-4016-ae04-a5ecea0e41df',","timestamp":"2026-09-06T06:34:39.655349728Z"}
{"message":"  method: 'OPTIONS',","level":"info","timestamp":"2026-09-06T06:34:39.655352628Z"}
{"message":"  route: '/api/v2/events',","level":"info","timestamp":"2026-09-06T06:34:39.655355558Z"}
{"timestamp":"2026-09-06T06:34:39.655358098Z","message":"  status: 204,","level":"info"}
{"timestamp":"2026-09-06T06:34:39.655360538Z","level":"info","message":"  durationMs: 0"}
{"level":"info","message":"}","timestamp":"2026-09-06T06:34:39.655363338Z"}
{"timestamp":"2026-09-06T06:34:39.813676299Z","message":"[ops] {","level":"error"}
{"message":"  event: 'security.app_check_rejected',","level":"error","timestamp":"2026-09-06T06:34:39.813680659Z"}
{"message":"  ts: '2026-09-06T06:34:39.812Z',","timestamp":"2026-09-06T06:34:39.813685079Z","level":"error"}
{"timestamp":"2026-09-06T06:34:39.813690489Z","message":"  reason: 'missing_token',","level":"error"}
{"timestamp":"2026-09-06T06:34:39.813694909Z","level":"error","message":"  mode: 'monitor',"}
{"timestamp":"2026-09-06T06:34:39.813698349Z","message":"  route: '/api/v2/agents/active'","level":"error"}
{"message":"}","level":"error","timestamp":"2026-09-06T06:34:39.813702059Z"}
{"message":"[ops] {","level":"error","timestamp":"2026-09-06T06:34:39.819555174Z"}
{"message":"  event: 'security.app_check_rejected',","timestamp":"2026-09-06T06:34:39.819563863Z","level":"error"}
{"message":"  ts: '2026-09-06T06:34:39.818Z',","timestamp":"2026-09-06T06:34:39.819567873Z","level":"error"}
{"level":"error","message":"  reason: 'missing_token',","timestamp":"2026-09-06T06:34:39.819572213Z"}
{"timestamp":"2026-09-06T06:34:39.819575753Z","level":"error","message":"  mode: 'monitor',"}
{"timestamp":"2026-09-06T06:34:39.819579613Z","level":"error","message":"  route: '/api/v2/events'"}
{"level":"error","timestamp":"2026-09-06T06:34:39.819583423Z","message":"}"}
{"timestamp":"2026-09-06T06:34:39.870167252Z","level":"info","message":"[ops] {"}
{"message":"  event: 'http_request',","timestamp":"2026-09-06T06:34:39.870175691Z","level":"info"}
{"timestamp":"2026-09-06T06:34:39.870180241Z","level":"info","message":"  ts: '2026-09-06T06:34:39.868Z',"}
{"timestamp":"2026-09-06T06:34:39.870184011Z","message":"  requestId: 'b9ea0ebb-b2e9-44ab-bc07-41618f451b78',","level":"info"}
{"timestamp":"2026-09-06T06:34:39.870188511Z","message":"  method: 'GET',","level":"info"}
{"timestamp":"2026-09-06T06:34:39.870192491Z","message":"  route: '/api/v2/agents/active',","level":"info"}
{"level":"info","message":"  status: 200,","timestamp":"2026-09-06T06:34:39.870196091Z"}
{"message":"  durationMs: 56","level":"info","timestamp":"2026-09-06T06:34:39.870203151Z"}
{"level":"info","message":"}","timestamp":"2026-09-06T06:34:39.870206521Z"}
{"timestamp":"2026-09-06T06:34:40.403061578Z","message":"[ops] {","level":"info"}
{"message":"  event: 'http_request',","level":"info","timestamp":"2026-09-06T06:34:40.403065738Z"}
{"level":"info","message":"  ts: '2026-09-06T06:34:40.402Z',","timestamp":"2026-09-06T06:34:40.403068668Z"}
{"level":"info","message":"  requestId: 'ad35e565-5ec1-4b73-abf5-ecf48f80026c',","timestamp":"2026-09-06T06:34:40.403071498Z"}
{"message":"  method: 'OPTIONS',","level":"info","timestamp":"2026-09-06T06:34:40.403074748Z"}
{"level":"info","message":"  route: '/api/v2/agents/active',","timestamp":"2026-09-06T06:34:40.403077238Z"}
{"level":"info","timestamp":"2026-09-06T06:34:40.403079568Z","message":"  status: 204,"}
{"level":"info","message":"  durationMs: 0","timestamp":"2026-09-06T06:34:40.403082488Z"}
{"message":"}","level":"info","timestamp":"2026-09-06T06:34:40.403085108Z"}
{"message":"[ops] {","timestamp":"2026-09-06T06:34:40.427121898Z","level":"info"}
{"timestamp":"2026-09-06T06:34:40.427127338Z","message":"  event: 'http_request',","level":"info"}
{"message":"  ts: '2026-09-06T06:34:40.426Z',","timestamp":"2026-09-06T06:34:40.427131098Z","level":"info"}
{"level":"info","timestamp":"2026-09-06T06:34:40.427137808Z","message":"  requestId: '9594ed57-8832-4706-8893-218399cbaaa1',"}
{"timestamp":"2026-09-06T06:34:40.427141778Z","level":"info","message":"  method: 'GET',"}
{"message":"  route: '/api/v2/events',","level":"info","timestamp":"2026-09-06T06:34:40.427145428Z"}
{"message":"  status: 200,","timestamp":"2026-09-06T06:34:40.427149008Z","level":"info"}
{"message":"  durationMs: 608","timestamp":"2026-09-06T06:34:40.427153118Z","level":"info"}
{"message":"}","timestamp":"2026-09-06T06:34:40.427158618Z","level":"info"}
{"message":"[ops] {","timestamp":"2026-09-06T06:34:40.593670113Z","level":"error"}
{"timestamp":"2026-09-06T06:34:40.593675373Z","message":"  event: 'security.app_check_rejected',","level":"error"}
{"message":"  ts: '2026-09-06T06:34:40.574Z',","level":"error","timestamp":"2026-09-06T06:34:40.593680253Z"}
{"timestamp":"2026-09-06T06:34:40.593684463Z","message":"  reason: 'missing_token',","level":"error"}
{"message":"  mode: 'monitor',","timestamp":"2026-09-06T06:34:40.593689033Z","level":"error"}
{"level":"error","timestamp":"2026-09-06T06:34:40.593694443Z","message":"  route: '/api/v2/agents/active'"}
{"level":"error","message":"}","timestamp":"2026-09-06T06:34:40.593700963Z"}
{"message":"[ops] {","level":"info","timestamp":"2026-09-06T06:34:40.633344752Z"}
{"level":"info","timestamp":"2026-09-06T06:34:40.633357602Z","message":"  event: 'http_request',"}
{"timestamp":"2026-09-06T06:34:40.633363182Z","level":"info","message":"  ts: '2026-09-06T06:34:40.632Z',"}
{"level":"info","message":"  requestId: 'e9bb0f23-57e3-421f-92ff-bf3a1f53968a',","timestamp":"2026-09-06T06:34:40.633367922Z"}
{"timestamp":"2026-09-06T06:34:40.633372462Z","message":"  method: 'GET',","level":"info"}
{"timestamp":"2026-09-06T06:34:40.633377072Z","message":"  route: '/api/v2/agents/active',","level":"info"}
{"timestamp":"2026-09-06T06:34:40.633381302Z","message":"  status: 200,","level":"info"}
{"timestamp":"2026-09-06T06:34:40.633385852Z","level":"info","message":"  durationMs: 58"}
{"timestamp":"2026-09-06T06:34:40.633389942Z","level":"info","message":"}"}
{"timestamp":"2026-09-06T06:34:42.143502412Z","level":"info","message":"[ops] {"}
{"level":"info","timestamp":"2026-09-06T06:34:42.143507302Z","message":"  event: 'http_request',"}
{"message":"  ts: '2026-09-06T06:34:42.142Z',","timestamp":"2026-09-06T06:34:42.143510602Z","level":"info"}
{"message":"  requestId: 'e36522e2-3b92-49d5-b333-11d9288c7eb6',","timestamp":"2026-09-06T06:34:42.143513842Z","level":"info"}
{"level":"info","timestamp":"2026-09-06T06:34:42.143516972Z","message":"  method: 'OPTIONS',"}
{"message":"  route: '/api/v2/events',","level":"info","timestamp":"2026-09-06T06:34:42.143520742Z"}
{"level":"info","timestamp":"2026-09-06T06:34:42.143523092Z","message":"  status: 204,"}
{"timestamp":"2026-09-06T06:34:42.143525732Z","level":"info","message":"  durationMs: 0"}
{"message":"}","level":"info","timestamp":"2026-09-06T06:34:42.143528672Z"}
{"message":"[ops] {","timestamp":"2026-09-06T06:34:42.348165496Z","level":"error"}
{"level":"error","message":"  event: 'security.app_check_rejected',","timestamp":"2026-09-06T06:34:42.348168836Z"}
{"level":"error","timestamp":"2026-09-06T06:34:42.348172556Z","message":"  ts: '2026-09-06T06:34:42.306Z',"}
{"level":"error","message":"  reason: 'missing_token',","timestamp":"2026-09-06T06:34:42.348176066Z"}
{"message":"  mode: 'monitor',","timestamp":"2026-09-06T06:34:42.348179966Z","level":"error"}
{"message":"  route: '/api/v2/events'","timestamp":"2026-09-06T06:34:42.348184136Z","level":"error"}
{"level":"error","timestamp":"2026-09-06T06:34:42.348187636Z","message":"}"}
{"level":"info","message":"[ops] {","timestamp":"2026-09-06T06:34:42.884087233Z"}
{"message":"  event: 'http_request',","timestamp":"2026-09-06T06:34:42.884091873Z","level":"info"}
{"level":"info","message":"  ts: '2026-09-06T06:34:42.877Z',","timestamp":"2026-09-06T06:34:42.884094543Z"}
{"timestamp":"2026-09-06T06:34:42.884097143Z","level":"info","message":"  requestId: '8e4dc9e5-9a25-4c4b-962b-46b21b0843ce',"}
{"timestamp":"2026-09-06T06:34:42.884100223Z","message":"  method: 'GET',","level":"info"}
{"message":"  route: '/api/v2/events',","timestamp":"2026-09-06T06:34:42.884102913Z","level":"info"}
{"timestamp":"2026-09-06T06:34:42.884106313Z","message":"  status: 200,","level":"info"}
{"timestamp":"2026-09-06T06:34:42.884109093Z","level":"info","message":"  durationMs: 570"}
{"timestamp":"2026-09-06T06:34:42.884111513Z","level":"info","message":"}"}
{"message":"[ops] {","timestamp":"2026-09-06T06:34:44.641334280Z","level":"info"}
{"message":"  event: 'http_request',","timestamp":"2026-09-06T06:34:44.641338480Z","level":"info"}
{"message":"  ts: '2026-09-06T06:34:44.640Z',","timestamp":"2026-09-06T06:34:44.641341280Z","level":"info"}
{"timestamp":"2026-09-06T06:34:44.641343930Z","message":"  requestId: '5991031e-88a2-4c95-8384-8ed9b30cd1b0',","level":"info"}
{"message":"  method: 'OPTIONS',","timestamp":"2026-09-06T06:34:44.641346390Z","level":"info"}
{"message":"  route: '/api/v2/events',","timestamp":"2026-09-06T06:34:44.641348830Z","level":"info"}
{"level":"info","message":"  status: 204,","timestamp":"2026-09-06T06:34:44.641351420Z"}
{"message":"  durationMs: 0","level":"info","timestamp":"2026-09-06T06:34:44.641353650Z"}
{"level":"info","timestamp":"2026-09-06T06:34:44.641355980Z","message":"}"}
{"level":"error","message":"[ops] {","timestamp":"2026-09-06T06:34:44.826235499Z"}
{"timestamp":"2026-09-06T06:34:44.826244119Z","level":"error","message":"  event: 'security.app_check_rejected',"}
{"level":"error","message":"  ts: '2026-09-06T06:34:44.824Z',","timestamp":"2026-09-06T06:34:44.826250619Z"}
{"message":"  reason: 'missing_token',","timestamp":"2026-09-06T06:34:44.826255469Z","level":"error"}
{"level":"error","timestamp":"2026-09-06T06:34:44.826261269Z","message":"  mode: 'monitor',"}
{"level":"error","message":"  route: '/api/v2/events'","timestamp":"2026-09-06T06:34:44.826271078Z"}
{"level":"error","timestamp":"2026-09-06T06:34:44.826275798Z","message":"}"}
{"timestamp":"2026-09-06T06:34:45.388951322Z","message":"[ops] {","level":"info"}
{"level":"info","timestamp":"2026-09-06T06:34:45.388954132Z","message":"  event: 'http_request',"}
{"message":"  ts: '2026-09-06T06:34:45.377Z',","level":"info","timestamp":"2026-09-06T06:34:45.388956632Z"}
{"message":"  requestId: '936c4041-74d6-4f80-a6d1-ccabf93da0c3',","timestamp":"2026-09-06T06:34:45.388959512Z","level":"info"}
{"message":"  method: 'GET',","timestamp":"2026-09-06T06:34:45.388962182Z","level":"info"}
{"timestamp":"2026-09-06T06:34:45.388965412Z","level":"info","message":"  route: '/api/v2/events',"}
{"message":"  status: 200,","timestamp":"2026-09-06T06:34:45.388969581Z","level":"info"}
{"message":"  durationMs: 553","timestamp":"2026-09-06T06:34:45.388972991Z","level":"info"}
{"message":"}","timestamp":"2026-09-06T06:34:45.388976941Z","level":"info"}
{"level":"info","message":"[ops] {","timestamp":"2026-09-06T06:34:46.910184618Z"}
{"message":"  event: 'http_request',","level":"info","timestamp":"2026-09-06T06:34:46.910188407Z"}
{"message":"  ts: '2026-09-06T06:34:46.908Z',","level":"info","timestamp":"2026-09-06T06:34:46.910192147Z"}
{"message":"  requestId: '289f337f-0d8c-496e-8ab3-0d8332c06551',","timestamp":"2026-09-06T06:34:46.910195477Z","level":"info"}
{"timestamp":"2026-09-06T06:34:46.910198837Z","level":"info","message":"  method: 'OPTIONS',"}
{"timestamp":"2026-09-06T06:34:46.910201907Z","level":"info","message":"  route: '/api/studio/mcp/status',"}
{"message":"  status: 204,","timestamp":"2026-09-06T06:34:46.910205027Z","level":"info"}
{"timestamp":"2026-09-06T06:34:46.910208707Z","message":"  durationMs: 0","level":"info"}
{"level":"info","message":"}","timestamp":"2026-09-06T06:34:46.910211707Z"}
{"message":"  status: 204,","level":"info","timestamp":"2026-09-06T06:34:46.911466421Z"}
{"message":"  durationMs: 0","timestamp":"2026-09-06T06:34:46.911472171Z","level":"info"}
{"level":"info","message":"}","timestamp":"2026-09-06T06:34:46.911475651Z"}
{"level":"info","message":"[ops] {","timestamp":"2026-09-06T06:34:46.911519350Z"}
{"timestamp":"2026-09-06T06:34:46.911522750Z","level":"info","message":"  event: 'http_request',"}
{"message":"  ts: '2026-09-06T06:34:46.909Z',","level":"info","timestamp":"2026-09-06T06:34:46.911526340Z"}
{"level":"info","timestamp":"2026-09-06T06:34:46.911529660Z","message":"  requestId: 'c90ecbb7-f7fe-49d6-ac99-9b2ab260c1dc',"}
{"message":"  method: 'OPTIONS',","level":"info","timestamp":"2026-09-06T06:34:46.911532780Z"}
{"message":"  route: '/api/studio/status',","timestamp":"2026-09-06T06:34:46.911536670Z","level":"info"}
{"timestamp":"2026-09-06T06:34:47.073659922Z","level":"error","message":"[ops] {"}
{"timestamp":"2026-09-06T06:34:47.073670982Z","level":"error","message":"  event: 'security.app_check_rejected',"}
{"timestamp":"2026-09-06T06:34:47.073675682Z","level":"error","message":"  ts: '2026-09-06T06:34:47.069Z',"}
{"message":"  reason: 'missing_token',","level":"error","timestamp":"2026-09-06T06:34:47.073679782Z"}
{"message":"  mode: 'monitor',","level":"error","timestamp":"2026-09-06T06:34:47.073683712Z"}
{"timestamp":"2026-09-06T06:34:47.073687852Z","message":"  route: '/api/studio/mcp/status'","level":"error"}
{"message":"}","timestamp":"2026-09-06T06:34:47.073692361Z","level":"error"}
{"timestamp":"2026-09-06T06:34:47.086145571Z","message":"[ops] {","level":"error"}
{"message":"  event: 'security.app_check_rejected',","level":"error","timestamp":"2026-09-06T06:34:47.086154261Z"}
{"message":"  ts: '2026-09-06T06:34:47.084Z',","timestamp":"2026-09-06T06:34:47.086160731Z","level":"error"}
{"message":"  reason: 'missing_token',","timestamp":"2026-09-06T06:34:47.086164261Z","level":"error"}
{"level":"error","message":"  mode: 'monitor',","timestamp":"2026-09-06T06:34:47.086168361Z"}
{"message":"  route: '/api/studio/status'","timestamp":"2026-09-06T06:34:47.086174041Z","level":"error"}
{"level":"error","message":"}","timestamp":"2026-09-06T06:34:47.086177341Z"}
{"timestamp":"2026-09-06T06:34:47.141653056Z","level":"info","message":"[ops] {"}
{"message":"  event: 'http_request',","level":"info","timestamp":"2026-09-06T06:34:47.141660766Z"}
{"message":"  ts: '2026-09-06T06:34:47.136Z',","timestamp":"2026-09-06T06:34:47.141664856Z","level":"info"}
{"message":"  requestId: 'd0555d8a-99e6-423b-b086-8695627c348c',","timestamp":"2026-09-06T06:34:47.141668886Z","level":"info"}
{"level":"info","timestamp":"2026-09-06T06:34:47.141672736Z","message":"  method: 'OPTIONS',"}
{"message":"  route: '/api/v2/events',","level":"info","timestamp":"2026-09-06T06:34:47.141677376Z"}
{"level":"info","message":"  status: 204,","timestamp":"2026-09-06T06:34:47.141681806Z"}
{"level":"info","timestamp":"2026-09-06T06:34:47.141685446Z","message":"  durationMs: 0"}
{"message":"}","timestamp":"2026-09-06T06:34:47.141689396Z","level":"info"}
{"level":"error","message":"  reason: 'missing_token',","timestamp":"2026-09-06T06:34:47.384124723Z"}
{"message":"  mode: 'monitor',","timestamp":"2026-09-06T06:34:47.384128293Z","level":"error"}
{"level":"error","message":"  route: '/api/v2/events'","timestamp":"2026-09-06T06:34:47.384131243Z"}
{"message":"}","timestamp":"2026-09-06T06:34:47.384134023Z","level":"error"}
{"message":"[ops] {","level":"error","timestamp":"2026-09-06T06:34:47.384191492Z"}
{"timestamp":"2026-09-06T06:34:47.384196052Z","level":"error","message":"  event: 'security.app_check_rejected',"}
{"message":"  ts: '2026-09-06T06:34:47.301Z',","level":"error","timestamp":"2026-09-06T06:34:47.384205182Z"}
{"level":"info","timestamp":"2026-09-06T06:34:47.391452019Z","message":"[ops] {"}
{"message":"  event: 'http_request',","timestamp":"2026-09-06T06:34:47.391456759Z","level":"info"}
{"timestamp":"2026-09-06T06:34:47.391462669Z","message":"  ts: '2026-09-06T06:34:47.389Z',","level":"info"}
{"message":"  requestId: 'b78aa848-9345-4461-8a73-b306a72cf766',","timestamp":"2026-09-06T06:34:47.391467879Z","level":"info"}
{"level":"info","message":"  method: 'GET',","timestamp":"2026-09-06T06:34:47.391471589Z"}
{"level":"info","timestamp":"2026-09-06T06:34:47.391474889Z","message":"  route: '/api/studio/mcp/status',"}
{"timestamp":"2026-09-06T06:34:47.391478619Z","message":"  status: 200,","level":"info"}
{"timestamp":"2026-09-06T06:34:47.391482949Z","message":"  durationMs: 320","level":"info"}
{"level":"info","timestamp":"2026-09-06T06:34:47.391486658Z","message":"}"}
{"message":"[ops] {","timestamp":"2026-09-06T06:34:47.595108786Z","level":"info"}
{"level":"info","message":"  event: 'http_request',","timestamp":"2026-09-06T06:34:47.595119916Z"}
{"timestamp":"2026-09-06T06:34:47.595124886Z","level":"info","message":"  ts: '2026-09-06T06:34:47.588Z',"}
{"message":"  requestId: '71e4a075-fb6f-4905-8b29-e307e2443588',","timestamp":"2026-09-06T06:34:47.595130926Z","level":"info"}
{"timestamp":"2026-09-06T06:34:47.595135446Z","message":"  method: 'GET',","level":"info"}
{"message":"  route: '/api/studio/status',","timestamp":"2026-09-06T06:34:47.595139696Z","level":"info"}
{"message":"  status: 200,","timestamp":"2026-09-06T06:34:47.595144705Z","level":"info"}
{"message":"  durationMs: 503","timestamp":"2026-09-06T06:34:47.595148915Z","level":"info"}
{"timestamp":"2026-09-06T06:34:47.595152495Z","message":"}","level":"info"}
{"timestamp":"2026-09-06T06:34:47.913166519Z","level":"info","message":"[ops] {"}
{"message":"  event: 'http_request',","level":"info","timestamp":"2026-09-06T06:34:47.913177459Z"}
{"level":"info","message":"  ts: '2026-09-06T06:34:47.911Z',","timestamp":"2026-09-06T06:34:47.913183399Z"}
{"message":"  requestId: '0ae335a9-0dd3-4582-8bb1-fb7539708dd6',","timestamp":"2026-09-06T06:34:47.913188599Z","level":"info"}
{"message":"  method: 'GET',","timestamp":"2026-09-06T06:34:47.913193279Z","level":"info"}
{"timestamp":"2026-09-06T06:34:47.913201499Z","level":"info","message":"  route: '/api/v2/events',"}
{"level":"info","timestamp":"2026-09-06T06:34:47.913206379Z","message":"  status: 200,"}
{"message":"  durationMs: 610","level":"info","timestamp":"2026-09-06T06:34:47.913210179Z"}
{"message":"}","timestamp":"2026-09-06T06:34:47.913217008Z","level":"info"}
{"timestamp":"2026-09-06T06:34:49.166066392Z","level":"info","message":"[ops] {"}
{"message":"  event: 'http_request',","level":"info","timestamp":"2026-09-06T06:34:49.166068952Z"}
{"message":"  ts: '2026-09-06T06:34:49.162Z',","timestamp":"2026-09-06T06:34:49.166072972Z","level":"info"}
{"timestamp":"2026-09-06T06:34:49.166083222Z","level":"info","message":"  requestId: '9f558cf0-d787-4ee5-81a1-0a6687a85023',"}
{"message":"  method: 'POST',","timestamp":"2026-09-06T06:34:49.166086762Z","level":"info"}
{"timestamp":"2026-09-06T06:34:49.166089612Z","message":"  route: '/api/studio/mcp/session/ping',","level":"info"}
{"level":"info","message":"  status: 200,","timestamp":"2026-09-06T06:34:49.166092462Z"}
{"timestamp":"2026-09-06T06:34:49.166095422Z","level":"info","message":"  durationMs: 264"}
{"message":"}","level":"info","timestamp":"2026-09-06T06:34:49.166098532Z"}
{"timestamp":"2026-09-06T06:34:49.639314947Z","message":"[ops] {","level":"info"}
{"message":"  event: 'http_request',","timestamp":"2026-09-06T06:34:49.639322547Z","level":"info"}
{"level":"info","message":"  ts: '2026-09-06T06:34:49.637Z',","timestamp":"2026-09-06T06:34:49.639326947Z"}
{"message":"  requestId: '48f0f128-40b8-4de6-ab84-c2f9af4829f6',","timestamp":"2026-09-06T06:34:49.639330627Z","level":"info"}
{"level":"info","message":"  method: 'OPTIONS',","timestamp":"2026-09-06T06:34:49.639334437Z"}
{"level":"info","timestamp":"2026-09-06T06:34:49.639338556Z","message":"  route: '/api/v2/events',"}
{"message":"  status: 204,","timestamp":"2026-09-06T06:34:49.639342896Z","level":"info"}
{"timestamp":"2026-09-06T06:34:49.639346366Z","level":"info","message":"  durationMs: 0"}
{"timestamp":"2026-09-06T06:34:49.639350466Z","level":"info","message":"}"}
{"timestamp":"2026-09-06T06:34:49.639354396Z","message":"[ops] {","level":"info"}
{"level":"info","message":"  event: 'http_request',","timestamp":"2026-09-06T06:34:49.639358306Z"}
{"message":"  ts: '2026-09-06T06:34:49.638Z',","timestamp":"2026-09-06T06:34:49.639361696Z","level":"info"}
{"level":"info","message":"  requestId: '2d461060-d6e2-4939-ada8-2c8d59c2418a',","timestamp":"2026-09-06T06:34:49.639365016Z"}
{"level":"info","message":"  method: 'OPTIONS',","timestamp":"2026-09-06T06:34:49.639368126Z"}
{"message":"  route: '/api/v2/agents/active',","timestamp":"2026-09-06T06:34:49.639371416Z","level":"info"}
{"message":"  status: 204,","timestamp":"2026-09-06T06:34:49.639374626Z","level":"info"}
{"message":"  durationMs: 0","timestamp":"2026-09-06T06:34:49.639378086Z","level":"info"}
{"message":"}","timestamp":"2026-09-06T06:34:49.639381486Z","level":"info"}
{"timestamp":"2026-09-06T06:34:49.803636360Z","message":"[ops] {","level":"error"}
{"timestamp":"2026-09-06T06:34:49.803644370Z","message":"  event: 'security.app_check_rejected',","level":"error"}
{"level":"error","timestamp":"2026-09-06T06:34:49.803649080Z","message":"  ts: '2026-09-06T06:34:49.802Z',"}
{"message":"  reason: 'missing_token',","level":"error","timestamp":"2026-09-06T06:34:49.803654280Z"}
{"timestamp":"2026-09-06T06:34:49.803659330Z","message":"  mode: 'monitor',","level":"error"}
{"level":"error","timestamp":"2026-09-06T06:34:49.803663790Z","message":"  route: '/api/v2/events'"}
{"timestamp":"2026-09-06T06:34:49.803669420Z","level":"error","message":"}"}
{"level":"error","message":"[ops] {","timestamp":"2026-09-06T06:34:49.803673800Z"}
{"timestamp":"2026-09-06T06:34:49.803678620Z","level":"error","message":"  event: 'security.app_check_rejected',"}
{"level":"error","message":"  ts: '2026-09-06T06:34:49.802Z',","timestamp":"2026-09-06T06:34:49.803684000Z"}
{"message":"  reason: 'missing_token',","timestamp":"2026-09-06T06:34:49.803689200Z","level":"error"}
{"timestamp":"2026-09-06T06:34:49.803693869Z","level":"error","message":"  mode: 'monitor',"}
{"message":"  route: '/api/v2/agents/active'","timestamp":"2026-09-06T06:34:49.803698739Z","level":"error"}
{"message":"}","timestamp":"2026-09-06T06:34:49.803704339Z","level":"error"}
{"timestamp":"2026-09-06T06:34:49.867846692Z","message":"  durationMs: 58","level":"info"}
{"timestamp":"2026-09-06T06:34:49.867852192Z","level":"info","message":"}"}
{"level":"info","timestamp":"2026-09-06T06:34:49.867871562Z","message":"[ops] {"}
{"message":"  event: 'http_request',","level":"info","timestamp":"2026-09-06T06:34:49.867883612Z"}
{"timestamp":"2026-09-06T06:34:49.867889062Z","message":"  ts: '2026-09-06T06:34:49.861Z',","level":"info"}
{"message":"  requestId: 'd2b32200-d986-4b90-a693-851b32c4d826',","timestamp":"2026-09-06T06:34:49.867894191Z","level":"info"}
{"message":"  method: 'GET',","timestamp":"2026-09-06T06:34:49.867899001Z","level":"info"}
{"message":"  route: '/api/v2/agents/active',","timestamp":"2026-09-06T06:34:49.867903151Z","level":"info"}
{"level":"info","timestamp":"2026-09-06T06:34:49.867906611Z","message":"  status: 200,"}
{"message":"[ops] {","timestamp":"2026-09-06T06:34:50.374532806Z","level":"info"}
{"timestamp":"2026-09-06T06:34:50.374540086Z","level":"info","message":"  event: 'studio.command_polled',"}
{"level":"info","timestamp":"2026-09-06T06:34:50.374546856Z","message":"  ts: '2026-09-06T06:34:50.321Z',"}
{"message":"  requestId: 'ecb5df4e-226a-4b44-ac12-41ea1950b94f',","level":"info","timestamp":"2026-09-06T06:34:50.374553816Z"}
{"level":"info","timestamp":"2026-09-06T06:34:50.374558336Z","message":"  sessionId: 'MLq8J3mhz56J6BRsAeQe',"}
{"level":"info","message":"  status: 'empty'","timestamp":"2026-09-06T06:34:50.374564106Z"}
{"message":"}","level":"info","timestamp":"2026-09-06T06:34:50.374568116Z"}
{"timestamp":"2026-09-06T06:34:50.374572656Z","level":"info","message":"[ops] {"}
{"level":"info","message":"  event: 'http_request',","timestamp":"2026-09-06T06:34:50.374576526Z"}
{"message":"  ts: '2026-09-06T06:34:50.322Z',","timestamp":"2026-09-06T06:34:50.374581296Z","level":"info"}
{"message":"  requestId: 'ecb5df4e-226a-4b44-ac12-41ea1950b94f',","timestamp":"2026-09-06T06:34:50.374585816Z","level":"info"}
{"level":"info","message":"  method: 'GET',","timestamp":"2026-09-06T06:34:50.374589205Z"}
{"level":"info","timestamp":"2026-09-06T06:34:50.374592455Z","message":"  route: '/api/studio/commands/next',"}
{"level":"info","message":"  status: 204,","timestamp":"2026-09-06T06:34:50.374596455Z"}
{"message":"  durationMs: 24376","level":"info","timestamp":"2026-09-06T06:34:50.374600275Z"}
{"message":"}","level":"info","timestamp":"2026-09-06T06:34:50.374604165Z"}
{"level":"info","message":"[ops] {","timestamp":"2026-09-06T06:34:50.419369638Z"}
{"level":"info","message":"  event: 'http_request',","timestamp":"2026-09-06T06:34:50.419376568Z"}
{"message":"  ts: '2026-09-06T06:34:50.417Z',","timestamp":"2026-09-06T06:34:50.419381888Z","level":"info"}
{"timestamp":"2026-09-06T06:34:50.419385898Z","message":"  requestId: 'b111e120-e7f4-46eb-9c86-e5b96e847185',","level":"info"}
{"timestamp":"2026-09-06T06:34:50.419391508Z","level":"info","message":"  method: 'GET',"}
{"message":"  route: '/api/v2/events',","timestamp":"2026-09-06T06:34:50.419395308Z","level":"info"}
{"level":"info","message":"  status: 200,","timestamp":"2026-09-06T06:34:50.419398548Z"}
{"timestamp":"2026-09-06T06:34:50.419402928Z","level":"info","message":"  durationMs: 616"}
{"timestamp":"2026-09-06T06:34:50.419407648Z","message":"}","level":"info"}
{"level":"info","message":"[ops] {","timestamp":"2026-09-06T06:34:50.479442905Z"}
{"message":"  event: 'http_request',","timestamp":"2026-09-06T06:34:50.479447984Z","level":"info"}
{"message":"  ts: '2026-09-06T06:34:50.471Z',","timestamp":"2026-09-06T06:34:50.479450934Z","level":"info"}
{"timestamp":"2026-09-06T06:34:50.479453384Z","level":"info","message":"  requestId: '4ca1a08d-a9a6-4dfe-917e-52253474f60a',"}
{"message":"  method: 'OPTIONS',","level":"info","timestamp":"2026-09-06T06:34:50.479456334Z"}
{"level":"info","timestamp":"2026-09-06T06:34:50.479460174Z","message":"  route: '/api/v2/agents/active',"}
{"level":"info","message":"  status: 204,","timestamp":"2026-09-06T06:34:50.479462904Z"}
{"level":"info","timestamp":"2026-09-06T06:34:50.479466824Z","message":"  durationMs: 0"}
{"message":"}","timestamp":"2026-09-06T06:34:50.479469374Z","level":"info"}
{"level":"error","timestamp":"2026-09-06T06:34:50.635760292Z","message":"[ops] {"}
{"message":"  event: 'security.app_check_rejected',","level":"error","timestamp":"2026-09-06T06:34:50.635769381Z"}
{"level":"error","timestamp":"2026-09-06T06:34:50.635775081Z","message":"  ts: '2026-09-06T06:34:50.634Z',"}
{"level":"error","message":"  reason: 'missing_token',","timestamp":"2026-09-06T06:34:50.635779851Z"}
{"message":"  mode: 'monitor',","timestamp":"2026-09-06T06:34:50.635784741Z","level":"error"}
{"level":"error","timestamp":"2026-09-06T06:34:50.635790161Z","message":"  route: '/api/v2/agents/active'"}
{"timestamp":"2026-09-06T06:34:50.635794491Z","level":"error","message":"}"}
{"level":"info","timestamp":"2026-09-06T06:34:50.701276578Z","message":"[ops] {"}
{"timestamp":"2026-09-06T06:34:50.701283417Z","message":"  event: 'http_request',","level":"info"}
{"level":"info","message":"  ts: '2026-09-06T06:34:50.699Z',","timestamp":"2026-09-06T06:34:50.701288227Z"}
{"message":"  requestId: '7493fb20-9c97-4f34-921a-15abb3a26f5a',","level":"info","timestamp":"2026-09-06T06:34:50.701292277Z"}
{"message":"  method: 'GET',","level":"info","timestamp":"2026-09-06T06:34:50.701296137Z"}
{"message":"  route: '/api/v2/agents/active',","timestamp":"2026-09-06T06:34:50.701299397Z","level":"info"}
{"level":"info","message":"  status: 200,","timestamp":"2026-09-06T06:34:50.701302457Z"}
{"timestamp":"2026-09-06T06:34:50.701305787Z","message":"  durationMs: 65","level":"info"}
{"message":"}","level":"info","timestamp":"2026-09-06T06:34:50.701309657Z"}
{"message":"[ops] {","timestamp":"2026-09-06T06:34:52.149183018Z","level":"info"}
{"timestamp":"2026-09-06T06:34:52.149187178Z","message":"  event: 'http_request',","level":"info"}
{"message":"  ts: '2026-09-06T06:34:52.148Z',","timestamp":"2026-09-06T06:34:52.149190508Z","level":"info"}
{"message":"  requestId: '32cc0ac9-e24f-4628-aded-b80b47d8d896',","timestamp":"2026-09-06T06:34:52.149193778Z","level":"info"}
{"timestamp":"2026-09-06T06:34:52.149196998Z","level":"info","message":"  method: 'OPTIONS',"}
{"level":"info","message":"  route: '/api/v2/events',","timestamp":"2026-09-06T06:34:52.149200358Z"}
{"message":"  status: 204,","timestamp":"2026-09-06T06:34:52.149203988Z","level":"info"}
{"timestamp":"2026-09-06T06:34:52.149207188Z","message":"  durationMs: 0","level":"info"}
{"message":"}","timestamp":"2026-09-06T06:34:52.149210418Z","level":"info"}
{"message":"[ops] {","level":"error","timestamp":"2026-09-06T06:34:52.367704254Z"}
{"message":"  event: 'security.app_check_rejected',","timestamp":"2026-09-06T06:34:52.367707414Z","level":"error"}
{"message":"  ts: '2026-09-06T06:34:52.320Z',","timestamp":"2026-09-06T06:34:52.367710344Z","level":"error"}
{"timestamp":"2026-09-06T06:34:52.367713983Z","level":"error","message":"  reason: 'missing_token',"}
{"level":"error","timestamp":"2026-09-06T06:34:52.367716933Z","message":"  mode: 'monitor',"}
{"timestamp":"2026-09-06T06:34:52.367719913Z","message":"  route: '/api/v2/events'","level":"error"}
{"timestamp":"2026-09-06T06:34:52.367723283Z","message":"}","level":"error"}
{"level":"info","message":"  route: '/api/v2/events',","timestamp":"2026-09-06T06:34:53.032457812Z"}
{"message":"[ops] {","timestamp":"2026-09-06T06:34:53.032458282Z","level":"info"}
{"message":"  status: 200,","level":"info","timestamp":"2026-09-06T06:34:53.032463722Z"}
{"timestamp":"2026-09-06T06:34:53.032464162Z","level":"info","message":"  event: 'http_request',"}
{"message":"  durationMs: 710","level":"info","timestamp":"2026-09-06T06:34:53.032468302Z"}
{"level":"info","timestamp":"2026-09-06T06:34:53.032471642Z","message":"  ts: '2026-09-06T06:34:53.031Z',"}
{"timestamp":"2026-09-06T06:34:53.032472782Z","message":"}","level":"info"}
{"message":"  requestId: '79cfa07e-3bcc-48f7-bc63-e174318059bf',","timestamp":"2026-09-06T06:34:53.032475142Z","level":"info"}
{"level":"info","timestamp":"2026-09-06T06:34:53.032478811Z","message":"  method: 'GET',"}
{"message":"[ops] {","level":"info","timestamp":"2026-09-06T06:34:53.663825949Z"}
{"timestamp":"2026-09-06T06:34:53.663830379Z","level":"info","message":"  event: 'studio.plugin_compatibility_handshake',"}
{"timestamp":"2026-09-06T06:34:53.663833769Z","level":"info","message":"  ts: '2026-09-06T06:34:53.661Z',"}
{"timestamp":"2026-09-06T06:34:53.663836999Z","message":"  requestId: 'ddb1c147-1be5-43fd-82cf-b16b6d156cd6',","level":"info"}
{"timestamp":"2026-09-06T06:34:53.663840348Z","level":"info","message":"  sessionId: 'MLq8J3mhz56J6BRsAeQe',"}
{"message":"  userId: '0VSQotqOXxPXBLeQu1gUNkXELWH3',","level":"info","timestamp":"2026-09-06T06:34:53.663843538Z"}
{"message":"  status: 'compatible',","timestamp":"2026-09-06T06:34:53.663846578Z","level":"info"}
{"message":"  reasonCodes: [],","timestamp":"2026-09-06T06:34:53.663849888Z","level":"info"}
{"timestamp":"2026-09-06T06:34:53.663853058Z","message":"  buildId: 'nexusrbx-studio-0.14.0-r15-animation.12-toolbox',","level":"info"}
{"message":"  attestationWritten: false,","level":"info","timestamp":"2026-09-06T06:34:53.663856068Z"}
{"timestamp":"2026-09-06T06:34:53.663859128Z","level":"info","message":"  repairDurationMs: 429"}
{"message":"}","timestamp":"2026-09-06T06:34:53.663862048Z","level":"info"}
{"level":"info","message":"[ops] {","timestamp":"2026-09-06T06:34:53.663865958Z"}
{"level":"info","message":"  event: 'http_request',","timestamp":"2026-09-06T06:34:53.663869088Z"}
{"timestamp":"2026-09-06T06:34:53.663872368Z","level":"info","message":"  ts: '2026-09-06T06:34:53.661Z',"}
{"timestamp":"2026-09-06T06:34:53.663875298Z","message":"  requestId: 'ddb1c147-1be5-43fd-82cf-b16b6d156cd6',","level":"info"}
{"message":"  method: 'POST',","timestamp":"2026-09-06T06:34:53.663878278Z","level":"info"}
{"timestamp":"2026-09-06T06:34:53.663881568Z","message":"  route: '/api/studio/session/ping',","level":"info"}
{"level":"info","message":"  status: 200,","timestamp":"2026-09-06T06:34:53.663884538Z"}
{"timestamp":"2026-09-06T06:34:53.663888058Z","level":"info","message":"  durationMs: 483"}
{"message":"}","timestamp":"2026-09-06T06:34:53.663891518Z","level":"info"}
{"message":"[ops] {","timestamp":"2026-09-06T06:34:54.636088866Z","level":"info"}
{"level":"info","message":"  event: 'http_request',","timestamp":"2026-09-06T06:34:54.636094606Z"}
{"message":"  ts: '2026-09-06T06:34:54.635Z',","level":"info","timestamp":"2026-09-06T06:34:54.636098336Z"}
{"level":"info","timestamp":"2026-09-06T06:34:54.636102506Z","message":"  requestId: '9c0cc6c6-702e-4a6d-9b4e-6e3b6c1eca8e',"}
{"timestamp":"2026-09-06T06:34:54.636106446Z","message":"  method: 'OPTIONS',","level":"info"}
{"timestamp":"2026-09-06T06:34:54.636110275Z","level":"info","message":"  route: '/api/v2/events',"}
{"level":"info","message":"  status: 204,","timestamp":"2026-09-06T06:34:54.636113525Z"}
{"level":"info","message":"  durationMs: 1","timestamp":"2026-09-06T06:34:54.636117135Z"}
{"timestamp":"2026-09-06T06:34:54.636121005Z","level":"info","message":"}"}
{"timestamp":"2026-09-06T06:34:54.804393488Z","level":"error","message":"[ops] {"}
{"message":"  event: 'security.app_check_rejected',","timestamp":"2026-09-06T06:34:54.804397498Z","level":"error"}
{"message":"  ts: '2026-09-06T06:34:54.802Z',","level":"error","timestamp":"2026-09-06T06:34:54.804400498Z"}
{"message":"  reason: 'missing_token',","level":"error","timestamp":"2026-09-06T06:34:54.804402858Z"}
{"message":"  mode: 'monitor',","timestamp":"2026-09-06T06:34:54.804405118Z","level":"error"}
{"message":"  route: '/api/v2/events'","timestamp":"2026-09-06T06:34:54.804408048Z","level":"error"}
{"message":"}","timestamp":"2026-09-06T06:34:54.804410138Z","level":"error"}
{"timestamp":"2026-09-06T06:34:55.371030989Z","message":"  durationMs: 549","level":"info"}
{"timestamp":"2026-09-06T06:34:55.371038219Z","message":"}","level":"info"}
{"timestamp":"2026-09-06T06:34:55.371047109Z","message":"[ops] {","level":"info"}
{"level":"info","timestamp":"2026-09-06T06:34:55.371053359Z","message":"  event: 'http_request',"}
{"message":"  ts: '2026-09-06T06:34:55.351Z',","level":"info","timestamp":"2026-09-06T06:34:55.371059349Z"}
{"level":"info","timestamp":"2026-09-06T06:34:55.371059789Z","message":"  method: 'GET',"}
{"level":"info","message":"  requestId: 'b2b8d2e1-7342-42ae-a61f-fcb7b340b1cf',","timestamp":"2026-09-06T06:34:55.371064599Z"}
{"level":"info","message":"  route: '/api/v2/events',","timestamp":"2026-09-06T06:34:55.371064749Z"}
{"message":"  status: 200,","timestamp":"2026-09-06T06:34:55.371069739Z","level":"info"}
{"message":"[ops] {","level":"info","timestamp":"2026-09-06T06:34:57.153480660Z"}
{"message":"  event: 'http_request',","timestamp":"2026-09-06T06:34:57.153486810Z","level":"info"}
{"level":"info","message":"  ts: '2026-09-06T06:34:57.151Z',","timestamp":"2026-09-06T06:34:57.153491219Z"}
{"timestamp":"2026-09-06T06:34:57.153495869Z","level":"info","message":"  requestId: 'f0b618ff-c340-4344-9bb0-74a3aa963fec',"}
{"level":"info","message":"  method: 'OPTIONS',","timestamp":"2026-09-06T06:34:57.153500279Z"}
{"message":"  route: '/api/v2/events',","timestamp":"2026-09-06T06:34:57.153504399Z","level":"info"}
{"timestamp":"2026-09-06T06:34:57.153510289Z","message":"  status: 204,","level":"info"}
{"level":"info","timestamp":"2026-09-06T06:34:57.153514639Z","message":"  durationMs: 0"}
{"timestamp":"2026-09-06T06:34:57.153518899Z","message":"}","level":"info"}
{"message":"[ops] {","level":"error","timestamp":"2026-09-06T06:34:57.383375188Z"}
{"timestamp":"2026-09-06T06:34:57.383379758Z","level":"error","message":"  event: 'security.app_check_rejected',"}
{"message":"  ts: '2026-09-06T06:34:57.330Z',","timestamp":"2026-09-06T06:34:57.383383728Z","level":"error"}
{"level":"error","message":"  reason: 'missing_token',","timestamp":"2026-09-06T06:34:57.383387828Z"}
{"level":"error","message":"  mode: 'monitor',","timestamp":"2026-09-06T06:34:57.383392328Z"}
{"timestamp":"2026-09-06T06:34:57.383396828Z","level":"error","message":"  route: '/api/v2/events'"}
{"message":"}","timestamp":"2026-09-06T06:34:57.383401168Z","level":"error"}
{"message":"[ops] {","level":"info","timestamp":"2026-09-06T06:34:58.000022206Z"}
{"timestamp":"2026-09-06T06:34:58.000035326Z","level":"info","message":"  event: 'http_request',"}
{"timestamp":"2026-09-06T06:34:58.000041676Z","level":"info","message":"  ts: '2026-09-06T06:34:57.998Z',"}
{"message":"  requestId: 'c6e3f719-d029-4c7b-a080-728defc72021',","timestamp":"2026-09-06T06:34:58.000046946Z","level":"info"}
{"message":"  method: 'GET',","timestamp":"2026-09-06T06:34:58.000052055Z","level":"info"}
{"level":"info","message":"  route: '/api/v2/events',","timestamp":"2026-09-06T06:34:58.000056715Z"}
{"message":"  status: 200,","timestamp":"2026-09-06T06:34:58.000061505Z","level":"info"}
{"message":"  durationMs: 668","timestamp":"2026-09-06T06:34:58.000070655Z","level":"info"}
{"level":"info","message":"}","timestamp":"2026-09-06T06:34:58.000075505Z"}
{"level":"info","timestamp":"2026-09-06T06:34:59.642076125Z","message":"[ops] {"}
{"level":"info","message":"  event: 'http_request',","timestamp":"2026-09-06T06:34:59.642083425Z"}
{"message":"  ts: '2026-09-06T06:34:59.640Z',","timestamp":"2026-09-06T06:34:59.642087705Z","level":"info"}
{"message":"  requestId: '3d0cf881-8440-4fe2-8947-83658fab7ac0',","timestamp":"2026-09-06T06:34:59.642091415Z","level":"info"}
{"message":"  method: 'OPTIONS',","timestamp":"2026-09-06T06:34:59.642094765Z","level":"info"}
{"level":"info","timestamp":"2026-09-06T06:34:59.642100045Z","message":"  route: '/api/v2/agents/active',"}
{"message":"  status: 204,","timestamp":"2026-09-06T06:34:59.642103855Z","level":"info"}
{"level":"info","timestamp":"2026-09-06T06:34:59.642107345Z","message":"  durationMs: 0"}
{"timestamp":"2026-09-06T06:34:59.642110855Z","level":"info","message":"}"}
{"message":"[ops] {","level":"info","timestamp":"2026-09-06T06:34:59.645229365Z"}
{"level":"info","timestamp":"2026-09-06T06:34:59.645234945Z","message":"  event: 'http_request',"}
{"timestamp":"2026-09-06T06:34:59.645238985Z","level":"info","message":"  ts: '2026-09-06T06:34:59.644Z',"}
{"timestamp":"2026-09-06T06:34:59.645242704Z","level":"info","message":"  requestId: '258611f3-fdf7-4286-abb8-48148c62a716',"}
{"timestamp":"2026-09-06T06:34:59.645246594Z","level":"info","message":"  method: 'OPTIONS',"}
{"level":"info","message":"  route: '/api/v2/events',","timestamp":"2026-09-06T06:34:59.645250284Z"}
{"timestamp":"2026-09-06T06:34:59.645253564Z","level":"info","message":"  status: 204,"}
{"message":"  durationMs: 0","level":"info","timestamp":"2026-09-06T06:34:59.645257064Z"}
{"message":"}","timestamp":"2026-09-06T06:34:59.645260844Z","level":"info"}
{"level":"error","timestamp":"2026-09-06T06:34:59.810262959Z","message":"[ops] {"}
{"timestamp":"2026-09-06T06:34:59.810271069Z","level":"error","message":"  event: 'security.app_check_rejected',"}
{"message":"  ts: '2026-09-06T06:34:59.809Z',","timestamp":"2026-09-06T06:34:59.810282229Z","level":"error"}
{"timestamp":"2026-09-06T06:34:59.810286289Z","level":"error","message":"  reason: 'missing_token',"}
{"message":"  mode: 'monitor',","level":"error","timestamp":"2026-09-06T06:34:59.810292299Z"}
{"message":"  route: '/api/v2/agents/active'","timestamp":"2026-09-06T06:34:59.810297568Z","level":"error"}
{"level":"error","message":"}","timestamp":"2026-09-06T06:34:59.810303538Z"}
{"timestamp":"2026-09-06T06:34:59.811465343Z","message":"[ops] {","level":"error"}
{"timestamp":"2026-09-06T06:34:59.811475473Z","level":"error","message":"  event: 'security.app_check_rejected',"}
{"level":"error","message":"  ts: '2026-09-06T06:34:59.810Z',","timestamp":"2026-09-06T06:34:59.811481773Z"}
{"message":"  reason: 'missing_token',","level":"error","timestamp":"2026-09-06T06:34:59.811485833Z"}
{"level":"error","message":"  mode: 'monitor',","timestamp":"2026-09-06T06:34:59.811491273Z"}
{"level":"error","message":"  route: '/api/v2/events'","timestamp":"2026-09-06T06:34:59.811497313Z"}
{"timestamp":"2026-09-06T06:34:59.811502073Z","level":"error","message":"}"}
{"message":"[ops] {","timestamp":"2026-09-06T06:34:59.877765779Z","level":"info"}
{"level":"info","message":"  event: 'http_request',","timestamp":"2026-09-06T06:34:59.877774719Z"}
{"message":"  ts: '2026-09-06T06:34:59.875Z',","timestamp":"2026-09-06T06:34:59.877780659Z","level":"info"}
{"timestamp":"2026-09-06T06:34:59.877784189Z","message":"  requestId: '1ea4f722-30c1-474c-9924-c93853cd1182',","level":"info"}
{"timestamp":"2026-09-06T06:34:59.877788059Z","message":"  method: 'GET',","level":"info"}
{"level":"info","timestamp":"2026-09-06T06:34:59.877791569Z","message":"  route: '/api/v2/agents/active',"}
{"level":"info","timestamp":"2026-09-06T06:34:59.877794879Z","message":"  status: 200,"}
{"timestamp":"2026-09-06T06:34:59.877798509Z","level":"info","message":"  durationMs: 67"}
{"level":"info","message":"}","timestamp":"2026-09-06T06:34:59.877808419Z"}
{"message":"[ops] {","timestamp":"2026-09-06T06:35:00.421634554Z","level":"info"}
{"timestamp":"2026-09-06T06:35:00.421638814Z","message":"  event: 'http_request',","level":"info"}
{"timestamp":"2026-09-06T06:35:00.421653014Z","level":"info","message":"  ts: '2026-09-06T06:35:00.357Z',"}
{"timestamp":"2026-09-06T06:35:00.421657454Z","level":"info","message":"  requestId: '07653b71-8b75-406b-9fe6-85961e4af4e7',"}
{"level":"info","timestamp":"2026-09-06T06:35:00.421661724Z","message":"  method: 'GET',"}
{"message":"  requestId: '18dd3ff9-30dc-4362-831a-e29ac2588ad2',","timestamp":"2026-09-06T06:35:00.421667944Z","level":"info"}
{"message":"  method: 'OPTIONS',","timestamp":"2026-09-06T06:35:00.421672204Z","level":"info"}
{"level":"info","message":"  route: '/api/v2/agents/active',","timestamp":"2026-09-06T06:35:00.421675834Z"}
{"level":"info","timestamp":"2026-09-06T06:35:00.421679854Z","message":"  status: 204,"}
{"message":"  durationMs: 0","level":"info","timestamp":"2026-09-06T06:35:00.421683644Z"}
{"level":"info","message":"}","timestamp":"2026-09-06T06:35:00.421689574Z"}
{"level":"info","message":"  route: '/api/v2/events',","timestamp":"2026-09-06T06:35:00.421690154Z"}
{"timestamp":"2026-09-06T06:35:00.421690244Z","message":"  durationMs: 547","level":"info"}
{"level":"info","message":"}","timestamp":"2026-09-06T06:35:00.421698623Z"}
{"level":"info","timestamp":"2026-09-06T06:35:00.421698803Z","message":"  status: 200,"}
{"message":"[ops] {","timestamp":"2026-09-06T06:35:00.421708263Z","level":"info"}
{"message":"  event: 'http_request',","timestamp":"2026-09-06T06:35:00.421713253Z","level":"info"}
{"message":"  ts: '2026-09-06T06:35:00.402Z',","timestamp":"2026-09-06T06:35:00.421718493Z","level":"info"}
{"timestamp":"2026-09-06T06:35:00.568623101Z","level":"error","message":"[ops] {"}
{"timestamp":"2026-09-06T06:35:00.568626441Z","message":"  event: 'security.app_check_rejected',","level":"error"}
{"level":"error","message":"  ts: '2026-09-06T06:35:00.565Z',","timestamp":"2026-09-06T06:35:00.568629191Z"}
{"timestamp":"2026-09-06T06:35:00.568634421Z","level":"error","message":"  reason: 'missing_token',"}
{"level":"error","message":"  mode: 'monitor',","timestamp":"2026-09-06T06:35:00.568637031Z"}
{"timestamp":"2026-09-06T06:35:00.568642851Z","message":"  route: '/api/v2/agents/active'","level":"error"}
{"message":"}","timestamp":"2026-09-06T06:35:00.568645711Z","level":"error"}
{"timestamp":"2026-09-06T06:35:00.625542447Z","level":"info","message":"[ops] {"}
{"message":"  event: 'http_request',","level":"info","timestamp":"2026-09-06T06:35:00.625546347Z"}
{"level":"info","message":"  ts: '2026-09-06T06:35:00.624Z',","timestamp":"2026-09-06T06:35:00.625549087Z"}
{"message":"  requestId: '11e785d5-bc7b-48ae-b47a-b3eb7d519fa8',","level":"info","timestamp":"2026-09-06T06:35:00.625551756Z"}
{"timestamp":"2026-09-06T06:35:00.625554596Z","message":"  method: 'GET',","level":"info"}
{"level":"info","message":"  route: '/api/v2/agents/active',","timestamp":"2026-09-06T06:35:00.625557166Z"}
{"level":"info","message":"  status: 200,","timestamp":"2026-09-06T06:35:00.625559456Z"}
{"level":"info","message":"  durationMs: 60","timestamp":"2026-09-06T06:35:00.625561876Z"}
{"timestamp":"2026-09-06T06:35:00.625564446Z","level":"info","message":"}"}
{"level":"info","message":"[ops] {","timestamp":"2026-09-06T06:35:01.464426931Z"}
{"timestamp":"2026-09-06T06:35:01.464432641Z","level":"info","message":"  event: 'http_request',"}
{"timestamp":"2026-09-06T06:35:01.464437491Z","message":"  ts: '2026-09-06T06:35:01.400Z',","level":"info"}
{"message":"  requestId: '4784b4c9-7692-406c-816a-ce91e1a326a1',","timestamp":"2026-09-06T06:35:01.464442071Z","level":"info"}
{"message":"  method: 'OPTIONS',","timestamp":"2026-09-06T06:35:01.464446891Z","level":"info"}
{"timestamp":"2026-09-06T06:35:01.464451211Z","level":"info","message":"  route: '/api/studio/status',"}
{"level":"info","message":"  status: 204,","timestamp":"2026-09-06T06:35:01.464455631Z"}
{"timestamp":"2026-09-06T06:35:01.464459401Z","message":"  durationMs: 0","level":"info"}
{"message":"}","level":"info","timestamp":"2026-09-06T06:35:01.464464451Z"}
{"message":"[ops] {","timestamp":"2026-09-06T06:35:01.464468061Z","level":"info"}
{"timestamp":"2026-09-06T06:35:01.464471791Z","message":"  event: 'http_request',","level":"info"}
{"timestamp":"2026-09-06T06:35:01.464476181Z","message":"  ts: '2026-09-06T06:35:01.400Z',","level":"info"}
{"timestamp":"2026-09-06T06:35:01.464480141Z","message":"  requestId: 'c6b57e7b-d704-4563-83b4-d390e9fa7082',","level":"info"}
{"timestamp":"2026-09-06T06:35:01.464483861Z","level":"info","message":"  method: 'OPTIONS',"}
{"timestamp":"2026-09-06T06:35:01.464494521Z","level":"info","message":"  route: '/api/studio/mcp/status',"}
{"message":"  status: 204,","level":"info","timestamp":"2026-09-06T06:35:01.464498420Z"}
{"level":"info","timestamp":"2026-09-06T06:35:01.464502580Z","message":"  durationMs: 0"}
{"timestamp":"2026-09-06T06:35:01.464506790Z","message":"}","level":"info"}
{"message":"[ops] {","timestamp":"2026-09-06T06:35:01.571010828Z","level":"error"}
{"level":"error","message":"  event: 'security.app_check_rejected',","timestamp":"2026-09-06T06:35:01.571014798Z"}
{"level":"error","timestamp":"2026-09-06T06:35:01.571017578Z","message":"  ts: '2026-09-06T06:35:01.569Z',"}
{"timestamp":"2026-09-06T06:35:01.571020238Z","level":"error","message":"  reason: 'missing_token',"}
{"message":"  mode: 'monitor',","timestamp":"2026-09-06T06:35:01.571022908Z","level":"error"}
{"timestamp":"2026-09-06T06:35:01.571025998Z","message":"  route: '/api/studio/status'","level":"error"}
{"message":"}","timestamp":"2026-09-06T06:35:01.571028658Z","level":"error"}
{"message":"[ops] {","timestamp":"2026-09-06T06:35:01.571949786Z","level":"error"}
{"timestamp":"2026-09-06T06:35:01.571953136Z","message":"  event: 'security.app_check_rejected',","level":"error"}
{"timestamp":"2026-09-06T06:35:01.571956126Z","level":"error","message":"  ts: '2026-09-06T06:35:01.570Z',"}
{"message":"  reason: 'missing_token',","level":"error","timestamp":"2026-09-06T06:35:01.571958886Z"}
{"message":"  mode: 'monitor',","level":"error","timestamp":"2026-09-06T06:35:01.571961946Z"}
{"timestamp":"2026-09-06T06:35:01.571964706Z","message":"  route: '/api/studio/mcp/status'","level":"error"}
{"message":"}","timestamp":"2026-09-06T06:35:01.571967556Z","level":"error"}
{"level":"info","timestamp":"2026-09-06T06:35:01.915456092Z","message":"[ops] {"}
{"timestamp":"2026-09-06T06:35:01.915460812Z","level":"info","message":"  event: 'http_request',"}
{"timestamp":"2026-09-06T06:35:01.915464972Z","message":"  ts: '2026-09-06T06:35:01.913Z',","level":"info"}
{"message":"  requestId: '382d4017-04b4-49ed-9e26-ad762064f1f3',","timestamp":"2026-09-06T06:35:01.915469031Z","level":"info"}
{"timestamp":"2026-09-06T06:35:01.915472661Z","level":"info","message":"  method: 'GET',"}
{"level":"info","message":"  route: '/api/studio/mcp/status',","timestamp":"2026-09-06T06:35:01.915487161Z"}
{"message":"  status: 200,","level":"info","timestamp":"2026-09-06T06:35:01.915490741Z"}
{"message":"  durationMs: 343","timestamp":"2026-09-06T06:35:01.915494741Z","level":"info"}
{"message":"}","level":"info","timestamp":"2026-09-06T06:35:01.915497941Z"}
{"message":"[ops] {","timestamp":"2026-09-06T06:35:02.028806492Z","level":"info"}
{"message":"  event: 'http_request',","level":"info","timestamp":"2026-09-06T06:35:02.028812222Z"}
{"level":"info","message":"  ts: '2026-09-06T06:35:02.023Z',","timestamp":"2026-09-06T06:35:02.028816042Z"}
{"timestamp":"2026-09-06T06:35:02.028819842Z","level":"info","message":"  requestId: '086ecbbb-df7c-4c92-ac92-e6787f595482',"}
{"timestamp":"2026-09-06T06:35:02.028823542Z","level":"info","message":"  method: 'GET',"}
{"message":"  route: '/api/studio/status',","level":"info","timestamp":"2026-09-06T06:35:02.028827442Z"}
{"message":"  status: 200,","timestamp":"2026-09-06T06:35:02.028831051Z","level":"info"}
{"timestamp":"2026-09-06T06:35:02.028835321Z","level":"info","message":"  durationMs: 454"}
{"timestamp":"2026-09-06T06:35:02.028839141Z","message":"}","level":"info"}
{"level":"info","message":"}","timestamp":"2026-09-06T06:35:02.153680313Z"}
{"timestamp":"2026-09-06T06:35:02.153713233Z","message":"[ops] {","level":"info"}
{"timestamp":"2026-09-06T06:35:02.153718153Z","level":"info","message":"  event: 'http_request',"}
{"level":"info","timestamp":"2026-09-06T06:35:02.153722063Z","message":"  ts: '2026-09-06T06:35:02.143Z',"}
{"message":"  requestId: '16cab2df-18c7-453b-b9f5-465c55d6d9df',","level":"info","timestamp":"2026-09-06T06:35:02.153726193Z"}
{"level":"info","timestamp":"2026-09-06T06:35:02.153729812Z","message":"  method: 'OPTIONS',"}
{"timestamp":"2026-09-06T06:35:02.153734052Z","level":"info","message":"  route: '/api/v2/events',"}
{"message":"  status: 204,","level":"info","timestamp":"2026-09-06T06:35:02.153738262Z"}
{"level":"info","message":"  durationMs: 0","timestamp":"2026-09-06T06:35:02.153742702Z"}
{"message":"[ops] {","timestamp":"2026-09-06T06:35:02.396286058Z","level":"error"}
{"message":"  event: 'security.app_check_rejected',","timestamp":"2026-09-06T06:35:02.396292298Z","level":"error"}
{"timestamp":"2026-09-06T06:35:02.396297658Z","level":"error","message":"  ts: '2026-09-06T06:35:02.324Z',"}
{"level":"error","message":"  reason: 'missing_token',","timestamp":"2026-09-06T06:35:02.396302638Z"}
{"message":"  mode: 'monitor',","timestamp":"2026-09-06T06:35:02.396308888Z","level":"error"}
{"level":"error","message":"  route: '/api/v2/events'","timestamp":"2026-09-06T06:35:02.396314098Z"}
{"message":"}","timestamp":"2026-09-06T06:35:02.396319408Z","level":"error"}
{"message":"[ops] {","timestamp":"2026-09-06T06:35:02.792362456Z","level":"info"}
{"timestamp":"2026-09-06T06:35:02.792367216Z","level":"info","message":"  event: 'http_request',"}
{"level":"info","timestamp":"2026-09-06T06:35:02.792370546Z","message":"  ts: '2026-09-06T06:35:02.785Z',"}
{"timestamp":"2026-09-06T06:35:02.792373856Z","message":"  requestId: '20f6c7c5-b5ca-40c1-b76c-3e52e5b53a3f',","level":"info"}
{"message":"  method: 'OPTIONS',","level":"info","timestamp":"2026-09-06T06:35:02.792376576Z"}
{"level":"info","timestamp":"2026-09-06T06:35:02.792379096Z","message":"  route: '/api/studio/status',"}
{"timestamp":"2026-09-06T06:35:02.792382056Z","level":"info","message":"  status: 204,"}
{"timestamp":"2026-09-06T06:35:02.792385136Z","level":"info","message":"  durationMs: 0"}
{"message":"}","level":"info","timestamp":"2026-09-06T06:35:02.792387636Z"}
{"level":"info","timestamp":"2026-09-06T06:35:02.792390006Z","message":"[ops] {"}
{"level":"info","message":"  event: 'http_request',","timestamp":"2026-09-06T06:35:02.792392696Z"}
{"level":"info","message":"  ts: '2026-09-06T06:35:02.786Z',","timestamp":"2026-09-06T06:35:02.792395326Z"}
{"message":"  requestId: '9d077054-cfb6-434e-a7fa-a51ca4d0c332',","timestamp":"2026-09-06T06:35:02.792397786Z","level":"info"}
{"level":"info","message":"  method: 'OPTIONS',","timestamp":"2026-09-06T06:35:02.792400706Z"}
{"message":"  route: '/api/studio/mcp/status',","timestamp":"2026-09-06T06:35:02.792403196Z","level":"info"}
{"level":"info","timestamp":"2026-09-06T06:35:02.792405696Z","message":"  status: 204,"}
{"message":"  durationMs: 0","timestamp":"2026-09-06T06:35:02.792408166Z","level":"info"}
{"message":"}","timestamp":"2026-09-06T06:35:02.792410896Z","level":"info"}
{"message":"[ops] {","timestamp":"2026-09-06T06:35:02.924091260Z","level":"info"}
{"level":"info","message":"  event: 'http_request',","timestamp":"2026-09-06T06:35:02.924094060Z"}
{"timestamp":"2026-09-06T06:35:02.924097110Z","level":"info","message":"  ts: '2026-09-06T06:35:02.922Z',"}
{"timestamp":"2026-09-06T06:35:02.924099730Z","level":"info","message":"  requestId: '87c12152-884a-464b-89c6-81b5448117ad',"}
{"timestamp":"2026-09-06T06:35:02.924102200Z","message":"  method: 'GET',","level":"info"}
{"message":"  route: '/api/v2/events',","timestamp":"2026-09-06T06:35:02.924104570Z","level":"info"}
{"timestamp":"2026-09-06T06:35:02.924107620Z","level":"info","message":"  status: 200,"}
{"message":"  durationMs: 598","timestamp":"2026-09-06T06:35:02.924278117Z","level":"info"}
{"message":"}","level":"info","timestamp":"2026-09-06T06:35:02.924282897Z"}
{"level":"error","message":"[ops] {","timestamp":"2026-09-06T06:35:02.954478488Z"}
{"level":"error","timestamp":"2026-09-06T06:35:02.954485198Z","message":"  event: 'security.app_check_rejected',"}
{"level":"error","timestamp":"2026-09-06T06:35:02.954489258Z","message":"  ts: '2026-09-06T06:35:02.952Z',"}
{"message":"  reason: 'missing_token',","level":"error","timestamp":"2026-09-06T06:35:02.954494538Z"}
{"message":"  mode: 'monitor',","level":"error","timestamp":"2026-09-06T06:35:02.954497698Z"}
{"timestamp":"2026-09-06T06:35:02.954501568Z","message":"  route: '/api/studio/mcp/status'","level":"error"}
{"timestamp":"2026-09-06T06:35:02.954505168Z","level":"error","message":"}"}
{"timestamp":"2026-09-06T06:35:02.956052978Z","message":"[ops] {","level":"error"}
{"timestamp":"2026-09-06T06:35:02.956060928Z","level":"error","message":"  event: 'security.app_check_rejected',"}
{"timestamp":"2026-09-06T06:35:02.956065668Z","level":"error","message":"  ts: '2026-09-06T06:35:02.953Z',"}
{"level":"error","message":"  reason: 'missing_token',","timestamp":"2026-09-06T06:35:02.956069688Z"}
{"timestamp":"2026-09-06T06:35:02.956076548Z","level":"error","message":"  mode: 'monitor',"}
{"message":"  route: '/api/studio/status'","timestamp":"2026-09-06T06:35:02.956080508Z","level":"error"}
{"level":"error","timestamp":"2026-09-06T06:35:02.956084008Z","message":"}"}
{"message":"[ops] {","timestamp":"2026-09-06T06:35:02.967275054Z","level":"info"}
{"message":"  event: 'http_request',","level":"info","timestamp":"2026-09-06T06:35:02.967279333Z"}
{"timestamp":"2026-09-06T06:35:02.967282063Z","message":"  ts: '2026-09-06T06:35:02.966Z',","level":"info"}
{"timestamp":"2026-09-06T06:35:02.967285343Z","level":"info","message":"  requestId: '86ce6c57-e5cb-4fab-9bb8-205f0c69d060',"}
{"timestamp":"2026-09-06T06:35:02.967288213Z","message":"  method: 'GET',","level":"info"}
{"timestamp":"2026-09-06T06:35:02.967290913Z","level":"info","message":"  route: '/api/studio/status',"}
{"message":"  status: 200,","timestamp":"2026-09-06T06:35:02.967293813Z","level":"info"}
{"timestamp":"2026-09-06T06:35:02.967297243Z","level":"info","message":"  durationMs: 13"}
{"timestamp":"2026-09-06T06:35:02.967300493Z","level":"info","message":"}"}
{"timestamp":"2026-09-06T06:35:03.471439110Z","level":"info","message":"[ops] {"}
{"level":"info","timestamp":"2026-09-06T06:35:03.471441890Z","message":"  event: 'http_request',"}
{"level":"info","message":"  ts: '2026-09-06T06:35:03.273Z',","timestamp":"2026-09-06T06:35:03.471453839Z"}
{"timestamp":"2026-09-06T06:35:03.471457019Z","level":"info","message":"  requestId: 'f4a67e6b-42ea-4437-b7c6-613510e53a31',"}
{"level":"info","message":"  method: 'GET',","timestamp":"2026-09-06T06:35:03.471459679Z"}
{"level":"info","timestamp":"2026-09-06T06:35:03.471462329Z","message":"  route: '/api/studio/mcp/status',"}
{"message":"  status: 200,","level":"info","timestamp":"2026-09-06T06:35:03.471464689Z"}
{"level":"info","message":"  durationMs: 321","timestamp":"2026-09-06T06:35:03.471467469Z"}
{"level":"info","message":"}","timestamp":"2026-09-06T06:35:03.471471269Z"}
{"timestamp":"2026-09-06T06:35:04.637742096Z","message":"[ops] {","level":"info"}
{"timestamp":"2026-09-06T06:35:04.637749766Z","message":"  event: 'http_request',","level":"info"}
{"message":"  ts: '2026-09-06T06:35:04.635Z',","timestamp":"2026-09-06T06:35:04.637754615Z","level":"info"}
{"message":"  requestId: 'e2dafb77-e678-4c4c-9a85-a23c3a70ce61',","level":"info","timestamp":"2026-09-06T06:35:04.637758675Z"}
{"timestamp":"2026-09-06T06:35:04.637762545Z","level":"info","message":"  method: 'OPTIONS',"}
{"level":"info","message":"  route: '/api/v2/events',","timestamp":"2026-09-06T06:35:04.637767655Z"}
{"level":"info","timestamp":"2026-09-06T06:35:04.637771735Z","message":"  status: 204,"}
{"message":"  durationMs: 0","timestamp":"2026-09-06T06:35:04.637775215Z","level":"info"}
{"message":"}","level":"info","timestamp":"2026-09-06T06:35:04.637778995Z"}
{"timestamp":"2026-09-06T06:35:04.805088850Z","level":"error","message":"[ops] {"}
{"level":"error","message":"  event: 'security.app_check_rejected',","timestamp":"2026-09-06T06:35:04.805095470Z"}
{"timestamp":"2026-09-06T06:35:04.805099850Z","message":"  ts: '2026-09-06T06:35:04.799Z',","level":"error"}
{"message":"  reason: 'missing_token',","timestamp":"2026-09-06T06:35:04.805103510Z","level":"error"}
{"message":"  mode: 'monitor',","timestamp":"2026-09-06T06:35:04.805107600Z","level":"error"}
{"message":"  route: '/api/v2/events'","level":"error","timestamp":"2026-09-06T06:35:04.805111930Z"}
{"message":"}","level":"error","timestamp":"2026-09-06T06:35:04.805116100Z"}
{"timestamp":"2026-09-06T06:35:05.009854132Z","level":"info","message":"[ops] {"}
{"message":"  event: 'http_request',","level":"info","timestamp":"2026-09-06T06:35:05.009861632Z"}
{"timestamp":"2026-09-06T06:35:05.009865422Z","level":"info","message":"  ts: '2026-09-06T06:35:05.007Z',"}
{"message":"  requestId: 'd0e38546-d9dd-49a3-b183-28155f9ad30d',","timestamp":"2026-09-06T06:35:05.009868932Z","level":"info"}
{"level":"info","message":"  method: 'POST',","timestamp":"2026-09-06T06:35:05.009872272Z"}
{"level":"info","message":"  route: '/api/studio/mcp/session/ping',","timestamp":"2026-09-06T06:35:05.009876232Z"}
{"timestamp":"2026-09-06T06:35:05.009880102Z","level":"info","message":"  status: 200,"}
{"level":"info","message":"  durationMs: 295","timestamp":"2026-09-06T06:35:05.009884102Z"}
{"message":"}","timestamp":"2026-09-06T06:35:05.009887482Z","level":"info"}
{"message":"[ops] {","timestamp":"2026-09-06T06:35:05.443371628Z","level":"info"}
{"message":"  event: 'http_request',","timestamp":"2026-09-06T06:35:05.443377618Z","level":"info"}
{"timestamp":"2026-09-06T06:35:05.443382988Z","level":"info","message":"  ts: '2026-09-06T06:35:05.348Z',"}
{"message":"  requestId: 'ebb922c9-5114-4a04-add3-b5c529041e13',","timestamp":"2026-09-06T06:35:05.443387778Z","level":"info"}
{"message":"  method: 'GET',","timestamp":"2026-09-06T06:35:05.443392278Z","level":"info"}
{"timestamp":"2026-09-06T06:35:05.443397148Z","message":"  route: '/api/v2/events',","level":"info"}
{"timestamp":"2026-09-06T06:35:05.443422087Z","level":"info","message":"  status: 200,"}
{"level":"info","timestamp":"2026-09-06T06:35:05.443426947Z","message":"  durationMs: 549"}
{"message":"}","timestamp":"2026-09-06T06:35:05.443431037Z","level":"info"}
{"timestamp":"2026-09-06T06:35:07.128746029Z","message":"[ops] {","level":"info"}
{"level":"info","message":"  event: 'http_request',","timestamp":"2026-09-06T06:35:07.128752419Z"}
{"level":"info","message":"  ts: '2026-09-06T06:35:07.127Z',","timestamp":"2026-09-06T06:35:07.128756389Z"}
{"message":"  requestId: '319ac946-dc82-4eeb-bd71-c4d408ece842',","level":"info","timestamp":"2026-09-06T06:35:07.128760179Z"}
{"level":"info","message":"  method: 'OPTIONS',","timestamp":"2026-09-06T06:35:07.128764099Z"}
{"message":"  route: '/api/v2/events',","timestamp":"2026-09-06T06:35:07.128767899Z","level":"info"}
{"level":"info","message":"  status: 204,","timestamp":"2026-09-06T06:35:07.128772428Z"}
{"message":"  durationMs: 0","timestamp":"2026-09-06T06:35:07.128776198Z","level":"info"}
{"message":"}","timestamp":"2026-09-06T06:35:07.128779518Z","level":"info"}
{"codeFenced":true,"outputTokens":9303,"timestamp":"2026-09-06T06:35:07.182651775Z","model":"google/gemini-2.5-flash","level":"info","event":"workflow.model_response","requestId":"3e6757e9-8e66-47aa-8819-d3a2e431cdeb","requestType":"workflow_orchestration","outputChars":20438,"message":""}
{"timestamp":"2026-09-06T06:35:07.417570618Z","level":"error","message":"  event: 'security.app_check_rejected',"}
{"message":"  ts: '2026-09-06T06:35:07.288Z',","timestamp":"2026-09-06T06:35:07.417576288Z","level":"error"}
{"message":"  reason: 'missing_token',","level":"error","timestamp":"2026-09-06T06:35:07.417583298Z"}
{"message":"  mode: 'monitor',","level":"error","timestamp":"2026-09-06T06:35:07.417587478Z"}
{"timestamp":"2026-09-06T06:35:07.417590688Z","message":"[ops] {","level":"error"}
{"timestamp":"2026-09-06T06:35:07.417596938Z","level":"error","message":"  route: '/api/v2/events'"}
{"level":"error","message":"}","timestamp":"2026-09-06T06:35:07.417604388Z"}
{"message":"","event":"workflow.model_request","timestamp":"2026-09-06T06:35:07.422274518Z","level":"info","model":"google/gemini-2.5-flash","requestType":"workflow_orchestration_schema_repair","requestId":"3e6757e9-8e66-47aa-8819-d3a2e431cdeb:schema-repair"}
{"level":"info","message":"  route: '/api/v2/events',","timestamp":"2026-09-06T06:35:07.974492384Z"}
{"message":"  status: 200,","timestamp":"2026-09-06T06:35:07.974498154Z","level":"info"}
{"timestamp":"2026-09-06T06:35:07.974501954Z","message":"  durationMs: 684","level":"info"}
{"timestamp":"2026-09-06T06:35:07.974505334Z","message":"}","level":"info"}
{"timestamp":"2026-09-06T06:35:07.974511733Z","level":"info","message":"[ops] {"}
{"level":"info","message":"  event: 'http_request',","timestamp":"2026-09-06T06:35:07.974515353Z"}
{"message":"  ts: '2026-09-06T06:35:07.972Z',","level":"info","timestamp":"2026-09-06T06:35:07.974522223Z"}
{"message":"  requestId: 'a36a0c93-93a4-4a12-b0bf-dae44602aec5',","level":"info","timestamp":"2026-09-06T06:35:07.974526733Z"}
{"message":"  method: 'GET',","timestamp":"2026-09-06T06:35:07.974530833Z","level":"info"}
{"timestamp":"2026-09-06T06:35:09.550285606Z","level":"info","message":"  status: 'compatible',"}
{"timestamp":"2026-09-06T06:35:09.550295246Z","level":"info","message":"  reasonCodes: [],"}
{"message":"  buildId: 'nexusrbx-studio-0.14.0-r15-animation.12-toolbox',","timestamp":"2026-09-06T06:35:09.550299926Z","level":"info"}
{"message":"  attestationWritten: false,","timestamp":"2026-09-06T06:35:09.550304176Z","level":"info"}
{"level":"info","message":"  repairDurationMs: 536","timestamp":"2026-09-06T06:35:09.550308035Z"}
{"timestamp":"2026-09-06T06:35:09.550312165Z","message":"}","level":"info"}
{"message":"[ops] {","timestamp":"2026-09-06T06:35:09.550315835Z","level":"info"}
{"message":"  event: 'http_request',","level":"info","timestamp":"2026-09-06T06:35:09.550320225Z"}
{"message":"  ts: '2026-09-06T06:35:09.546Z',","timestamp":"2026-09-06T06:35:09.550324085Z","level":"info"}
{"timestamp":"2026-09-06T06:35:09.550328355Z","message":"  requestId: '8a8bbd1e-8939-4320-9049-33dddbf67194',","level":"info"}
{"timestamp":"2026-09-06T06:35:09.550332305Z","level":"info","message":"  method: 'POST',"}
{"timestamp":"2026-09-06T06:35:09.550336025Z","message":"  route: '/api/studio/session/ping',","level":"info"}
{"level":"info","message":"  status: 200,","timestamp":"2026-09-06T06:35:09.550340235Z"}
{"message":"  durationMs: 591","level":"info","timestamp":"2026-09-06T06:35:09.550343925Z"}
{"timestamp":"2026-09-06T06:35:09.550348005Z","message":"}","level":"info"}
{"level":"info","message":"[ops] {","timestamp":"2026-09-06T06:35:09.550358935Z"}
{"timestamp":"2026-09-06T06:35:09.550362945Z","level":"info","message":"  event: 'studio.plugin_compatibility_handshake',"}
{"level":"info","message":"  ts: '2026-09-06T06:35:09.544Z',","timestamp":"2026-09-06T06:35:09.550366955Z"}
{"timestamp":"2026-09-06T06:35:09.550370635Z","level":"info","message":"  requestId: '8a8bbd1e-8939-4320-9049-33dddbf67194',"}
{"level":"info","message":"  sessionId: 'MLq8J3mhz56J6BRsAeQe',","timestamp":"2026-09-06T06:35:09.550376035Z"}
{"level":"info","message":"  userId: '0VSQotqOXxPXBLeQu1gUNkXELWH3',","timestamp":"2026-09-06T06:35:09.550379345Z"}
{"timestamp":"2026-09-06T06:35:09.644162627Z","message":"[ops] {","level":"info"}
{"message":"  event: 'http_request',","timestamp":"2026-09-06T06:35:09.644166847Z","level":"info"}
{"message":"  ts: '2026-09-06T06:35:09.641Z',","timestamp":"2026-09-06T06:35:09.644169677Z","level":"info"}
{"timestamp":"2026-09-06T06:35:09.644172287Z","message":"  requestId: 'c6c2e50c-92e8-46d8-afc0-92ac4d89060e',","level":"info"}
{"message":"  method: 'OPTIONS',","level":"info","timestamp":"2026-09-06T06:35:09.644175966Z"}
{"level":"info","message":"  route: '/api/v2/agents/active',","timestamp":"2026-09-06T06:35:09.644178946Z"}
{"message":"  status: 204,","timestamp":"2026-09-06T06:35:09.644181546Z","level":"info"}
{"level":"info","timestamp":"2026-09-06T06:35:09.644184326Z","message":"  durationMs: 1"}
{"level":"info","timestamp":"2026-09-06T06:35:09.644187206Z","message":"}"}
{"message":"  durationMs: 1","level":"info","timestamp":"2026-09-06T06:35:09.652367401Z"}
{"timestamp":"2026-09-06T06:35:09.652374511Z","level":"info","message":"}"}
{"message":"[ops] {","level":"info","timestamp":"2026-09-06T06:35:09.652406970Z"}
{"timestamp":"2026-09-06T06:35:09.652410180Z","level":"info","message":"  event: 'http_request',"}
{"level":"info","message":"  ts: '2026-09-06T06:35:09.649Z',","timestamp":"2026-09-06T06:35:09.652416060Z"}
{"timestamp":"2026-09-06T06:35:09.652419780Z","level":"info","message":"  requestId: '4fffb684-0227-48ed-a109-aaaa1e045a7b',"}
{"timestamp":"2026-09-06T06:35:09.652423320Z","message":"  method: 'OPTIONS',","level":"info"}
{"timestamp":"2026-09-06T06:35:09.652426790Z","message":"  route: '/api/v2/events',","level":"info"}
{"message":"  status: 204,","timestamp":"2026-09-06T06:35:09.652429900Z","level":"info"}
{"level":"error","timestamp":"2026-09-06T06:35:09.812239382Z","message":"[ops] {"}
{"timestamp":"2026-09-06T06:35:09.812245581Z","level":"error","message":"  event: 'security.app_check_rejected',"}
{"message":"  ts: '2026-09-06T06:35:09.810Z',","timestamp":"2026-09-06T06:35:09.812249261Z","level":"error"}
{"message":"  reason: 'missing_token',","timestamp":"2026-09-06T06:35:09.812252671Z","level":"error"}
{"message":"  mode: 'monitor',","timestamp":"2026-09-06T06:35:09.812257761Z","level":"error"}
{"timestamp":"2026-09-06T06:35:09.812261501Z","level":"error","message":"  route: '/api/v2/agents/active'"}
{"timestamp":"2026-09-06T06:35:09.812264781Z","message":"}","level":"error"}
{"timestamp":"2026-09-06T06:35:09.821065808Z","level":"error","message":"[ops] {"}
{"level":"error","timestamp":"2026-09-06T06:35:09.821071378Z","message":"  event: 'security.app_check_rejected',"}
{"timestamp":"2026-09-06T06:35:09.821076277Z","level":"error","message":"  ts: '2026-09-06T06:35:09.819Z',"}
{"message":"  reason: 'missing_token',","timestamp":"2026-09-06T06:35:09.821081867Z","level":"error"}
{"level":"error","timestamp":"2026-09-06T06:35:09.821110477Z","message":"  mode: 'monitor',"}
{"message":"  route: '/api/v2/events'","level":"error","timestamp":"2026-09-06T06:35:09.821115217Z"}
{"level":"error","timestamp":"2026-09-06T06:35:09.821120797Z","message":"}"}
{"timestamp":"2026-09-06T06:35:09.875544826Z","message":"[ops] {","level":"info"}
{"message":"  event: 'http_request',","timestamp":"2026-09-06T06:35:09.875549696Z","level":"info"}
{"message":"  ts: '2026-09-06T06:35:09.870Z',","timestamp":"2026-09-06T06:35:09.875554886Z","level":"info"}
{"level":"info","timestamp":"2026-09-06T06:35:09.875558246Z","message":"  requestId: '3ba8007c-e87e-4c32-9fec-2f3ca6228fdb',"}
{"message":"  method: 'GET',","timestamp":"2026-09-06T06:35:09.875561716Z","level":"info"}
{"timestamp":"2026-09-06T06:35:09.875564826Z","level":"info","message":"  route: '/api/v2/agents/active',"}
{"message":"  status: 200,","level":"info","timestamp":"2026-09-06T06:35:09.875568376Z"}
{"message":"  durationMs: 60","timestamp":"2026-09-06T06:35:09.875572036Z","level":"info"}
{"level":"info","message":"}","timestamp":"2026-09-06T06:35:09.875575896Z"}
{"message":"[ops] {","level":"info","timestamp":"2026-09-06T06:35:10.515564862Z"}
{"message":"  event: 'http_request',","level":"info","timestamp":"2026-09-06T06:35:10.515569962Z"}
{"message":"  ts: '2026-09-06T06:35:10.379Z',","level":"info","timestamp":"2026-09-06T06:35:10.515573822Z"}
{"level":"info","message":"  requestId: '1242262a-75bf-4353-b17e-0c787e9d2a26',","timestamp":"2026-09-06T06:35:10.515577762Z"}
{"timestamp":"2026-09-06T06:35:10.515581292Z","message":"  method: 'GET',","level":"info"}
{"level":"info","message":"  route: '/api/v2/events',","timestamp":"2026-09-06T06:35:10.515584612Z"}
{"message":"  status: 200,","level":"info","timestamp":"2026-09-06T06:35:10.515590071Z"}
{"message":"  durationMs: 560","timestamp":"2026-09-06T06:35:10.515594571Z","level":"info"}
{"timestamp":"2026-09-06T06:35:10.515598641Z","level":"info","message":"}"}
{"level":"info","timestamp":"2026-09-06T06:35:10.515602681Z","message":"[ops] {"}
{"message":"  event: 'http_request',","level":"info","timestamp":"2026-09-06T06:35:10.515606681Z"}
{"timestamp":"2026-09-06T06:35:10.515609971Z","message":"  ts: '2026-09-06T06:35:10.402Z',","level":"info"}
{"message":"  requestId: 'ca5b7dea-e053-415c-bdf7-1d40ec907e7e',","timestamp":"2026-09-06T06:35:10.515613611Z","level":"info"}
{"timestamp":"2026-09-06T06:35:10.515616891Z","level":"info","message":"  method: 'OPTIONS',"}
{"level":"info","message":"  route: '/api/v2/events',","timestamp":"2026-09-06T06:35:10.515623001Z"}
{"timestamp":"2026-09-06T06:35:10.515626921Z","level":"info","message":"  status: 204,"}
{"message":"  durationMs: 0","timestamp":"2026-09-06T06:35:10.515630411Z","level":"info"}
{"level":"info","message":"}","timestamp":"2026-09-06T06:35:10.515634071Z"}
{"timestamp":"2026-09-06T06:35:10.515637451Z","level":"info","message":"[ops] {"}
{"message":"  event: 'http_request',","timestamp":"2026-09-06T06:35:10.515641151Z","level":"info"}
{"message":"  ts: '2026-09-06T06:35:10.408Z',","timestamp":"2026-09-06T06:35:10.515644471Z","level":"info"}
{"timestamp":"2026-09-06T06:35:10.515647781Z","level":"info","message":"  requestId: '6b863d49-6a2c-4ad9-8ab1-77d158297391',"}
{"level":"info","message":"  method: 'OPTIONS',","timestamp":"2026-09-06T06:35:10.515651181Z"}
{"level":"info","timestamp":"2026-09-06T06:35:10.515654661Z","message":"  route: '/api/v2/agents/active',"}
{"message":"  status: 204,","level":"info","timestamp":"2026-09-06T06:35:10.515657761Z"}
{"level":"info","message":"  durationMs: 0","timestamp":"2026-09-06T06:35:10.515666151Z"}
{"message":"}","timestamp":"2026-09-06T06:35:10.515669630Z","level":"info"}
{"timestamp":"2026-09-06T06:35:10.583379048Z","level":"error","message":"[ops] {"}
{"level":"error","message":"  event: 'security.app_check_rejected',","timestamp":"2026-09-06T06:35:10.583385378Z"}
{"level":"error","timestamp":"2026-09-06T06:35:10.583390698Z","message":"  ts: '2026-09-06T06:35:10.582Z',"}
{"level":"error","message":"  reason: 'missing_token',","timestamp":"2026-09-06T06:35:10.583395518Z"}
{"level":"error","message":"  mode: 'monitor',","timestamp":"2026-09-06T06:35:10.583400108Z"}
{"message":"  route: '/api/v2/agents/active'","timestamp":"2026-09-06T06:35:10.583404608Z","level":"error"}
{"level":"error","message":"}","timestamp":"2026-09-06T06:35:10.583410658Z"}
{"timestamp":"2026-09-06T06:35:10.593923742Z","level":"error","message":"[ops] {"}
{"level":"error","timestamp":"2026-09-06T06:35:10.593928902Z","message":"  event: 'security.app_check_rejected',"}
{"timestamp":"2026-09-06T06:35:10.593933052Z","level":"error","message":"  ts: '2026-09-06T06:35:10.583Z',"}
{"message":"  reason: 'missing_token',","timestamp":"2026-09-06T06:35:10.593935972Z","level":"error"}
{"level":"error","message":"  mode: 'monitor',","timestamp":"2026-09-06T06:35:10.593938862Z"}
{"message":"  route: '/api/v2/events'","level":"error","timestamp":"2026-09-06T06:35:10.593941942Z"}
{"timestamp":"2026-09-06T06:35:10.593945182Z","level":"error","message":"}"}
{"timestamp":"2026-09-06T06:35:10.644742318Z","level":"info","message":"[ops] {"}
{"level":"info","timestamp":"2026-09-06T06:35:10.644746258Z","message":"  event: 'http_request',"}
{"timestamp":"2026-09-06T06:35:10.644750118Z","level":"info","message":"  ts: '2026-09-06T06:35:10.642Z',"}
{"level":"info","message":"  requestId: '0c473aa3-a018-45cf-b28f-bd8a97af7d6e',","timestamp":"2026-09-06T06:35:10.644753788Z"}
{"timestamp":"2026-09-06T06:35:10.644757338Z","level":"info","message":"  method: 'GET',"}
{"timestamp":"2026-09-06T06:35:10.644768097Z","message":"  route: '/api/v2/agents/active',","level":"info"}
{"level":"info","timestamp":"2026-09-06T06:35:10.644771487Z","message":"  status: 200,"}
{"message":"  durationMs: 60","level":"info","timestamp":"2026-09-06T06:35:10.644775827Z"}
{"message":"}","level":"info","timestamp":"2026-09-06T06:35:10.644780777Z"}
{"timestamp":"2026-09-06T06:35:11.171025719Z","level":"info","message":"[ops] {"}
{"level":"info","message":"  event: 'http_request',","timestamp":"2026-09-06T06:35:11.171030289Z"}
{"message":"  ts: '2026-09-06T06:35:11.170Z',","level":"info","timestamp":"2026-09-06T06:35:11.171034938Z"}
{"message":"  requestId: '58647ff5-2bbc-4a9c-9655-f158a4f86405',","level":"info","timestamp":"2026-09-06T06:35:11.171038978Z"}
{"timestamp":"2026-09-06T06:35:11.171043178Z","message":"  method: 'GET',","level":"info"}
{"level":"info","timestamp":"2026-09-06T06:35:11.171046698Z","message":"  route: '/api/v2/events',"}
{"timestamp":"2026-09-06T06:35:11.171050348Z","level":"info","message":"  status: 200,"}
{"timestamp":"2026-09-06T06:35:11.171054478Z","message":"  durationMs: 587","level":"info"}
{"message":"}","level":"info","timestamp":"2026-09-06T06:35:11.171059198Z"}
{"message":"  route: '/api/studio/mcp/status',","level":"info","timestamp":"2026-09-06T06:35:11.773937421Z"}
{"timestamp":"2026-09-06T06:35:11.773944881Z","level":"info","message":"  status: 204,"}
{"timestamp":"2026-09-06T06:35:11.773949491Z","level":"info","message":"  durationMs: 0"}
{"level":"info","message":"[ops] {","timestamp":"2026-09-06T06:35:11.773952061Z"}
{"level":"info","timestamp":"2026-09-06T06:35:11.773954061Z","message":"}"}
{"message":"  event: 'http_request',","timestamp":"2026-09-06T06:35:11.773954961Z","level":"info"}
{"message":"  ts: '2026-09-06T06:35:11.770Z',","timestamp":"2026-09-06T06:35:11.773957471Z","level":"info"}
{"level":"info","timestamp":"2026-09-06T06:35:11.773958451Z","message":"[ops] {"}
{"level":"info","timestamp":"2026-09-06T06:35:11.773959981Z","message":"  requestId: '3d5077e5-3814-434b-b64d-201cc6775f33',"}
{"message":"  method: 'OPTIONS',","level":"info","timestamp":"2026-09-06T06:35:11.773963421Z"}
{"message":"  event: 'http_request',","timestamp":"2026-09-06T06:35:11.773963421Z","level":"info"}
{"level":"info","message":"  ts: '2026-09-06T06:35:11.772Z',","timestamp":"2026-09-06T06:35:11.773967191Z"}
{"level":"info","message":"  requestId: '5c5ce31d-b79a-4753-80f6-8551aebf0a47',","timestamp":"2026-09-06T06:35:11.773971401Z"}
{"timestamp":"2026-09-06T06:35:11.773975901Z","message":"  method: 'OPTIONS',","level":"info"}
{"timestamp":"2026-09-06T06:35:11.773979721Z","message":"  route: '/api/studio/status',","level":"info"}
{"timestamp":"2026-09-06T06:35:11.773983751Z","level":"info","message":"  status: 204,"}
{"level":"info","timestamp":"2026-09-06T06:35:11.773987461Z","message":"  durationMs: 0"}
{"timestamp":"2026-09-06T06:35:11.773990861Z","level":"info","message":"}"}
{"message":"[ops] {","timestamp":"2026-09-06T06:35:11.940331918Z","level":"error"}
{"timestamp":"2026-09-06T06:35:11.940334748Z","message":"  event: 'security.app_check_rejected',","level":"error"}
{"level":"error","message":"  ts: '2026-09-06T06:35:11.934Z',","timestamp":"2026-09-06T06:35:11.940338588Z"}
{"message":"  reason: 'missing_token',","timestamp":"2026-09-06T06:35:11.940344858Z","level":"error"}
{"message":"  mode: 'monitor',","timestamp":"2026-09-06T06:35:11.940347668Z","level":"error"}
{"message":"  route: '/api/studio/status'","timestamp":"2026-09-06T06:35:11.940350458Z","level":"error"}
{"timestamp":"2026-09-06T06:35:11.940353338Z","level":"error","message":"}"}
{"level":"error","message":"[ops] {","timestamp":"2026-09-06T06:35:11.940356358Z"}
{"message":"  event: 'security.app_check_rejected',","timestamp":"2026-09-06T06:35:11.940359118Z","level":"error"}
{"level":"error","message":"  ts: '2026-09-06T06:35:11.935Z',","timestamp":"2026-09-06T06:35:11.940361568Z"}
{"timestamp":"2026-09-06T06:35:11.940365348Z","level":"error","message":"  reason: 'missing_token',"}
{"level":"error","message":"  mode: 'monitor',","timestamp":"2026-09-06T06:35:11.940367958Z"}
{"message":"  route: '/api/studio/mcp/status'","timestamp":"2026-09-06T06:35:11.940371368Z","level":"error"}
{"level":"error","message":"}","timestamp":"2026-09-06T06:35:11.940375667Z"}
{"message":"  status: 204,","timestamp":"2026-09-06T06:35:12.143451392Z","level":"info"}
{"message":"  durationMs: 1","level":"info","timestamp":"2026-09-06T06:35:12.143457452Z"}
{"message":"}","level":"info","timestamp":"2026-09-06T06:35:12.143461882Z"}
{"level":"info","timestamp":"2026-09-06T06:35:12.143539091Z","message":"[ops] {"}
{"level":"info","timestamp":"2026-09-06T06:35:12.143543340Z","message":"  event: 'http_request',"}
{"timestamp":"2026-09-06T06:35:12.143548500Z","message":"  ts: '2026-09-06T06:35:12.141Z',","level":"info"}
{"message":"  requestId: '58263aa4-d6f8-4115-a6f9-8ba3dcf4d6c2',","timestamp":"2026-09-06T06:35:12.143552800Z","level":"info"}
{"message":"  method: 'OPTIONS',","timestamp":"2026-09-06T06:35:12.143557120Z","level":"info"}
{"message":"  route: '/api/v2/events',","level":"info","timestamp":"2026-09-06T06:35:12.143561200Z"}
{"level":"info","message":"  durationMs: 474","timestamp":"2026-09-06T06:35:12.461347976Z"}
{"level":"info","message":"}","timestamp":"2026-09-06T06:35:12.461361676Z"}
{"level":"info","message":"[ops] {","timestamp":"2026-09-06T06:35:12.461368436Z"}
{"level":"info","timestamp":"2026-09-06T06:35:12.461375576Z","message":"  event: 'http_request',"}
{"timestamp":"2026-09-06T06:35:12.461380956Z","level":"info","message":"  ts: '2026-09-06T06:35:12.448Z',"}
{"message":"  requestId: 'd9e18963-d216-497d-a0ff-943a8cc4ce51',","level":"info","timestamp":"2026-09-06T06:35:12.461387436Z"}
{"level":"info","timestamp":"2026-09-06T06:35:12.461392796Z","message":"  method: 'GET',"}
{"timestamp":"2026-09-06T06:35:12.461398406Z","level":"info","message":"  route: '/api/studio/mcp/status',"}
{"message":"  status: 200,","level":"info","timestamp":"2026-09-06T06:35:12.461403996Z"}
{"message":"  durationMs: 512","timestamp":"2026-09-06T06:35:12.461410136Z","level":"info"}
{"message":"}","timestamp":"2026-09-06T06:35:12.461415006Z","level":"info"}
{"level":"error","message":"[ops] {","timestamp":"2026-09-06T06:35:12.461557634Z"}
{"message":"  event: 'security.app_check_rejected',","timestamp":"2026-09-06T06:35:12.461560934Z","level":"error"}
{"message":"  ts: '2026-09-06T06:35:12.305Z',","timestamp":"2026-09-06T06:35:12.461564894Z","level":"error"}
{"message":"  reason: 'missing_token',","level":"error","timestamp":"2026-09-06T06:35:12.461568954Z"}
{"message":"  mode: 'monitor',","timestamp":"2026-09-06T06:35:12.461572344Z","level":"error"}
{"message":"  route: '/api/v2/events'","timestamp":"2026-09-06T06:35:12.461576203Z","level":"error"}
{"level":"error","timestamp":"2026-09-06T06:35:12.461579333Z","message":"}"}
{"level":"info","message":"[ops] {","timestamp":"2026-09-06T06:35:12.461582713Z"}
{"timestamp":"2026-09-06T06:35:12.461586413Z","message":"  event: 'http_request',","level":"info"}
{"message":"  ts: '2026-09-06T06:35:12.408Z',","level":"info","timestamp":"2026-09-06T06:35:12.461589853Z"}
{"timestamp":"2026-09-06T06:35:12.461592763Z","level":"info","message":"  requestId: '2647662d-ff3c-4f24-bdd7-894c58cf9102',"}
{"message":"  method: 'GET',","timestamp":"2026-09-06T06:35:12.461596033Z","level":"info"}
{"message":"  route: '/api/studio/status',","timestamp":"2026-09-06T06:35:12.461599053Z","level":"info"}
{"timestamp":"2026-09-06T06:35:12.461602003Z","message":"  status: 200,","level":"info"}
{"level":"info","message":"[ops] {","timestamp":"2026-09-06T06:35:12.730200534Z"}
{"timestamp":"2026-09-06T06:35:12.730207933Z","message":"  event: 'http_request',","level":"info"}
{"level":"info","timestamp":"2026-09-06T06:35:12.730214813Z","message":"  ts: '2026-09-06T06:35:12.728Z',"}
{"timestamp":"2026-09-06T06:35:12.730221643Z","level":"info","message":"  requestId: 'ace4745e-3402-4297-94b8-aa77fdb420e9',"}
{"level":"info","timestamp":"2026-09-06T06:35:12.730226483Z","message":"  method: 'OPTIONS',"}
{"level":"info","message":"  route: '/api/v2/events',","timestamp":"2026-09-06T06:35:12.730231693Z"}
{"level":"info","message":"  status: 204,","timestamp":"2026-09-06T06:35:12.730236613Z"}
{"level":"info","timestamp":"2026-09-06T06:35:12.730241463Z","message":"  durationMs: 0"}
{"timestamp":"2026-09-06T06:35:12.730246053Z","message":"}","level":"info"}
{"timestamp":"2026-09-06T06:35:12.916079259Z","level":"error","message":"[ops] {"}
{"level":"error","message":"  event: 'security.app_check_rejected',","timestamp":"2026-09-06T06:35:12.916086389Z"}
{"timestamp":"2026-09-06T06:35:12.916091489Z","message":"  ts: '2026-09-06T06:35:12.915Z',","level":"error"}
{"timestamp":"2026-09-06T06:35:12.916095849Z","level":"error","message":"  reason: 'missing_token',"}
{"message":"  mode: 'monitor',","level":"error","timestamp":"2026-09-06T06:35:12.916100129Z"}
{"level":"error","timestamp":"2026-09-06T06:35:12.916104929Z","message":"  route: '/api/v2/events'"}
{"message":"}","timestamp":"2026-09-06T06:35:12.916109719Z","level":"error"}
{"message":"[ops] {","timestamp":"2026-09-06T06:35:13.020023790Z","level":"info"}
{"level":"info","timestamp":"2026-09-06T06:35:13.020030100Z","message":"  event: 'http_request',"}
{"level":"info","message":"  ts: '2026-09-06T06:35:13.015Z',","timestamp":"2026-09-06T06:35:13.020035090Z"}
{"message":"  requestId: '9aae2544-c353-4e7e-ab90-73d878211c02',","timestamp":"2026-09-06T06:35:13.020038610Z","level":"info"}
{"level":"info","timestamp":"2026-09-06T06:35:13.020043550Z","message":"  method: 'GET',"}
{"message":"  route: '/api/v2/events',","level":"info","timestamp":"2026-09-06T06:35:13.020047460Z"}
{"timestamp":"2026-09-06T06:35:13.020062100Z","message":"  status: 200,","level":"info"}
{"level":"info","timestamp":"2026-09-06T06:35:13.020065970Z","message":"  durationMs: 710"}
{"timestamp":"2026-09-06T06:35:13.020069510Z","message":"}","level":"info"}
{"message":"[ops] {","timestamp":"2026-09-06T06:35:13.542234413Z","level":"info"}
{"level":"info","timestamp":"2026-09-06T06:35:13.542240783Z","message":"  event: 'http_request',"}
{"level":"info","message":"  ts: '2026-09-06T06:35:13.540Z',","timestamp":"2026-09-06T06:35:13.542245303Z"}
{"level":"info","message":"  requestId: '4aba37cc-fd45-42a3-80ad-f490d8bdb6f7',","timestamp":"2026-09-06T06:35:13.542248463Z"}
{"level":"info","message":"  method: 'GET',","timestamp":"2026-09-06T06:35:13.542251843Z"}
{"level":"info","timestamp":"2026-09-06T06:35:13.542254983Z","message":"  route: '/api/v2/events',"}
{"timestamp":"2026-09-06T06:35:13.542258113Z","level":"info","message":"  status: 200,"}
{"message":"  durationMs: 626","timestamp":"2026-09-06T06:35:13.542261083Z","level":"info"}
{"timestamp":"2026-09-06T06:35:13.542263573Z","message":"}","level":"info"}
{"timestamp":"2026-09-06T06:35:14.644293677Z","message":"[ops] {","level":"info"}
{"message":"  event: 'http_request',","timestamp":"2026-09-06T06:35:14.644300467Z","level":"info"}
{"timestamp":"2026-09-06T06:35:14.644304897Z","message":"  ts: '2026-09-06T06:35:14.642Z',","level":"info"}
{"timestamp":"2026-09-06T06:35:14.644308967Z","level":"info","message":"  requestId: '5201c2ca-b775-4a8d-9422-e6abbdb99600',"}
{"message":"  method: 'OPTIONS',","timestamp":"2026-09-06T06:35:14.644313567Z","level":"info"}
{"message":"  route: '/api/v2/events',","timestamp":"2026-09-06T06:35:14.644317557Z","level":"info"}
{"message":"  status: 204,","level":"info","timestamp":"2026-09-06T06:35:14.644322617Z"}
{"message":"  durationMs: 0","timestamp":"2026-09-06T06:35:14.644326677Z","level":"info"}
{"level":"info","message":"}","timestamp":"2026-09-06T06:35:14.644331557Z"}
{"timestamp":"2026-09-06T06:35:14.813647855Z","level":"error","message":"[ops] {"}
{"message":"  event: 'security.app_check_rejected',","timestamp":"2026-09-06T06:35:14.813654025Z","level":"error"}
{"message":"  ts: '2026-09-06T06:35:14.812Z',","level":"error","timestamp":"2026-09-06T06:35:14.813659005Z"}
{"timestamp":"2026-09-06T06:35:14.813663285Z","level":"error","message":"  reason: 'missing_token',"}
{"timestamp":"2026-09-06T06:35:14.813666875Z","message":"  mode: 'monitor',","level":"error"}
{"message":"  route: '/api/v2/events'","timestamp":"2026-09-06T06:35:14.813670865Z","level":"error"}
{"timestamp":"2026-09-06T06:35:14.813674295Z","level":"error","message":"}"}
{"level":"info","message":"}","timestamp":"2026-09-06T06:35:15.195669074Z"}
{"level":"info","timestamp":"2026-09-06T06:35:15.195684803Z","message":"[ops] {"}
{"level":"info","message":"  event: 'studio.command_polled',","timestamp":"2026-09-06T06:35:15.195693073Z"}
{"timestamp":"2026-09-06T06:35:15.195698653Z","message":"  ts: '2026-09-06T06:35:15.193Z',","level":"info"}
{"level":"info","message":"  requestId: 'e77cdaf3-090f-41bc-a201-bae786d6eb3e',","timestamp":"2026-09-06T06:35:15.195704333Z"}
{"message":"  sessionId: 'MLq8J3mhz56J6BRsAeQe',","timestamp":"2026-09-06T06:35:15.195709573Z","level":"info"}
{"timestamp":"2026-09-06T06:35:15.195714313Z","message":"  status: 'empty'","level":"info"}
{"timestamp":"2026-09-06T06:35:15.195719223Z","level":"info","message":"}"}
{"message":"[ops] {","timestamp":"2026-09-06T06:35:15.195723943Z","level":"info"}
{"message":"  event: 'http_request',","timestamp":"2026-09-06T06:35:15.195728683Z","level":"info"}
{"message":"  ts: '2026-09-06T06:35:15.194Z',","level":"info","timestamp":"2026-09-06T06:35:15.195733643Z"}
{"message":"  requestId: 'e77cdaf3-090f-41bc-a201-bae786d6eb3e',","level":"info","timestamp":"2026-09-06T06:35:15.195737633Z"}
{"level":"info","timestamp":"2026-09-06T06:35:15.195743253Z","message":"  method: 'GET',"}
{"timestamp":"2026-09-06T06:35:15.195747983Z","level":"info","message":"  route: '/api/studio/commands/next',"}
{"level":"info","timestamp":"2026-09-06T06:35:15.195753752Z","message":"  status: 204,"}
{"level":"info","timestamp":"2026-09-06T06:35:15.195758092Z","message":"  durationMs: 24396"}
{"level":"info","message":"  method: 'OPTIONS',","timestamp":"2026-09-06T06:35:15.221872336Z"}
{"timestamp":"2026-09-06T06:35:15.221881386Z","level":"info","message":"  route: '/api/v2/events',"}
{"message":"  status: 204,","timestamp":"2026-09-06T06:35:15.221906986Z","level":"info"}
{"timestamp":"2026-09-06T06:35:15.221911106Z","level":"info","message":"[ops] {"}
{"timestamp":"2026-09-06T06:35:15.221915066Z","level":"info","message":"  event: 'http_request',"}
{"timestamp":"2026-09-06T06:35:15.221918416Z","level":"info","message":"  ts: '2026-09-06T06:35:15.219Z',"}
{"message":"  durationMs: 0","level":"info","timestamp":"2026-09-06T06:35:15.221926415Z"}
{"timestamp":"2026-09-06T06:35:15.221926705Z","level":"info","message":"  requestId: '614d4599-f214-4aa8-887a-6fdec12baf54',"}
{"timestamp":"2026-09-06T06:35:15.221933625Z","message":"}","level":"info"}
{"level":"info","message":"[ops] {","timestamp":"2026-09-06T06:35:15.519493812Z"}
{"timestamp":"2026-09-06T06:35:15.519497102Z","level":"info","message":"  event: 'http_request',"}
{"timestamp":"2026-09-06T06:35:15.519500742Z","level":"info","message":"  ts: '2026-09-06T06:35:15.396Z',"}
{"message":"  requestId: 'da9d3753-33fd-4690-8e69-dd1b88ec743e',","timestamp":"2026-09-06T06:35:15.519503882Z","level":"info"}
{"timestamp":"2026-09-06T06:35:15.519608171Z","level":"info","message":"  method: 'GET',"}
{"timestamp":"2026-09-06T06:35:15.519611680Z","message":"  route: '/api/v2/events',","level":"info"}
{"message":"  status: 200,","timestamp":"2026-09-06T06:35:15.519617870Z","level":"info"}
{"message":"  durationMs: 583","level":"info","timestamp":"2026-09-06T06:35:15.519620760Z"}
{"message":"}","level":"info","timestamp":"2026-09-06T06:35:15.519623730Z"}
{"message":"[ops] {","level":"error","timestamp":"2026-09-06T06:35:15.519627180Z"}
{"timestamp":"2026-09-06T06:35:15.519632180Z","level":"error","message":"  event: 'security.app_check_rejected',"}
{"message":"  ts: '2026-09-06T06:35:15.396Z',","timestamp":"2026-09-06T06:35:15.519635250Z","level":"error"}
{"message":"  reason: 'missing_token',","timestamp":"2026-09-06T06:35:15.519638380Z","level":"error"}
{"message":"  mode: 'monitor',","timestamp":"2026-09-06T06:35:15.519642010Z","level":"error"}
{"timestamp":"2026-09-06T06:35:15.519644600Z","message":"  route: '/api/v2/events'","level":"error"}
{"level":"error","message":"}","timestamp":"2026-09-06T06:35:15.519648300Z"}
{"message":"[ops] {","level":"info","timestamp":"2026-09-06T06:35:15.979221080Z"}
{"message":"  event: 'http_request',","timestamp":"2026-09-06T06:35:15.979225500Z","level":"info"}
{"timestamp":"2026-09-06T06:35:15.979228270Z","message":"  ts: '2026-09-06T06:35:15.973Z',","level":"info"}
{"message":"  requestId: 'ad5a6f41-456a-45af-8f59-28a859ff7e5d',","timestamp":"2026-09-06T06:35:15.979230640Z","level":"info"}
{"message":"  method: 'GET',","timestamp":"2026-09-06T06:35:15.979234750Z","level":"info"}
{"timestamp":"2026-09-06T06:35:15.979237410Z","level":"info","message":"  route: '/api/v2/events',"}
{"message":"  status: 200,","timestamp":"2026-09-06T06:35:15.979240470Z","level":"info"}
{"message":"  durationMs: 577","level":"info","timestamp":"2026-09-06T06:35:15.979243120Z"}
{"timestamp":"2026-09-06T06:35:15.979246000Z","level":"info","message":"}"}
{"level":"info","message":"[ops] {","timestamp":"2026-09-06T06:35:17.146093379Z"}
{"message":"  event: 'http_request',","timestamp":"2026-09-06T06:35:17.146097769Z","level":"info"}
{"timestamp":"2026-09-06T06:35:17.146101179Z","message":"  ts: '2026-09-06T06:35:17.143Z',","level":"info"}
{"level":"info","timestamp":"2026-09-06T06:35:17.146104749Z","message":"  requestId: '2171eec7-63a6-48ca-8e9f-2f23221a4348',"}
{"message":"  method: 'OPTIONS',","timestamp":"2026-09-06T06:35:17.146157398Z","level":"info"}
{"level":"info","message":"  route: '/api/v2/events',","timestamp":"2026-09-06T06:35:17.146178448Z"}
{"level":"info","timestamp":"2026-09-06T06:35:17.146181358Z","message":"  status: 204,"}
{"timestamp":"2026-09-06T06:35:17.146184038Z","level":"info","message":"  durationMs: 0"}
{"message":"}","timestamp":"2026-09-06T06:35:17.146207927Z","level":"info"}
{"timestamp":"2026-09-06T06:35:17.463989504Z","message":"[ops] {","level":"error"}
{"level":"error","message":"  event: 'security.app_check_rejected',","timestamp":"2026-09-06T06:35:17.463992954Z"}
{"level":"error","message":"  ts: '2026-09-06T06:35:17.314Z',","timestamp":"2026-09-06T06:35:17.463996534Z"}
{"level":"error","message":"  reason: 'missing_token',","timestamp":"2026-09-06T06:35:17.464000084Z"}
{"timestamp":"2026-09-06T06:35:17.464004414Z","level":"error","message":"  mode: 'monitor',"}
{"message":"  route: '/api/v2/events'","level":"error","timestamp":"2026-09-06T06:35:17.464008143Z"}
{"level":"error","message":"}","timestamp":"2026-09-06T06:35:17.464012253Z"}
{"level":"info","message":"  durationMs: 0","timestamp":"2026-09-06T06:35:17.725724243Z"}
{"timestamp":"2026-09-06T06:35:17.725730232Z","level":"info","message":"[ops] {"}
{"level":"info","timestamp":"2026-09-06T06:35:17.725734432Z","message":"  event: 'http_request',"}
{"message":"  ts: '2026-09-06T06:35:17.723Z',","level":"info","timestamp":"2026-09-06T06:35:17.725739782Z"}
{"timestamp":"2026-09-06T06:35:17.725744352Z","message":"}","level":"info"}
{"timestamp":"2026-09-06T06:35:17.725749062Z","message":"  requestId: '96aa65bf-d720-4550-87bf-ab2cdd50a709',","level":"info"}
{"message":"  method: 'OPTIONS',","level":"info","timestamp":"2026-09-06T06:35:17.725754342Z"}
{"message":"  route: '/api/v2/events',","timestamp":"2026-09-06T06:35:17.725759552Z","level":"info"}
{"level":"info","timestamp":"2026-09-06T06:35:17.725764512Z","message":"  status: 204,"}
{"message":"[ops] {","timestamp":"2026-09-06T06:35:17.890782586Z","level":"error"}
{"message":"  event: 'security.app_check_rejected',","timestamp":"2026-09-06T06:35:17.890790516Z","level":"error"}
{"timestamp":"2026-09-06T06:35:17.890794556Z","message":"  ts: '2026-09-06T06:35:17.889Z',","level":"error"}
{"level":"error","timestamp":"2026-09-06T06:35:17.890798036Z","message":"  reason: 'missing_token',"}
{"timestamp":"2026-09-06T06:35:17.890801536Z","level":"error","message":"  mode: 'monitor',"}
{"timestamp":"2026-09-06T06:35:17.890815406Z","level":"error","message":"  route: '/api/v2/events'"}
{"timestamp":"2026-09-06T06:35:17.890819186Z","message":"}","level":"error"}
{"level":"info","message":"  status: 200,","timestamp":"2026-09-06T06:35:17.985856741Z"}
{"message":"[ops] {","timestamp":"2026-09-06T06:35:17.985859721Z","level":"info"}
{"message":"  durationMs: 665","level":"info","timestamp":"2026-09-06T06:35:17.985865001Z"}
{"timestamp":"2026-09-06T06:35:17.985869801Z","message":"  event: 'http_request',","level":"info"}
{"timestamp":"2026-09-06T06:35:17.985872361Z","level":"info","message":"}"}
{"message":"  ts: '2026-09-06T06:35:17.979Z',","timestamp":"2026-09-06T06:35:17.985875831Z","level":"info"}
{"message":"  requestId: '39836254-ab24-461c-80e3-3a015d46674e',","timestamp":"2026-09-06T06:35:17.985879511Z","level":"info"}
{"message":"  method: 'GET',","timestamp":"2026-09-06T06:35:17.985882561Z","level":"info"}
{"level":"info","message":"  route: '/api/v2/events',","timestamp":"2026-09-06T06:35:17.985885621Z"}
{"message":"[ops] {","timestamp":"2026-09-06T06:35:18.455619630Z","level":"info"}
{"message":"  event: 'http_request',","level":"info","timestamp":"2026-09-06T06:35:18.455623600Z"}
{"timestamp":"2026-09-06T06:35:18.455627230Z","level":"info","message":"  ts: '2026-09-06T06:35:18.453Z',"}
{"level":"info","timestamp":"2026-09-06T06:35:18.455630850Z","message":"  requestId: 'bdef50a1-4077-4d38-b8d5-f8fa06139a09',"}
{"timestamp":"2026-09-06T06:35:18.455634200Z","level":"info","message":"  method: 'OPTIONS',"}
{"level":"info","message":"  route: '/api/studio/status',","timestamp":"2026-09-06T06:35:18.455638200Z"}
{"message":"  status: 204,","timestamp":"2026-09-06T06:35:18.455641680Z","level":"info"}
{"message":"  durationMs: 0","level":"info","timestamp":"2026-09-06T06:35:18.455644940Z"}
{"message":"}","level":"info","timestamp":"2026-09-06T06:35:18.455648280Z"}
{"message":"[ops] {","timestamp":"2026-09-06T06:35:18.456836674Z","level":"info"}
{"message":"  event: 'http_request',","level":"info","timestamp":"2026-09-06T06:35:18.456857214Z"}
{"level":"info","timestamp":"2026-09-06T06:35:18.456872614Z","message":"  ts: '2026-09-06T06:35:18.455Z',"}
{"timestamp":"2026-09-06T06:35:18.456877954Z","level":"info","message":"  requestId: '72031b73-a166-468a-be59-6f08a475678d',"}
{"message":"  method: 'OPTIONS',","level":"info","timestamp":"2026-09-06T06:35:18.456882154Z"}
{"timestamp":"2026-09-06T06:35:18.456886044Z","level":"info","message":"  route: '/api/studio/mcp/status',"}
{"level":"info","message":"  status: 204,","timestamp":"2026-09-06T06:35:18.456890474Z"}
{"timestamp":"2026-09-06T06:35:18.456894304Z","level":"info","message":"  durationMs: 1"}
{"message":"}","timestamp":"2026-09-06T06:35:18.456897864Z","level":"info"}
{"level":"info","message":"[ops] {","timestamp":"2026-09-06T06:35:18.464583615Z"}
{"level":"info","message":"  event: 'http_request',","timestamp":"2026-09-06T06:35:18.464594614Z"}
{"timestamp":"2026-09-06T06:35:18.464600474Z","message":"  ts: '2026-09-06T06:35:18.462Z',","level":"info"}
{"level":"info","timestamp":"2026-09-06T06:35:18.464606094Z","message":"  requestId: 'a2197b29-a60e-4b15-a1f0-9c857288b155',"}
{"level":"info","timestamp":"2026-09-06T06:35:18.464610744Z","message":"  method: 'GET',"}
{"message":"  route: '/api/v2/events',","level":"info","timestamp":"2026-09-06T06:35:18.464615414Z"}
{"level":"info","timestamp":"2026-09-06T06:35:18.464620404Z","message":"  status: 200,"}
{"timestamp":"2026-09-06T06:35:18.464624474Z","message":"  durationMs: 574","level":"info"}
{"message":"}","timestamp":"2026-09-06T06:35:18.464628844Z","level":"info"}
{"level":"error","timestamp":"2026-09-06T06:35:18.624643442Z","message":"  route: '/api/studio/mcp/status'"}
{"timestamp":"2026-09-06T06:35:18.624643472Z","message":"[ops] {","level":"error"}
{"level":"error","message":"}","timestamp":"2026-09-06T06:35:18.624651982Z"}
{"message":"  event: 'security.app_check_rejected',","timestamp":"2026-09-06T06:35:18.624652202Z","level":"error"}
{"message":"  ts: '2026-09-06T06:35:18.622Z',","timestamp":"2026-09-06T06:35:18.624656862Z","level":"error"}
{"message":"  reason: 'missing_token',","level":"error","timestamp":"2026-09-06T06:35:18.624660782Z"}
{"message":"  mode: 'monitor',","level":"error","timestamp":"2026-09-06T06:35:18.624663762Z"}
{"message":"  route: '/api/studio/status'","timestamp":"2026-09-06T06:35:18.624666672Z","level":"error"}
{"timestamp":"2026-09-06T06:35:18.624669572Z","level":"error","message":"}"}
{"level":"error","message":"[ops] {","timestamp":"2026-09-06T06:35:18.624672682Z"}
{"level":"error","timestamp":"2026-09-06T06:35:18.624675812Z","message":"  event: 'security.app_check_rejected',"}
{"level":"error","timestamp":"2026-09-06T06:35:18.624678451Z","message":"  ts: '2026-09-06T06:35:18.623Z',"}
{"message":"  reason: 'missing_token',","timestamp":"2026-09-06T06:35:18.624681651Z","level":"error"}
{"timestamp":"2026-09-06T06:35:18.624684521Z","message":"  mode: 'monitor',","level":"error"}
{"level":"info","message":"[ops] {","timestamp":"2026-09-06T06:35:18.950672872Z"}
{"timestamp":"2026-09-06T06:35:18.950676162Z","level":"info","message":"  event: 'http_request',"}
{"timestamp":"2026-09-06T06:35:18.950679222Z","level":"info","message":"  ts: '2026-09-06T06:35:18.949Z',"}
{"level":"info","message":"  requestId: 'f83a8b8f-4bb2-4203-821e-389a999554e6',","timestamp":"2026-09-06T06:35:18.950681752Z"}
{"message":"  method: 'GET',","level":"info","timestamp":"2026-09-06T06:35:18.950684242Z"}
{"timestamp":"2026-09-06T06:35:18.950686982Z","message":"  route: '/api/studio/mcp/status',","level":"info"}
{"level":"info","timestamp":"2026-09-06T06:35:18.950689342Z","message":"  status: 200,"}
{"timestamp":"2026-09-06T06:35:18.950691682Z","message":"  durationMs: 326","level":"info"}
{"message":"}","timestamp":"2026-09-06T06:35:18.950693872Z","level":"info"}
{"timestamp":"2026-09-06T06:35:19.232797888Z","message":"[ops] {","level":"info"}
{"level":"info","timestamp":"2026-09-06T06:35:19.232806468Z","message":"  event: 'http_request',"}
{"message":"  ts: '2026-09-06T06:35:19.227Z',","level":"info","timestamp":"2026-09-06T06:35:19.232810328Z"}
{"message":"  requestId: 'd87bbf9e-95e3-4f58-b3b0-3af9f6814e3e',","level":"info","timestamp":"2026-09-06T06:35:19.232813498Z"}
{"timestamp":"2026-09-06T06:35:19.232816448Z","level":"info","message":"  method: 'GET',"}
{"message":"  route: '/api/studio/status',","timestamp":"2026-09-06T06:35:19.232822027Z","level":"info"}
{"level":"info","message":"  status: 200,","timestamp":"2026-09-06T06:35:19.232824917Z"}
{"timestamp":"2026-09-06T06:35:19.232827637Z","message":"  durationMs: 605","level":"info"}
{"message":"}","timestamp":"2026-09-06T06:35:19.232830747Z","level":"info"}
{"message":"[ops] {","timestamp":"2026-09-06T06:35:19.669196256Z","level":"info"}
{"timestamp":"2026-09-06T06:35:19.669201206Z","level":"info","message":"  event: 'http_request',"}
{"message":"  ts: '2026-09-06T06:35:19.667Z',","timestamp":"2026-09-06T06:35:19.669204066Z","level":"info"}
{"message":"  requestId: 'ac707ae7-a82e-4463-9f91-154ff23436f8',","timestamp":"2026-09-06T06:35:19.669207116Z","level":"info"}
{"message":"  method: 'OPTIONS',","timestamp":"2026-09-06T06:35:19.669210816Z","level":"info"}
{"level":"info","message":"  route: '/api/v2/events',","timestamp":"2026-09-06T06:35:19.669213756Z"}
{"message":"  status: 204,","timestamp":"2026-09-06T06:35:19.669217896Z","level":"info"}
{"message":"  durationMs: 0","level":"info","timestamp":"2026-09-06T06:35:19.669220736Z"}
{"message":"}","level":"info","timestamp":"2026-09-06T06:35:19.669223326Z"}
{"level":"info","message":"[ops] {","timestamp":"2026-09-06T06:35:19.672220107Z"}
{"timestamp":"2026-09-06T06:35:19.672229117Z","level":"info","message":"  event: 'http_request',"}
{"message":"  ts: '2026-09-06T06:35:19.670Z',","timestamp":"2026-09-06T06:35:19.672234607Z","level":"info"}
{"timestamp":"2026-09-06T06:35:19.672239397Z","message":"  requestId: 'a2743311-efad-4d9c-bf72-fcc667ffb350',","level":"info"}
{"level":"info","message":"  method: 'OPTIONS',","timestamp":"2026-09-06T06:35:19.672243337Z"}
{"timestamp":"2026-09-06T06:35:19.672248007Z","level":"info","message":"  route: '/api/v2/agents/active',"}
{"message":"  status: 204,","timestamp":"2026-09-06T06:35:19.672252237Z","level":"info"}
{"timestamp":"2026-09-06T06:35:19.672256537Z","message":"  durationMs: 0","level":"info"}
{"timestamp":"2026-09-06T06:35:19.672261896Z","level":"info","message":"}"}
{"timestamp":"2026-09-06T06:35:19.843148105Z","message":"[ops] {","level":"error"}
{"timestamp":"2026-09-06T06:35:19.843152995Z","level":"error","message":"  event: 'security.app_check_rejected',"}
{"message":"  ts: '2026-09-06T06:35:19.842Z',","timestamp":"2026-09-06T06:35:19.843156915Z","level":"error"}
{"message":"  reason: 'missing_token',","timestamp":"2026-09-06T06:35:19.843162175Z","level":"error"}
{"level":"error","message":"  mode: 'monitor',","timestamp":"2026-09-06T06:35:19.843165065Z"}
{"message":"  route: '/api/v2/events'","timestamp":"2026-09-06T06:35:19.843168965Z","level":"error"}
{"level":"error","message":"}","timestamp":"2026-09-06T06:35:19.843173285Z"}
{"message":"[ops] {","timestamp":"2026-09-06T06:35:19.845980059Z","level":"error"}
{"timestamp":"2026-09-06T06:35:19.845984629Z","level":"error","message":"  event: 'security.app_check_rejected',"}
{"message":"  ts: '2026-09-06T06:35:19.844Z',","level":"error","timestamp":"2026-09-06T06:35:19.845988759Z"}
{"timestamp":"2026-09-06T06:35:19.845992099Z","level":"error","message":"  reason: 'missing_token',"}
{"timestamp":"2026-09-06T06:35:19.845997119Z","message":"  mode: 'monitor',","level":"error"}
{"timestamp":"2026-09-06T06:35:19.846000509Z","level":"error","message":"  route: '/api/v2/agents/active'"}
{"message":"}","timestamp":"2026-09-06T06:35:19.846004179Z","level":"error"}
{"message":"[ops] {","timestamp":"2026-09-06T06:35:19.904737792Z","level":"info"}
{"timestamp":"2026-09-06T06:35:19.904746352Z","message":"  event: 'http_request',","level":"info"}
{"timestamp":"2026-09-06T06:35:19.904751602Z","message":"  ts: '2026-09-06T06:35:19.903Z',","level":"info"}
{"message":"  requestId: '515a55e9-06f3-47f9-ad98-0ae933fb286f',","level":"info","timestamp":"2026-09-06T06:35:19.904755192Z"}
{"level":"info","timestamp":"2026-09-06T06:35:19.904758722Z","message":"  method: 'GET',"}
{"timestamp":"2026-09-06T06:35:19.904762752Z","level":"info","message":"  route: '/api/v2/agents/active',"}
{"message":"  status: 200,","timestamp":"2026-09-06T06:35:19.904766792Z","level":"info"}
{"level":"info","timestamp":"2026-09-06T06:35:19.904770822Z","message":"  durationMs: 59"}
{"timestamp":"2026-09-06T06:35:19.904774661Z","message":"}","level":"info"}
{"message":"[ops] {","timestamp":"2026-09-06T06:35:20.230072941Z","level":"info"}
{"level":"info","message":"  event: 'http_request',","timestamp":"2026-09-06T06:35:20.230083001Z"}
{"timestamp":"2026-09-06T06:35:20.230088241Z","message":"  ts: '2026-09-06T06:35:20.227Z',","level":"info"}
{"timestamp":"2026-09-06T06:35:20.230096501Z","level":"info","message":"  requestId: 'fa173fb7-7e7d-4450-a1bb-4fab701b3347',"}
{"message":"  method: 'OPTIONS',","timestamp":"2026-09-06T06:35:20.230101021Z","level":"info"}
{"timestamp":"2026-09-06T06:35:20.230105491Z","message":"  route: '/api/v2/events',","level":"info"}
{"level":"info","message":"  status: 204,","timestamp":"2026-09-06T06:35:20.230110720Z"}
{"timestamp":"2026-09-06T06:35:20.230115740Z","level":"info","message":"  durationMs: 1"}
{"timestamp":"2026-09-06T06:35:20.230119110Z","level":"info","message":"}"}
{"level":"error","message":"[ops] {","timestamp":"2026-09-06T06:35:20.502555091Z"}
{"message":"  event: 'security.app_check_rejected',","level":"error","timestamp":"2026-09-06T06:35:20.502557731Z"}
{"message":"  ts: '2026-09-06T06:35:20.400Z',","timestamp":"2026-09-06T06:35:20.502560841Z","level":"error"}
{"level":"error","message":"  reason: 'missing_token',","timestamp":"2026-09-06T06:35:20.502564611Z"}
{"message":"  mode: 'monitor',","timestamp":"2026-09-06T06:35:20.502567621Z","level":"error"}
{"message":"  route: '/api/v2/events'","level":"error","timestamp":"2026-09-06T06:35:20.502570251Z"}
{"level":"error","timestamp":"2026-09-06T06:35:20.502572961Z","message":"}"}
{"message":"[ops] {","timestamp":"2026-09-06T06:35:20.502576361Z","level":"info"}
{"timestamp":"2026-09-06T06:35:20.502579161Z","message":"  event: 'http_request',","level":"info"}
{"message":"  ts: '2026-09-06T06:35:20.406Z',","timestamp":"2026-09-06T06:35:20.502582041Z","level":"info"}
{"level":"info","message":"  requestId: 'f1a655cf-acc4-4fdb-9174-8229b4edce8a',","timestamp":"2026-09-06T06:35:20.502586071Z"}
{"timestamp":"2026-09-06T06:35:20.502591150Z","level":"info","message":"  method: 'GET',"}
{"message":"  route: '/api/v2/events',","timestamp":"2026-09-06T06:35:20.502595990Z","level":"info"}
{"message":"  status: 200,","timestamp":"2026-09-06T06:35:20.502600400Z","level":"info"}
{"message":"  durationMs: 565","level":"info","timestamp":"2026-09-06T06:35:20.502604500Z"}
{"message":"}","timestamp":"2026-09-06T06:35:20.502608880Z","level":"info"}
{"timestamp":"2026-09-06T06:35:20.661439974Z","level":"info","message":"[ops] {"}
{"message":"  event: 'http_request',","level":"info","timestamp":"2026-09-06T06:35:20.661446634Z"}
{"level":"info","timestamp":"2026-09-06T06:35:20.661451674Z","message":"  ts: '2026-09-06T06:35:20.659Z',"}
{"message":"  requestId: '0d976ffb-1c00-48a8-8d41-271277007ea6',","level":"info","timestamp":"2026-09-06T06:35:20.661457704Z"}
{"timestamp":"2026-09-06T06:35:20.661463304Z","level":"info","message":"  method: 'OPTIONS',"}
{"message":"  route: '/api/v2/agents/active',","level":"info","timestamp":"2026-09-06T06:35:20.661467454Z"}
{"message":"  status: 204,","timestamp":"2026-09-06T06:35:20.661473674Z","level":"info"}
{"message":"  durationMs: 0","timestamp":"2026-09-06T06:35:20.661477124Z","level":"info"}
{"message":"}","timestamp":"2026-09-06T06:35:20.661481263Z","level":"info"}
{"level":"info","message":"[ops] {","timestamp":"2026-09-06T06:35:20.772116478Z"}
{"message":"  event: 'http_request',","timestamp":"2026-09-06T06:35:20.772119328Z","level":"info"}
{"message":"  ts: '2026-09-06T06:35:20.770Z',","level":"info","timestamp":"2026-09-06T06:35:20.772122938Z"}
{"timestamp":"2026-09-06T06:35:20.772125498Z","message":"  requestId: '148111e9-13b6-45e1-9f92-928005a47cfb',","level":"info"}
{"message":"  method: 'POST',","timestamp":"2026-09-06T06:35:20.772128278Z","level":"info"}
{"level":"info","timestamp":"2026-09-06T06:35:20.772131248Z","message":"  route: '/api/studio/mcp/session/ping',"}
{"timestamp":"2026-09-06T06:35:20.772133968Z","message":"  status: 200,","level":"info"}
{"message":"  durationMs: 275","timestamp":"2026-09-06T06:35:20.772136348Z","level":"info"}
{"message":"}","timestamp":"2026-09-06T06:35:20.772138908Z","level":"info"}
{"message":"  status: 200,","level":"info","timestamp":"2026-09-06T06:35:20.977602201Z"}
{"level":"info","timestamp":"2026-09-06T06:35:20.977639001Z","message":"[ops] {"}
{"level":"info","timestamp":"2026-09-06T06:35:20.977651651Z","message":"  event: 'http_request',"}
{"timestamp":"2026-09-06T06:35:20.977658301Z","level":"info","message":"  ts: '2026-09-06T06:35:20.968Z',"}
{"message":"  requestId: 'c3b3ee55-99df-4438-9f7e-e601017f8c50',","level":"info","timestamp":"2026-09-06T06:35:20.977667121Z"}
{"level":"info","timestamp":"2026-09-06T06:35:20.977672371Z","message":"  method: 'GET',"}
{"message":"  route: '/api/v2/events',","timestamp":"2026-09-06T06:35:20.977678220Z","level":"info"}
{"level":"info","message":"  durationMs: 568","timestamp":"2026-09-06T06:35:20.978076195Z"}
{"timestamp":"2026-09-06T06:35:20.978080915Z","message":"}","level":"info"}
{"message":"}","level":"error","timestamp":"2026-09-06T06:35:21.463156917Z"}
{"level":"error","message":"[ops] {","timestamp":"2026-09-06T06:35:21.463186936Z"}
{"level":"error","timestamp":"2026-09-06T06:35:21.463197346Z","message":"  event: 'security.app_check_rejected',"}
{"message":"  reason: 'missing_token',","timestamp":"2026-09-06T06:35:21.463201056Z","level":"error"}
{"timestamp":"2026-09-06T06:35:21.463205736Z","level":"error","message":"  ts: '2026-09-06T06:35:21.443Z',"}
{"level":"error","timestamp":"2026-09-06T06:35:21.463210596Z","message":"  mode: 'monitor',"}
{"message":"  route: '/api/v2/agents/active'","timestamp":"2026-09-06T06:35:21.463220206Z","level":"error"}
{"timestamp":"2026-09-06T06:35:21.505785547Z","message":"[ops] {","level":"info"}
{"level":"info","timestamp":"2026-09-06T06:35:21.505788977Z","message":"  event: 'http_request',"}
{"level":"info","timestamp":"2026-09-06T06:35:21.505791757Z","message":"  ts: '2026-09-06T06:35:21.504Z',"}
{"level":"info","message":"  requestId: '65d379d7-11ac-42de-918e-0eee703ca6a8',","timestamp":"2026-09-06T06:35:21.505794287Z"}
{"level":"info","message":"  method: 'GET',","timestamp":"2026-09-06T06:35:21.505797877Z"}
{"level":"info","message":"  route: '/api/v2/agents/active',","timestamp":"2026-09-06T06:35:21.505800077Z"}
{"timestamp":"2026-09-06T06:35:21.505802177Z","level":"info","message":"  status: 200,"}
{"timestamp":"2026-09-06T06:35:21.505804607Z","message":"  durationMs: 60","level":"info"}
{"timestamp":"2026-09-06T06:35:21.505807547Z","level":"info","message":"}"}
{"level":"info","message":"[ops] {","timestamp":"2026-09-06T06:35:22.148960351Z"}
{"timestamp":"2026-09-06T06:35:22.148968671Z","message":"  event: 'http_request',","level":"info"}
{"timestamp":"2026-09-06T06:35:22.148974531Z","level":"info","message":"  ts: '2026-09-06T06:35:22.147Z',"}
{"timestamp":"2026-09-06T06:35:22.148981091Z","message":"  requestId: '1cc96020-d5f9-4340-9703-aa5f766f0f51',","level":"info"}
{"timestamp":"2026-09-06T06:35:22.148985611Z","level":"info","message":"  method: 'OPTIONS',"}
{"timestamp":"2026-09-06T06:35:22.148990611Z","message":"  route: '/api/v2/events',","level":"info"}
{"timestamp":"2026-09-06T06:35:22.148995500Z","level":"info","message":"  status: 204,"}
{"message":"  durationMs: 0","timestamp":"2026-09-06T06:35:22.149001740Z","level":"info"}
{"level":"info","message":"}","timestamp":"2026-09-06T06:35:22.149007250Z"}
{"message":"}","level":"error","timestamp":"2026-09-06T06:35:22.462324704Z"}
{"message":"[ops] {","level":"error","timestamp":"2026-09-06T06:35:22.462414453Z"}
{"timestamp":"2026-09-06T06:35:22.462418083Z","message":"  event: 'security.app_check_rejected',","level":"error"}
{"timestamp":"2026-09-06T06:35:22.462421903Z","level":"error","message":"  ts: '2026-09-06T06:35:22.309Z',"}
{"message":"  reason: 'missing_token',","timestamp":"2026-09-06T06:35:22.462425833Z","level":"error"}
{"message":"  mode: 'monitor',","level":"error","timestamp":"2026-09-06T06:35:22.462429193Z"}
{"level":"error","message":"  route: '/api/v2/events'","timestamp":"2026-09-06T06:35:22.462433073Z"}
{"message":"[ops] {","timestamp":"2026-09-06T06:35:22.734793054Z","level":"info"}
{"timestamp":"2026-09-06T06:35:22.734799914Z","level":"info","message":"  event: 'http_request',"}
{"message":"  ts: '2026-09-06T06:35:22.728Z',","timestamp":"2026-09-06T06:35:22.734804984Z","level":"info"}
{"timestamp":"2026-09-06T06:35:22.734810334Z","message":"  requestId: '6a960131-d6b5-4f13-bff3-45f965f81bc7',","level":"info"}
{"timestamp":"2026-09-06T06:35:22.734815614Z","level":"info","message":"  method: 'OPTIONS',"}
{"timestamp":"2026-09-06T06:35:22.734820724Z","message":"  route: '/api/v2/events',","level":"info"}
{"level":"info","message":"  status: 204,","timestamp":"2026-09-06T06:35:22.734825734Z"}
{"level":"info","timestamp":"2026-09-06T06:35:22.734831954Z","message":"  durationMs: 0"}
{"message":"}","timestamp":"2026-09-06T06:35:22.734846533Z","level":"info"}
{"message":"[ops] {","timestamp":"2026-09-06T06:35:22.889875147Z","level":"error"}
{"message":"  event: 'security.app_check_rejected',","level":"error","timestamp":"2026-09-06T06:35:22.889882996Z"}
{"timestamp":"2026-09-06T06:35:22.889887886Z","level":"error","message":"  ts: '2026-09-06T06:35:22.888Z',"}
{"level":"error","timestamp":"2026-09-06T06:35:22.889892476Z","message":"  reason: 'missing_token',"}
{"timestamp":"2026-09-06T06:35:22.889897496Z","message":"  mode: 'monitor',","level":"error"}
{"message":"  route: '/api/v2/events'","timestamp":"2026-09-06T06:35:22.889902626Z","level":"error"}
{"message":"}","timestamp":"2026-09-06T06:35:22.889908416Z","level":"error"}
{"timestamp":"2026-09-06T06:35:22.917564310Z","level":"info","message":"[ops] {"}
{"level":"info","message":"  event: 'http_request',","timestamp":"2026-09-06T06:35:22.917574480Z"}
{"message":"  ts: '2026-09-06T06:35:22.901Z',","timestamp":"2026-09-06T06:35:22.917582620Z","level":"info"}
{"message":"  requestId: '4f703409-c6fe-45f1-a6aa-7aa6d9a3f886',","level":"info","timestamp":"2026-09-06T06:35:22.917586300Z"}
{"timestamp":"2026-09-06T06:35:22.917589780Z","level":"info","message":"  method: 'GET',"}
{"message":"  route: '/api/v2/events',","level":"info","timestamp":"2026-09-06T06:35:22.917595330Z"}
{"level":"info","message":"  status: 200,","timestamp":"2026-09-06T06:35:22.917599700Z"}
{"timestamp":"2026-09-06T06:35:22.917603600Z","message":"  durationMs: 592","level":"info"}
{"timestamp":"2026-09-06T06:35:22.917607349Z","level":"info","message":"}"}
{"level":"info","message":"  method: 'GET',","timestamp":"2026-09-06T06:35:23.542723856Z"}
{"timestamp":"2026-09-06T06:35:23.542775126Z","level":"info","message":"[ops] {"}
{"level":"info","timestamp":"2026-09-06T06:35:23.542779536Z","message":"  event: 'http_request',"}
{"message":"  ts: '2026-09-06T06:35:23.462Z',","level":"info","timestamp":"2026-09-06T06:35:23.542783766Z"}
{"timestamp":"2026-09-06T06:35:23.542789286Z","level":"info","message":"  requestId: '5e8170de-cd22-49fe-b923-1bd61501a43e',"}
{"message":"  route: '/api/v2/events',","level":"info","timestamp":"2026-09-06T06:35:23.542810775Z"}
{"message":"  status: 200,","timestamp":"2026-09-06T06:35:23.542815545Z","level":"info"}
{"level":"info","timestamp":"2026-09-06T06:35:23.542820095Z","message":"  durationMs: 574"}
{"level":"info","message":"}","timestamp":"2026-09-06T06:35:23.542824725Z"}
{"timestamp":"2026-09-06T06:35:24.641458512Z","level":"info","message":"[ops] {"}
{"level":"info","message":"  event: 'http_request',","timestamp":"2026-09-06T06:35:24.641461872Z"}
{"timestamp":"2026-09-06T06:35:24.641464532Z","message":"  ts: '2026-09-06T06:35:24.640Z',","level":"info"}
{"message":"  requestId: 'accd5391-1a4d-4a4d-91aa-8bb6c5653b4b',","timestamp":"2026-09-06T06:35:24.641467422Z","level":"info"}
{"message":"  method: 'OPTIONS',","timestamp":"2026-09-06T06:35:24.641470332Z","level":"info"}
{"message":"  route: '/api/v2/events',","timestamp":"2026-09-06T06:35:24.641473282Z","level":"info"}
{"timestamp":"2026-09-06T06:35:24.641476012Z","level":"info","message":"  status: 204,"}
{"timestamp":"2026-09-06T06:35:24.641478742Z","level":"info","message":"  durationMs: 0"}
{"message":"}","timestamp":"2026-09-06T06:35:24.641481382Z","level":"info"}
{"message":"[ops] {","level":"error","timestamp":"2026-09-06T06:35:24.815381072Z"}
{"timestamp":"2026-09-06T06:35:24.815386112Z","message":"  event: 'security.app_check_rejected',","level":"error"}
{"message":"  ts: '2026-09-06T06:35:24.811Z',","timestamp":"2026-09-06T06:35:24.815391332Z","level":"error"}
{"message":"  reason: 'missing_token',","level":"error","timestamp":"2026-09-06T06:35:24.815395582Z"}
{"level":"error","message":"  mode: 'monitor',","timestamp":"2026-09-06T06:35:24.815400072Z"}
{"message":"  route: '/api/v2/events'","level":"error","timestamp":"2026-09-06T06:35:24.815404212Z"}
{"timestamp":"2026-09-06T06:35:24.815407972Z","level":"error","message":"}"}
{"message":"","writesPerStudioSessionHour":2,"counter":"studio_session","total":2,"type":"firestore_write_metric","count":1,"jobId":null,"timestamp":"2026-09-06T06:35:25.223548034Z","ts":1788676525221,"sessionId":"MLq8J3mhz56J6BRsAeQe","level":"info"}
{"timestamp":"2026-09-06T06:35:25.234210227Z","level":"info","message":"[ops] {"}
{"timestamp":"2026-09-06T06:35:25.234213957Z","message":"  event: 'http_request',","level":"info"}
{"level":"info","message":"  ts: '2026-09-06T06:35:25.233Z',","timestamp":"2026-09-06T06:35:25.234216577Z"}
{"timestamp":"2026-09-06T06:35:25.234219166Z","message":"  requestId: '341f2b3d-1930-4a6a-a332-bfd0060dac30',","level":"info"}
{"message":"  method: 'OPTIONS',","level":"info","timestamp":"2026-09-06T06:35:25.234221876Z"}
{"message":"  route: '/api/v2/events',","timestamp":"2026-09-06T06:35:25.234224426Z","level":"info"}
{"timestamp":"2026-09-06T06:35:25.234226896Z","level":"info","message":"  status: 204,"}
{"message":"  durationMs: 0","timestamp":"2026-09-06T06:35:25.234229626Z","level":"info"}
{"timestamp":"2026-09-06T06:35:25.234232396Z","level":"info","message":"}"}
{"message":"  event: 'security.app_check_rejected',","timestamp":"2026-09-06T06:35:25.580248759Z","level":"error"}
{"timestamp":"2026-09-06T06:35:25.580256259Z","level":"error","message":"  ts: '2026-09-06T06:35:25.417Z',"}
{"message":"  reason: 'missing_token',","timestamp":"2026-09-06T06:35:25.580260459Z","level":"error"}
{"timestamp":"2026-09-06T06:35:25.580263839Z","level":"error","message":"  mode: 'monitor',"}
{"message":"  route: '/api/v2/events'","timestamp":"2026-09-06T06:35:25.580266859Z","level":"error"}
{"timestamp":"2026-09-06T06:35:25.580270859Z","message":"}","level":"error"}
{"level":"info","message":"[ops] {","timestamp":"2026-09-06T06:35:25.580274309Z"}
{"level":"info","message":"  event: 'http_request',","timestamp":"2026-09-06T06:35:25.580278329Z"}
{"level":"info","message":"  ts: '2026-09-06T06:35:25.419Z',","timestamp":"2026-09-06T06:35:25.580281379Z"}
{"level":"info","timestamp":"2026-09-06T06:35:25.580285869Z","message":"  requestId: '582137af-578c-4af9-add1-39c61873b15a',"}
{"level":"error","message":"[ops] {","timestamp":"2026-09-06T06:35:25.580311738Z"}
{"timestamp":"2026-09-06T06:35:25.580379227Z","message":"  method: 'GET',","level":"info"}
{"timestamp":"2026-09-06T06:35:25.580384177Z","message":"  route: '/api/v2/events',","level":"info"}
{"level":"info","timestamp":"2026-09-06T06:35:25.580387367Z","message":"  status: 200,"}
{"message":"  durationMs: 608","timestamp":"2026-09-06T06:35:25.580390117Z","level":"info"}
{"message":"}","timestamp":"2026-09-06T06:35:25.580392957Z","level":"info"}
{"message":"[ops] {","timestamp":"2026-09-06T06:35:25.580395587Z","level":"info"}
{"message":"  event: 'studio.plugin_compatibility_handshake',","timestamp":"2026-09-06T06:35:25.580403067Z","level":"info"}
{"timestamp":"2026-09-06T06:35:25.580406277Z","level":"info","message":"  ts: '2026-09-06T06:35:25.483Z',"}
{"message":"  requestId: '94e3b5ac-eb90-4c3c-b1f5-7010f8f8ccce',","level":"info","timestamp":"2026-09-06T06:35:25.580409207Z"}
{"level":"info","message":"  sessionId: 'MLq8J3mhz56J6BRsAeQe',","timestamp":"2026-09-06T06:35:25.580412447Z"}
{"message":"  userId: '0VSQotqOXxPXBLeQu1gUNkXELWH3',","level":"info","timestamp":"2026-09-06T06:35:25.580415777Z"}
{"timestamp":"2026-09-06T06:35:25.580419137Z","message":"  status: 'compatible',","level":"info"}
{"level":"info","message":"  reasonCodes: [],","timestamp":"2026-09-06T06:35:25.580422247Z"}
{"message":"  buildId: 'nexusrbx-studio-0.14.0-r15-animation.12-toolbox',","timestamp":"2026-09-06T06:35:25.580425147Z","level":"info"}
{"level":"info","timestamp":"2026-09-06T06:35:25.580427727Z","message":"  attestationWritten: false,"}
{"timestamp":"2026-09-06T06:35:25.580431017Z","message":"  repairDurationMs: 610","level":"info"}
{"level":"info","timestamp":"2026-09-06T06:35:25.580434117Z","message":"}"}
{"timestamp":"2026-09-06T06:35:25.580437567Z","level":"info","message":"[ops] {"}
{"message":"  event: 'http_request',","timestamp":"2026-09-06T06:35:25.580440577Z","level":"info"}
{"level":"info","timestamp":"2026-09-06T06:35:25.581176127Z","message":"  ts: '2026-09-06T06:35:25.484Z',"}
{"timestamp":"2026-09-06T06:35:25.581180997Z","message":"  requestId: '94e3b5ac-eb90-4c3c-b1f5-7010f8f8ccce',","level":"info"}
{"message":"  method: 'POST',","timestamp":"2026-09-06T06:35:25.581186257Z","level":"info"}
{"level":"info","timestamp":"2026-09-06T06:35:25.581190927Z","message":"  route: '/api/studio/session/ping',"}
{"message":"  status: 200,","level":"info","timestamp":"2026-09-06T06:35:25.581195497Z"}
{"timestamp":"2026-09-06T06:35:25.581200277Z","level":"info","message":"  durationMs: 669"}
{"timestamp":"2026-09-06T06:35:25.581205657Z","message":"}","level":"info"}
{"timestamp":"2026-09-06T06:35:25.990940757Z","level":"info","message":"[ops] {"}
{"timestamp":"2026-09-06T06:35:25.990945527Z","message":"  event: 'http_request',","level":"info"}
{"message":"  ts: '2026-09-06T06:35:25.988Z',","level":"info","timestamp":"2026-09-06T06:35:25.990948537Z"}
{"level":"info","timestamp":"2026-09-06T06:35:25.990951827Z","message":"  requestId: '4e9e6f58-d15b-411d-9850-daa060aeec4d',"}
{"timestamp":"2026-09-06T06:35:25.990955227Z","level":"info","message":"  method: 'GET',"}
{"level":"info","message":"  route: '/api/v2/events',","timestamp":"2026-09-06T06:35:25.990958047Z"}
{"timestamp":"2026-09-06T06:35:25.990961507Z","message":"  status: 200,","level":"info"}
{"timestamp":"2026-09-06T06:35:25.990964557Z","level":"info","message":"  durationMs: 571"}
{"message":"}","timestamp":"2026-09-06T06:35:25.990967597Z","level":"info"}
{"message":"[ops] {","level":"info","timestamp":"2026-09-06T06:35:27.148741292Z"}
{"timestamp":"2026-09-06T06:35:27.148748902Z","level":"info","message":"  event: 'http_request',"}
{"message":"  ts: '2026-09-06T06:35:27.147Z',","timestamp":"2026-09-06T06:35:27.148753942Z","level":"info"}
{"message":"  requestId: 'fc5f14b9-32b8-408f-9771-de2899ddaf6f',","timestamp":"2026-09-06T06:35:27.148758052Z","level":"info"}
{"level":"info","message":"  method: 'OPTIONS',","timestamp":"2026-09-06T06:35:27.148761882Z"}
{"message":"  route: '/api/v2/events',","timestamp":"2026-09-06T06:35:27.148766032Z","level":"info"}
{"timestamp":"2026-09-06T06:35:27.148769912Z","message":"  status: 204,","level":"info"}
{"message":"  durationMs: 0","level":"info","timestamp":"2026-09-06T06:35:27.148787702Z"}
{"level":"info","message":"}","timestamp":"2026-09-06T06:35:27.148790952Z"}
{"timestamp":"2026-09-06T06:35:27.485946668Z","message":"[ops] {","level":"error"}
{"timestamp":"2026-09-06T06:35:27.485949848Z","level":"error","message":"  event: 'security.app_check_rejected',"}
{"message":"  ts: '2026-09-06T06:35:27.326Z',","timestamp":"2026-09-06T06:35:27.485953468Z","level":"error"}
{"timestamp":"2026-09-06T06:35:27.485957328Z","level":"error","message":"  reason: 'missing_token',"}
{"timestamp":"2026-09-06T06:35:27.485960958Z","message":"  mode: 'monitor',","level":"error"}
{"message":"  route: '/api/v2/events'","timestamp":"2026-09-06T06:35:27.485964918Z","level":"error"}
{"level":"error","message":"}","timestamp":"2026-09-06T06:35:27.485968108Z"}
{"level":"info","timestamp":"2026-09-06T06:35:27.674927764Z","message":"  ts: '2026-09-06T06:35:27.668Z',"}
{"level":"info","message":"  requestId: '0ccd7c25-dfba-40fa-99fb-2de18d3eaa03',","timestamp":"2026-09-06T06:35:27.674936644Z"}
{"message":"  method: 'OPTIONS',","timestamp":"2026-09-06T06:35:27.674942094Z","level":"info"}
{"timestamp":"2026-09-06T06:35:27.674946344Z","message":"  route: '/api/studio/status',","level":"info"}
{"level":"info","message":"  status: 204,","timestamp":"2026-09-06T06:35:27.674950564Z"}
{"timestamp":"2026-09-06T06:35:27.674955053Z","message":"  durationMs: 0","level":"info"}
{"message":"}","timestamp":"2026-09-06T06:35:27.674960113Z","level":"info"}
{"message":"[ops] {","timestamp":"2026-09-06T06:35:27.674962883Z","level":"info"}
{"level":"info","message":"  event: 'http_request',","timestamp":"2026-09-06T06:35:27.674967383Z"}
{"message":"  ts: '2026-09-06T06:35:27.667Z',","timestamp":"2026-09-06T06:35:27.674971503Z","level":"info"}
{"level":"info","message":"  requestId: '58234cf3-912f-42de-b63b-9170bb14369c',","timestamp":"2026-09-06T06:35:27.674975683Z"}
{"message":"  method: 'OPTIONS',","timestamp":"2026-09-06T06:35:27.674979793Z","level":"info"}
{"message":"  route: '/api/studio/mcp/status',","timestamp":"2026-09-06T06:35:27.674983893Z","level":"info"}
{"message":"  status: 204,","level":"info","timestamp":"2026-09-06T06:35:27.674988323Z"}
{"message":"  durationMs: 0","timestamp":"2026-09-06T06:35:27.674993353Z","level":"info"}
{"timestamp":"2026-09-06T06:35:27.674997403Z","level":"info","message":"}"}
{"timestamp":"2026-09-06T06:35:27.675001833Z","level":"info","message":"[ops] {"}
{"timestamp":"2026-09-06T06:35:27.675006503Z","message":"  event: 'http_request',","level":"info"}
{"message":"[ops] {","timestamp":"2026-09-06T06:35:27.715764788Z","level":"info"}
{"level":"info","message":"  event: 'http_request',","timestamp":"2026-09-06T06:35:27.715773297Z"}
{"timestamp":"2026-09-06T06:35:27.715779137Z","message":"  ts: '2026-09-06T06:35:27.714Z',","level":"info"}
{"message":"  requestId: '5e80a06f-b583-4b84-8368-d5ae0e5d4f9d',","timestamp":"2026-09-06T06:35:27.715784307Z","level":"info"}
{"timestamp":"2026-09-06T06:35:27.715789777Z","message":"  method: 'OPTIONS',","level":"info"}
{"level":"info","message":"  route: '/api/v2/events',","timestamp":"2026-09-06T06:35:27.715794927Z"}
{"message":"  status: 204,","level":"info","timestamp":"2026-09-06T06:35:27.715809567Z"}
{"timestamp":"2026-09-06T06:35:27.715814167Z","message":"  durationMs: 0","level":"info"}
{"level":"info","message":"}","timestamp":"2026-09-06T06:35:27.715819887Z"}
{"message":"[ops] {","timestamp":"2026-09-06T06:35:27.833681229Z","level":"error"}
{"level":"error","timestamp":"2026-09-06T06:35:27.833687939Z","message":"  event: 'security.app_check_rejected',"}
{"level":"error","timestamp":"2026-09-06T06:35:27.833692059Z","message":"  ts: '2026-09-06T06:35:27.832Z',"}
{"timestamp":"2026-09-06T06:35:27.833696099Z","message":"  reason: 'missing_token',","level":"error"}
{"level":"error","message":"  mode: 'monitor',","timestamp":"2026-09-06T06:35:27.833700079Z"}
{"message":"  route: '/api/studio/mcp/status'","level":"error","timestamp":"2026-09-06T06:35:27.833704429Z"}
{"message":"}","timestamp":"2026-09-06T06:35:27.833708339Z","level":"error"}
{"timestamp":"2026-09-06T06:35:27.840282263Z","level":"error","message":"[ops] {"}
{"message":"  event: 'security.app_check_rejected',","timestamp":"2026-09-06T06:35:27.840289573Z","level":"error"}
{"timestamp":"2026-09-06T06:35:27.840294723Z","message":"  ts: '2026-09-06T06:35:27.838Z',","level":"error"}
{"message":"  reason: 'missing_token',","timestamp":"2026-09-06T06:35:27.840299663Z","level":"error"}
{"message":"  mode: 'monitor',","timestamp":"2026-09-06T06:35:27.840305463Z","level":"error"}
{"message":"  route: '/api/studio/status'","timestamp":"2026-09-06T06:35:27.840309983Z","level":"error"}
{"message":"}","timestamp":"2026-09-06T06:35:27.840314383Z","level":"error"}
{"message":"[ops] {","timestamp":"2026-09-06T06:35:27.887668103Z","level":"error"}
{"level":"error","timestamp":"2026-09-06T06:35:27.887671693Z","message":"  event: 'security.app_check_rejected',"}
{"message":"  ts: '2026-09-06T06:35:27.883Z',","level":"error","timestamp":"2026-09-06T06:35:27.887674863Z"}
{"message":"  reason: 'missing_token',","timestamp":"2026-09-06T06:35:27.887678433Z","level":"error"}
{"timestamp":"2026-09-06T06:35:27.887682243Z","level":"error","message":"  mode: 'monitor',"}
{"message":"  route: '/api/v2/events'","timestamp":"2026-09-06T06:35:27.887685403Z","level":"error"}
{"level":"error","message":"}","timestamp":"2026-09-06T06:35:27.887688743Z"}
{"message":"[ops] {","level":"info","timestamp":"2026-09-06T06:35:27.986542979Z"}
{"level":"info","timestamp":"2026-09-06T06:35:27.986550329Z","message":"  event: 'http_request',"}
{"timestamp":"2026-09-06T06:35:27.986555489Z","message":"  ts: '2026-09-06T06:35:27.985Z',","level":"info"}
{"level":"info","timestamp":"2026-09-06T06:35:27.986559749Z","message":"  requestId: '55ff8532-2d73-46d7-be09-d1129fea0015',"}
{"timestamp":"2026-09-06T06:35:27.986564349Z","level":"info","message":"  method: 'GET',"}
{"message":"  route: '/api/v2/events',","timestamp":"2026-09-06T06:35:27.986569669Z","level":"info"}
{"level":"info","message":"  status: 200,","timestamp":"2026-09-06T06:35:27.986574339Z"}
{"message":"  durationMs: 660","timestamp":"2026-09-06T06:35:27.986578309Z","level":"info"}
{"timestamp":"2026-09-06T06:35:27.986583719Z","message":"}","level":"info"}
{"level":"info","timestamp":"2026-09-06T06:35:28.094689426Z","message":"[ops] {"}
{"message":"  event: 'http_request',","timestamp":"2026-09-06T06:35:28.094697116Z","level":"info"}
{"timestamp":"2026-09-06T06:35:28.094701666Z","message":"  ts: '2026-09-06T06:35:28.087Z',","level":"info"}
{"message":"  requestId: '0b8b09cf-6a5c-4607-a19e-66787851e984',","timestamp":"2026-09-06T06:35:28.094705526Z","level":"info"}
{"level":"info","message":"  method: 'GET',","timestamp":"2026-09-06T06:35:28.094709486Z"}
{"timestamp":"2026-09-06T06:35:28.094714936Z","message":"  route: '/api/studio/mcp/status',","level":"info"}
{"level":"info","message":"  status: 200,","timestamp":"2026-09-06T06:35:28.094718896Z"}
{"level":"info","timestamp":"2026-09-06T06:35:28.094722056Z","message":"  durationMs: 256"}
{"timestamp":"2026-09-06T06:35:28.094725016Z","message":"}","level":"info"}
{"timestamp":"2026-09-06T06:35:28.540549842Z","message":"  method: 'GET',","level":"info"}
{"message":"  route: '/api/studio/status',","timestamp":"2026-09-06T06:35:28.540563272Z","level":"info"}
{"message":"  status: 200,","timestamp":"2026-09-06T06:35:28.540570812Z","level":"info"}
{"level":"info","message":"  durationMs: 495","timestamp":"2026-09-06T06:35:28.540576302Z"}
{"level":"info","message":"}","timestamp":"2026-09-06T06:35:28.540581612Z"}
{"timestamp":"2026-09-06T06:35:28.540587172Z","level":"info","message":"[ops] {"}
{"message":"  event: 'http_request',","timestamp":"2026-09-06T06:35:28.540592472Z","level":"info"}
{"level":"info","timestamp":"2026-09-06T06:35:28.540598872Z","message":"  ts: '2026-09-06T06:35:28.529Z',"}
{"level":"info","timestamp":"2026-09-06T06:35:28.540604392Z","message":"  requestId: '842ab329-9d05-4260-a11a-ab7ebb3e1220',"}
{"timestamp":"2026-09-06T06:35:28.540612762Z","level":"info","message":"  method: 'GET',"}
{"timestamp":"2026-09-06T06:35:28.540617462Z","message":"  route: '/api/v2/events',","level":"info"}
{"message":"  status: 200,","timestamp":"2026-09-06T06:35:28.540621942Z","level":"info"}
{"message":"  durationMs: 645","timestamp":"2026-09-06T06:35:28.540627871Z","level":"info"}
{"message":"}","level":"info","timestamp":"2026-09-06T06:35:28.540632051Z"}
{"timestamp":"2026-09-06T06:35:28.540777730Z","message":"[ops] {","level":"info"}
{"level":"info","message":"  event: 'http_request',","timestamp":"2026-09-06T06:35:28.540780709Z"}
{"timestamp":"2026-09-06T06:35:28.540783769Z","message":"  ts: '2026-09-06T06:35:28.333Z',","level":"info"}
{"level":"info","message":"  requestId: '73754207-e395-4233-b2dd-4929b2cc963f',","timestamp":"2026-09-06T06:35:28.540786399Z"}
{"message":"[ops] {","timestamp":"2026-09-06T06:35:29.642353448Z","level":"info"}
{"timestamp":"2026-09-06T06:35:29.642358268Z","level":"info","message":"  event: 'http_request',"}
{"level":"info","timestamp":"2026-09-06T06:35:29.642362888Z","message":"  ts: '2026-09-06T06:35:29.640Z',"}
{"timestamp":"2026-09-06T06:35:29.642367028Z","level":"info","message":"  requestId: '55ab98c0-2400-49b7-9a53-3270fc742c0b',"}
{"message":"  method: 'OPTIONS',","level":"info","timestamp":"2026-09-06T06:35:29.642370758Z"}
{"level":"info","timestamp":"2026-09-06T06:35:29.642376648Z","message":"  route: '/api/v2/events',"}
{"message":"  status: 204,","timestamp":"2026-09-06T06:35:29.642380318Z","level":"info"}
{"message":"  durationMs: 0","timestamp":"2026-09-06T06:35:29.642384137Z","level":"info"}
{"level":"info","timestamp":"2026-09-06T06:35:29.642466576Z","message":"}"}
{"timestamp":"2026-09-06T06:35:29.642473606Z","level":"info","message":"[ops] {"}
{"timestamp":"2026-09-06T06:35:29.642477836Z","message":"  event: 'http_request',","level":"info"}
{"timestamp":"2026-09-06T06:35:29.642482046Z","message":"  ts: '2026-09-06T06:35:29.641Z',","level":"info"}
{"timestamp":"2026-09-06T06:35:29.642486026Z","level":"info","message":"  requestId: '115a81b1-67f7-495d-8d23-02372e14afb2',"}
{"timestamp":"2026-09-06T06:35:29.642490026Z","level":"info","message":"  method: 'OPTIONS',"}
{"timestamp":"2026-09-06T06:35:29.642493786Z","message":"  route: '/api/v2/agents/active',","level":"info"}
{"timestamp":"2026-09-06T06:35:29.642497346Z","message":"  status: 204,","level":"info"}
{"message":"  durationMs: 0","timestamp":"2026-09-06T06:35:29.642501206Z","level":"info"}
{"level":"info","message":"}","timestamp":"2026-09-06T06:35:29.642505316Z"}
{"message":"[ops] {","timestamp":"2026-09-06T06:35:29.822180801Z","level":"error"}
{"timestamp":"2026-09-06T06:35:29.822184561Z","level":"error","message":"  event: 'security.app_check_rejected',"}
{"timestamp":"2026-09-06T06:35:29.822187531Z","message":"  mode: 'monitor',","level":"error"}
{"level":"error","timestamp":"2026-09-06T06:35:29.822190051Z","message":"  ts: '2026-09-06T06:35:29.820Z',"}
{"message":"  route: '/api/v2/agents/active'","timestamp":"2026-09-06T06:35:29.822192871Z","level":"error"}
{"timestamp":"2026-09-06T06:35:29.822194631Z","level":"error","message":"  reason: 'missing_token',"}
{"message":"}","level":"error","timestamp":"2026-09-06T06:35:29.822197121Z"}
{"level":"error","timestamp":"2026-09-06T06:35:29.822201751Z","message":"[ops] {"}
{"message":"  event: 'security.app_check_rejected',","timestamp":"2026-09-06T06:35:29.822205851Z","level":"error"}
{"message":"  ts: '2026-09-06T06:35:29.821Z',","timestamp":"2026-09-06T06:35:29.822209831Z","level":"error"}
{"timestamp":"2026-09-06T06:35:29.822212911Z","level":"error","message":"  reason: 'missing_token',"}
{"timestamp":"2026-09-06T06:35:29.822216361Z","message":"  mode: 'monitor',","level":"error"}
{"message":"  route: '/api/v2/events'","timestamp":"2026-09-06T06:35:29.822220331Z","level":"error"}
{"level":"error","message":"}","timestamp":"2026-09-06T06:35:29.822223971Z"}
{"level":"info","message":"[ops] {","timestamp":"2026-09-06T06:35:29.875997498Z"}
{"message":"  event: 'http_request',","timestamp":"2026-09-06T06:35:29.876003788Z","level":"info"}
{"timestamp":"2026-09-06T06:35:29.876007988Z","message":"  ts: '2026-09-06T06:35:29.875Z',","level":"info"}
{"timestamp":"2026-09-06T06:35:29.876011658Z","message":"  requestId: 'ac87b8c1-7307-4908-a77f-2954163c6db4',","level":"info"}
{"timestamp":"2026-09-06T06:35:29.876014918Z","level":"info","message":"  method: 'GET',"}
{"message":"  route: '/api/v2/agents/active',","timestamp":"2026-09-06T06:35:29.876018608Z","level":"info"}
{"timestamp":"2026-09-06T06:35:29.876021768Z","level":"info","message":"  status: 200,"}
{"message":"  durationMs: 63","level":"info","timestamp":"2026-09-06T06:35:29.876025317Z"}
{"message":"}","level":"info","timestamp":"2026-09-06T06:35:29.876028617Z"}
{"message":"[ops] {","level":"info","timestamp":"2026-09-06T06:35:30.216054767Z"}
{"message":"  event: 'http_request',","level":"info","timestamp":"2026-09-06T06:35:30.216062157Z"}
{"message":"  ts: '2026-09-06T06:35:30.214Z',","timestamp":"2026-09-06T06:35:30.216068857Z","level":"info"}
{"message":"  requestId: '2d4caccc-99f0-40b6-b35a-2897055f0e7f',","level":"info","timestamp":"2026-09-06T06:35:30.216074027Z"}
{"timestamp":"2026-09-06T06:35:30.216080317Z","level":"info","message":"  method: 'OPTIONS',"}
{"message":"  route: '/api/v2/agents/active',","timestamp":"2026-09-06T06:35:30.216085617Z","level":"info"}
{"timestamp":"2026-09-06T06:35:30.216090747Z","level":"info","message":"  status: 204,"}
{"timestamp":"2026-09-06T06:35:30.216096447Z","message":"  durationMs: 0","level":"info"}
{"timestamp":"2026-09-06T06:35:30.216101657Z","message":"}","level":"info"}
{"level":"info","message":"[ops] {","timestamp":"2026-09-06T06:35:30.221371149Z"}
{"level":"info","message":"  event: 'http_request',","timestamp":"2026-09-06T06:35:30.221376789Z"}
{"message":"  ts: '2026-09-06T06:35:30.220Z',","level":"info","timestamp":"2026-09-06T06:35:30.221381909Z"}
{"message":"  requestId: 'c98075ab-c659-4c7d-8f1f-ab59bd45fc87',","timestamp":"2026-09-06T06:35:30.221385389Z","level":"info"}
{"level":"info","message":"  method: 'OPTIONS',","timestamp":"2026-09-06T06:35:30.221388829Z"}
{"level":"info","message":"  route: '/api/v2/events',","timestamp":"2026-09-06T06:35:30.221392099Z"}
{"timestamp":"2026-09-06T06:35:30.221396059Z","level":"info","message":"  status: 204,"}
{"message":"  durationMs: 0","level":"info","timestamp":"2026-09-06T06:35:30.221399828Z"}
{"message":"}","level":"info","timestamp":"2026-09-06T06:35:30.221403048Z"}
{"message":"  durationMs: 552","level":"info","timestamp":"2026-09-06T06:35:30.541204748Z"}
{"timestamp":"2026-09-06T06:35:30.541205118Z","message":"  route: '/api/v2/agents/active',","level":"info"}
{"message":"  status: 200,","timestamp":"2026-09-06T06:35:30.541218068Z","level":"info"}
{"level":"info","message":"}","timestamp":"2026-09-06T06:35:30.541221828Z"}
{"timestamp":"2026-09-06T06:35:30.541228488Z","message":"[ops] {","level":"error"}
{"message":"  route: '/api/v2/events'","timestamp":"2026-09-06T06:35:30.541228528Z","level":"error"}
{"timestamp":"2026-09-06T06:35:30.541229018Z","level":"info","message":"  durationMs: 64"}
{"message":"[ops] {","timestamp":"2026-09-06T06:35:30.541231348Z","level":"error"}
{"message":"  event: 'security.app_check_rejected',","timestamp":"2026-09-06T06:35:30.541237448Z","level":"error"}
{"level":"error","message":"  ts: '2026-09-06T06:35:30.373Z',","timestamp":"2026-09-06T06:35:30.541244248Z"}
{"message":"}","timestamp":"2026-09-06T06:35:30.541247278Z","level":"error"}
{"message":"  event: 'security.app_check_rejected',","timestamp":"2026-09-06T06:35:30.541247828Z","level":"error"}
{"level":"info","timestamp":"2026-09-06T06:35:30.541256428Z","message":"[ops] {"}
{"message":"  reason: 'missing_token',","timestamp":"2026-09-06T06:35:30.541257998Z","level":"error"}
{"timestamp":"2026-09-06T06:35:30.541260367Z","message":"  ts: '2026-09-06T06:35:30.386Z',","level":"error"}
{"level":"info","message":"  event: 'http_request',","timestamp":"2026-09-06T06:35:30.541264627Z"}
{"message":"  mode: 'monitor',","level":"error","timestamp":"2026-09-06T06:35:30.541268507Z"}
{"level":"error","message":"  reason: 'missing_token',","timestamp":"2026-09-06T06:35:30.541271017Z"}
{"timestamp":"2026-09-06T06:35:30.541274607Z","message":"  ts: '2026-09-06T06:35:30.437Z',","level":"info"}
{"message":"  route: '/api/v2/agents/active'","timestamp":"2026-09-06T06:35:30.541278237Z","level":"error"}
{"message":"  mode: 'monitor',","timestamp":"2026-09-06T06:35:30.541281557Z","level":"error"}
{"message":"[ops] {","level":"info","timestamp":"2026-09-06T06:35:30.541283467Z"}
{"timestamp":"2026-09-06T06:35:30.541285997Z","message":"  requestId: 'c4ff3b6c-5639-447d-82a8-9b605cf7c4c1',","level":"info"}
{"message":"}","level":"error","timestamp":"2026-09-06T06:35:30.541289657Z"}
{"message":"  event: 'http_request',","timestamp":"2026-09-06T06:35:30.541293907Z","level":"info"}
{"message":"  method: 'GET',","level":"info","timestamp":"2026-09-06T06:35:30.541297017Z"}
{"message":"  ts: '2026-09-06T06:35:30.373Z',","timestamp":"2026-09-06T06:35:30.541302277Z","level":"info"}
{"message":"  requestId: 'cbf61c12-6a89-41b1-ae05-d553d1a6f3a8',","level":"info","timestamp":"2026-09-06T06:35:30.541308127Z"}
{"timestamp":"2026-09-06T06:35:30.541312737Z","level":"info","message":"  method: 'GET',"}
{"level":"info","message":"  route: '/api/v2/events',","timestamp":"2026-09-06T06:35:30.541316977Z"}
{"message":"  status: 200,","timestamp":"2026-09-06T06:35:30.541321357Z","level":"info"}
{"message":"}","timestamp":"2026-09-06T06:35:30.541561874Z","level":"info"}
{"message":"[ops] {","level":"info","timestamp":"2026-09-06T06:35:30.921422520Z"}
{"level":"info","message":"  event: 'http_request',","timestamp":"2026-09-06T06:35:30.921430290Z"}
{"level":"info","message":"  ts: '2026-09-06T06:35:30.920Z',","timestamp":"2026-09-06T06:35:30.921435540Z"}
{"level":"info","message":"  requestId: 'f3e231aa-9923-4601-971d-33ab37ed8eb4',","timestamp":"2026-09-06T06:35:30.921440000Z"}
{"message":"  method: 'GET',","level":"info","timestamp":"2026-09-06T06:35:30.921444510Z"}
{"message":"  route: '/api/v2/events',","timestamp":"2026-09-06T06:35:30.921449180Z","level":"info"}
{"timestamp":"2026-09-06T06:35:30.921453900Z","level":"info","message":"  status: 200,"}
{"level":"info","message":"  durationMs: 534","timestamp":"2026-09-06T06:35:30.921458980Z"}
{"level":"info","message":"}","timestamp":"2026-09-06T06:35:30.921463680Z"}
{"timestamp":"2026-09-06T06:35:31.921726174Z","model":"google/gemini-2.5-flash","requestId":"3e6757e9-8e66-47aa-8819-d3a2e431cdeb:schema-repair","requestType":"workflow_orchestration_schema_repair","event":"workflow.model_response","message":"","level":"info","codeFenced":true,"outputTokens":6512,"outputChars":20443}
{"timestamp":"2026-09-06T06:35:31.921730604Z","level":"error","message":"[Workflow] planner schema repair failed {"}
{"message":"  requestId: '3e6757e9-8e66-47aa-8819-d3a2e431cdeb',","timestamp":"2026-09-06T06:35:31.921734714Z","level":"error"}
{"message":"  validationErrors: [ 'output must be complete valid JSON' ]","timestamp":"2026-09-06T06:35:31.921738724Z","level":"error"}
{"timestamp":"2026-09-06T06:35:31.921742524Z","message":"}","level":"error"}
{"timestamp":"2026-09-06T06:35:32.063544487Z","level":"error","message":"  status: 502,"}
{"timestamp":"2026-09-06T06:35:32.063550167Z","message":"  durationMs: 115763","level":"error"}
{"message":"}","timestamp":"2026-09-06T06:35:32.063554147Z","level":"error"}
{"message":"[ops] {","timestamp":"2026-09-06T06:35:32.063581717Z","level":"error"}
{"timestamp":"2026-09-06T06:35:32.063584856Z","message":"  event: 'http_request',","level":"error"}
{"timestamp":"2026-09-06T06:35:32.063587896Z","level":"error","message":"  ts: '2026-09-06T06:35:32.060Z',"}
{"message":"  requestId: 'ed8a1f28-0541-47f9-ae12-68a8182a77b3',","timestamp":"2026-09-06T06:35:32.063591616Z","level":"error"}
{"timestamp":"2026-09-06T06:35:32.063596796Z","message":"  method: 'POST',","level":"error"}
{"message":"  route: '/api/ai/orchestrate',","level":"error","timestamp":"2026-09-06T06:35:32.063600156Z"}
{"message":"[ops] {","timestamp":"2026-09-06T06:35:32.147553804Z","level":"info"}
{"message":"  event: 'http_request',","level":"info","timestamp":"2026-09-06T06:35:32.147560854Z"}
{"level":"info","timestamp":"2026-09-06T06:35:32.147565074Z","message":"  ts: '2026-09-06T06:35:32.139Z',"}
{"timestamp":"2026-09-06T06:35:32.147569224Z","level":"info","message":"  requestId: 'd03cb2b6-5c91-45a5-935a-47ce8e9a2b95',"}
{"timestamp":"2026-09-06T06:35:32.147573664Z","level":"info","message":"  method: 'OPTIONS',"}
{"level":"info","message":"  route: '/api/v2/events',","timestamp":"2026-09-06T06:35:32.147577444Z"}
{"message":"  status: 204,","timestamp":"2026-09-06T06:35:32.147582594Z","level":"info"}
{"level":"info","timestamp":"2026-09-06T06:35:32.147587454Z","message":"  durationMs: 0"}
{"level":"info","message":"}","timestamp":"2026-09-06T06:35:32.147592534Z"}
{"level":"error","timestamp":"2026-09-06T06:35:32.525661934Z","message":"[ops] {"}
{"message":"  event: 'security.app_check_rejected',","timestamp":"2026-09-06T06:35:32.525665843Z","level":"error"}
{"message":"  ts: '2026-09-06T06:35:32.307Z',","timestamp":"2026-09-06T06:35:32.525669543Z","level":"error"}
{"message":"  reason: 'missing_token',","level":"error","timestamp":"2026-09-06T06:35:32.525675353Z"}
{"level":"error","message":"  mode: 'monitor',","timestamp":"2026-09-06T06:35:32.525678933Z"}
{"level":"error","timestamp":"2026-09-06T06:35:32.525682403Z","message":"  route: '/api/v2/events'"}
{"timestamp":"2026-09-06T06:35:32.525685973Z","message":"}","level":"error"}
{"timestamp":"2026-09-06T06:35:32.722109723Z","level":"info","message":"[ops] {"}
{"level":"info","timestamp":"2026-09-06T06:35:32.722113863Z","message":"  event: 'http_request',"}
{"level":"info","timestamp":"2026-09-06T06:35:32.722118093Z","message":"  ts: '2026-09-06T06:35:32.719Z',"}
{"timestamp":"2026-09-06T06:35:32.722122023Z","message":"  requestId: '25d640bf-db88-4a19-a0b8-785d91f10bda',","level":"info"}
{"timestamp":"2026-09-06T06:35:32.722126193Z","level":"info","message":"  method: 'OPTIONS',"}
{"level":"info","timestamp":"2026-09-06T06:35:32.722129873Z","message":"  route: '/api/v2/events',"}
{"message":"  status: 204,","timestamp":"2026-09-06T06:35:32.722133643Z","level":"info"}
{"level":"info","message":"  durationMs: 0","timestamp":"2026-09-06T06:35:32.722137043Z"}
{"timestamp":"2026-09-06T06:35:32.722140082Z","message":"}","level":"info"}
{"timestamp":"2026-09-06T06:35:32.872068910Z","level":"info","message":"[ops] {"}
{"level":"info","message":"  event: 'http_request',","timestamp":"2026-09-06T06:35:32.872073740Z"}
{"timestamp":"2026-09-06T06:35:32.872076460Z","message":"  ts: '2026-09-06T06:35:32.868Z',","level":"info"}
{"level":"info","timestamp":"2026-09-06T06:35:32.872079440Z","message":"  requestId: '71e3e310-d333-4076-b3a1-63e68158f42b',"}
{"message":"  method: 'GET',","timestamp":"2026-09-06T06:35:32.872083760Z","level":"info"}
{"level":"info","message":"  route: '/api/v2/events',","timestamp":"2026-09-06T06:35:32.872086610Z"}
{"level":"info","timestamp":"2026-09-06T06:35:32.872090350Z","message":"  status: 200,"}
{"level":"info","timestamp":"2026-09-06T06:35:32.872094010Z","message":"  durationMs: 561"}
{"level":"info","message":"}","timestamp":"2026-09-06T06:35:32.872097060Z"}
{"message":"[ops] {","timestamp":"2026-09-06T06:35:32.890574621Z","level":"error"}
{"message":"  event: 'security.app_check_rejected',","level":"error","timestamp":"2026-09-06T06:35:32.890603011Z"}
{"timestamp":"2026-09-06T06:35:32.890607101Z","level":"error","message":"  ts: '2026-09-06T06:35:32.884Z',"}
{"message":"  reason: 'missing_token',","level":"error","timestamp":"2026-09-06T06:35:32.890610671Z"}
{"timestamp":"2026-09-06T06:35:32.890625501Z","level":"error","message":"  mode: 'monitor',"}
{"timestamp":"2026-09-06T06:35:32.890638871Z","level":"error","message":"  route: '/api/v2/events'"}
{"level":"error","message":"}","timestamp":"2026-09-06T06:35:32.890641901Z"}
{"timestamp":"2026-09-06T06:35:33.522402322Z","message":"  event: 'http_request',","level":"info"}
{"message":"  ts: '2026-09-06T06:35:33.401Z',","level":"info","timestamp":"2026-09-06T06:35:33.522417842Z"}
{"message":"  requestId: '4fd9e46f-2dca-4d96-bb72-172fe92800b4',","timestamp":"2026-09-06T06:35:33.522425232Z","level":"info"}
{"level":"info","message":"  method: 'GET',","timestamp":"2026-09-06T06:35:33.522429882Z"}
{"level":"info","message":"  route: '/api/v2/events',","timestamp":"2026-09-06T06:35:33.522434302Z"}
{"timestamp":"2026-09-06T06:35:33.522439542Z","message":"  status: 200,","level":"info"}
{"message":"  durationMs: 517","timestamp":"2026-09-06T06:35:33.522443802Z","level":"info"}
{"level":"info","message":"}","timestamp":"2026-09-06T06:35:33.522448502Z"}
{"message":"[ops] {","timestamp":"2026-09-06T06:35:33.522530180Z","level":"info"}
{"timestamp":"2026-09-06T06:35:34.567846054Z","message":"  ts: '2026-09-06T06:35:34.411Z',","level":"info"}
{"timestamp":"2026-09-06T06:35:34.567854264Z","level":"info","message":"  requestId: 'e9579512-6e30-4a80-8380-1a084a76de86',"}
{"message":"[ops] {","level":"info","timestamp":"2026-09-06T06:35:34.567870324Z"}
{"message":"  durationMs: 1","timestamp":"2026-09-06T06:35:34.567872684Z","level":"info"}
{"message":"[ops] {","timestamp":"2026-09-06T06:35:34.567877264Z","level":"info"}
{"level":"info","message":"  route: '/api/studio/mcp/status',","timestamp":"2026-09-06T06:35:34.567883274Z"}
{"level":"info","message":"  event: 'http_request',","timestamp":"2026-09-06T06:35:34.567886283Z"}
{"message":"  event: 'http_request',","timestamp":"2026-09-06T06:35:34.567887423Z","level":"info"}
{"level":"info","message":"}","timestamp":"2026-09-06T06:35:34.567888853Z"}
{"message":"  status: 204,","timestamp":"2026-09-06T06:35:34.567895863Z","level":"info"}
{"timestamp":"2026-09-06T06:35:34.567897173Z","message":"  durationMs: 0","level":"info"}
{"message":"  ts: '2026-09-06T06:35:34.412Z',","timestamp":"2026-09-06T06:35:34.567897503Z","level":"info"}
{"message":"  requestId: '05abc80b-e447-45f9-9ebb-4c56c393b0bc',","timestamp":"2026-09-06T06:35:34.567906153Z","level":"info"}
{"timestamp":"2026-09-06T06:35:34.567906933Z","message":"}","level":"info"}
{"timestamp":"2026-09-06T06:35:34.567909173Z","level":"info","message":"  method: 'OPTIONS',"}
{"timestamp":"2026-09-06T06:35:34.567910923Z","level":"info","message":"  method: 'OPTIONS',"}
{"level":"info","message":"  route: '/api/studio/status',","timestamp":"2026-09-06T06:35:34.567918133Z"}
{"message":"  status: 204,","level":"info","timestamp":"2026-09-06T06:35:34.567922933Z"}
{"timestamp":"2026-09-06T06:35:34.578228570Z","level":"error","message":"[ops] {"}
{"message":"  event: 'security.app_check_rejected',","timestamp":"2026-09-06T06:35:34.578234540Z","level":"error"}
{"timestamp":"2026-09-06T06:35:34.578239610Z","level":"error","message":"  ts: '2026-09-06T06:35:34.577Z',"}
{"level":"error","message":"  reason: 'missing_token',","timestamp":"2026-09-06T06:35:34.578245490Z"}
{"message":"  mode: 'monitor',","timestamp":"2026-09-06T06:35:34.578250110Z","level":"error"}
{"level":"error","message":"  route: '/api/studio/mcp/status'","timestamp":"2026-09-06T06:35:34.578254520Z"}
{"timestamp":"2026-09-06T06:35:34.578259210Z","message":"}","level":"error"}
{"message":"[ops] {","level":"error","timestamp":"2026-09-06T06:35:34.579012030Z"}
{"message":"  event: 'security.app_check_rejected',","timestamp":"2026-09-06T06:35:34.579018880Z","level":"error"}
{"level":"error","timestamp":"2026-09-06T06:35:34.579022810Z","message":"  ts: '2026-09-06T06:35:34.578Z',"}
{"message":"  reason: 'missing_token',","level":"error","timestamp":"2026-09-06T06:35:34.579028040Z"}
{"message":"  mode: 'monitor',","level":"error","timestamp":"2026-09-06T06:35:34.579032450Z"}
{"timestamp":"2026-09-06T06:35:34.579036000Z","level":"error","message":"  route: '/api/studio/status'"}
{"message":"}","level":"error","timestamp":"2026-09-06T06:35:34.579039750Z"}
{"level":"info","timestamp":"2026-09-06T06:35:34.654702375Z","message":"[ops] {"}
{"level":"info","timestamp":"2026-09-06T06:35:34.654706655Z","message":"  event: 'http_request',"}
{"message":"  ts: '2026-09-06T06:35:34.652Z',","level":"info","timestamp":"2026-09-06T06:35:34.654712165Z"}
{"level":"info","message":"  requestId: '67616c59-69e3-4e88-aed0-95b563ad9ef9',","timestamp":"2026-09-06T06:35:34.654716295Z"}
{"message":"  method: 'OPTIONS',","level":"info","timestamp":"2026-09-06T06:35:34.654720365Z"}
{"level":"info","message":"  route: '/api/v2/events',","timestamp":"2026-09-06T06:35:34.654723715Z"}
{"level":"info","message":"  status: 204,","timestamp":"2026-09-06T06:35:34.654727205Z"}
{"level":"info","timestamp":"2026-09-06T06:35:34.654731215Z","message":"  durationMs: 0"}
{"timestamp":"2026-09-06T06:35:34.654734245Z","level":"info","message":"}"}
{"message":"[ops] {","timestamp":"2026-09-06T06:35:34.819209266Z","level":"error"}
{"timestamp":"2026-09-06T06:35:34.819213815Z","message":"  event: 'security.app_check_rejected',","level":"error"}
{"level":"error","message":"  ts: '2026-09-06T06:35:34.818Z',","timestamp":"2026-09-06T06:35:34.819217845Z"}
{"timestamp":"2026-09-06T06:35:34.819221115Z","message":"  reason: 'missing_token',","level":"error"}
{"timestamp":"2026-09-06T06:35:34.819225025Z","message":"  mode: 'monitor',","level":"error"}
{"message":"  route: '/api/v2/events'","timestamp":"2026-09-06T06:35:34.819228715Z","level":"error"}
{"timestamp":"2026-09-06T06:35:34.819232135Z","message":"}","level":"error"}
{"message":"[ops] {","timestamp":"2026-09-06T06:35:34.980808444Z","level":"info"}
{"level":"info","timestamp":"2026-09-06T06:35:34.980821454Z","message":"  event: 'http_request',"}
{"message":"  ts: '2026-09-06T06:35:34.978Z',","timestamp":"2026-09-06T06:35:34.980825844Z","level":"info"}
{"message":"  requestId: '16731de4-c674-401f-9268-a7ede6038cd7',","timestamp":"2026-09-06T06:35:34.980836804Z","level":"info"}
{"timestamp":"2026-09-06T06:35:34.980843454Z","level":"info","message":"  method: 'GET',"}
{"message":"  route: '/api/studio/status',","timestamp":"2026-09-06T06:35:34.980847364Z","level":"info"}
{"timestamp":"2026-09-06T06:35:34.980850943Z","message":"  status: 200,","level":"info"}
{"level":"info","timestamp":"2026-09-06T06:35:34.980864063Z","message":"  durationMs: 400"}
{"timestamp":"2026-09-06T06:35:34.980867603Z","level":"info","message":"}"}
{"message":"[ops] {","timestamp":"2026-09-06T06:35:34.980871083Z","level":"info"}
{"message":"  event: 'http_request',","timestamp":"2026-09-06T06:35:34.980874573Z","level":"info"}
{"level":"info","message":"  ts: '2026-09-06T06:35:34.979Z',","timestamp":"2026-09-06T06:35:34.980878493Z"}
{"level":"info","timestamp":"2026-09-06T06:35:34.980881653Z","message":"  requestId: '9d249164-9d60-4250-a5a3-9bf1e7b7199e',"}
{"level":"info","message":"  method: 'GET',","timestamp":"2026-09-06T06:35:34.980885583Z"}
{"timestamp":"2026-09-06T06:35:34.980891413Z","level":"info","message":"  route: '/api/studio/mcp/status',"}
{"level":"info","timestamp":"2026-09-06T06:35:34.980895233Z","message":"  status: 200,"}
{"level":"info","timestamp":"2026-09-06T06:35:34.980899783Z","message":"  durationMs: 402"}
{"timestamp":"2026-09-06T06:35:34.980904253Z","level":"info","message":"}"}
{"level":"info","timestamp":"2026-09-06T06:35:35.228387105Z","message":"[ops] {"}
{"level":"info","message":"  event: 'http_request',","timestamp":"2026-09-06T06:35:35.228398034Z"}
{"message":"  ts: '2026-09-06T06:35:35.224Z',","timestamp":"2026-09-06T06:35:35.228402734Z","level":"info"}
{"message":"  requestId: 'f42d010e-6a3c-4e87-a698-955ef563a6bb',","timestamp":"2026-09-06T06:35:35.228407014Z","level":"info"}
{"message":"  method: 'OPTIONS',","timestamp":"2026-09-06T06:35:35.228410814Z","level":"info"}
{"message":"  route: '/api/v2/events',","timestamp":"2026-09-06T06:35:35.228414154Z","level":"info"}
{"message":"  status: 204,","timestamp":"2026-09-06T06:35:35.228417724Z","level":"info"}
{"message":"  durationMs: 0","timestamp":"2026-09-06T06:35:35.228420944Z","level":"info"}
{"level":"info","timestamp":"2026-09-06T06:35:35.228424124Z","message":"}"}
{"message":"  route: '/api/v2/events'","timestamp":"2026-09-06T06:35:35.514709426Z","level":"error"}
{"message":"}","timestamp":"2026-09-06T06:35:35.514721726Z","level":"error"}
{"level":"info","message":"[ops] {","timestamp":"2026-09-06T06:35:35.514788535Z"}
{"timestamp":"2026-09-06T06:35:35.514792985Z","message":"  event: 'http_request',","level":"info"}
{"timestamp":"2026-09-06T06:35:35.514799455Z","message":"  ts: '2026-09-06T06:35:35.344Z',","level":"info"}
{"timestamp":"2026-09-06T06:35:35.514804265Z","level":"info","message":"  requestId: '9398e9aa-a5aa-4da5-a1eb-1750194d83ed',"}
{"message":"  method: 'GET',","timestamp":"2026-09-06T06:35:35.514810235Z","level":"info"}
{"timestamp":"2026-09-06T06:35:35.514815125Z","level":"info","message":"  route: '/api/v2/events',"}
{"timestamp":"2026-09-06T06:35:35.514820124Z","level":"info","message":"  status: 200,"}
{"message":"  durationMs: 526","level":"info","timestamp":"2026-09-06T06:35:35.514825114Z"}
{"message":"}","timestamp":"2026-09-06T06:35:35.514831524Z","level":"info"}
{"timestamp":"2026-09-06T06:35:35.514836034Z","level":"error","message":"[ops] {"}
{"message":"  event: 'security.app_check_rejected',","level":"error","timestamp":"2026-09-06T06:35:35.514840784Z"}
{"timestamp":"2026-09-06T06:35:35.514849094Z","level":"error","message":"  ts: '2026-09-06T06:35:35.386Z',"}
{"level":"error","message":"  reason: 'missing_token',","timestamp":"2026-09-06T06:35:35.514854074Z"}
{"message":"  mode: 'monitor',","level":"error","timestamp":"2026-09-06T06:35:35.514871554Z"}
{"level":"info","timestamp":"2026-09-06T06:35:35.927813424Z","message":"[ops] {"}
{"level":"info","message":"  event: 'http_request',","timestamp":"2026-09-06T06:35:35.927820984Z"}
{"message":"  ts: '2026-09-06T06:35:35.926Z',","level":"info","timestamp":"2026-09-06T06:35:35.927826734Z"}
{"level":"info","message":"  requestId: 'a2fb7bd2-7e08-41d8-917f-47058fbfd5f5',","timestamp":"2026-09-06T06:35:35.927832084Z"}
{"level":"info","message":"  method: 'GET',","timestamp":"2026-09-06T06:35:35.927837634Z"}
{"message":"  route: '/api/v2/events',","level":"info","timestamp":"2026-09-06T06:35:35.927842484Z"}
{"level":"info","message":"  status: 200,","timestamp":"2026-09-06T06:35:35.927848413Z"}
{"level":"info","message":"  durationMs: 541","timestamp":"2026-09-06T06:35:35.927853463Z"}
{"message":"}","timestamp":"2026-09-06T06:35:35.927858503Z","level":"info"}
{"message":"[ops] {","timestamp":"2026-09-06T06:35:36.572111082Z","level":"info"}
{"timestamp":"2026-09-06T06:35:36.572113452Z","level":"info","message":"  event: 'http_request',"}
{"message":"  ts: '2026-09-06T06:35:36.570Z',","timestamp":"2026-09-06T06:35:36.572115842Z","level":"info"}
{"level":"info","timestamp":"2026-09-06T06:35:36.572118322Z","message":"  requestId: '96f21846-9a5f-4368-a7e4-dc72468faacc',"}
{"timestamp":"2026-09-06T06:35:36.572121252Z","message":"  method: 'POST',","level":"info"}
{"message":"  route: '/api/studio/mcp/session/ping',","timestamp":"2026-09-06T06:35:36.572123602Z","level":"info"}
{"timestamp":"2026-09-06T06:35:36.572126012Z","level":"info","message":"  status: 200,"}
{"timestamp":"2026-09-06T06:35:36.572128432Z","message":"  durationMs: 296","level":"info"}
{"level":"info","message":"}","timestamp":"2026-09-06T06:35:36.572130812Z"}
{"message":"[ops] {","level":"info","timestamp":"2026-09-06T06:35:37.139787989Z"}
{"level":"info","timestamp":"2026-09-06T06:35:37.139793509Z","message":"  event: 'http_request',"}
{"level":"info","message":"  ts: '2026-09-06T06:35:37.137Z',","timestamp":"2026-09-06T06:35:37.139796939Z"}
{"level":"info","timestamp":"2026-09-06T06:35:37.139800829Z","message":"  requestId: 'c4a70b4c-6c0e-469e-9623-ce7fb290db84',"}
{"timestamp":"2026-09-06T06:35:37.139804029Z","level":"info","message":"  method: 'OPTIONS',"}
{"message":"  route: '/api/v2/events',","timestamp":"2026-09-06T06:35:37.139807929Z","level":"info"}
{"timestamp":"2026-09-06T06:35:37.139811729Z","level":"info","message":"  status: 204,"}
{"timestamp":"2026-09-06T06:35:37.139815509Z","message":"  durationMs: 0","level":"info"}
{"message":"}","timestamp":"2026-09-06T06:35:37.139818719Z","level":"info"}
{"message":"[ops] {","timestamp":"2026-09-06T06:35:37.610159439Z","level":"error"}
{"message":"  event: 'security.app_check_rejected',","timestamp":"2026-09-06T06:35:37.610163879Z","level":"error"}
{"timestamp":"2026-09-06T06:35:37.610168229Z","level":"error","message":"  ts: '2026-09-06T06:35:37.299Z',"}
{"timestamp":"2026-09-06T06:35:37.610172809Z","level":"error","message":"  reason: 'missing_token',"}
{"level":"error","message":"  mode: 'monitor',","timestamp":"2026-09-06T06:35:37.610177469Z"}
{"message":"  route: '/api/v2/events'","timestamp":"2026-09-06T06:35:37.610182209Z","level":"error"}
{"timestamp":"2026-09-06T06:35:37.610186789Z","message":"}","level":"error"}
{"level":"info","message":"[ops] {","timestamp":"2026-09-06T06:35:37.733763327Z"}
{"level":"info","timestamp":"2026-09-06T06:35:37.733769157Z","message":"  event: 'http_request',"}
{"level":"info","message":"  ts: '2026-09-06T06:35:37.731Z',","timestamp":"2026-09-06T06:35:37.733773657Z"}
{"message":"  requestId: '1487ec11-d9f5-4bda-be6c-6fc49875430e',","timestamp":"2026-09-06T06:35:37.733777857Z","level":"info"}
{"message":"  method: 'OPTIONS',","timestamp":"2026-09-06T06:35:37.733781767Z","level":"info"}
{"timestamp":"2026-09-06T06:35:37.733785517Z","level":"info","message":"  route: '/api/v2/events',"}
{"timestamp":"2026-09-06T06:35:37.733789627Z","message":"  status: 204,","level":"info"}
{"timestamp":"2026-09-06T06:35:37.733793377Z","level":"info","message":"  durationMs: 0"}
{"timestamp":"2026-09-06T06:35:37.733796587Z","message":"}","level":"info"}
{"level":"info","timestamp":"2026-09-06T06:35:37.862304241Z","message":"[ops] {"}
{"level":"info","timestamp":"2026-09-06T06:35:37.862309591Z","message":"  event: 'http_request',"}
{"level":"info","timestamp":"2026-09-06T06:35:37.862313231Z","message":"  ts: '2026-09-06T06:35:37.859Z',"}
{"timestamp":"2026-09-06T06:35:37.862316851Z","level":"info","message":"  requestId: 'fc95a2e5-1789-4a48-a7b0-6d1c03950686',"}
{"message":"  method: 'GET',","level":"info","timestamp":"2026-09-06T06:35:37.862319771Z"}
{"message":"  route: '/api/v2/events',","level":"info","timestamp":"2026-09-06T06:35:37.862322921Z"}
{"message":"  status: 200,","timestamp":"2026-09-06T06:35:37.862325991Z","level":"info"}
{"level":"info","timestamp":"2026-09-06T06:35:37.862328941Z","message":"  durationMs: 559"}
{"level":"info","message":"}","timestamp":"2026-09-06T06:35:37.862331501Z"}
{"level":"error","message":"[ops] {","timestamp":"2026-09-06T06:35:37.903039237Z"}
{"timestamp":"2026-09-06T06:35:37.903042787Z","level":"error","message":"  event: 'security.app_check_rejected',"}
{"timestamp":"2026-09-06T06:35:37.903045396Z","message":"  ts: '2026-09-06T06:35:37.901Z',","level":"error"}
{"level":"error","message":"  reason: 'missing_token',","timestamp":"2026-09-06T06:35:37.903047776Z"}
{"message":"  mode: 'monitor',","timestamp":"2026-09-06T06:35:37.903050256Z","level":"error"}
{"level":"error","message":"  route: '/api/v2/events'","timestamp":"2026-09-06T06:35:37.903052926Z"}
{"timestamp":"2026-09-06T06:35:37.903055466Z","level":"error","message":"}"}
{"message":"[ops] {","level":"info","timestamp":"2026-09-06T06:35:38.517670958Z"}
{"timestamp":"2026-09-06T06:35:38.517674758Z","level":"info","message":"  event: 'http_request',"}
{"timestamp":"2026-09-06T06:35:38.517678428Z","message":"  ts: '2026-09-06T06:35:38.512Z',","level":"info"}
{"message":"  requestId: 'af222afe-4627-4d0b-be40-7ed51d218309',","level":"info","timestamp":"2026-09-06T06:35:38.517682108Z"}
{"message":"  method: 'GET',","level":"info","timestamp":"2026-09-06T06:35:38.517685758Z"}
{"timestamp":"2026-09-06T06:35:38.517689398Z","message":"  route: '/api/v2/events',","level":"info"}
{"message":"  status: 200,","level":"info","timestamp":"2026-09-06T06:35:38.517693438Z"}
{"level":"info","timestamp":"2026-09-06T06:35:38.517697258Z","message":"  durationMs: 611"}
{"message":"}","level":"info","timestamp":"2026-09-06T06:35:38.517701198Z"}
{"timestamp":"2026-09-06T06:35:39.636270217Z","level":"info","message":"[ops] {"}
{"timestamp":"2026-09-06T06:35:39.636277997Z","level":"info","message":"  event: 'http_request',"}
{"timestamp":"2026-09-06T06:35:39.636282857Z","message":"  ts: '2026-09-06T06:35:39.634Z',","level":"info"}
{"message":"  requestId: 'd441e7b3-2797-4175-80e8-9faa50f10669',","level":"info","timestamp":"2026-09-06T06:35:39.636286727Z"}
{"timestamp":"2026-09-06T06:35:39.636293217Z","message":"  method: 'OPTIONS',","level":"info"}
{"timestamp":"2026-09-06T06:35:39.636297367Z","message":"  route: '/api/v2/agents/active',","level":"info"}
{"message":"  status: 204,","timestamp":"2026-09-06T06:35:39.636301307Z","level":"info"}
{"timestamp":"2026-09-06T06:35:39.636305067Z","message":"  durationMs: 1","level":"info"}
{"level":"info","timestamp":"2026-09-06T06:35:39.636309017Z","message":"}"}
{"message":"[ops] {","timestamp":"2026-09-06T06:35:39.643703582Z","level":"info"}
{"timestamp":"2026-09-06T06:35:39.643711012Z","message":"  event: 'http_request',","level":"info"}
{"message":"  ts: '2026-09-06T06:35:39.642Z',","timestamp":"2026-09-06T06:35:39.643715451Z","level":"info"}
{"timestamp":"2026-09-06T06:35:39.643719591Z","message":"  requestId: '54ad73d1-2fdd-4d2e-806c-7cc97b61d441',","level":"info"}
{"timestamp":"2026-09-06T06:35:39.643723241Z","message":"  method: 'OPTIONS',","level":"info"}
{"timestamp":"2026-09-06T06:35:39.643727491Z","level":"info","message":"  route: '/api/v2/events',"}
{"level":"info","timestamp":"2026-09-06T06:35:39.643730641Z","message":"  status: 204,"}
{"level":"info","message":"  durationMs: 1","timestamp":"2026-09-06T06:35:39.643734391Z"}
{"message":"}","level":"info","timestamp":"2026-09-06T06:35:39.643738881Z"}
{"timestamp":"2026-09-06T06:35:39.808946633Z","message":"[ops] {","level":"error"}
{"message":"  event: 'security.app_check_rejected',","level":"error","timestamp":"2026-09-06T06:35:39.808952023Z"}
{"message":"  ts: '2026-09-06T06:35:39.807Z',","timestamp":"2026-09-06T06:35:39.808956043Z","level":"error"}
{"level":"error","message":"  reason: 'missing_token',","timestamp":"2026-09-06T06:35:39.808960343Z"}
{"timestamp":"2026-09-06T06:35:39.808965013Z","message":"  mode: 'monitor',","level":"error"}
{"level":"error","timestamp":"2026-09-06T06:35:39.808970062Z","message":"  route: '/api/v2/agents/active'"}
{"timestamp":"2026-09-06T06:35:39.808974222Z","level":"error","message":"}"}
{"timestamp":"2026-09-06T06:35:39.809740633Z","level":"error","message":"[ops] {"}
{"timestamp":"2026-09-06T06:35:39.809744072Z","message":"  event: 'security.app_check_rejected',","level":"error"}
{"message":"  ts: '2026-09-06T06:35:39.808Z',","timestamp":"2026-09-06T06:35:39.809747012Z","level":"error"}
{"message":"  reason: 'missing_token',","level":"error","timestamp":"2026-09-06T06:35:39.809749652Z"}
{"message":"  mode: 'monitor',","timestamp":"2026-09-06T06:35:39.809753852Z","level":"error"}
{"timestamp":"2026-09-06T06:35:39.809756702Z","level":"error","message":"  route: '/api/v2/events'"}
{"timestamp":"2026-09-06T06:35:39.809759872Z","level":"error","message":"}"}
{"level":"info","timestamp":"2026-09-06T06:35:39.885279369Z","message":"[ops] {"}
{"level":"info","message":"  event: 'http_request',","timestamp":"2026-09-06T06:35:39.885282449Z"}
{"message":"  ts: '2026-09-06T06:35:39.868Z',","timestamp":"2026-09-06T06:35:39.885285239Z","level":"info"}
{"level":"info","message":"  requestId: '39bb1c29-55a8-4631-98ca-c81ebc918ea6',","timestamp":"2026-09-06T06:35:39.885288479Z"}
{"message":"  method: 'GET',","level":"info","timestamp":"2026-09-06T06:35:39.885291529Z"}
{"message":"  route: '/api/v2/agents/active',","timestamp":"2026-09-06T06:35:39.885293949Z","level":"info"}
{"timestamp":"2026-09-06T06:35:39.885296329Z","level":"info","message":"  status: 200,"}
{"level":"info","message":"  durationMs: 62","timestamp":"2026-09-06T06:35:39.885298959Z"}
{"message":"}","level":"info","timestamp":"2026-09-06T06:35:39.885301279Z"}
{"message":"[ops] {","level":"info","timestamp":"2026-09-06T06:35:40.123946753Z"}
{"timestamp":"2026-09-06T06:35:40.123953913Z","message":"  event: 'studio.command_polled',","level":"info"}
{"message":"  ts: '2026-09-06T06:35:40.121Z',","level":"info","timestamp":"2026-09-06T06:35:40.123958633Z"}
{"level":"info","message":"  requestId: '0e579980-e25f-485f-8660-92cbbf9a9516',","timestamp":"2026-09-06T06:35:40.123962253Z"}
{"timestamp":"2026-09-06T06:35:40.123965613Z","message":"  sessionId: 'MLq8J3mhz56J6BRsAeQe',","level":"info"}
{"timestamp":"2026-09-06T06:35:40.123969753Z","message":"  status: 'empty'","level":"info"}
{"timestamp":"2026-09-06T06:35:40.123973293Z","level":"info","message":"}"}
{"timestamp":"2026-09-06T06:35:40.123977483Z","level":"info","message":"[ops] {"}
{"timestamp":"2026-09-06T06:35:40.123981173Z","level":"info","message":"  event: 'http_request',"}
{"message":"  ts: '2026-09-06T06:35:40.122Z',","timestamp":"2026-09-06T06:35:40.123985333Z","level":"info"}
{"timestamp":"2026-09-06T06:35:40.123988773Z","message":"  requestId: '0e579980-e25f-485f-8660-92cbbf9a9516',","level":"info"}
{"level":"info","message":"  method: 'GET',","timestamp":"2026-09-06T06:35:40.123992263Z"}
{"timestamp":"2026-09-06T06:35:40.123995613Z","level":"info","message":"  route: '/api/studio/commands/next',"}
{"timestamp":"2026-09-06T06:35:40.123999493Z","message":"  status: 204,","level":"info"}
{"message":"  durationMs: 24439","timestamp":"2026-09-06T06:35:40.124003033Z","level":"info"}
{"level":"info","message":"}","timestamp":"2026-09-06T06:35:40.124006353Z"}
{"level":"info","message":"[ops] {","timestamp":"2026-09-06T06:35:40.224600877Z"}
{"level":"info","message":"  event: 'http_request',","timestamp":"2026-09-06T06:35:40.224606507Z"}
{"timestamp":"2026-09-06T06:35:40.224610897Z","message":"  ts: '2026-09-06T06:35:40.222Z',","level":"info"}
{"message":"  requestId: 'efb1004c-1cf0-405b-83d7-98d39955a653',","timestamp":"2026-09-06T06:35:40.224615297Z","level":"info"}
{"message":"  method: 'OPTIONS',","timestamp":"2026-09-06T06:35:40.224618867Z","level":"info"}
{"message":"  route: '/api/v2/agents/active',","timestamp":"2026-09-06T06:35:40.224624447Z","level":"info"}
{"level":"info","timestamp":"2026-09-06T06:35:40.224628177Z","message":"  status: 204,"}
{"message":"  durationMs: 0","timestamp":"2026-09-06T06:35:40.224631757Z","level":"info"}
{"level":"info","timestamp":"2026-09-06T06:35:40.224638576Z","message":"}"}
{"level":"info","message":"[ops] {","timestamp":"2026-09-06T06:35:40.234453420Z"}
{"message":"  event: 'http_request',","level":"info","timestamp":"2026-09-06T06:35:40.234460360Z"}
{"level":"info","message":"  ts: '2026-09-06T06:35:40.231Z',","timestamp":"2026-09-06T06:35:40.234467300Z"}
{"timestamp":"2026-09-06T06:35:40.234471790Z","message":"  requestId: '41a7beee-b612-4fa4-b620-6dd08e81716c',","level":"info"}
{"message":"  method: 'OPTIONS',","level":"info","timestamp":"2026-09-06T06:35:40.234475570Z"}
{"level":"info","message":"  route: '/api/v2/events',","timestamp":"2026-09-06T06:35:40.234480080Z"}
{"message":"  status: 204,","level":"info","timestamp":"2026-09-06T06:35:40.234483730Z"}
{"timestamp":"2026-09-06T06:35:40.234487400Z","level":"info","message":"  durationMs: 1"}
{"level":"info","message":"}","timestamp":"2026-09-06T06:35:40.234491240Z"}
{"message":"[ops] {","timestamp":"2026-09-06T06:35:40.526965971Z","level":"error"}
{"message":"  event: 'security.app_check_rejected',","level":"error","timestamp":"2026-09-06T06:35:40.526968741Z"}
{"message":"  ts: '2026-09-06T06:35:40.395Z',","timestamp":"2026-09-06T06:35:40.526971151Z","level":"error"}
{"level":"error","timestamp":"2026-09-06T06:35:40.526973841Z","message":"  reason: 'missing_token',"}
{"timestamp":"2026-09-06T06:35:40.526976871Z","level":"error","message":"  mode: 'monitor',"}
{"message":"  route: '/api/v2/agents/active'","timestamp":"2026-09-06T06:35:40.526980251Z","level":"error"}
{"level":"error","message":"}","timestamp":"2026-09-06T06:35:40.526983071Z"}
{"timestamp":"2026-09-06T06:35:40.526985791Z","level":"error","message":"[ops] {"}
{"timestamp":"2026-09-06T06:35:40.526989951Z","level":"error","message":"  event: 'security.app_check_rejected',"}
{"timestamp":"2026-09-06T06:35:40.526993281Z","message":"  ts: '2026-09-06T06:35:40.404Z',","level":"error"}
{"level":"error","timestamp":"2026-09-06T06:35:40.526996111Z","message":"  reason: 'missing_token',"}
{"level":"error","message":"  mode: 'monitor',","timestamp":"2026-09-06T06:35:40.526998971Z"}
{"message":"  route: '/api/v2/events'","timestamp":"2026-09-06T06:35:40.527002071Z","level":"error"}
{"message":"}","level":"error","timestamp":"2026-09-06T06:35:40.527004791Z"}
{"message":"[ops] {","timestamp":"2026-09-06T06:35:40.527007601Z","level":"info"}
{"level":"info","timestamp":"2026-09-06T06:35:40.527010411Z","message":"  event: 'http_request',"}
{"message":"  ts: '2026-09-06T06:35:40.405Z',","timestamp":"2026-09-06T06:35:40.527012971Z","level":"info"}
{"message":"  requestId: '6cdd46cd-0886-4669-937d-4fd5c05dcbfe',","timestamp":"2026-09-06T06:35:40.527016061Z","level":"info"}
{"level":"info","timestamp":"2026-09-06T06:35:40.527018651Z","message":"  method: 'GET',"}
{"message":"  route: '/api/v2/events',","timestamp":"2026-09-06T06:35:40.527021260Z","level":"info"}
{"timestamp":"2026-09-06T06:35:40.527024750Z","level":"info","message":"  status: 200,"}
{"timestamp":"2026-09-06T06:35:40.527027530Z","level":"info","message":"  durationMs: 597"}
{"level":"info","timestamp":"2026-09-06T06:35:40.527030260Z","message":"}"}
{"timestamp":"2026-09-06T06:35:40.527032980Z","level":"info","message":"[ops] {"}
{"timestamp":"2026-09-06T06:35:40.527035750Z","message":"  event: 'http_request',","level":"info"}
{"timestamp":"2026-09-06T06:35:40.527038720Z","message":"  ts: '2026-09-06T06:35:40.453Z',","level":"info"}
{"level":"info","message":"  requestId: '6cc89eec-7806-4b57-a4c6-89dcaefb19d3',","timestamp":"2026-09-06T06:35:40.527042110Z"}
{"message":"  method: 'GET',","timestamp":"2026-09-06T06:35:40.527045030Z","level":"info"}
{"message":"  route: '/api/v2/agents/active',","timestamp":"2026-09-06T06:35:40.527047800Z","level":"info"}
{"message":"  status: 200,","level":"info","timestamp":"2026-09-06T06:35:40.527051360Z"}
{"message":"  durationMs: 59","level":"info","timestamp":"2026-09-06T06:35:40.527053810Z"}
{"message":"}","level":"info","timestamp":"2026-09-06T06:35:40.527797281Z"}
{"timestamp":"2026-09-06T06:35:41.161393758Z","level":"info","message":"[ops] {"}
{"message":"  event: 'http_request',","timestamp":"2026-09-06T06:35:41.161399918Z","level":"info"}
{"message":"  ts: '2026-09-06T06:35:41.160Z',","timestamp":"2026-09-06T06:35:41.161403858Z","level":"info"}
{"level":"info","message":"  requestId: '38587764-a777-4985-8878-ff7ff49fd623',","timestamp":"2026-09-06T06:35:41.161407328Z"}
{"message":"  method: 'GET',","level":"info","timestamp":"2026-09-06T06:35:41.161411258Z"}
{"timestamp":"2026-09-06T06:35:41.161415318Z","message":"  route: '/api/v2/events',","level":"info"}
{"timestamp":"2026-09-06T06:35:41.161418568Z","message":"  status: 200,","level":"info"}
{"timestamp":"2026-09-06T06:35:41.161421928Z","level":"info","message":"  durationMs: 756"}
{"message":"}","timestamp":"2026-09-06T06:35:41.161425418Z","level":"info"}
{"message":"  sessionId: 'MLq8J3mhz56J6BRsAeQe',","level":"info","timestamp":"2026-09-06T06:35:41.591382699Z"}
{"timestamp":"2026-09-06T06:35:41.591387788Z","level":"info","message":"  userId: '0VSQotqOXxPXBLeQu1gUNkXELWH3',"}
{"message":"  status: 'compatible',","level":"info","timestamp":"2026-09-06T06:35:41.591391598Z"}
{"level":"info","message":"  reasonCodes: [],","timestamp":"2026-09-06T06:35:41.591394728Z"}
{"message":"  buildId: 'nexusrbx-studio-0.14.0-r15-animation.12-toolbox',","timestamp":"2026-09-06T06:35:41.591398028Z","level":"info"}
{"timestamp":"2026-09-06T06:35:41.591401168Z","message":"  attestationWritten: false,","level":"info"}
{"message":"  repairDurationMs: 483","timestamp":"2026-09-06T06:35:41.591405188Z","level":"info"}
{"timestamp":"2026-09-06T06:35:41.591408678Z","message":"}","level":"info"}
{"timestamp":"2026-09-06T06:35:41.591413118Z","level":"info","message":"[ops] {"}
{"timestamp":"2026-09-06T06:35:41.591417128Z","level":"info","message":"  event: 'http_request',"}
{"message":"  ts: '2026-09-06T06:35:41.347Z',","level":"info","timestamp":"2026-09-06T06:35:41.591421518Z"}
{"message":"  requestId: '6efc9cf5-7c5a-49c4-ac30-8e2cfadba25a',","timestamp":"2026-09-06T06:35:41.591426758Z","level":"info"}
{"message":"  status: 200,","timestamp":"2026-09-06T06:35:41.591427828Z","level":"info"}
{"timestamp":"2026-09-06T06:35:41.591431238Z","message":"  method: 'POST',","level":"info"}
{"message":"  route: '/api/studio/session/ping',","timestamp":"2026-09-06T06:35:41.591435948Z","level":"info"}
{"timestamp":"2026-09-06T06:35:41.591439448Z","message":"  durationMs: 576","level":"info"}
{"message":"}","level":"info","timestamp":"2026-09-06T06:35:41.591445158Z"}
{"level":"info","timestamp":"2026-09-06T06:35:41.591521557Z","message":"[ops] {"}
{"message":"  event: 'studio.plugin_compatibility_handshake',","level":"info","timestamp":"2026-09-06T06:35:41.591525857Z"}
{"level":"info","timestamp":"2026-09-06T06:35:41.591530627Z","message":"  ts: '2026-09-06T06:35:41.346Z',"}
{"message":"  requestId: '6efc9cf5-7c5a-49c4-ac30-8e2cfadba25a',","timestamp":"2026-09-06T06:35:41.591535147Z","level":"info"}
{"timestamp":"2026-09-06T06:35:42.134678549Z","level":"info","message":"}"}
{"timestamp":"2026-09-06T06:35:42.134681369Z","message":"[ops] {","level":"info"}
{"level":"info","timestamp":"2026-09-06T06:35:42.134685459Z","message":"  event: 'http_request',"}
{"message":"  ts: '2026-09-06T06:35:42.133Z',","timestamp":"2026-09-06T06:35:42.134689059Z","level":"info"}
{"level":"info","timestamp":"2026-09-06T06:35:42.134693709Z","message":"  requestId: 'd805abcc-710a-4440-ab97-e8d1edd9993e',"}
{"message":"  method: 'OPTIONS',","level":"info","timestamp":"2026-09-06T06:35:42.134697329Z"}
{"timestamp":"2026-09-06T06:35:42.134700709Z","level":"info","message":"  route: '/api/v2/events',"}
{"message":"  status: 204,","timestamp":"2026-09-06T06:35:42.134703849Z","level":"info"}
{"timestamp":"2026-09-06T06:35:42.134707619Z","level":"info","message":"  durationMs: 0"}
{"message":"  reason: 'missing_token',","timestamp":"2026-09-06T06:35:42.553651661Z","level":"error"}
{"level":"error","message":"  mode: 'monitor',","timestamp":"2026-09-06T06:35:42.553660401Z"}
{"message":"  route: '/api/v2/events'","level":"error","timestamp":"2026-09-06T06:35:42.553668961Z"}
{"timestamp":"2026-09-06T06:35:42.553674751Z","message":"}","level":"error"}
{"message":"[ops] {","timestamp":"2026-09-06T06:35:42.553736990Z","level":"error"}
{"message":"  event: 'security.app_check_rejected',","level":"error","timestamp":"2026-09-06T06:35:42.553744530Z"}
{"message":"  ts: '2026-09-06T06:35:42.305Z',","level":"error","timestamp":"2026-09-06T06:35:42.553750110Z"}
{"level":"info","message":"[ops] {","timestamp":"2026-09-06T06:35:42.737300126Z"}
{"timestamp":"2026-09-06T06:35:42.737302686Z","level":"info","message":"  event: 'http_request',"}
{"level":"info","message":"  ts: '2026-09-06T06:35:42.736Z',","timestamp":"2026-09-06T06:35:42.737305425Z"}
{"timestamp":"2026-09-06T06:35:42.737308265Z","message":"  requestId: 'ae2dbc25-978f-4ca1-92db-ab83583b1f21',","level":"info"}
{"timestamp":"2026-09-06T06:35:42.737310935Z","level":"info","message":"  method: 'OPTIONS',"}
{"message":"  route: '/api/v2/events',","timestamp":"2026-09-06T06:35:42.737313665Z","level":"info"}
{"level":"info","message":"  status: 204,","timestamp":"2026-09-06T06:35:42.737316615Z"}
{"timestamp":"2026-09-06T06:35:42.737319585Z","level":"info","message":"  durationMs: 0"}
{"message":"}","level":"info","timestamp":"2026-09-06T06:35:42.737322595Z"}
{"message":"[ops] {","level":"error","timestamp":"2026-09-06T06:35:42.909352709Z"}
{"level":"error","message":"  event: 'security.app_check_rejected',","timestamp":"2026-09-06T06:35:42.909357259Z"}
{"level":"error","timestamp":"2026-09-06T06:35:42.909361179Z","message":"  ts: '2026-09-06T06:35:42.904Z',"}
{"message":"  reason: 'missing_token',","level":"error","timestamp":"2026-09-06T06:35:42.909365139Z"}
{"message":"  mode: 'monitor',","timestamp":"2026-09-06T06:35:42.909375149Z","level":"error"}
{"level":"error","message":"  route: '/api/v2/events'","timestamp":"2026-09-06T06:35:42.909379959Z"}
{"timestamp":"2026-09-06T06:35:42.909383199Z","level":"error","message":"}"}
{"message":"[ops] {","level":"info","timestamp":"2026-09-06T06:35:43.004613952Z"}
{"message":"  event: 'http_request',","timestamp":"2026-09-06T06:35:43.004619291Z","level":"info"}
{"message":"  ts: '2026-09-06T06:35:43.003Z',","level":"info","timestamp":"2026-09-06T06:35:43.004622461Z"}
{"timestamp":"2026-09-06T06:35:43.004625221Z","level":"info","message":"  requestId: '468f1772-1807-461f-b802-36530a9ba41e',"}
{"message":"  method: 'GET',","level":"info","timestamp":"2026-09-06T06:35:43.004629141Z"}
{"level":"info","timestamp":"2026-09-06T06:35:43.004631851Z","message":"  route: '/api/v2/events',"}
{"timestamp":"2026-09-06T06:35:43.004634391Z","message":"  status: 200,","level":"info"}
{"level":"info","message":"  durationMs: 698","timestamp":"2026-09-06T06:35:43.004637271Z"}
{"level":"info","timestamp":"2026-09-06T06:35:43.004640111Z","message":"}"}
{"timestamp":"2026-09-06T06:35:43.578664185Z","message":"  ts: '2026-09-06T06:35:43.524Z',","level":"info"}
{"message":"  requestId: 'aaf517a0-6a48-4566-b640-41460386083f',","level":"info","timestamp":"2026-09-06T06:35:43.578668935Z"}
{"timestamp":"2026-09-06T06:35:43.578671765Z","message":"  method: 'OPTIONS',","level":"info"}
{"timestamp":"2026-09-06T06:35:43.578674315Z","level":"info","message":"  route: '/api/studio/mcp/status',"}
{"message":"  status: 204,","timestamp":"2026-09-06T06:35:43.578676835Z","level":"info"}
{"message":"  durationMs: 0","timestamp":"2026-09-06T06:35:43.578679265Z","level":"info"}
{"message":"  durationMs: 529","timestamp":"2026-09-06T06:35:43.578686225Z","level":"info"}
{"timestamp":"2026-09-06T06:35:43.578689125Z","message":"}","level":"info"}
{"level":"info","timestamp":"2026-09-06T06:35:43.578691985Z","message":"[ops] {"}
{"message":"}","level":"info","timestamp":"2026-09-06T06:35:43.578692935Z"}
{"timestamp":"2026-09-06T06:35:43.578694725Z","message":"  event: 'http_request',","level":"info"}
{"message":"  ts: '2026-09-06T06:35:43.520Z',","level":"info","timestamp":"2026-09-06T06:35:43.578697105Z"}
{"timestamp":"2026-09-06T06:35:43.578700005Z","level":"info","message":"  requestId: '4a8d6570-74bc-4ea1-9690-ada688b18ec0',"}
{"timestamp":"2026-09-06T06:35:43.578702425Z","message":"  method: 'OPTIONS',","level":"info"}
{"timestamp":"2026-09-06T06:35:43.578705404Z","level":"info","message":"  route: '/api/studio/status',"}
{"message":"  status: 204,","timestamp":"2026-09-06T06:35:43.578708414Z","level":"info"}
{"timestamp":"2026-09-06T06:35:43.578710864Z","message":"  durationMs: 0","level":"info"}
{"timestamp":"2026-09-06T06:35:43.578713154Z","level":"info","message":"}"}
{"timestamp":"2026-09-06T06:35:43.578715314Z","message":"[ops] {","level":"info"}
{"message":"  event: 'http_request',","level":"info","timestamp":"2026-09-06T06:35:43.578717484Z"}
{"timestamp":"2026-09-06T06:35:43.578959321Z","level":"info","message":"[ops] {"}
{"timestamp":"2026-09-06T06:35:43.578964571Z","message":"  event: 'http_request',","level":"info"}
{"level":"info","timestamp":"2026-09-06T06:35:43.578969061Z","message":"  ts: '2026-09-06T06:35:43.433Z',"}
{"timestamp":"2026-09-06T06:35:43.578973841Z","message":"  requestId: 'af2537a1-9127-424d-86f0-22a8aa5474f8',","level":"info"}
{"timestamp":"2026-09-06T06:35:43.578978661Z","level":"info","message":"  method: 'GET',"}
{"message":"  route: '/api/v2/events',","timestamp":"2026-09-06T06:35:43.578983711Z","level":"info"}
{"message":"  status: 200,","level":"info","timestamp":"2026-09-06T06:35:43.578988521Z"}
{"message":"[ops] {","timestamp":"2026-09-06T06:35:43.699248792Z","level":"error"}
{"level":"error","message":"  event: 'security.app_check_rejected',","timestamp":"2026-09-06T06:35:43.699254811Z"}
{"level":"error","message":"  ts: '2026-09-06T06:35:43.697Z',","timestamp":"2026-09-06T06:35:43.699258731Z"}
{"message":"  reason: 'missing_token',","timestamp":"2026-09-06T06:35:43.699263641Z","level":"error"}
{"level":"error","message":"  mode: 'monitor',","timestamp":"2026-09-06T06:35:43.699267751Z"}
{"level":"error","message":"  route: '/api/studio/status'","timestamp":"2026-09-06T06:35:43.699271671Z"}
{"level":"error","timestamp":"2026-09-06T06:35:43.699275311Z","message":"}"}
{"level":"error","message":"[ops] {","timestamp":"2026-09-06T06:35:43.704922479Z"}
{"level":"error","timestamp":"2026-09-06T06:35:43.704925968Z","message":"  event: 'security.app_check_rejected',"}
{"message":"  ts: '2026-09-06T06:35:43.703Z',","timestamp":"2026-09-06T06:35:43.704928488Z","level":"error"}
{"message":"  reason: 'missing_token',","timestamp":"2026-09-06T06:35:43.704931198Z","level":"error"}
{"level":"error","message":"  mode: 'monitor',","timestamp":"2026-09-06T06:35:43.704933858Z"}
{"timestamp":"2026-09-06T06:35:43.704936448Z","level":"error","message":"  route: '/api/studio/mcp/status'"}
{"level":"error","message":"}","timestamp":"2026-09-06T06:35:43.704938998Z"}
{"message":"[ops] {","timestamp":"2026-09-06T06:35:43.998213630Z","level":"info"}
{"level":"info","timestamp":"2026-09-06T06:35:43.998221670Z","message":"  event: 'http_request',"}
{"timestamp":"2026-09-06T06:35:43.998226570Z","message":"  ts: '2026-09-06T06:35:43.992Z',","level":"info"}
{"timestamp":"2026-09-06T06:35:43.998230580Z","message":"  requestId: 'f72c323a-9d37-42d4-82c1-94153d10a353',","level":"info"}
{"message":"  method: 'GET',","level":"info","timestamp":"2026-09-06T06:35:43.998234900Z"}
{"level":"info","timestamp":"2026-09-06T06:35:43.998239680Z","message":"  route: '/api/studio/mcp/status',"}
{"timestamp":"2026-09-06T06:35:43.998243360Z","message":"  status: 200,","level":"info"}
{"message":"  durationMs: 289","level":"info","timestamp":"2026-09-06T06:35:43.998246530Z"}
{"timestamp":"2026-09-06T06:35:43.998250760Z","message":"}","level":"info"}
{"message":"[ops] {","level":"info","timestamp":"2026-09-06T06:35:44.199519696Z"}
{"message":"  event: 'http_request',","timestamp":"2026-09-06T06:35:44.199525316Z","level":"info"}
{"level":"info","message":"  ts: '2026-09-06T06:35:44.195Z',","timestamp":"2026-09-06T06:35:44.199529206Z"}
{"message":"  requestId: '9fa2c8ae-d685-42f2-94f0-3c7d5ece60d3',","timestamp":"2026-09-06T06:35:44.199533286Z","level":"info"}
{"timestamp":"2026-09-06T06:35:44.199537006Z","level":"info","message":"  method: 'GET',"}
{"message":"  route: '/api/studio/status',","timestamp":"2026-09-06T06:35:44.199540686Z","level":"info"}
{"level":"info","timestamp":"2026-09-06T06:35:44.199546226Z","message":"  status: 200,"}
{"message":"  durationMs: 498","timestamp":"2026-09-06T06:35:44.199550186Z","level":"info"}
{"message":"}","timestamp":"2026-09-06T06:35:44.199554036Z","level":"info"}
{"message":"[ops] {","timestamp":"2026-09-06T06:35:44.633411856Z","level":"info"}
{"timestamp":"2026-09-06T06:35:44.633417416Z","level":"info","message":"  event: 'http_request',"}
{"timestamp":"2026-09-06T06:35:44.633421526Z","level":"info","message":"  ts: '2026-09-06T06:35:44.632Z',"}
{"timestamp":"2026-09-06T06:35:44.633425986Z","level":"info","message":"  requestId: 'f7b31566-2844-4beb-b82f-3e17f2d47ca6',"}
{"message":"  method: 'OPTIONS',","timestamp":"2026-09-06T06:35:44.633430006Z","level":"info"}
{"level":"info","timestamp":"2026-09-06T06:35:44.633434186Z","message":"  route: '/api/v2/events',"}
{"message":"  status: 204,","level":"info","timestamp":"2026-09-06T06:35:44.633438276Z"}
{"timestamp":"2026-09-06T06:35:44.633442226Z","level":"info","message":"  durationMs: 1"}
{"message":"}","level":"info","timestamp":"2026-09-06T06:35:44.633445966Z"}
{"level":"error","timestamp":"2026-09-06T06:35:44.797803418Z","message":"[ops] {"}
{"timestamp":"2026-09-06T06:35:44.797807988Z","level":"error","message":"  event: 'security.app_check_rejected',"}
{"level":"error","message":"  ts: '2026-09-06T06:35:44.794Z',","timestamp":"2026-09-06T06:35:44.797810908Z"}
{"message":"  reason: 'missing_token',","timestamp":"2026-09-06T06:35:44.797813258Z","level":"error"}
{"timestamp":"2026-09-06T06:35:44.797815698Z","level":"error","message":"  mode: 'monitor',"}
{"timestamp":"2026-09-06T06:35:44.797818478Z","message":"  route: '/api/v2/events'","level":"error"}
{"level":"error","timestamp":"2026-09-06T06:35:44.797821028Z","message":"}"}
{"message":"[ops] {","timestamp":"2026-09-06T06:35:45.221631738Z","level":"info"}
{"message":"  event: 'http_request',","timestamp":"2026-09-06T06:35:45.221636188Z","level":"info"}
{"message":"  ts: '2026-09-06T06:35:45.219Z',","timestamp":"2026-09-06T06:35:45.221639198Z","level":"info"}
{"timestamp":"2026-09-06T06:35:45.221641978Z","message":"  requestId: '0222cbb4-aca1-456d-953a-2a99d9293be6',","level":"info"}
{"level":"info","message":"  method: 'OPTIONS',","timestamp":"2026-09-06T06:35:45.221644908Z"}
{"timestamp":"2026-09-06T06:35:45.221647448Z","message":"  route: '/api/v2/events',","level":"info"}
{"level":"info","message":"  status: 204,","timestamp":"2026-09-06T06:35:45.221650418Z"}
{"message":"  durationMs: 0","timestamp":"2026-09-06T06:35:45.221653368Z","level":"info"}
{"timestamp":"2026-09-06T06:35:45.221656508Z","message":"}","level":"info"}
{"timestamp":"2026-09-06T06:35:45.521244648Z","level":"info","message":"  status: 200,"}
{"level":"info","message":"  durationMs: 529","timestamp":"2026-09-06T06:35:45.521255848Z"}
{"timestamp":"2026-09-06T06:35:45.521261248Z","level":"info","message":"}"}
{"timestamp":"2026-09-06T06:35:45.521265918Z","level":"error","message":"[ops] {"}
{"message":"  event: 'security.app_check_rejected',","level":"error","timestamp":"2026-09-06T06:35:45.521270768Z"}
{"message":"  ts: '2026-09-06T06:35:45.386Z',","timestamp":"2026-09-06T06:35:45.521275788Z","level":"error"}
{"timestamp":"2026-09-06T06:35:45.521281078Z","message":"  reason: 'missing_token',","level":"error"}
{"message":"  mode: 'monitor',","timestamp":"2026-09-06T06:35:45.521285648Z","level":"error"}
{"timestamp":"2026-09-06T06:35:45.521290557Z","message":"  route: '/api/v2/events'","level":"error"}
{"message":"}","timestamp":"2026-09-06T06:35:45.521295937Z","level":"error"}
{"timestamp":"2026-09-06T06:35:45.521361177Z","level":"info","message":"[ops] {"}
{"level":"info","timestamp":"2026-09-06T06:35:45.521364527Z","message":"  event: 'http_request',"}
{"timestamp":"2026-09-06T06:35:45.521367876Z","level":"info","message":"  ts: '2026-09-06T06:35:45.322Z',"}
{"message":"  requestId: 'da4af9c4-2d56-42fd-bfbf-faf47ed7fc60',","timestamp":"2026-09-06T06:35:45.521371116Z","level":"info"}
{"timestamp":"2026-09-06T06:35:45.521374516Z","level":"info","message":"  method: 'GET',"}
{"message":"  route: '/api/v2/events',","timestamp":"2026-09-06T06:35:45.521378256Z","level":"info"}
{"timestamp":"2026-09-06T06:35:45.934086739Z","level":"info","message":"[ops] {"}
{"level":"info","timestamp":"2026-09-06T06:35:45.934091779Z","message":"  event: 'http_request',"}
{"timestamp":"2026-09-06T06:35:45.934096419Z","message":"  ts: '2026-09-06T06:35:45.932Z',","level":"info"}
{"message":"  requestId: '6be6abe0-e5e7-4560-a486-10a2e562c5e5',","level":"info","timestamp":"2026-09-06T06:35:45.934100529Z"}
{"timestamp":"2026-09-06T06:35:45.934104249Z","message":"  method: 'GET',","level":"info"}
{"timestamp":"2026-09-06T06:35:45.934108499Z","level":"info","message":"  route: '/api/v2/events',"}
{"message":"  status: 200,","level":"info","timestamp":"2026-09-06T06:35:45.934111539Z"}
{"message":"  durationMs: 546","timestamp":"2026-09-06T06:35:45.934115179Z","level":"info"}
{"level":"info","message":"}","timestamp":"2026-09-06T06:35:45.934118519Z"}
{"message":"[ops] {","timestamp":"2026-09-06T06:35:47.137195498Z","level":"info"}
{"message":"  event: 'http_request',","timestamp":"2026-09-06T06:35:47.137201008Z","level":"info"}
{"level":"info","message":"  ts: '2026-09-06T06:35:47.134Z',","timestamp":"2026-09-06T06:35:47.137204088Z"}
{"level":"info","timestamp":"2026-09-06T06:35:47.137207038Z","message":"  requestId: 'b838e12b-4c3d-4c67-928f-37a70fe7023a',"}
{"level":"info","message":"  method: 'OPTIONS',","timestamp":"2026-09-06T06:35:47.137210308Z"}
{"timestamp":"2026-09-06T06:35:47.137212968Z","message":"  route: '/api/v2/events',","level":"info"}
{"message":"  status: 204,","timestamp":"2026-09-06T06:35:47.137215898Z","level":"info"}
{"message":"  durationMs: 0","timestamp":"2026-09-06T06:35:47.137218498Z","level":"info"}
{"level":"info","message":"}","timestamp":"2026-09-06T06:35:47.137221008Z"}
{"message":"[ops] {","timestamp":"2026-09-06T06:35:47.302943983Z","level":"error"}
{"timestamp":"2026-09-06T06:35:47.302950593Z","message":"  event: 'security.app_check_rejected',","level":"error"}
{"message":"  ts: '2026-09-06T06:35:47.300Z',","level":"error","timestamp":"2026-09-06T06:35:47.302955043Z"}
{"message":"  reason: 'missing_token',","level":"error","timestamp":"2026-09-06T06:35:47.302959053Z"}
{"timestamp":"2026-09-06T06:35:47.302962773Z","message":"  mode: 'monitor',","level":"error"}
{"level":"error","message":"  route: '/api/v2/events'","timestamp":"2026-09-06T06:35:47.302966913Z"}
{"timestamp":"2026-09-06T06:35:47.302970372Z","level":"error","message":"}"}
{"message":"[ops] {","timestamp":"2026-09-06T06:35:47.719312549Z","level":"info"}
{"message":"  event: 'http_request',","timestamp":"2026-09-06T06:35:47.719319249Z","level":"info"}
{"message":"  ts: '2026-09-06T06:35:47.718Z',","timestamp":"2026-09-06T06:35:47.719324799Z","level":"info"}
{"message":"  requestId: 'a4ae72f5-9a3c-4025-9593-c923fabc6b5c',","timestamp":"2026-09-06T06:35:47.719329429Z","level":"info"}
{"message":"  method: 'OPTIONS',","timestamp":"2026-09-06T06:35:47.719335069Z","level":"info"}
{"level":"info","message":"  route: '/api/v2/events',","timestamp":"2026-09-06T06:35:47.719340228Z"}
{"message":"  status: 204,","level":"info","timestamp":"2026-09-06T06:35:47.719345268Z"}
{"timestamp":"2026-09-06T06:35:47.719350038Z","level":"info","message":"  durationMs: 0"}
{"message":"}","timestamp":"2026-09-06T06:35:47.719358458Z","level":"info"}
{"level":"error","timestamp":"2026-09-06T06:35:47.884893696Z","message":"[ops] {"}
{"level":"error","message":"  event: 'security.app_check_rejected',","timestamp":"2026-09-06T06:35:47.884897036Z"}
{"message":"  ts: '2026-09-06T06:35:47.881Z',","timestamp":"2026-09-06T06:35:47.884899896Z","level":"error"}
{"timestamp":"2026-09-06T06:35:47.884902865Z","level":"error","message":"  reason: 'missing_token',"}
{"timestamp":"2026-09-06T06:35:47.884905595Z","level":"error","message":"  mode: 'monitor',"}
{"message":"  route: '/api/v2/events'","timestamp":"2026-09-06T06:35:47.884908585Z","level":"error"}
{"timestamp":"2026-09-06T06:35:47.884911305Z","message":"}","level":"error"}
{"timestamp":"2026-09-06T06:35:47.915938715Z","level":"info","message":"[ops] {"}
{"level":"info","timestamp":"2026-09-06T06:35:47.915942115Z","message":"  event: 'http_request',"}
{"timestamp":"2026-09-06T06:35:47.915946495Z","message":"  ts: '2026-09-06T06:35:47.905Z',","level":"info"}
{"level":"info","timestamp":"2026-09-06T06:35:47.915950075Z","message":"  requestId: '2f7f0e48-7f21-4ae8-ba68-fa704caba19f',"}
{"message":"  method: 'GET',","timestamp":"2026-09-06T06:35:47.915954205Z","level":"info"}
{"level":"info","message":"  route: '/api/v2/events',","timestamp":"2026-09-06T06:35:47.915957675Z"}
{"message":"  status: 200,","timestamp":"2026-09-06T06:35:47.915961145Z","level":"info"}
{"timestamp":"2026-09-06T06:35:47.915964145Z","message":"  durationMs: 605","level":"info"}
{"message":"}","level":"info","timestamp":"2026-09-06T06:35:47.915967665Z"}
{"timestamp":"2026-09-06T06:35:48.567659129Z","message":"[ops] {","level":"info"}
{"level":"info","timestamp":"2026-09-06T06:35:48.567663519Z","message":"  event: 'http_request',"}
{"level":"info","timestamp":"2026-09-06T06:35:48.567667139Z","message":"  ts: '2026-09-06T06:35:48.458Z',"}
{"message":"  requestId: 'bc3c126a-eccb-40bd-b34a-d5540d9c7b3f',","level":"info","timestamp":"2026-09-06T06:35:48.567670589Z"}
{"message":"  method: 'GET',","level":"info","timestamp":"2026-09-06T06:35:48.567674159Z"}
{"level":"info","message":"  route: '/api/v2/events',","timestamp":"2026-09-06T06:35:48.567678429Z"}
{"message":"  status: 200,","timestamp":"2026-09-06T06:35:48.567683199Z","level":"info"}
{"message":"  durationMs: 577","timestamp":"2026-09-06T06:35:48.567687869Z","level":"info"}
{"message":"}","level":"info","timestamp":"2026-09-06T06:35:48.567692379Z"}
{"timestamp":"2026-09-06T06:35:49.643234652Z","message":"  status: 204,","level":"info"}
{"message":"[ops] {","timestamp":"2026-09-06T06:35:49.643239582Z","level":"info"}
{"timestamp":"2026-09-06T06:35:49.643240442Z","level":"info","message":"  durationMs: 0"}
{"level":"info","message":"}","timestamp":"2026-09-06T06:35:49.643244302Z"}
{"message":"  event: 'http_request',","level":"info","timestamp":"2026-09-06T06:35:49.643246042Z"}
{"message":"  ts: '2026-09-06T06:35:49.640Z',","timestamp":"2026-09-06T06:35:49.643249912Z","level":"info"}
{"level":"info","timestamp":"2026-09-06T06:35:49.643252732Z","message":"  requestId: '36b18e17-2e1f-4f43-a4b7-3f58f367049d',"}
{"timestamp":"2026-09-06T06:35:49.643257482Z","message":"  method: 'OPTIONS',","level":"info"}
{"message":"  route: '/api/v2/agents/active',","timestamp":"2026-09-06T06:35:49.643262602Z","level":"info"}
{"message":"  status: 204,","timestamp":"2026-09-06T06:35:49.643265322Z","level":"info"}
{"timestamp":"2026-09-06T06:35:49.643268072Z","level":"info","message":"  durationMs: 0"}
{"level":"info","message":"}","timestamp":"2026-09-06T06:35:49.643271032Z"}
{"message":"[ops] {","timestamp":"2026-09-06T06:35:49.643276672Z","level":"info"}
{"level":"info","timestamp":"2026-09-06T06:35:49.643279712Z","message":"  event: 'http_request',"}
{"timestamp":"2026-09-06T06:35:49.643282631Z","level":"info","message":"  ts: '2026-09-06T06:35:49.641Z',"}
{"level":"info","timestamp":"2026-09-06T06:35:49.643287591Z","message":"  requestId: '47d07008-97a1-489d-af6c-c7eb51d6404d',"}
{"level":"info","message":"  method: 'OPTIONS',","timestamp":"2026-09-06T06:35:49.643290091Z"}
{"message":"  route: '/api/v2/events',","timestamp":"2026-09-06T06:35:49.643292381Z","level":"info"}
{"message":"[ops] {","timestamp":"2026-09-06T06:35:49.814471666Z","level":"error"}
{"level":"error","message":"  event: 'security.app_check_rejected',","timestamp":"2026-09-06T06:35:49.814482715Z"}
{"message":"  ts: '2026-09-06T06:35:49.813Z',","timestamp":"2026-09-06T06:35:49.814487855Z","level":"error"}
{"message":"  reason: 'missing_token',","timestamp":"2026-09-06T06:35:49.814493575Z","level":"error"}
{"timestamp":"2026-09-06T06:35:49.814497945Z","level":"error","message":"  mode: 'monitor',"}
{"timestamp":"2026-09-06T06:35:49.814502425Z","level":"error","message":"  route: '/api/v2/events'"}
{"level":"error","message":"}","timestamp":"2026-09-06T06:35:49.814506115Z"}
{"message":"[ops] {","timestamp":"2026-09-06T06:35:49.815593281Z","level":"error"}
{"level":"error","timestamp":"2026-09-06T06:35:49.815597611Z","message":"  event: 'security.app_check_rejected',"}
{"timestamp":"2026-09-06T06:35:49.815600571Z","level":"error","message":"  ts: '2026-09-06T06:35:49.814Z',"}
{"level":"error","timestamp":"2026-09-06T06:35:49.815602971Z","message":"  reason: 'missing_token',"}
{"timestamp":"2026-09-06T06:35:49.815605341Z","message":"  mode: 'monitor',","level":"error"}
{"timestamp":"2026-09-06T06:35:49.815607911Z","level":"error","message":"  route: '/api/v2/agents/active'"}
{"level":"error","message":"}","timestamp":"2026-09-06T06:35:49.815610421Z"}
{"message":"[ops] {","timestamp":"2026-09-06T06:35:49.872000144Z","level":"info"}
{"level":"info","message":"  event: 'http_request',","timestamp":"2026-09-06T06:35:49.872004244Z"}
{"level":"info","timestamp":"2026-09-06T06:35:49.872006784Z","message":"  ts: '2026-09-06T06:35:49.868Z',"}
{"timestamp":"2026-09-06T06:35:49.872009284Z","level":"info","message":"  requestId: '411b6d02-65c2-4806-9fb4-495c0b9c944e',"}
{"level":"info","timestamp":"2026-09-06T06:35:49.872012624Z","message":"  method: 'GET',"}
{"message":"  route: '/api/v2/agents/active',","timestamp":"2026-09-06T06:35:49.872016234Z","level":"info"}
{"level":"info","timestamp":"2026-09-06T06:35:49.872018814Z","message":"  status: 200,"}
{"message":"  durationMs: 54","timestamp":"2026-09-06T06:35:49.872021444Z","level":"info"}
{"message":"}","timestamp":"2026-09-06T06:35:49.872024394Z","level":"info"}
{"timestamp":"2026-09-06T06:35:50.173281393Z","level":"info","message":"  method: 'OPTIONS',"}
{"level":"info","message":"  route: '/api/studio/status',","timestamp":"2026-09-06T06:35:50.173288583Z"}
{"timestamp":"2026-09-06T06:35:50.173292963Z","level":"info","message":"  status: 204,"}
{"timestamp":"2026-09-06T06:35:50.173298373Z","message":"  durationMs: 0","level":"info"}
{"timestamp":"2026-09-06T06:35:50.173302293Z","message":"}","level":"info"}
{"message":"[ops] {","timestamp":"2026-09-06T06:35:50.173356382Z","level":"info"}
{"message":"  event: 'http_request',","timestamp":"2026-09-06T06:35:50.173360142Z","level":"info"}
{"level":"info","message":"  ts: '2026-09-06T06:35:50.169Z',","timestamp":"2026-09-06T06:35:50.173363232Z"}
{"message":"  requestId: 'f19bdf09-daa7-44e4-a38d-5dc423692851',","level":"info","timestamp":"2026-09-06T06:35:50.173366682Z"}
{"level":"info","message":"[ops] {","timestamp":"2026-09-06T06:35:50.184430110Z"}
{"level":"info","timestamp":"2026-09-06T06:35:50.184433580Z","message":"  event: 'http_request',"}
{"level":"info","message":"  ts: '2026-09-06T06:35:50.178Z',","timestamp":"2026-09-06T06:35:50.184437369Z"}
{"level":"info","message":"  requestId: '6d994ec1-3a67-4fcc-9327-1ce04f8273b3',","timestamp":"2026-09-06T06:35:50.184441469Z"}
{"level":"info","message":"  method: 'OPTIONS',","timestamp":"2026-09-06T06:35:50.184446129Z"}
{"level":"info","timestamp":"2026-09-06T06:35:50.184449729Z","message":"  route: '/api/studio/mcp/status',"}
{"message":"  status: 204,","level":"info","timestamp":"2026-09-06T06:35:50.184453089Z"}
{"level":"info","timestamp":"2026-09-06T06:35:50.184456619Z","message":"  durationMs: 0"}
{"level":"info","message":"}","timestamp":"2026-09-06T06:35:50.184460269Z"}
{"timestamp":"2026-09-06T06:35:50.227345637Z","level":"info","message":"[ops] {"}
{"message":"  event: 'http_request',","level":"info","timestamp":"2026-09-06T06:35:50.227349047Z"}
{"message":"  ts: '2026-09-06T06:35:50.224Z',","timestamp":"2026-09-06T06:35:50.227351506Z","level":"info"}
{"timestamp":"2026-09-06T06:35:50.227354056Z","level":"info","message":"  requestId: 'dce47ca5-473c-46e1-a877-988e084b4c92',"}
{"timestamp":"2026-09-06T06:35:50.227356576Z","level":"info","message":"  method: 'OPTIONS',"}
{"timestamp":"2026-09-06T06:35:50.227359126Z","level":"info","message":"  route: '/api/v2/agents/active',"}
{"level":"info","timestamp":"2026-09-06T06:35:50.227361376Z","message":"  status: 204,"}
{"message":"  durationMs: 1","timestamp":"2026-09-06T06:35:50.227363786Z","level":"info"}
{"timestamp":"2026-09-06T06:35:50.227366686Z","message":"}","level":"info"}
{"message":"[ops] {","level":"info","timestamp":"2026-09-06T06:35:50.227369306Z"}
{"level":"info","timestamp":"2026-09-06T06:35:50.227372166Z","message":"  event: 'http_request',"}
{"timestamp":"2026-09-06T06:35:50.227375126Z","message":"  ts: '2026-09-06T06:35:50.225Z',","level":"info"}
{"level":"info","message":"  requestId: '81654247-4359-4481-939b-a5fb4ab4434f',","timestamp":"2026-09-06T06:35:50.227377596Z"}
{"message":"  method: 'OPTIONS',","level":"info","timestamp":"2026-09-06T06:35:50.227379976Z"}
{"level":"info","timestamp":"2026-09-06T06:35:50.227382276Z","message":"  route: '/api/v2/events',"}
{"level":"info","message":"  status: 204,","timestamp":"2026-09-06T06:35:50.227384856Z"}
{"level":"info","message":"  durationMs: 0","timestamp":"2026-09-06T06:35:50.227387146Z"}
{"level":"info","message":"}","timestamp":"2026-09-06T06:35:50.227389566Z"}
{"level":"error","message":"[ops] {","timestamp":"2026-09-06T06:35:50.498757440Z"}
{"message":"  event: 'security.app_check_rejected',","timestamp":"2026-09-06T06:35:50.498760080Z","level":"error"}
{"timestamp":"2026-09-06T06:35:50.498762660Z","message":"  ts: '2026-09-06T06:35:50.330Z',","level":"error"}
{"message":"  reason: 'missing_token',","level":"error","timestamp":"2026-09-06T06:35:50.498765260Z"}
{"level":"error","message":"  mode: 'monitor',","timestamp":"2026-09-06T06:35:50.498767680Z"}
{"timestamp":"2026-09-06T06:35:50.498770490Z","level":"error","message":"  route: '/api/studio/status'"}
{"timestamp":"2026-09-06T06:35:50.498773100Z","level":"error","message":"}"}
{"level":"error","timestamp":"2026-09-06T06:35:50.498775750Z","message":"[ops] {"}
{"message":"  event: 'security.app_check_rejected',","level":"error","timestamp":"2026-09-06T06:35:50.498778080Z"}
{"message":"  ts: '2026-09-06T06:35:50.347Z',","timestamp":"2026-09-06T06:35:50.498780340Z","level":"error"}
{"message":"  reason: 'missing_token',","level":"error","timestamp":"2026-09-06T06:35:50.498783189Z"}
{"timestamp":"2026-09-06T06:35:50.498785619Z","message":"  mode: 'monitor',","level":"error"}
{"message":"  route: '/api/studio/mcp/status'","timestamp":"2026-09-06T06:35:50.498788079Z","level":"error"}
{"timestamp":"2026-09-06T06:35:50.498790219Z","message":"}","level":"error"}
{"message":"[ops] {","level":"info","timestamp":"2026-09-06T06:35:50.498792609Z"}
{"message":"  event: 'http_request',","level":"info","timestamp":"2026-09-06T06:35:50.498794769Z"}
{"message":"  ts: '2026-09-06T06:35:50.372Z',","level":"info","timestamp":"2026-09-06T06:35:50.498798079Z"}
{"level":"info","message":"  requestId: '629f2c11-1e1d-4915-87d2-c929c8afbdb1',","timestamp":"2026-09-06T06:35:50.498800649Z"}
{"message":"  method: 'GET',","timestamp":"2026-09-06T06:35:50.498802979Z","level":"info"}
{"level":"info","message":"  route: '/api/v2/events',","timestamp":"2026-09-06T06:35:50.498805249Z"}
{"timestamp":"2026-09-06T06:35:50.498807839Z","level":"info","message":"  status: 200,"}
{"message":"  durationMs: 560","level":"info","timestamp":"2026-09-06T06:35:50.498810129Z"}
{"level":"info","message":"}","timestamp":"2026-09-06T06:35:50.498812469Z"}
{"timestamp":"2026-09-06T06:35:50.498814979Z","level":"error","message":"[ops] {"}
{"timestamp":"2026-09-06T06:35:50.498817419Z","level":"error","message":"  event: 'security.app_check_rejected',"}
{"level":"error","timestamp":"2026-09-06T06:35:50.498819649Z","message":"  ts: '2026-09-06T06:35:50.388Z',"}
{"level":"error","message":"  reason: 'missing_token',","timestamp":"2026-09-06T06:35:50.498821849Z"}
{"message":"  mode: 'monitor',","timestamp":"2026-09-06T06:35:50.498824529Z","level":"error"}
{"timestamp":"2026-09-06T06:35:50.498827259Z","message":"  route: '/api/v2/events'","level":"error"}
{"level":"error","message":"}","timestamp":"2026-09-06T06:35:50.498829859Z"}
{"timestamp":"2026-09-06T06:35:50.498832749Z","level":"error","message":"[ops] {"}
{"message":"  method: 'GET',","timestamp":"2026-09-06T06:35:50.499543970Z","level":"info"}
{"message":"  route: '/api/v2/agents/active',","level":"info","timestamp":"2026-09-06T06:35:50.499548610Z"}
{"message":"  status: 200,","timestamp":"2026-09-06T06:35:50.499551610Z","level":"info"}
{"message":"  durationMs: 57","timestamp":"2026-09-06T06:35:50.499555280Z","level":"info"}
{"timestamp":"2026-09-06T06:35:50.499598059Z","level":"info","message":"}"}
{"message":"  event: 'http_request',","level":"info","timestamp":"2026-09-06T06:35:50.499616499Z"}
{"message":"  event: 'security.app_check_rejected',","level":"error","timestamp":"2026-09-06T06:35:50.499619719Z"}
{"level":"info","timestamp":"2026-09-06T06:35:50.499621589Z","message":"  ts: '2026-09-06T06:35:50.449Z',"}
{"message":"  ts: '2026-09-06T06:35:50.391Z',","level":"error","timestamp":"2026-09-06T06:35:50.499624399Z"}
{"timestamp":"2026-09-06T06:35:50.499625899Z","message":"  requestId: '8f7c1c7c-de6d-4f3f-a8f9-cff57065f7bc',","level":"info"}
{"message":"  reason: 'missing_token',","timestamp":"2026-09-06T06:35:50.499628419Z","level":"error"}
{"message":"  mode: 'monitor',","timestamp":"2026-09-06T06:35:50.499633589Z","level":"error"}
{"level":"error","timestamp":"2026-09-06T06:35:50.499637348Z","message":"  route: '/api/v2/agents/active'"}
{"timestamp":"2026-09-06T06:35:50.499641658Z","message":"}","level":"error"}
{"level":"info","timestamp":"2026-09-06T06:35:50.499645988Z","message":"[ops] {"}
{"message":"}","timestamp":"2026-09-06T06:35:50.625578646Z","level":"info"}
{"level":"info","timestamp":"2026-09-06T06:35:50.625602185Z","message":"[ops] {"}
{"message":"  event: 'http_request',","timestamp":"2026-09-06T06:35:50.625612325Z","level":"info"}
{"message":"  ts: '2026-09-06T06:35:50.620Z',","level":"info","timestamp":"2026-09-06T06:35:50.625619195Z"}
{"timestamp":"2026-09-06T06:35:50.625624735Z","level":"info","message":"  requestId: '1392ed6e-e79c-4c7e-8e97-ecd4094fdd29',"}
{"message":"  method: 'GET',","timestamp":"2026-09-06T06:35:50.625629745Z","level":"info"}
{"level":"info","message":"  route: '/api/studio/mcp/status',","timestamp":"2026-09-06T06:35:50.625633845Z"}
{"level":"info","timestamp":"2026-09-06T06:35:50.625638205Z","message":"  status: 200,"}
{"timestamp":"2026-09-06T06:35:50.625642095Z","message":"  durationMs: 273","level":"info"}
{"message":"[ops] {","timestamp":"2026-09-06T06:35:50.804066545Z","level":"info"}
{"message":"  event: 'http_request',","level":"info","timestamp":"2026-09-06T06:35:50.804069105Z"}
{"timestamp":"2026-09-06T06:35:50.804071655Z","level":"info","message":"  ts: '2026-09-06T06:35:50.802Z',"}
{"message":"  requestId: 'cce3f89a-51a7-4e3d-80dd-0e6be29a48c9',","level":"info","timestamp":"2026-09-06T06:35:50.804074235Z"}
{"message":"  method: 'GET',","level":"info","timestamp":"2026-09-06T06:35:50.804077065Z"}
{"level":"info","message":"  route: '/api/studio/status',","timestamp":"2026-09-06T06:35:50.804079515Z"}
{"level":"info","message":"  status: 200,","timestamp":"2026-09-06T06:35:50.804145064Z"}
{"message":"  durationMs: 473","level":"info","timestamp":"2026-09-06T06:35:50.804149394Z"}
{"message":"}","level":"info","timestamp":"2026-09-06T06:35:50.804152744Z"}
{"timestamp":"2026-09-06T06:35:50.985807684Z","level":"info","message":"  route: '/api/v2/events',"}
{"timestamp":"2026-09-06T06:35:50.985813724Z","level":"info","message":"  status: 200,"}
{"timestamp":"2026-09-06T06:35:50.985817104Z","level":"info","message":"  durationMs: 590"}
{"message":"}","timestamp":"2026-09-06T06:35:50.985820724Z","level":"info"}
{"timestamp":"2026-09-06T06:35:50.985841813Z","level":"info","message":"[ops] {"}
{"timestamp":"2026-09-06T06:35:50.985845423Z","message":"  event: 'http_request',","level":"info"}
{"timestamp":"2026-09-06T06:35:50.985851363Z","message":"  ts: '2026-09-06T06:35:50.978Z',","level":"info"}
{"level":"info","timestamp":"2026-09-06T06:35:50.985855073Z","message":"  requestId: '7aef86de-0db3-4995-8095-d8654bdfe46e',"}
{"level":"info","message":"  method: 'GET',","timestamp":"2026-09-06T06:35:50.985858723Z"}
{"level":"info","message":"  status: 204,","timestamp":"2026-09-06T06:35:52.140015343Z"}
{"message":"  durationMs: 0","timestamp":"2026-09-06T06:35:52.140021213Z","level":"info"}
{"timestamp":"2026-09-06T06:35:52.140022133Z","level":"info","message":"[ops] {"}
{"level":"info","message":"}","timestamp":"2026-09-06T06:35:52.140025293Z"}
{"timestamp":"2026-09-06T06:35:52.140027503Z","level":"info","message":"  event: 'http_request',"}
{"level":"info","message":"  ts: '2026-09-06T06:35:52.138Z',","timestamp":"2026-09-06T06:35:52.140031983Z"}
{"level":"info","message":"  requestId: '4c0ade69-6882-436e-a1be-bc5b086137cd',","timestamp":"2026-09-06T06:35:52.140035513Z"}
{"timestamp":"2026-09-06T06:35:52.140039193Z","message":"  method: 'OPTIONS',","level":"info"}
{"message":"  route: '/api/v2/events',","timestamp":"2026-09-06T06:35:52.140043013Z","level":"info"}
{"level":"info","message":"[ops] {","timestamp":"2026-09-06T06:35:52.520683799Z"}
{"timestamp":"2026-09-06T06:35:52.520686249Z","message":"  event: 'http_request',","level":"info"}
{"timestamp":"2026-09-06T06:35:52.520689759Z","level":"info","message":"  ts: '2026-09-06T06:35:52.331Z',"}
{"timestamp":"2026-09-06T06:35:52.520692489Z","message":"  requestId: '9363e87e-87ba-4fd0-8bf7-209f51ff7288',","level":"info"}
{"timestamp":"2026-09-06T06:35:52.520695049Z","message":"  method: 'POST',","level":"info"}
{"timestamp":"2026-09-06T06:35:52.520697479Z","message":"  route: '/api/studio/mcp/session/ping',","level":"info"}
{"message":"  status: 200,","timestamp":"2026-09-06T06:35:52.520700139Z","level":"info"}
{"timestamp":"2026-09-06T06:35:52.520702559Z","message":"  durationMs: 264","level":"info"}
{"level":"info","message":"}","timestamp":"2026-09-06T06:35:52.520705469Z"}
{"timestamp":"2026-09-06T06:35:52.520707659Z","level":"error","message":"[ops] {"}
{"message":"  event: 'security.app_check_rejected',","timestamp":"2026-09-06T06:35:52.520710389Z","level":"error"}
{"timestamp":"2026-09-06T06:35:52.520713108Z","message":"  ts: '2026-09-06T06:35:52.332Z',","level":"error"}
{"timestamp":"2026-09-06T06:35:52.520715798Z","message":"  reason: 'missing_token',","level":"error"}
{"timestamp":"2026-09-06T06:35:52.520718568Z","level":"error","message":"  mode: 'monitor',"}
{"level":"error","timestamp":"2026-09-06T06:35:52.520721038Z","message":"  route: '/api/v2/events'"}
{"timestamp":"2026-09-06T06:35:52.520723928Z","level":"error","message":"}"}
{"message":"[ops] {","timestamp":"2026-09-06T06:35:52.727842920Z","level":"info"}
{"timestamp":"2026-09-06T06:35:52.727843020Z","message":"  durationMs: 0","level":"info"}
{"message":"  event: 'http_request',","timestamp":"2026-09-06T06:35:52.727847170Z","level":"info"}
{"message":"}","timestamp":"2026-09-06T06:35:52.727847890Z","level":"info"}
{"message":"  ts: '2026-09-06T06:35:52.726Z',","timestamp":"2026-09-06T06:35:52.727849960Z","level":"info"}
{"timestamp":"2026-09-06T06:35:52.727852560Z","level":"info","message":"  requestId: '63cfeb47-a602-44a9-9793-eca5ed08365d',"}
{"message":"  method: 'OPTIONS',","timestamp":"2026-09-06T06:35:52.727855620Z","level":"info"}
{"timestamp":"2026-09-06T06:35:52.727865970Z","level":"info","message":"  route: '/api/v2/events',"}
{"level":"info","message":"  status: 204,","timestamp":"2026-09-06T06:35:52.727869299Z"}
{"level":"info","message":"[ops] {","timestamp":"2026-09-06T06:35:52.891446542Z"}
{"timestamp":"2026-09-06T06:35:52.891450282Z","message":"  event: 'http_request',","level":"info"}
{"message":"  ts: '2026-09-06T06:35:52.877Z',","timestamp":"2026-09-06T06:35:52.891453722Z","level":"info"}
{"level":"info","timestamp":"2026-09-06T06:35:52.891456862Z","message":"  requestId: '172073fa-7021-46a6-894e-be0f4a473071',"}
{"message":"  method: 'GET',","timestamp":"2026-09-06T06:35:52.891460392Z","level":"info"}
{"message":"  route: '/api/v2/events',","timestamp":"2026-09-06T06:35:52.891464442Z","level":"info"}
{"level":"info","message":"  status: 200,","timestamp":"2026-09-06T06:35:52.891467752Z"}
{"message":"  durationMs: 545","level":"info","timestamp":"2026-09-06T06:35:52.891471112Z"}
{"timestamp":"2026-09-06T06:35:52.891474002Z","level":"info","message":"}"}
{"timestamp":"2026-09-06T06:35:52.907064421Z","message":"[ops] {","level":"error"}
{"timestamp":"2026-09-06T06:35:52.907069691Z","level":"error","message":"  event: 'security.app_check_rejected',"}
{"timestamp":"2026-09-06T06:35:52.907073791Z","level":"error","message":"  ts: '2026-09-06T06:35:52.906Z',"}
{"message":"  reason: 'missing_token',","level":"error","timestamp":"2026-09-06T06:35:52.907077091Z"}
{"message":"  mode: 'monitor',","timestamp":"2026-09-06T06:35:52.907080431Z","level":"error"}
{"timestamp":"2026-09-06T06:35:52.907084701Z","level":"error","message":"  route: '/api/v2/events'"}
{"message":"}","timestamp":"2026-09-06T06:35:52.907088221Z","level":"error"}
{"timestamp":"2026-09-06T06:35:53.580054490Z","level":"info","message":"[ops] {"}
{"timestamp":"2026-09-06T06:35:53.580057830Z","level":"info","message":"  event: 'http_request',"}
{"level":"info","message":"  ts: '2026-09-06T06:35:53.513Z',","timestamp":"2026-09-06T06:35:53.580061030Z"}
{"timestamp":"2026-09-06T06:35:53.580064590Z","message":"  requestId: 'f5724ea5-c2d1-431c-bc3d-5e1ec90d00c6',","level":"info"}
{"message":"  method: 'GET',","timestamp":"2026-09-06T06:35:53.580068510Z","level":"info"}
{"level":"info","timestamp":"2026-09-06T06:35:53.580071430Z","message":"  route: '/api/v2/events',"}
{"level":"info","message":"  status: 200,","timestamp":"2026-09-06T06:35:53.580075080Z"}
{"timestamp":"2026-09-06T06:35:53.580078210Z","message":"  durationMs: 608","level":"info"}
{"message":"}","timestamp":"2026-09-06T06:35:53.580081140Z","level":"info"}
{"level":"info","message":"[ops] {","timestamp":"2026-09-06T06:35:54.643772934Z"}
{"timestamp":"2026-09-06T06:35:54.643779254Z","level":"info","message":"  event: 'http_request',"}
{"message":"  ts: '2026-09-06T06:35:54.642Z',","timestamp":"2026-09-06T06:35:54.643783984Z","level":"info"}
{"level":"info","message":"  requestId: '7b77376a-a46b-49be-935b-50c46a1f6abc',","timestamp":"2026-09-06T06:35:54.643787594Z"}
{"message":"  method: 'OPTIONS',","timestamp":"2026-09-06T06:35:54.643791564Z","level":"info"}
{"timestamp":"2026-09-06T06:35:54.643795534Z","level":"info","message":"  route: '/api/v2/events',"}
{"timestamp":"2026-09-06T06:35:54.643798974Z","level":"info","message":"  status: 204,"}
{"level":"info","timestamp":"2026-09-06T06:35:54.643801464Z","message":"  durationMs: 0"}
{"timestamp":"2026-09-06T06:35:54.643804804Z","level":"info","message":"}"}
{"message":"[ops] {","level":"error","timestamp":"2026-09-06T06:35:54.812618099Z"}
{"timestamp":"2026-09-06T06:35:54.812626729Z","level":"error","message":"  event: 'security.app_check_rejected',"}
{"message":"  ts: '2026-09-06T06:35:54.811Z',","timestamp":"2026-09-06T06:35:54.812633499Z","level":"error"}
{"level":"error","message":"  reason: 'missing_token',","timestamp":"2026-09-06T06:35:54.812639279Z"}
{"timestamp":"2026-09-06T06:35:54.812644779Z","message":"  mode: 'monitor',","level":"error"}
{"level":"error","message":"  route: '/api/v2/events'","timestamp":"2026-09-06T06:35:54.812649709Z"}
{"level":"error","timestamp":"2026-09-06T06:35:54.812655989Z","message":"}"}
{"message":"[ops] {","level":"info","timestamp":"2026-09-06T06:35:55.232578629Z"}
{"timestamp":"2026-09-06T06:35:55.232584668Z","message":"  event: 'http_request',","level":"info"}
{"message":"  ts: '2026-09-06T06:35:55.230Z',","level":"info","timestamp":"2026-09-06T06:35:55.232591098Z"}
{"level":"info","message":"  requestId: 'f8066027-7a49-4789-91ef-f3862a91e5b7',","timestamp":"2026-09-06T06:35:55.232596398Z"}
{"timestamp":"2026-09-06T06:35:55.232600928Z","message":"  method: 'OPTIONS',","level":"info"}
{"timestamp":"2026-09-06T06:35:55.232605488Z","level":"info","message":"  route: '/api/v2/events',"}
{"level":"info","timestamp":"2026-09-06T06:35:55.232610148Z","message":"  status: 204,"}
{"timestamp":"2026-09-06T06:35:55.232615488Z","level":"info","message":"  durationMs: 0"}
{"message":"}","timestamp":"2026-09-06T06:35:55.232619658Z","level":"info"}
{"timestamp":"2026-09-06T06:35:55.532591183Z","level":"info","message":"}"}
{"level":"error","message":"[ops] {","timestamp":"2026-09-06T06:35:55.532601033Z"}
{"level":"error","timestamp":"2026-09-06T06:35:55.532608573Z","message":"  event: 'security.app_check_rejected',"}
{"timestamp":"2026-09-06T06:35:55.532614553Z","level":"error","message":"  ts: '2026-09-06T06:35:55.391Z',"}
{"message":"  reason: 'missing_token',","timestamp":"2026-09-06T06:35:55.532620203Z","level":"error"}
{"message":"  mode: 'monitor',","level":"error","timestamp":"2026-09-06T06:35:55.532627333Z"}
{"message":"  route: '/api/v2/events'","level":"error","timestamp":"2026-09-06T06:35:55.532633903Z"}
{"timestamp":"2026-09-06T06:35:55.532639032Z","level":"error","message":"}"}
{"message":"[ops] {","timestamp":"2026-09-06T06:35:55.532663412Z","level":"info"}
{"timestamp":"2026-09-06T06:35:55.532666352Z","level":"info","message":"  event: 'http_request',"}
{"timestamp":"2026-09-06T06:35:55.532669132Z","message":"  ts: '2026-09-06T06:35:55.377Z',","level":"info"}
{"level":"info","timestamp":"2026-09-06T06:35:55.532672102Z","message":"  requestId: 'befc22f6-77a2-4799-b7d2-ce8c09684330',"}
{"message":"  method: 'GET',","level":"info","timestamp":"2026-09-06T06:35:55.532674582Z"}
{"level":"info","message":"  route: '/api/v2/events',","timestamp":"2026-09-06T06:35:55.532677022Z"}
{"timestamp":"2026-09-06T06:35:55.532679752Z","message":"  status: 200,","level":"info"}
{"timestamp":"2026-09-06T06:35:55.532682552Z","level":"info","message":"  durationMs: 566"}
{"level":"info","timestamp":"2026-09-06T06:35:56.000696512Z","message":"[ops] {"}
{"message":"  event: 'http_request',","timestamp":"2026-09-06T06:35:56.000701152Z","level":"info"}
{"message":"  ts: '2026-09-06T06:35:55.998Z',","timestamp":"2026-09-06T06:35:56.000703612Z","level":"info"}
{"message":"  requestId: '7a60de9b-e0ed-41f4-9dae-267c2aaae041',","level":"info","timestamp":"2026-09-06T06:35:56.000706012Z"}
{"timestamp":"2026-09-06T06:35:56.000708642Z","level":"info","message":"  method: 'GET',"}
{"message":"  route: '/api/v2/events',","level":"info","timestamp":"2026-09-06T06:35:56.000711042Z"}
{"message":"  status: 200,","level":"info","timestamp":"2026-09-06T06:35:56.000713302Z"}
{"message":"  durationMs: 608","level":"info","timestamp":"2026-09-06T06:35:56.000715942Z"}
{"message":"}","timestamp":"2026-09-06T06:35:56.000718332Z","level":"info"}
{"level":"info","message":"[ops] {","timestamp":"2026-09-06T06:35:57.135212805Z"}
{"message":"  event: 'http_request',","timestamp":"2026-09-06T06:35:57.135218455Z","level":"info"}
{"message":"  ts: '2026-09-06T06:35:57.133Z',","level":"info","timestamp":"2026-09-06T06:35:57.135222125Z"}
{"timestamp":"2026-09-06T06:35:57.135225285Z","level":"info","message":"  requestId: 'a51a2bea-e274-4f1a-a8ca-39cb92898843',"}
{"message":"  method: 'OPTIONS',","level":"info","timestamp":"2026-09-06T06:35:57.135228795Z"}
{"message":"  route: '/api/v2/events',","timestamp":"2026-09-06T06:35:57.135232835Z","level":"info"}
{"timestamp":"2026-09-06T06:35:57.135236685Z","message":"  status: 204,","level":"info"}
{"timestamp":"2026-09-06T06:35:57.135240565Z","level":"info","message":"  durationMs: 0"}
{"timestamp":"2026-09-06T06:35:57.135244924Z","level":"info","message":"}"}
{"message":"[ops] {","level":"info","timestamp":"2026-09-06T06:35:57.189707673Z"}
{"message":"  ts: '2026-09-06T06:35:57.188Z',","level":"info","timestamp":"2026-09-06T06:35:57.189721183Z"}
{"level":"info","timestamp":"2026-09-06T06:35:57.189726423Z","message":"  requestId: '3988c5f1-b541-4c7c-90d2-bc3fe1c2979a',"}
{"level":"info","timestamp":"2026-09-06T06:35:57.189730623Z","message":"  sessionId: 'MLq8J3mhz56J6BRsAeQe',"}
{"timestamp":"2026-09-06T06:35:57.189734452Z","level":"info","message":"  userId: '0VSQotqOXxPXBLeQu1gUNkXELWH3',"}
{"message":"  status: 'compatible',","timestamp":"2026-09-06T06:35:57.189738382Z","level":"info"}
{"level":"info","message":"  reasonCodes: [],","timestamp":"2026-09-06T06:35:57.189742092Z"}
{"timestamp":"2026-09-06T06:35:57.189745642Z","level":"info","message":"  buildId: 'nexusrbx-studio-0.14.0-r15-animation.12-toolbox',"}
{"timestamp":"2026-09-06T06:35:57.189749082Z","message":"  attestationWritten: false,","level":"info"}
{"level":"info","timestamp":"2026-09-06T06:35:57.189753622Z","message":"  repairDurationMs: 507"}
{"message":"}","level":"info","timestamp":"2026-09-06T06:35:57.190994836Z"}
{"timestamp":"2026-09-06T06:35:57.191039096Z","level":"info","message":"[ops] {"}
{"timestamp":"2026-09-06T06:35:57.191042296Z","level":"info","message":"  event: 'http_request',"}
{"message":"  ts: '2026-09-06T06:35:57.189Z',","level":"info","timestamp":"2026-09-06T06:35:57.191046196Z"}
{"message":"  requestId: '3988c5f1-b541-4c7c-90d2-bc3fe1c2979a',","timestamp":"2026-09-06T06:35:57.191049256Z","level":"info"}
{"timestamp":"2026-09-06T06:35:57.191055355Z","message":"  route: '/api/studio/session/ping',","level":"info"}
{"message":"  status: 200,","level":"info","timestamp":"2026-09-06T06:35:57.191058185Z"}
{"message":"  mode: 'monitor',","timestamp":"2026-09-06T06:35:57.569043586Z","level":"error"}
{"timestamp":"2026-09-06T06:35:57.569051876Z","message":"  event: 'security.app_check_rejected',","level":"error"}
{"message":"  ts: '2026-09-06T06:35:57.317Z',","level":"error","timestamp":"2026-09-06T06:35:57.569058105Z"}
{"message":"}","timestamp":"2026-09-06T06:35:57.569060795Z","level":"error"}
{"level":"info","timestamp":"2026-09-06T06:35:57.735581460Z","message":"[ops] {"}
{"level":"info","message":"  event: 'http_request',","timestamp":"2026-09-06T06:35:57.735586420Z"}
{"timestamp":"2026-09-06T06:35:57.735589210Z","level":"info","message":"  ts: '2026-09-06T06:35:57.733Z',"}
{"timestamp":"2026-09-06T06:35:57.735591840Z","level":"info","message":"  requestId: 'e76655ff-a829-4041-8fdc-1f7d2122506d',"}
{"level":"info","message":"  route: '/api/v2/events',","timestamp":"2026-09-06T06:35:57.735596980Z"}
{"level":"info","timestamp":"2026-09-06T06:35:57.735600660Z","message":"  status: 204,"}
{"level":"info","message":"  durationMs: 0","timestamp":"2026-09-06T06:35:57.735603270Z"}
{"timestamp":"2026-09-06T06:35:57.735607210Z","message":"}","level":"info"}
{"level":"info","message":"[ops] {","timestamp":"2026-09-06T06:35:57.869536943Z"}
{"level":"info","timestamp":"2026-09-06T06:35:57.869541743Z","message":"  event: 'http_request',"}
{"message":"  ts: '2026-09-06T06:35:57.867Z',","timestamp":"2026-09-06T06:35:57.869545283Z","level":"info"}
{"message":"  requestId: '85089720-647d-494b-a5b7-ba202a12a0a8',","timestamp":"2026-09-06T06:35:57.869548463Z","level":"info"}
{"message":"  method: 'GET',","level":"info","timestamp":"2026-09-06T06:35:57.869551513Z"}
{"message":"  status: 200,","timestamp":"2026-09-06T06:35:57.869557293Z","level":"info"}
{"timestamp":"2026-09-06T06:35:57.869560513Z","level":"info","message":"  durationMs: 550"}
{"timestamp":"2026-09-06T06:35:57.869563313Z","level":"info","message":"}"}
{"timestamp":"2026-09-06T06:35:57.909347010Z","message":"[ops] {","level":"error"}
{"level":"error","message":"  event: 'security.app_check_rejected',","timestamp":"2026-09-06T06:35:57.909355900Z"}
{"message":"  ts: '2026-09-06T06:35:57.905Z',","timestamp":"2026-09-06T06:35:57.909361020Z","level":"error"}
{"timestamp":"2026-09-06T06:35:57.909366040Z","level":"error","message":"  reason: 'missing_token',"}
{"timestamp":"2026-09-06T06:35:57.909370880Z","message":"  mode: 'monitor',","level":"error"}
{"message":"  route: '/api/v2/events'","timestamp":"2026-09-06T06:35:57.909375280Z","level":"error"}
{"level":"error","timestamp":"2026-09-06T06:35:57.909380080Z","message":"}"}
{"message":"[ops] {","level":"info","timestamp":"2026-09-06T06:35:58.622365513Z"}
{"timestamp":"2026-09-06T06:35:58.622372023Z","level":"info","message":"  ts: '2026-09-06T06:35:58.621Z',"}
{"level":"info","message":"  requestId: '86bf3818-c370-4a2a-a54e-da9851d58a9f',","timestamp":"2026-09-06T06:35:58.622375023Z"}
{"timestamp":"2026-09-06T06:35:58.622386963Z","level":"info","message":"  durationMs: 717"}
{"timestamp":"2026-09-06T06:35:58.622390913Z","level":"info","message":"}"}
{"level":"info","message":"  ts: '2026-09-06T06:35:59.382Z',","timestamp":"2026-09-06T06:35:59.550250348Z"}
{"message":"  durationMs: 0","level":"info","timestamp":"2026-09-06T06:35:59.550266448Z"}
{"message":"  event: 'http_request',","level":"info","timestamp":"2026-09-06T06:35:59.550277278Z"}
{"timestamp":"2026-09-06T06:35:59.550292038Z","message":"  route: '/api/studio/mcp/status',","level":"info"}
{"message":"  event: 'security.app_check_rejected',","level":"error","timestamp":"2026-09-06T06:35:59.550301718Z"}
{"timestamp":"2026-09-06T06:35:59.550303008Z","message":"}","level":"info"}
{"message":"  route: '/api/studio/status'","level":"error","timestamp":"2026-09-06T06:35:59.550334187Z"}
{"message":"  route: '/api/studio/mcp/status'","timestamp":"2026-09-06T06:35:59.552106055Z","level":"error"}
{"level":"info","timestamp":"2026-09-06T06:35:59.637156879Z","message":"  requestId: '1104beb9-3ed9-40c1-a58b-428ed705eacc',"}
{"level":"info","timestamp":"2026-09-06T06:35:59.637176099Z","message":"}"}
{"timestamp":"2026-09-06T06:35:59.799259071Z","level":"error","message":"  event: 'security.app_check_rejected',"}
{"level":"error","message":"  ts: '2026-09-06T06:35:59.803Z',","timestamp":"2026-09-06T06:35:59.804865158Z"}
{"message":"  reason: 'missing_token',","level":"error","timestamp":"2026-09-06T06:35:59.804868858Z"}
{"message":"  route: '/api/v2/agents/active',","level":"info","timestamp":"2026-09-06T06:35:59.852779811Z"}
{"message":"  status: 200,","timestamp":"2026-09-06T06:35:59.884219326Z","level":"info"}
{"timestamp":"2026-09-06T06:36:00.114377340Z","level":"info","message":"  ts: '2026-09-06T06:36:00.112Z',"}
