{"timestamp":"2026-09-06T06:49:26.942475285Z","level":"error","message":"  mode: 'monitor',"}
{"level":"error","timestamp":"2026-09-06T06:49:26.942478215Z","message":"  route: '/api/v2/events'"}
{"message":"}","timestamp":"2026-09-06T06:49:26.942481085Z","level":"error"}
{"level":"info","timestamp":"2026-09-06T06:49:26.963047495Z","message":"[ops] {"}
{"level":"info","message":"  event: 'studio.mcp_capabilities_updated',","timestamp":"2026-09-06T06:49:26.963053805Z"}
{"timestamp":"2026-09-06T06:49:26.963056905Z","level":"info","message":"  ts: '2026-09-06T06:49:26.960Z',"}
{"message":"  requestId: '98c56354-243f-40a9-96dc-5673d1057d92',","timestamp":"2026-09-06T06:49:26.963060085Z","level":"info"}
{"message":"  sessionId: 'DlvFpLpN0vX1CB5Fvwv9',","timestamp":"2026-09-06T06:49:26.963062495Z","level":"info"}
{"level":"info","timestamp":"2026-09-06T06:49:26.963065025Z","message":"  supportedCommandCount: 30,"}
{"message":"  discoveredToolCount: 29","level":"info","timestamp":"2026-09-06T06:49:26.963067935Z"}
{"timestamp":"2026-09-06T06:49:26.963070965Z","level":"info","message":"}"}
{"message":"[ops] {","timestamp":"2026-09-06T06:49:26.963073355Z","level":"info"}
{"level":"info","timestamp":"2026-09-06T06:49:26.963075685Z","message":"  event: 'http_request',"}
{"timestamp":"2026-09-06T06:49:26.963078415Z","message":"  ts: '2026-09-06T06:49:26.961Z',","level":"info"}
{"timestamp":"2026-09-06T06:49:26.963081085Z","message":"  requestId: '98c56354-243f-40a9-96dc-5673d1057d92',","level":"info"}
{"timestamp":"2026-09-06T06:49:26.963083495Z","level":"info","message":"  method: 'POST',"}
{"level":"info","message":"  route: '/api/studio/mcp/capabilities',","timestamp":"2026-09-06T06:49:26.963086795Z"}
{"message":"  status: 200,","timestamp":"2026-09-06T06:49:26.963089515Z","level":"info"}
{"timestamp":"2026-09-06T06:49:26.963091835Z","message":"  durationMs: 466","level":"info"}
{"message":"}","timestamp":"2026-09-06T06:49:26.963094725Z","level":"info"}
{"timestamp":"2026-09-06T06:49:26.963097475Z","level":"error","message":"[ops] {"}
{"timestamp":"2026-09-06T06:49:26.963099755Z","level":"error","message":"  event: 'security.app_check_rejected',"}
{"level":"error","timestamp":"2026-09-06T06:49:26.963102395Z","message":"  ts: '2026-09-06T06:49:26.962Z',"}
{"message":"  reason: 'missing_token',","timestamp":"2026-09-06T06:49:26.963166824Z","level":"error"}
{"level":"error","timestamp":"2026-09-06T06:49:26.963170654Z","message":"  mode: 'monitor',"}
{"level":"error","timestamp":"2026-09-06T06:49:26.963173374Z","message":"  route: '/api/studio/mcp/status'"}
{"timestamp":"2026-09-06T06:49:26.963175794Z","level":"error","message":"}"}
{"level":"error","timestamp":"2026-09-06T06:49:26.964497765Z","message":"[ops] {"}
{"message":"  event: 'security.app_check_rejected',","timestamp":"2026-09-06T06:49:26.964501095Z","level":"error"}
{"message":"  ts: '2026-09-06T06:49:26.964Z',","timestamp":"2026-09-06T06:49:26.964504685Z","level":"error"}
{"timestamp":"2026-09-06T06:49:26.964507535Z","message":"  reason: 'missing_token',","level":"error"}
{"level":"error","message":"  mode: 'monitor',","timestamp":"2026-09-06T06:49:26.964510775Z"}
{"timestamp":"2026-09-06T06:49:26.964513805Z","message":"  route: '/api/studio/status'","level":"error"}
{"timestamp":"2026-09-06T06:49:26.964517415Z","level":"error","message":"}"}
{"timestamp":"2026-09-06T06:49:27.292600465Z","level":"info","message":"[ops] {"}
{"level":"info","message":"  event: 'http_request',","timestamp":"2026-09-06T06:49:27.292604195Z"}
{"timestamp":"2026-09-06T06:49:27.292607265Z","level":"info","message":"  ts: '2026-09-06T06:49:27.263Z',"}
{"level":"info","message":"  requestId: 'c028ac27-8f91-43c0-91af-13d67bdaad8d',","timestamp":"2026-09-06T06:49:27.292609915Z"}
{"level":"info","message":"  method: 'GET',","timestamp":"2026-09-06T06:49:27.292613125Z"}
{"timestamp":"2026-09-06T06:49:27.292615745Z","level":"info","message":"  route: '/api/studio/mcp/status',"}
{"timestamp":"2026-09-06T06:49:27.292618505Z","level":"info","message":"  status: 200,"}
{"message":"  durationMs: 301","level":"info","timestamp":"2026-09-06T06:49:27.292621005Z"}
{"timestamp":"2026-09-06T06:49:27.292623465Z","level":"info","message":"}"}
{"message":"[ops] {","level":"info","timestamp":"2026-09-06T06:49:27.495688444Z"}
{"timestamp":"2026-09-06T06:49:27.495694264Z","message":"  event: 'http_request',","level":"info"}
{"level":"info","timestamp":"2026-09-06T06:49:27.495698184Z","message":"  ts: '2026-09-06T06:49:27.477Z',"}
{"timestamp":"2026-09-06T06:49:27.495702264Z","message":"  requestId: 'f15f1499-514b-490e-8cef-ca08172d250e',","level":"info"}
{"level":"info","message":"  method: 'GET',","timestamp":"2026-09-06T06:49:27.495706854Z"}
{"level":"info","timestamp":"2026-09-06T06:49:27.495710734Z","message":"  route: '/api/v2/events',"}
{"message":"  status: 200,","timestamp":"2026-09-06T06:49:27.495717034Z","level":"info"}
{"timestamp":"2026-09-06T06:49:27.495720934Z","level":"info","message":"  durationMs: 576"}
{"timestamp":"2026-09-06T06:49:27.495724714Z","message":"}","level":"info"}
{"message":"[ops] {","timestamp":"2026-09-06T06:49:27.505498073Z","level":"info"}
{"message":"  event: 'http_request',","timestamp":"2026-09-06T06:49:27.505506293Z","level":"info"}
{"message":"  ts: '2026-09-06T06:49:27.502Z',","timestamp":"2026-09-06T06:49:27.505510642Z","level":"info"}
{"level":"info","message":"  requestId: '271b7a84-b3b2-4040-87d8-63be4a61b3d8',","timestamp":"2026-09-06T06:49:27.505514812Z"}
{"message":"  method: 'GET',","timestamp":"2026-09-06T06:49:27.505520072Z","level":"info"}
{"level":"info","message":"  route: '/api/studio/status',","timestamp":"2026-09-06T06:49:27.505528182Z"}
{"level":"info","timestamp":"2026-09-06T06:49:27.505532222Z","message":"  status: 200,"}
{"timestamp":"2026-09-06T06:49:27.505535662Z","level":"info","message":"  durationMs: 538"}
{"message":"}","timestamp":"2026-09-06T06:49:27.505538612Z","level":"info"}
{"message":"[ops] {","timestamp":"2026-09-06T06:49:29.265479411Z","level":"info"}
{"timestamp":"2026-09-06T06:49:29.265489001Z","message":"  event: 'http_request',","level":"info"}
{"level":"info","message":"  ts: '2026-09-06T06:49:29.247Z',","timestamp":"2026-09-06T06:49:29.265493641Z"}
{"level":"info","message":"  requestId: 'fb6c3ba9-17a6-4a72-902c-bca6377a1465',","timestamp":"2026-09-06T06:49:29.265497381Z"}
{"timestamp":"2026-09-06T06:49:29.265500721Z","level":"info","message":"  method: 'OPTIONS',"}
{"message":"  route: '/api/v2/events',","level":"info","timestamp":"2026-09-06T06:49:29.265504761Z"}
{"level":"info","timestamp":"2026-09-06T06:49:29.265508451Z","message":"  status: 204,"}
{"timestamp":"2026-09-06T06:49:29.265517961Z","level":"info","message":"  durationMs: 0"}
{"message":"}","level":"info","timestamp":"2026-09-06T06:49:29.265521601Z"}
{"timestamp":"2026-09-06T06:49:29.427578328Z","message":"[ops] {","level":"error"}
{"level":"error","timestamp":"2026-09-06T06:49:29.427582468Z","message":"  event: 'security.app_check_rejected',"}
{"message":"  ts: '2026-09-06T06:49:29.418Z',","timestamp":"2026-09-06T06:49:29.427585588Z","level":"error"}
{"timestamp":"2026-09-06T06:49:29.427588818Z","message":"  reason: 'missing_token',","level":"error"}
{"timestamp":"2026-09-06T06:49:29.427591728Z","message":"  mode: 'monitor',","level":"error"}
{"timestamp":"2026-09-06T06:49:29.427595658Z","level":"error","message":"  route: '/api/v2/events'"}
{"message":"}","level":"error","timestamp":"2026-09-06T06:49:29.427599248Z"}
{"timestamp":"2026-09-06T06:49:29.925147859Z","level":"info","message":"  durationMs: 677"}
{"message":"[ops] {","level":"info","timestamp":"2026-09-06T06:49:29.925147909Z"}
{"level":"info","timestamp":"2026-09-06T06:49:29.925155059Z","message":"  event: 'studio.plugin_compatibility_handshake',"}
{"message":"}","timestamp":"2026-09-06T06:49:29.925158859Z","level":"info"}
{"timestamp":"2026-09-06T06:49:29.925161479Z","message":"  requestId: 'b029893a-eeb3-48c1-b883-2926d03d5cf5',","level":"info"}
{"timestamp":"2026-09-06T06:49:29.925161889Z","level":"info","message":"  ts: '2026-09-06T06:49:29.909Z',"}
{"level":"info","message":"  requestId: 'b029893a-eeb3-48c1-b883-2926d03d5cf5',","timestamp":"2026-09-06T06:49:29.925165819Z"}
{"message":"  sessionId: 'MLq8J3mhz56J6BRsAeQe',","timestamp":"2026-09-06T06:49:29.925169119Z","level":"info"}
{"message":"  method: 'POST',","timestamp":"2026-09-06T06:49:29.925170789Z","level":"info"}
{"timestamp":"2026-09-06T06:49:29.925172699Z","message":"  userId: '0VSQotqOXxPXBLeQu1gUNkXELWH3',","level":"info"}
{"timestamp":"2026-09-06T06:49:29.925176249Z","message":"  route: '/api/studio/session/ping',","level":"info"}
{"timestamp":"2026-09-06T06:49:29.925176269Z","level":"info","message":"  status: 'compatible',"}
{"timestamp":"2026-09-06T06:49:29.925180939Z","message":"  reasonCodes: [],","level":"info"}
{"message":"  status: 200,","timestamp":"2026-09-06T06:49:29.925181499Z","level":"info"}
{"timestamp":"2026-09-06T06:49:29.925185529Z","message":"  buildId: 'nexusrbx-studio-0.14.0-r15-animation.12-toolbox',","level":"info"}
{"timestamp":"2026-09-06T06:49:29.925192129Z","level":"info","message":"  attestationWritten: false,"}
{"level":"info","timestamp":"2026-09-06T06:49:29.925197159Z","message":"  repairDurationMs: 610"}
{"timestamp":"2026-09-06T06:49:29.925213769Z","message":"}","level":"info"}
{"level":"info","timestamp":"2026-09-06T06:49:29.925220219Z","message":"[ops] {"}
{"message":"  event: 'http_request',","timestamp":"2026-09-06T06:49:29.925225339Z","level":"info"}
{"timestamp":"2026-09-06T06:49:29.925230248Z","message":"  ts: '2026-09-06T06:49:29.910Z',","level":"info"}
{"level":"info","message":"[ops] {","timestamp":"2026-09-06T06:49:30.242193189Z"}
{"level":"info","message":"  event: 'http_request',","timestamp":"2026-09-06T06:49:30.242197169Z"}
{"level":"info","message":"  ts: '2026-09-06T06:49:30.027Z',","timestamp":"2026-09-06T06:49:30.242202329Z"}
{"message":"  requestId: '07ff5d1e-3ccc-43ed-9e0b-5b34f3a983f1',","timestamp":"2026-09-06T06:49:30.242206609Z","level":"info"}
{"level":"info","timestamp":"2026-09-06T06:49:30.242210589Z","message":"  method: 'GET',"}
{"timestamp":"2026-09-06T06:49:30.242214689Z","level":"info","message":"  route: '/api/v2/events',"}
{"level":"info","timestamp":"2026-09-06T06:49:30.242218469Z","message":"  status: 200,"}
{"timestamp":"2026-09-06T06:49:30.242222289Z","message":"  durationMs: 610","level":"info"}
{"message":"}","timestamp":"2026-09-06T06:49:30.242226119Z","level":"info"}
{"message":"[ops] {","level":"info","timestamp":"2026-09-06T06:49:31.740500878Z"}
{"message":"  event: 'http_request',","level":"info","timestamp":"2026-09-06T06:49:31.740512938Z"}
{"level":"info","message":"  ts: '2026-09-06T06:49:31.731Z',","timestamp":"2026-09-06T06:49:31.740519628Z"}
{"level":"info","message":"  requestId: '982f7166-ac60-4c4e-b506-ea8ed34e7779',","timestamp":"2026-09-06T06:49:31.740524057Z"}
{"timestamp":"2026-09-06T06:49:31.740528547Z","level":"info","message":"  method: 'OPTIONS',"}
{"message":"  route: '/api/v2/agents/active',","level":"info","timestamp":"2026-09-06T06:49:31.740533187Z"}
{"message":"  status: 204,","timestamp":"2026-09-06T06:49:31.740537417Z","level":"info"}
{"message":"  durationMs: 0","timestamp":"2026-09-06T06:49:31.740541417Z","level":"info"}
{"message":"}","timestamp":"2026-09-06T06:49:31.740548177Z","level":"info"}
{"message":"[ops] {","level":"info","timestamp":"2026-09-06T06:49:31.740552787Z"}
{"message":"  event: 'http_request',","timestamp":"2026-09-06T06:49:31.740556977Z","level":"info"}
{"timestamp":"2026-09-06T06:49:31.740561507Z","message":"  ts: '2026-09-06T06:49:31.737Z',","level":"info"}
{"level":"info","message":"  requestId: '1ea2e444-bd90-442b-af0b-bbe190251375',","timestamp":"2026-09-06T06:49:31.740565457Z"}
{"message":"  method: 'OPTIONS',","timestamp":"2026-09-06T06:49:31.740569407Z","level":"info"}
{"timestamp":"2026-09-06T06:49:31.740573547Z","message":"  route: '/api/v2/events',","level":"info"}
{"level":"info","message":"  status: 204,","timestamp":"2026-09-06T06:49:31.740578807Z"}
{"timestamp":"2026-09-06T06:49:31.740582357Z","message":"  durationMs: 0","level":"info"}
{"timestamp":"2026-09-06T06:49:31.740586717Z","level":"info","message":"}"}
{"level":"error","message":"  reason: 'missing_token',","timestamp":"2026-09-06T06:49:31.926875392Z"}
{"message":"  mode: 'monitor',","timestamp":"2026-09-06T06:49:31.926883472Z","level":"error"}
{"timestamp":"2026-09-06T06:49:31.926889092Z","level":"error","message":"  route: '/api/v2/events'"}
{"level":"error","message":"}","timestamp":"2026-09-06T06:49:31.926893182Z"}
{"message":"[ops] {","timestamp":"2026-09-06T06:49:31.926916792Z","level":"error"}
{"level":"error","message":"  event: 'security.app_check_rejected',","timestamp":"2026-09-06T06:49:31.926919832Z"}
{"timestamp":"2026-09-06T06:49:31.926923112Z","message":"  ts: '2026-09-06T06:49:31.912Z',","level":"error"}
{"level":"error","message":"  reason: 'missing_token',","timestamp":"2026-09-06T06:49:31.926925952Z"}
{"level":"error","message":"  mode: 'monitor',","timestamp":"2026-09-06T06:49:31.926929062Z"}
{"timestamp":"2026-09-06T06:49:31.926933352Z","message":"  route: '/api/v2/agents/active'","level":"error"}
{"message":"}","timestamp":"2026-09-06T06:49:31.926936632Z","level":"error"}
{"level":"error","timestamp":"2026-09-06T06:49:31.926940042Z","message":"[ops] {"}
{"level":"error","timestamp":"2026-09-06T06:49:31.926944332Z","message":"  event: 'security.app_check_rejected',"}
{"level":"error","timestamp":"2026-09-06T06:49:31.926947892Z","message":"  ts: '2026-09-06T06:49:31.915Z',"}
{"message":"[ops] {","timestamp":"2026-09-06T06:49:32.000499608Z","level":"info"}
{"message":"  event: 'http_request',","timestamp":"2026-09-06T06:49:32.000503878Z","level":"info"}
{"timestamp":"2026-09-06T06:49:32.000509488Z","level":"info","message":"  ts: '2026-09-06T06:49:31.968Z',"}
{"level":"info","timestamp":"2026-09-06T06:49:32.000513208Z","message":"  requestId: '9a24cf01-9aec-4c74-831c-c3c10a20e83a',"}
{"level":"info","message":"  method: 'GET',","timestamp":"2026-09-06T06:49:32.000517248Z"}
{"message":"  route: '/api/v2/agents/active',","timestamp":"2026-09-06T06:49:32.000521618Z","level":"info"}
{"message":"  status: 200,","level":"info","timestamp":"2026-09-06T06:49:32.000527127Z"}
{"level":"info","message":"  durationMs: 56","timestamp":"2026-09-06T06:49:32.000531337Z"}
{"message":"}","timestamp":"2026-09-06T06:49:32.000535057Z","level":"info"}
{"timestamp":"2026-09-06T06:49:32.286378224Z","level":"info","message":"[ops] {"}
{"timestamp":"2026-09-06T06:49:32.286381874Z","message":"}","level":"info"}
{"message":"  event: 'studio.command_polled',","level":"info","timestamp":"2026-09-06T06:49:32.286387434Z"}
{"message":"[ops] {","timestamp":"2026-09-06T06:49:32.286389454Z","level":"info"}
{"message":"  ts: '2026-09-06T06:49:32.281Z',","timestamp":"2026-09-06T06:49:32.286393844Z","level":"info"}
{"message":"  event: 'http_request',","level":"info","timestamp":"2026-09-06T06:49:32.286393984Z"}
{"message":"  ts: '2026-09-06T06:49:32.281Z',","level":"info","timestamp":"2026-09-06T06:49:32.286397704Z"}
{"timestamp":"2026-09-06T06:49:32.286400414Z","message":"  requestId: '66b241ae-f28d-4ecb-99ae-982ab7c2280a',","level":"info"}
{"level":"info","timestamp":"2026-09-06T06:49:32.286401464Z","message":"  requestId: '66b241ae-f28d-4ecb-99ae-982ab7c2280a',"}
{"message":"  sessionId: 'DlvFpLpN0vX1CB5Fvwv9',","timestamp":"2026-09-06T06:49:32.286404344Z","level":"info"}
{"timestamp":"2026-09-06T06:49:32.286405404Z","level":"info","message":"  method: 'GET',"}
{"message":"  status: 'empty'","timestamp":"2026-09-06T06:49:32.286408494Z","level":"info"}
{"message":"  route: '/api/studio/mcp/commands/next',","timestamp":"2026-09-06T06:49:32.286410664Z","level":"info"}
{"message":"  status: 204,","timestamp":"2026-09-06T06:49:32.286415374Z","level":"info"}
{"timestamp":"2026-09-06T06:49:32.286419334Z","level":"info","message":"  durationMs: 5078"}
{"timestamp":"2026-09-06T06:49:32.286422734Z","level":"info","message":"}"}
{"message":"[ops] {","timestamp":"2026-09-06T06:49:32.487215097Z","level":"info"}
{"level":"info","timestamp":"2026-09-06T06:49:32.487226447Z","message":"  event: 'http_request',"}
{"timestamp":"2026-09-06T06:49:32.487232407Z","message":"  ts: '2026-09-06T06:49:32.478Z',","level":"info"}
{"message":"  requestId: 'bea28f34-2b62-468d-ac10-1556c897353f',","timestamp":"2026-09-06T06:49:32.487237617Z","level":"info"}
{"message":"  method: 'GET',","timestamp":"2026-09-06T06:49:32.487242347Z","level":"info"}
{"message":"  route: '/api/v2/events',","level":"info","timestamp":"2026-09-06T06:49:32.487247997Z"}
{"timestamp":"2026-09-06T06:49:32.487252177Z","message":"  status: 200,","level":"info"}
{"message":"  durationMs: 563","timestamp":"2026-09-06T06:49:32.487256427Z","level":"info"}
{"timestamp":"2026-09-06T06:49:32.487260417Z","level":"info","message":"}"}
{"level":"info","timestamp":"2026-09-06T06:49:33.293984698Z","message":"}"}
{"message":"  event: 'http_request',","timestamp":"2026-09-06T06:49:33.294019697Z","level":"info"}
{"level":"info","timestamp":"2026-09-06T06:49:33.294036917Z","message":"  ts: '2026-09-06T06:49:33.067Z',"}
{"timestamp":"2026-09-06T06:49:33.294045697Z","level":"info","message":"  requestId: '6c6dadd0-fadb-4c81-916a-bb20b579b61e',"}
{"timestamp":"2026-09-06T06:49:33.294051687Z","level":"info","message":"  method: 'POST',"}
{"message":"  route: '/api/studio/mcp/session/ping',","timestamp":"2026-09-06T06:49:33.294058177Z","level":"info"}
{"message":"[ops] {","timestamp":"2026-09-06T06:49:33.294066157Z","level":"info"}
{"message":"  status: 200,","level":"info","timestamp":"2026-09-06T06:49:33.294068137Z"}
{"level":"info","message":"  durationMs: 498","timestamp":"2026-09-06T06:49:33.294074857Z"}
{"message":"  requestId: 'ee24cd37-7416-4226-aede-38c99eab638b',","level":"info","timestamp":"2026-09-06T06:49:34.262835977Z"}
{"level":"info","message":"  method: 'OPTIONS',","timestamp":"2026-09-06T06:49:34.262841617Z"}
{"message":"  route: '/api/v2/events',","timestamp":"2026-09-06T06:49:34.262845557Z","level":"info"}
{"level":"info","message":"  status: 204,","timestamp":"2026-09-06T06:49:34.262849127Z"}
{"message":"  durationMs: 0","timestamp":"2026-09-06T06:49:34.262852827Z","level":"info"}
{"timestamp":"2026-09-06T06:49:34.262857427Z","level":"info","message":"}"}
{"message":"[ops] {","timestamp":"2026-09-06T06:49:34.262899266Z","level":"info"}
{"timestamp":"2026-09-06T06:49:34.262903516Z","message":"  event: 'http_request',","level":"info"}
{"timestamp":"2026-09-06T06:49:34.262908036Z","level":"info","message":"  ts: '2026-09-06T06:49:34.235Z',"}
{"message":"[ops] {","timestamp":"2026-09-06T06:49:34.402469306Z","level":"error"}
{"timestamp":"2026-09-06T06:49:34.402478076Z","level":"error","message":"  event: 'security.app_check_rejected',"}
{"level":"error","message":"  ts: '2026-09-06T06:49:34.398Z',","timestamp":"2026-09-06T06:49:34.402482376Z"}
{"timestamp":"2026-09-06T06:49:34.402485946Z","message":"  reason: 'missing_token',","level":"error"}
{"message":"  mode: 'monitor',","timestamp":"2026-09-06T06:49:34.402490286Z","level":"error"}
{"message":"  route: '/api/v2/events'","timestamp":"2026-09-06T06:49:34.402493936Z","level":"error"}
{"level":"error","message":"}","timestamp":"2026-09-06T06:49:34.402497406Z"}
{"timestamp":"2026-09-06T06:49:35.009703895Z","level":"info","message":"[ops] {"}
{"level":"info","timestamp":"2026-09-06T06:49:35.009707755Z","message":"  event: 'http_request',"}
{"level":"info","message":"  ts: '2026-09-06T06:49:34.994Z',","timestamp":"2026-09-06T06:49:35.009711965Z"}
{"level":"info","timestamp":"2026-09-06T06:49:35.009716555Z","message":"  requestId: '3ed43dbe-d9f9-4301-a748-5610d607f598',"}
{"message":"  method: 'GET',","timestamp":"2026-09-06T06:49:35.009720845Z","level":"info"}
{"message":"  route: '/api/v2/events',","level":"info","timestamp":"2026-09-06T06:49:35.009724895Z"}
{"level":"info","timestamp":"2026-09-06T06:49:35.009728905Z","message":"  status: 200,"}
{"timestamp":"2026-09-06T06:49:35.009732655Z","level":"info","message":"  durationMs: 596"}
{"level":"info","timestamp":"2026-09-06T06:49:35.009736265Z","message":"}"}
{"level":"info","message":"[ops] {","timestamp":"2026-09-06T06:49:35.853129745Z"}
{"timestamp":"2026-09-06T06:49:35.853133655Z","level":"info","message":"  event: 'studio.command_polled',"}
{"timestamp":"2026-09-06T06:49:35.853137505Z","level":"info","message":"  ts: '2026-09-06T06:49:35.851Z',"}
{"timestamp":"2026-09-06T06:49:35.853142394Z","message":"  requestId: 'baf85843-ce86-48b5-9d5b-54ec0717b2e9',","level":"info"}
{"level":"info","message":"  sessionId: 'Iog4rWn0F2wcGR9xp3Jq',","timestamp":"2026-09-06T06:49:35.853146194Z"}
{"level":"info","timestamp":"2026-09-06T06:49:35.853150404Z","message":"  status: 'empty'"}
{"timestamp":"2026-09-06T06:49:35.853154624Z","level":"info","message":"}"}
{"level":"info","message":"[ops] {","timestamp":"2026-09-06T06:49:35.853158924Z"}
{"message":"  event: 'http_request',","level":"info","timestamp":"2026-09-06T06:49:35.853162844Z"}
{"timestamp":"2026-09-06T06:49:35.853166314Z","level":"info","message":"  ts: '2026-09-06T06:49:35.851Z',"}
{"message":"  requestId: 'baf85843-ce86-48b5-9d5b-54ec0717b2e9',","timestamp":"2026-09-06T06:49:35.853169594Z","level":"info"}
{"timestamp":"2026-09-06T06:49:35.853172694Z","level":"info","message":"  method: 'GET',"}
{"level":"info","timestamp":"2026-09-06T06:49:35.853175384Z","message":"  route: '/api/studio/commands/next',"}
{"timestamp":"2026-09-06T06:49:35.853178094Z","message":"  status: 204,","level":"info"}
{"timestamp":"2026-09-06T06:49:35.853193314Z","message":"  durationMs: 24373","level":"info"}
{"level":"info","timestamp":"2026-09-06T06:49:35.853196284Z","message":"}"}
{"message":"[ops] {","timestamp":"2026-09-06T06:49:35.965758615Z","level":"info"}
{"level":"info","message":"  event: 'studio.plugin_compatibility_handshake',","timestamp":"2026-09-06T06:49:35.965763505Z"}
{"message":"  ts: '2026-09-06T06:49:35.937Z',","timestamp":"2026-09-06T06:49:35.965768545Z","level":"info"}
{"level":"info","message":"  requestId: '03e01c45-e9bb-4119-833a-1216dc6d7833',","timestamp":"2026-09-06T06:49:35.965773975Z"}
{"level":"info","timestamp":"2026-09-06T06:49:35.965778535Z","message":"  sessionId: 'Iog4rWn0F2wcGR9xp3Jq',"}
{"level":"info","message":"  userId: 'klu6Sv5QeEgYWlHjsgQwMkZCvsb2',","timestamp":"2026-09-06T06:49:35.965782275Z"}
{"message":"  status: 'degraded',","level":"info","timestamp":"2026-09-06T06:49:35.965785765Z"}
{"timestamp":"2026-09-06T06:49:35.965789975Z","message":"  reasonCodes: [ 'command_unavailable' ],","level":"info"}
{"timestamp":"2026-09-06T06:49:35.965794185Z","level":"info","message":"  buildId: 'nexusrbx-studio-0.14.0-r15-animation.10-native-value-normalization',"}
{"level":"info","message":"  attestationWritten: false,","timestamp":"2026-09-06T06:49:35.965797835Z"}
{"timestamp":"2026-09-06T06:49:35.965802084Z","message":"  repairDurationMs: 339","level":"info"}
{"level":"info","message":"}","timestamp":"2026-09-06T06:49:35.965806024Z"}
{"timestamp":"2026-09-06T06:49:35.965810124Z","level":"info","message":"[ops] {"}
{"message":"  event: 'http_request',","timestamp":"2026-09-06T06:49:35.965813904Z","level":"info"}
{"message":"  ts: '2026-09-06T06:49:35.937Z',","timestamp":"2026-09-06T06:49:35.965818324Z","level":"info"}
{"timestamp":"2026-09-06T06:49:35.965822414Z","level":"info","message":"  requestId: '03e01c45-e9bb-4119-833a-1216dc6d7833',"}
{"message":"  method: 'POST',","level":"info","timestamp":"2026-09-06T06:49:35.965826404Z"}
{"message":"  route: '/api/studio/session/ping',","level":"info","timestamp":"2026-09-06T06:49:35.965830904Z"}
{"message":"  status: 200,","timestamp":"2026-09-06T06:49:35.965835644Z","level":"info"}
{"message":"  durationMs: 391","timestamp":"2026-09-06T06:49:35.965839944Z","level":"info"}
{"message":"}","timestamp":"2026-09-06T06:49:35.965844174Z","level":"info"}
{"level":"info","message":"[ops] {","timestamp":"2026-09-06T06:49:36.737527365Z"}
{"message":"  event: 'http_request',","timestamp":"2026-09-06T06:49:36.737530745Z","level":"info"}
{"timestamp":"2026-09-06T06:49:36.737533425Z","level":"info","message":"  ts: '2026-09-06T06:49:36.735Z',"}
{"message":"  requestId: 'bc3d8454-5966-4f0b-800d-1707b5274724',","timestamp":"2026-09-06T06:49:36.737536335Z","level":"info"}
{"timestamp":"2026-09-06T06:49:36.737539525Z","message":"  method: 'OPTIONS',","level":"info"}
{"timestamp":"2026-09-06T06:49:36.737542855Z","level":"info","message":"  route: '/api/v2/events',"}
{"level":"info","timestamp":"2026-09-06T06:49:36.737545415Z","message":"  status: 204,"}
{"level":"info","message":"  durationMs: 0","timestamp":"2026-09-06T06:49:36.737547795Z"}
{"message":"}","timestamp":"2026-09-06T06:49:36.737550365Z","level":"info"}
{"message":"[ops] {","timestamp":"2026-09-06T06:49:36.911733066Z","level":"error"}
{"timestamp":"2026-09-06T06:49:36.911738086Z","level":"error","message":"  event: 'security.app_check_rejected',"}
{"timestamp":"2026-09-06T06:49:36.911741096Z","message":"  ts: '2026-09-06T06:49:36.910Z',","level":"error"}
{"message":"  reason: 'missing_token',","timestamp":"2026-09-06T06:49:36.911744566Z","level":"error"}
{"message":"  mode: 'monitor',","level":"error","timestamp":"2026-09-06T06:49:36.911747486Z"}
{"timestamp":"2026-09-06T06:49:36.911750136Z","level":"error","message":"  route: '/api/v2/events'"}
{"level":"error","message":"}","timestamp":"2026-09-06T06:49:36.911752856Z"}
{"level":"info","message":"[ops] {","timestamp":"2026-09-06T06:49:37.248608562Z"}
{"timestamp":"2026-09-06T06:49:37.248612372Z","message":"  event: 'studio.command_polled',","level":"info"}
{"level":"info","message":"  ts: '2026-09-06T06:49:37.163Z',","timestamp":"2026-09-06T06:49:37.248616532Z"}
{"message":"  requestId: '93f884d0-f31c-4b08-b3c4-fdf3524fd68a',","timestamp":"2026-09-06T06:49:37.248621352Z","level":"info"}
{"message":"  sessionId: 'MLq8J3mhz56J6BRsAeQe',","level":"info","timestamp":"2026-09-06T06:49:37.248624812Z"}
{"timestamp":"2026-09-06T06:49:37.248628642Z","level":"info","message":"  status: 'empty'"}
{"message":"}","level":"info","timestamp":"2026-09-06T06:49:37.248632082Z"}
{"level":"info","message":"[ops] {","timestamp":"2026-09-06T06:49:37.248636622Z"}
{"timestamp":"2026-09-06T06:49:37.248640172Z","level":"info","message":"  event: 'http_request',"}
{"level":"info","timestamp":"2026-09-06T06:49:37.248644112Z","message":"  ts: '2026-09-06T06:49:37.164Z',"}
{"level":"info","message":"  requestId: '93f884d0-f31c-4b08-b3c4-fdf3524fd68a',","timestamp":"2026-09-06T06:49:37.248647992Z"}
{"message":"  method: 'GET',","timestamp":"2026-09-06T06:49:37.248651402Z","level":"info"}
{"timestamp":"2026-09-06T06:49:37.248654432Z","message":"  route: '/api/studio/commands/next',","level":"info"}
{"level":"info","timestamp":"2026-09-06T06:49:37.248658421Z","message":"  status: 204,"}
{"level":"info","message":"  durationMs: 24387","timestamp":"2026-09-06T06:49:37.248662391Z"}
{"message":"}","level":"info","timestamp":"2026-09-06T06:49:37.248666051Z"}
{"timestamp":"2026-09-06T06:49:37.477346229Z","level":"info","message":"[ops] {"}
{"timestamp":"2026-09-06T06:49:37.477351809Z","level":"info","message":"  event: 'http_request',"}
{"message":"  ts: '2026-09-06T06:49:37.476Z',","timestamp":"2026-09-06T06:49:37.477355629Z","level":"info"}
{"level":"info","timestamp":"2026-09-06T06:49:37.477359119Z","message":"  requestId: '9504b2a5-19fc-4fdc-a4b2-d3822567ea5e',"}
{"timestamp":"2026-09-06T06:49:37.477362069Z","message":"  method: 'GET',","level":"info"}
{"message":"  route: '/api/v2/events',","timestamp":"2026-09-06T06:49:37.477364789Z","level":"info"}
{"message":"  status: 200,","timestamp":"2026-09-06T06:49:37.477367799Z","level":"info"}
{"timestamp":"2026-09-06T06:49:37.477371419Z","level":"info","message":"  durationMs: 566"}
{"timestamp":"2026-09-06T06:49:37.477374459Z","level":"info","message":"}"}
{"message":"}","level":"info","timestamp":"2026-09-06T06:49:39.361716901Z"}
{"message":"  method: 'OPTIONS',","level":"info","timestamp":"2026-09-06T06:49:39.361728531Z"}
{"level":"info","message":"  route: '/api/v2/events',","timestamp":"2026-09-06T06:49:39.361734771Z"}
{"level":"info","timestamp":"2026-09-06T06:49:39.361741071Z","message":"  ts: '2026-09-06T06:49:39.231Z',"}
{"timestamp":"2026-09-06T06:49:39.361741761Z","message":"  status: 204,","level":"info"}
{"message":"  durationMs: 0","timestamp":"2026-09-06T06:49:39.361748551Z","level":"info"}
{"message":"  requestId: 'be603469-3d5c-43ee-926c-772635878f01',","timestamp":"2026-09-06T06:49:39.361756051Z","level":"info"}
{"timestamp":"2026-09-06T06:49:39.361767561Z","level":"info","message":"[ops] {"}
{"timestamp":"2026-09-06T06:49:39.361774381Z","level":"info","message":"  event: 'http_request',"}
{"message":"[ops] {","timestamp":"2026-09-06T06:49:39.401727539Z","level":"error"}
{"message":"  event: 'security.app_check_rejected',","timestamp":"2026-09-06T06:49:39.401731279Z","level":"error"}
{"level":"error","message":"  ts: '2026-09-06T06:49:39.393Z',","timestamp":"2026-09-06T06:49:39.401734479Z"}
{"level":"error","timestamp":"2026-09-06T06:49:39.401737779Z","message":"  reason: 'missing_token',"}
{"message":"  mode: 'monitor',","timestamp":"2026-09-06T06:49:39.401741419Z","level":"error"}
{"timestamp":"2026-09-06T06:49:39.401744749Z","message":"  route: '/api/v2/events'","level":"error"}
{"timestamp":"2026-09-06T06:49:39.401748289Z","message":"}","level":"error"}
{"message":"[ops] {","timestamp":"2026-09-06T06:49:39.960766412Z","level":"info"}
{"message":"  event: 'http_request',","timestamp":"2026-09-06T06:49:39.960771782Z","level":"info"}
{"message":"  ts: '2026-09-06T06:49:39.957Z',","timestamp":"2026-09-06T06:49:39.960775652Z","level":"info"}
{"timestamp":"2026-09-06T06:49:39.960778602Z","message":"  requestId: '539f259f-9ddb-4ff7-9b9a-12de4ad0d4d3',","level":"info"}
{"timestamp":"2026-09-06T06:49:39.960781212Z","message":"  method: 'GET',","level":"info"}
{"message":"  route: '/api/v2/events',","level":"info","timestamp":"2026-09-06T06:49:39.960784352Z"}
{"timestamp":"2026-09-06T06:49:39.960787372Z","level":"info","message":"  status: 200,"}
{"message":"  durationMs: 565","timestamp":"2026-09-06T06:49:39.960790182Z","level":"info"}
{"timestamp":"2026-09-06T06:49:39.960792722Z","level":"info","message":"}"}
{"message":"[ops] {","level":"info","timestamp":"2026-09-06T06:49:40.665710585Z"}
{"level":"info","timestamp":"2026-09-06T06:49:40.665716355Z","message":"  event: 'studio.command_polled',"}
{"timestamp":"2026-09-06T06:49:40.665721735Z","message":"  ts: '2026-09-06T06:49:40.664Z',","level":"info"}
{"message":"  requestId: '733b7910-35e2-4d4f-8d42-e263f591b287',","level":"info","timestamp":"2026-09-06T06:49:40.665725335Z"}
{"message":"  sessionId: 'DlvFpLpN0vX1CB5Fvwv9',","timestamp":"2026-09-06T06:49:40.665729045Z","level":"info"}
{"level":"info","timestamp":"2026-09-06T06:49:40.665733765Z","message":"  status: 'empty'"}
{"timestamp":"2026-09-06T06:49:40.665737365Z","level":"info","message":"}"}
{"timestamp":"2026-09-06T06:49:40.670466095Z","level":"info","message":"[ops] {"}
{"message":"  event: 'http_request',","timestamp":"2026-09-06T06:49:40.670477095Z","level":"info"}
{"level":"info","message":"  ts: '2026-09-06T06:49:40.665Z',","timestamp":"2026-09-06T06:49:40.670482435Z"}
{"level":"info","message":"  requestId: '733b7910-35e2-4d4f-8d42-e263f591b287',","timestamp":"2026-09-06T06:49:40.670486285Z"}
{"level":"info","timestamp":"2026-09-06T06:49:40.670490425Z","message":"  method: 'GET',"}
{"message":"  route: '/api/studio/mcp/commands/next',","timestamp":"2026-09-06T06:49:40.670494825Z","level":"info"}
{"level":"info","timestamp":"2026-09-06T06:49:40.670499565Z","message":"  status: 204,"}
{"message":"  durationMs: 5372","level":"info","timestamp":"2026-09-06T06:49:40.670503625Z"}
{"level":"info","message":"}","timestamp":"2026-09-06T06:49:40.670507815Z"}
{"timestamp":"2026-09-06T06:49:40.755418300Z","level":"info","message":"[ops] {"}
{"timestamp":"2026-09-06T06:49:40.755425010Z","message":"  event: 'http_request',","level":"info"}
{"level":"info","message":"  ts: '2026-09-06T06:49:40.723Z',","timestamp":"2026-09-06T06:49:40.755428980Z"}
{"timestamp":"2026-09-06T06:49:40.755432369Z","level":"info","message":"  requestId: '3b7a4173-1a43-4dac-964f-5f6f7c5fd7d6',"}
{"timestamp":"2026-09-06T06:49:40.755435889Z","level":"info","message":"  method: 'POST',"}
{"timestamp":"2026-09-06T06:49:40.755439309Z","message":"  route: '/api/studio/mcp/session/ping',","level":"info"}
{"message":"  status: 200,","timestamp":"2026-09-06T06:49:40.755442689Z","level":"info"}
{"message":"  durationMs: 296","timestamp":"2026-09-06T06:49:40.755445879Z","level":"info"}
{"timestamp":"2026-09-06T06:49:40.755448859Z","message":"}","level":"info"}
{"timestamp":"2026-09-06T06:49:41.612665362Z","message":"[ops] {","level":"info"}
{"timestamp":"2026-09-06T06:49:41.612668631Z","level":"info","message":"  event: 'http_request',"}
{"level":"info","message":"  ts: '2026-09-06T06:49:41.593Z',","timestamp":"2026-09-06T06:49:41.612672691Z"}
{"timestamp":"2026-09-06T06:49:41.612675291Z","message":"  requestId: '03418496-1739-4c26-9667-6d5051b637d9',","level":"info"}
{"message":"  method: 'POST',","level":"info","timestamp":"2026-09-06T06:49:41.612678371Z"}
{"message":"  route: '/api/studio/mcp/session/ping',","timestamp":"2026-09-06T06:49:41.612680991Z","level":"info"}
{"timestamp":"2026-09-06T06:49:41.612683821Z","message":"  status: 200,","level":"info"}
{"message":"  durationMs: 392","timestamp":"2026-09-06T06:49:41.612686581Z","level":"info"}
{"message":"}","timestamp":"2026-09-06T06:49:41.612690371Z","level":"info"}
{"timestamp":"2026-09-06T06:49:41.740292486Z","level":"info","message":"[ops] {"}
{"message":"  event: 'http_request',","level":"info","timestamp":"2026-09-06T06:49:41.740297806Z"}
{"level":"info","message":"  ts: '2026-09-06T06:49:41.738Z',","timestamp":"2026-09-06T06:49:41.740301256Z"}
{"level":"info","timestamp":"2026-09-06T06:49:41.740304136Z","message":"  requestId: '78f39560-3ba8-4fa9-ae87-8df63e4b2a56',"}
{"level":"info","message":"  method: 'OPTIONS',","timestamp":"2026-09-06T06:49:41.740307266Z"}
{"timestamp":"2026-09-06T06:49:41.740309896Z","level":"info","message":"  route: '/api/v2/agents/active',"}
{"timestamp":"2026-09-06T06:49:41.740313306Z","level":"info","message":"  status: 204,"}
{"timestamp":"2026-09-06T06:49:41.740315876Z","level":"info","message":"  durationMs: 0"}
{"timestamp":"2026-09-06T06:49:41.740318516Z","level":"info","message":"}"}
{"timestamp":"2026-09-06T06:49:41.745393554Z","message":"[ops] {","level":"info"}
{"timestamp":"2026-09-06T06:49:41.745396914Z","level":"info","message":"  event: 'http_request',"}
{"timestamp":"2026-09-06T06:49:41.745399724Z","level":"info","message":"  ts: '2026-09-06T06:49:41.742Z',"}
{"message":"  requestId: '4ab48f28-d40f-4605-89d3-e91896717b03',","timestamp":"2026-09-06T06:49:41.745402204Z","level":"info"}
{"level":"info","timestamp":"2026-09-06T06:49:41.745404644Z","message":"  method: 'OPTIONS',"}
{"message":"  route: '/api/v2/events',","level":"info","timestamp":"2026-09-06T06:49:41.745407104Z"}
{"message":"  status: 204,","timestamp":"2026-09-06T06:49:41.745410684Z","level":"info"}
{"message":"  durationMs: 0","timestamp":"2026-09-06T06:49:41.745424344Z","level":"info"}
{"message":"}","timestamp":"2026-09-06T06:49:41.745428004Z","level":"info"}
{"timestamp":"2026-09-06T06:49:41.966806657Z","message":"[ops] {","level":"error"}
{"timestamp":"2026-09-06T06:49:41.966813387Z","level":"error","message":"  event: 'security.app_check_rejected',"}
{"level":"error","message":"  ts: '2026-09-06T06:49:41.961Z',","timestamp":"2026-09-06T06:49:41.966819458Z"}
{"message":"  reason: 'missing_token',","timestamp":"2026-09-06T06:49:41.966823148Z","level":"error"}
{"level":"error","timestamp":"2026-09-06T06:49:41.966826698Z","message":"  mode: 'monitor',"}
{"message":"  route: '/api/v2/agents/active'","timestamp":"2026-09-06T06:49:41.966830048Z","level":"error"}
{"timestamp":"2026-09-06T06:49:41.966834798Z","message":"}","level":"error"}
{"level":"error","message":"[ops] {","timestamp":"2026-09-06T06:49:41.971076461Z"}
{"timestamp":"2026-09-06T06:49:41.971082641Z","level":"error","message":"  event: 'security.app_check_rejected',"}
{"timestamp":"2026-09-06T06:49:41.971086451Z","message":"  ts: '2026-09-06T06:49:41.966Z',","level":"error"}
{"timestamp":"2026-09-06T06:49:41.971090201Z","level":"error","message":"  reason: 'missing_token',"}
{"level":"error","message":"  mode: 'monitor',","timestamp":"2026-09-06T06:49:41.971094041Z"}
{"message":"  route: '/api/v2/events'","level":"error","timestamp":"2026-09-06T06:49:41.971097830Z"}
{"timestamp":"2026-09-06T06:49:41.971102110Z","level":"error","message":"}"}
{"timestamp":"2026-09-06T06:49:42.078298724Z","level":"info","message":"[ops] {"}
{"timestamp":"2026-09-06T06:49:42.078302994Z","message":"  event: 'http_request',","level":"info"}
{"timestamp":"2026-09-06T06:49:42.078306394Z","message":"  ts: '2026-09-06T06:49:42.067Z',","level":"info"}
{"message":"  requestId: 'fbd95d7d-f105-463e-b66a-b5bc02ce26e8',","timestamp":"2026-09-06T06:49:42.078309584Z","level":"info"}
{"message":"  method: 'GET',","timestamp":"2026-09-06T06:49:42.078312344Z","level":"info"}
{"level":"info","message":"  route: '/api/v2/agents/active',","timestamp":"2026-09-06T06:49:42.078315554Z"}
{"timestamp":"2026-09-06T06:49:42.078318284Z","message":"  status: 200,","level":"info"}
{"level":"info","message":"  durationMs: 106","timestamp":"2026-09-06T06:49:42.078321854Z"}
{"message":"}","timestamp":"2026-09-06T06:49:42.078325074Z","level":"info"}
{"timestamp":"2026-09-06T06:49:42.520613384Z","level":"info","message":"[ops] {"}
{"message":"  event: 'http_request',","timestamp":"2026-09-06T06:49:42.520620663Z","level":"info"}
{"message":"  ts: '2026-09-06T06:49:42.518Z',","level":"info","timestamp":"2026-09-06T06:49:42.520625123Z"}
{"message":"  requestId: '1a60225e-ed22-4927-8df2-a02cea5d170f',","timestamp":"2026-09-06T06:49:42.520629713Z","level":"info"}
{"timestamp":"2026-09-06T06:49:42.520634283Z","message":"  method: 'GET',","level":"info"}
{"level":"info","message":"  route: '/api/v2/events',","timestamp":"2026-09-06T06:49:42.520638443Z"}
{"message":"  status: 200,","level":"info","timestamp":"2026-09-06T06:49:42.520645973Z"}
{"timestamp":"2026-09-06T06:49:42.520651023Z","level":"info","message":"  durationMs: 552"}
{"timestamp":"2026-09-06T06:49:42.520655153Z","message":"}","level":"info"}
{"message":"}","level":"info","timestamp":"2026-09-06T06:49:42.715191366Z"}
{"timestamp":"2026-09-06T06:49:42.715203576Z","message":"[ops] {","level":"info"}
{"timestamp":"2026-09-06T06:49:42.715209976Z","level":"info","message":"  event: 'http_request',"}
{"message":"  ts: '2026-09-06T06:49:42.699Z',","timestamp":"2026-09-06T06:49:42.715214666Z","level":"info"}
{"level":"info","message":"  requestId: '41f2055f-d561-427a-9d3a-a17d1ed294d2',","timestamp":"2026-09-06T06:49:42.715218996Z"}
{"level":"info","message":"  method: 'OPTIONS',","timestamp":"2026-09-06T06:49:42.715223356Z"}
{"timestamp":"2026-09-06T06:49:42.715227586Z","message":"  route: '/api/studio/status',","level":"info"}
{"level":"info","timestamp":"2026-09-06T06:49:42.715231506Z","message":"  status: 204,"}
{"message":"  durationMs: 0","level":"info","timestamp":"2026-09-06T06:49:42.715235646Z"}
{"message":"}","timestamp":"2026-09-06T06:49:42.715240306Z","level":"info"}
{"level":"info","message":"[ops] {","timestamp":"2026-09-06T06:49:42.715244576Z"}
{"level":"info","message":"  event: 'http_request',","timestamp":"2026-09-06T06:49:42.715248666Z"}
{"message":"  ts: '2026-09-06T06:49:42.702Z',","timestamp":"2026-09-06T06:49:42.715252966Z","level":"info"}
{"message":"  requestId: '68e0ce52-1818-447b-8be5-7d81dce5e73a',","timestamp":"2026-09-06T06:49:42.715257256Z","level":"info"}
{"message":"  method: 'OPTIONS',","timestamp":"2026-09-06T06:49:42.715261146Z","level":"info"}
{"message":"  route: '/api/studio/mcp/status',","timestamp":"2026-09-06T06:49:42.715265566Z","level":"info"}
{"level":"info","message":"  status: 204,","timestamp":"2026-09-06T06:49:42.715269656Z"}
{"timestamp":"2026-09-06T06:49:42.715273846Z","level":"info","message":"  durationMs: 0"}
{"timestamp":"2026-09-06T06:49:42.881145470Z","message":"[ops] {","level":"error"}
{"message":"  event: 'security.app_check_rejected',","level":"error","timestamp":"2026-09-06T06:49:42.881151739Z"}
{"message":"  ts: '2026-09-06T06:49:42.879Z',","timestamp":"2026-09-06T06:49:42.881155709Z","level":"error"}
{"message":"  reason: 'missing_token',","timestamp":"2026-09-06T06:49:42.881160229Z","level":"error"}
{"timestamp":"2026-09-06T06:49:42.881163509Z","level":"error","message":"  mode: 'monitor',"}
{"timestamp":"2026-09-06T06:49:42.881166929Z","message":"  route: '/api/studio/mcp/status'","level":"error"}
{"level":"error","message":"}","timestamp":"2026-09-06T06:49:42.881170239Z"}
{"message":"[ops] {","timestamp":"2026-09-06T06:49:42.881942634Z","level":"error"}
{"level":"error","timestamp":"2026-09-06T06:49:42.881946564Z","message":"  event: 'security.app_check_rejected',"}
{"message":"  ts: '2026-09-06T06:49:42.880Z',","timestamp":"2026-09-06T06:49:42.881950234Z","level":"error"}
{"message":"  reason: 'missing_token',","timestamp":"2026-09-06T06:49:42.881953744Z","level":"error"}
{"message":"  mode: 'monitor',","timestamp":"2026-09-06T06:49:42.881958134Z","level":"error"}
{"timestamp":"2026-09-06T06:49:42.881961414Z","level":"error","message":"  route: '/api/studio/status'"}
{"message":"}","timestamp":"2026-09-06T06:49:42.881965434Z","level":"error"}
{"message":"[ops] {","timestamp":"2026-09-06T06:49:43.403056518Z","level":"info"}
{"timestamp":"2026-09-06T06:49:43.403060338Z","level":"info","message":"  event: 'http_request',"}
{"message":"  ts: '2026-09-06T06:49:43.214Z',","timestamp":"2026-09-06T06:49:43.403064028Z","level":"info"}
{"timestamp":"2026-09-06T06:49:43.403067368Z","message":"  requestId: 'abf7ca6b-e230-4293-9afd-1d5b0b85f739',","level":"info"}
{"message":"  method: 'GET',","level":"info","timestamp":"2026-09-06T06:49:43.403071398Z"}
{"level":"info","message":"  route: '/api/studio/mcp/status',","timestamp":"2026-09-06T06:49:43.403075048Z"}
{"message":"  status: 200,","timestamp":"2026-09-06T06:49:43.403078468Z","level":"info"}
{"message":"  durationMs: 336","timestamp":"2026-09-06T06:49:43.403082028Z","level":"info"}
{"level":"info","timestamp":"2026-09-06T06:49:43.403086028Z","message":"}"}
{"timestamp":"2026-09-06T06:49:43.721281720Z","level":"info","message":"[ops] {"}
{"message":"  event: 'http_request',","timestamp":"2026-09-06T06:49:43.721286660Z","level":"info"}
{"timestamp":"2026-09-06T06:49:43.721290460Z","level":"info","message":"  ts: '2026-09-06T06:49:43.714Z',"}
{"level":"info","message":"  requestId: '52ff186e-440c-408b-9174-ae86429fc75b',","timestamp":"2026-09-06T06:49:43.721293370Z"}
{"level":"info","message":"  method: 'GET',","timestamp":"2026-09-06T06:49:43.721295930Z"}
{"message":"  route: '/api/studio/status',","timestamp":"2026-09-06T06:49:43.721298620Z","level":"info"}
{"message":"  status: 200,","timestamp":"2026-09-06T06:49:43.721302479Z","level":"info"}
{"message":"  durationMs: 834","level":"info","timestamp":"2026-09-06T06:49:43.721305089Z"}
{"level":"info","message":"}","timestamp":"2026-09-06T06:49:43.721308039Z"}
{"timestamp":"2026-09-06T06:49:44.233913466Z","level":"info","message":"[ops] {"}
{"timestamp":"2026-09-06T06:49:44.233918016Z","level":"info","message":"  event: 'http_request',"}
{"timestamp":"2026-09-06T06:49:44.233927606Z","level":"info","message":"  ts: '2026-09-06T06:49:44.233Z',"}
{"level":"info","message":"  requestId: 'dbc84ee1-a459-4a0b-91d3-ebcddca3a59a',","timestamp":"2026-09-06T06:49:44.233930526Z"}
{"timestamp":"2026-09-06T06:49:44.233933036Z","message":"  method: 'OPTIONS',","level":"info"}
{"message":"  route: '/api/v2/events',","timestamp":"2026-09-06T06:49:44.233936366Z","level":"info"}
{"message":"  status: 204,","timestamp":"2026-09-06T06:49:44.233939806Z","level":"info"}
{"level":"info","message":"  durationMs: 0","timestamp":"2026-09-06T06:49:44.233943146Z"}
{"timestamp":"2026-09-06T06:49:44.233946356Z","message":"}","level":"info"}
{"message":"[ops] {","timestamp":"2026-09-06T06:49:44.408996301Z","level":"error"}
{"message":"  event: 'security.app_check_rejected',","level":"error","timestamp":"2026-09-06T06:49:44.408998821Z"}
{"message":"  ts: '2026-09-06T06:49:44.396Z',","timestamp":"2026-09-06T06:49:44.409001121Z","level":"error"}
{"level":"error","timestamp":"2026-09-06T06:49:44.409003801Z","message":"  reason: 'missing_token',"}
{"message":"  mode: 'monitor',","timestamp":"2026-09-06T06:49:44.409009651Z","level":"error"}
{"level":"error","message":"  route: '/api/v2/events'","timestamp":"2026-09-06T06:49:44.409012571Z"}
{"level":"error","timestamp":"2026-09-06T06:49:44.409015091Z","message":"}"}
{"message":"[ops] {","timestamp":"2026-09-06T06:49:44.904256977Z","level":"info"}
{"level":"info","timestamp":"2026-09-06T06:49:44.904265717Z","message":"  event: 'http_request',"}
{"message":"  ts: '2026-09-06T06:49:44.898Z',","level":"info","timestamp":"2026-09-06T06:49:44.904270587Z"}
{"level":"info","timestamp":"2026-09-06T06:49:44.904275587Z","message":"  requestId: 'ad9d93d9-a09a-42e8-a393-462d20ecc47c',"}
{"message":"  method: 'GET',","timestamp":"2026-09-06T06:49:44.904279537Z","level":"info"}
{"level":"info","timestamp":"2026-09-06T06:49:44.904283717Z","message":"  route: '/api/v2/events',"}
{"message":"  status: 200,","timestamp":"2026-09-06T06:49:44.904287267Z","level":"info"}
{"message":"  durationMs: 502","timestamp":"2026-09-06T06:49:44.904291147Z","level":"info"}
{"timestamp":"2026-09-06T06:49:44.904294877Z","message":"}","level":"info"}
{"jobId":null,"total":9,"level":"info","timestamp":"2026-09-06T06:49:45.585460050Z","counter":"studio_session","writesPerStudioSessionHour":2,"ts":1788677385582,"message":"","type":"firestore_write_metric","count":1,"sessionId":"MLq8J3mhz56J6BRsAeQe"}
{"message":"[ops] {","timestamp":"2026-09-06T06:49:45.855305257Z","level":"info"}
{"timestamp":"2026-09-06T06:49:45.855311467Z","level":"info","message":"  event: 'studio.plugin_compatibility_handshake',"}
{"timestamp":"2026-09-06T06:49:45.855318257Z","message":"  ts: '2026-09-06T06:49:45.853Z',","level":"info"}
{"timestamp":"2026-09-06T06:49:45.855321607Z","level":"info","message":"  requestId: '3dc80339-fa56-458a-8942-6a19fddc4076',"}
{"timestamp":"2026-09-06T06:49:45.855326277Z","level":"info","message":"  sessionId: 'MLq8J3mhz56J6BRsAeQe',"}
{"message":"  userId: '0VSQotqOXxPXBLeQu1gUNkXELWH3',","timestamp":"2026-09-06T06:49:45.855329597Z","level":"info"}
{"timestamp":"2026-09-06T06:49:45.855332967Z","level":"info","message":"  status: 'compatible',"}
{"message":"  reasonCodes: [],","timestamp":"2026-09-06T06:49:45.855336287Z","level":"info"}
{"level":"info","message":"  buildId: 'nexusrbx-studio-0.14.0-r15-animation.12-toolbox',","timestamp":"2026-09-06T06:49:45.855340257Z"}
{"message":"  attestationWritten: false,","timestamp":"2026-09-06T06:49:45.855345367Z","level":"info"}
{"message":"  repairDurationMs: 569","timestamp":"2026-09-06T06:49:45.855349147Z","level":"info"}
{"message":"}","timestamp":"2026-09-06T06:49:45.855352827Z","level":"info"}
{"level":"info","message":"[ops] {","timestamp":"2026-09-06T06:49:45.855356867Z"}
{"level":"info","message":"  event: 'http_request',","timestamp":"2026-09-06T06:49:45.855361057Z"}
{"timestamp":"2026-09-06T06:49:45.855364297Z","level":"info","message":"  ts: '2026-09-06T06:49:45.854Z',"}
{"timestamp":"2026-09-06T06:49:45.855369467Z","level":"info","message":"  requestId: '3dc80339-fa56-458a-8942-6a19fddc4076',"}
{"message":"  method: 'POST',","timestamp":"2026-09-06T06:49:45.855372797Z","level":"info"}
{"message":"  route: '/api/studio/session/ping',","timestamp":"2026-09-06T06:49:45.855376877Z","level":"info"}
{"timestamp":"2026-09-06T06:49:45.855380247Z","level":"info","message":"  status: 200,"}
{"timestamp":"2026-09-06T06:49:45.855383547Z","level":"info","message":"  durationMs: 652"}
{"message":"}","level":"info","timestamp":"2026-09-06T06:49:45.855386997Z"}
{"message":"[ops] {","timestamp":"2026-09-06T06:49:46.775601052Z","level":"info"}
{"message":"  event: 'http_request',","level":"info","timestamp":"2026-09-06T06:49:46.775606932Z"}
{"level":"info","message":"  ts: '2026-09-06T06:49:46.739Z',","timestamp":"2026-09-06T06:49:46.775610882Z"}
{"timestamp":"2026-09-06T06:49:46.775614372Z","level":"info","message":"  requestId: 'e32bd17e-c5bb-4fde-a750-7d442530ecf9',"}
{"timestamp":"2026-09-06T06:49:46.775617812Z","message":"  method: 'OPTIONS',","level":"info"}
{"level":"info","timestamp":"2026-09-06T06:49:46.775621742Z","message":"  route: '/api/v2/events',"}
{"timestamp":"2026-09-06T06:49:46.775625162Z","message":"  status: 204,","level":"info"}
{"level":"info","timestamp":"2026-09-06T06:49:46.775628442Z","message":"  durationMs: 0"}
{"timestamp":"2026-09-06T06:49:46.775632342Z","level":"info","message":"}"}
{"level":"error","message":"  mode: 'monitor',","timestamp":"2026-09-06T06:49:46.912039322Z"}
{"timestamp":"2026-09-06T06:49:46.912046441Z","message":"  route: '/api/v2/events'","level":"error"}
{"message":"}","timestamp":"2026-09-06T06:49:46.912052171Z","level":"error"}
{"timestamp":"2026-09-06T06:49:46.912073031Z","level":"error","message":"[ops] {"}
{"message":"  event: 'security.app_check_rejected',","timestamp":"2026-09-06T06:49:46.912086181Z","level":"error"}
{"timestamp":"2026-09-06T06:49:46.912092641Z","level":"error","message":"  ts: '2026-09-06T06:49:46.905Z',"}
{"level":"error","message":"  reason: 'missing_token',","timestamp":"2026-09-06T06:49:46.912097631Z"}
{"message":"}","timestamp":"2026-09-06T06:49:47.479621780Z","level":"info"}
{"timestamp":"2026-09-06T06:49:47.479633040Z","message":"[ops] {","level":"info"}
{"level":"info","timestamp":"2026-09-06T06:49:47.479643760Z","message":"  event: 'http_request',"}
{"timestamp":"2026-09-06T06:49:47.479649470Z","message":"  ts: '2026-09-06T06:49:47.460Z',","level":"info"}
{"level":"info","message":"  requestId: '2eb1a97e-e678-4525-a83d-899fc5309034',","timestamp":"2026-09-06T06:49:47.479653620Z"}
{"message":"  method: 'GET',","level":"info","timestamp":"2026-09-06T06:49:47.479657630Z"}
{"timestamp":"2026-09-06T06:49:47.479661830Z","level":"info","message":"  route: '/api/v2/events',"}
{"message":"  status: 200,","timestamp":"2026-09-06T06:49:47.479668640Z","level":"info"}
{"message":"  durationMs: 556","timestamp":"2026-09-06T06:49:47.479672850Z","level":"info"}
{"message":"[ops] {","level":"info","timestamp":"2026-09-06T06:49:49.236285208Z"}
{"message":"  event: 'http_request',","level":"info","timestamp":"2026-09-06T06:49:49.236290588Z"}
{"level":"info","message":"  ts: '2026-09-06T06:49:49.230Z',","timestamp":"2026-09-06T06:49:49.236293768Z"}
{"message":"  requestId: '80bc89b6-f37d-4616-8293-2e33eb81e75d',","timestamp":"2026-09-06T06:49:49.236296648Z","level":"info"}
{"level":"info","timestamp":"2026-09-06T06:49:49.236299448Z","message":"  method: 'OPTIONS',"}
{"message":"  route: '/api/v2/events',","timestamp":"2026-09-06T06:49:49.236302398Z","level":"info"}
{"message":"  status: 204,","timestamp":"2026-09-06T06:49:49.236305608Z","level":"info"}
{"level":"info","message":"  durationMs: 0","timestamp":"2026-09-06T06:49:49.236308618Z"}
{"timestamp":"2026-09-06T06:49:49.236311478Z","message":"}","level":"info"}
{"message":"  durationMs: 5445","timestamp":"2026-09-06T06:49:49.430699392Z","level":"info"}
{"message":"  route: '/api/v2/events'","timestamp":"2026-09-06T06:49:49.430706572Z","level":"error"}
{"message":"}","timestamp":"2026-09-06T06:49:49.430714202Z","level":"info"}
{"message":"}","level":"error","timestamp":"2026-09-06T06:49:49.430716092Z"}
{"message":"[ops] {","level":"error","timestamp":"2026-09-06T06:49:49.430723082Z"}
{"message":"[ops] {","level":"info","timestamp":"2026-09-06T06:49:49.430730362Z"}
{"message":"  event: 'security.app_check_rejected',","timestamp":"2026-09-06T06:49:49.430732962Z","level":"error"}
{"level":"info","timestamp":"2026-09-06T06:49:49.430746922Z","message":"  event: 'studio.command_polled',"}
{"level":"error","message":"  ts: '2026-09-06T06:49:49.395Z',","timestamp":"2026-09-06T06:49:49.430755842Z"}
{"level":"info","message":"  ts: '2026-09-06T06:49:49.316Z',","timestamp":"2026-09-06T06:49:49.430756272Z"}
{"message":"  requestId: 'd2f2f590-013c-455d-817a-16e074d96277',","timestamp":"2026-09-06T06:49:49.430765182Z","level":"info"}
{"timestamp":"2026-09-06T06:49:49.430766102Z","level":"error","message":"  reason: 'missing_token',"}
{"message":"  sessionId: 'DlvFpLpN0vX1CB5Fvwv9',","level":"info","timestamp":"2026-09-06T06:49:49.430774042Z"}
{"timestamp":"2026-09-06T06:49:49.430776752Z","message":"  mode: 'monitor',","level":"error"}
{"message":"  status: 'empty'","timestamp":"2026-09-06T06:49:49.430780752Z","level":"info"}
{"level":"info","message":"}","timestamp":"2026-09-06T06:49:49.430787092Z"}
{"level":"info","message":"[ops] {","timestamp":"2026-09-06T06:49:49.430791992Z"}
{"level":"info","message":"  event: 'http_request',","timestamp":"2026-09-06T06:49:49.430796322Z"}
{"message":"  ts: '2026-09-06T06:49:49.317Z',","timestamp":"2026-09-06T06:49:49.430800201Z","level":"info"}
{"timestamp":"2026-09-06T06:49:49.430804201Z","message":"  requestId: 'd2f2f590-013c-455d-817a-16e074d96277',","level":"info"}
{"level":"info","message":"  method: 'GET',","timestamp":"2026-09-06T06:49:49.430808161Z"}
{"level":"info","message":"  route: '/api/studio/mcp/commands/next',","timestamp":"2026-09-06T06:49:49.430812061Z"}
{"level":"info","message":"  status: 204,","timestamp":"2026-09-06T06:49:49.430818811Z"}
{"level":"info","message":"[ops] {","timestamp":"2026-09-06T06:49:49.962102310Z"}
{"timestamp":"2026-09-06T06:49:49.962106970Z","level":"info","message":"  event: 'http_request',"}
{"level":"info","timestamp":"2026-09-06T06:49:49.962110040Z","message":"  ts: '2026-09-06T06:49:49.959Z',"}
{"message":"  requestId: '1ffee49a-a098-4a4a-ace9-25cfa4bc5044',","timestamp":"2026-09-06T06:49:49.962113040Z","level":"info"}
{"message":"  method: 'GET',","timestamp":"2026-09-06T06:49:49.962115389Z","level":"info"}
{"level":"info","timestamp":"2026-09-06T06:49:49.962117759Z","message":"  route: '/api/v2/events',"}
{"message":"  status: 200,","timestamp":"2026-09-06T06:49:49.962120189Z","level":"info"}
{"timestamp":"2026-09-06T06:49:49.962122979Z","message":"  durationMs: 564","level":"info"}
{"level":"info","timestamp":"2026-09-06T06:49:49.962125699Z","message":"}"}
{"level":"info","message":"[ops] {","timestamp":"2026-09-06T06:49:49.962128729Z"}
{"timestamp":"2026-09-06T06:49:49.962132659Z","level":"info","message":"  event: 'http_request',"}
{"message":"  ts: '2026-09-06T06:49:49.960Z',","timestamp":"2026-09-06T06:49:49.962135129Z","level":"info"}
{"timestamp":"2026-09-06T06:49:49.962137429Z","level":"info","message":"  requestId: '46b579b5-896f-469c-86fe-7ca6f9a44d5e',"}
{"message":"  method: 'POST',","timestamp":"2026-09-06T06:49:49.962140159Z","level":"info"}
{"level":"info","timestamp":"2026-09-06T06:49:49.962142829Z","message":"  route: '/api/studio/mcp/session/ping',"}
{"level":"info","message":"  status: 200,","timestamp":"2026-09-06T06:49:49.962145879Z"}
{"level":"info","message":"  durationMs: 354","timestamp":"2026-09-06T06:49:49.962148289Z"}
{"level":"info","timestamp":"2026-09-06T06:49:49.962150739Z","message":"}"}
{"level":"info","message":"}","timestamp":"2026-09-06T06:49:51.612628477Z"}
{"message":"[ops] {","level":"info","timestamp":"2026-09-06T06:49:51.612643087Z"}
{"level":"info","message":"  requestId: '7787a9e9-8632-4c75-abef-16105140f209',","timestamp":"2026-09-06T06:49:51.612643087Z"}
{"level":"info","message":"  reasonCodes: [ 'command_unavailable' ],","timestamp":"2026-09-06T06:49:51.612644247Z"}
{"timestamp":"2026-09-06T06:49:51.612657567Z","message":"  method: 'POST',","level":"info"}
{"level":"info","message":"  event: 'studio.plugin_compatibility_handshake',","timestamp":"2026-09-06T06:49:51.612657607Z"}
{"timestamp":"2026-09-06T06:49:51.612659837Z","level":"info","message":"  buildId: 'nexusrbx-studio-0.14.0-r15-animation.10-native-value-normalization',"}
{"level":"info","timestamp":"2026-09-06T06:49:51.612667447Z","message":"  ts: '2026-09-06T06:49:51.603Z',"}
{"timestamp":"2026-09-06T06:49:51.612668097Z","message":"  route: '/api/studio/session/ping',","level":"info"}
{"message":"  attestationWritten: false,","level":"info","timestamp":"2026-09-06T06:49:51.612668497Z"}
{"timestamp":"2026-09-06T06:49:51.612676007Z","level":"info","message":"  status: 200,"}
{"message":"  requestId: '7787a9e9-8632-4c75-abef-16105140f209',","timestamp":"2026-09-06T06:49:51.612676487Z","level":"info"}
{"level":"info","message":"  repairDurationMs: 363","timestamp":"2026-09-06T06:49:51.612678867Z"}
{"level":"info","message":"  durationMs: 447","timestamp":"2026-09-06T06:49:51.612682787Z"}
{"level":"info","timestamp":"2026-09-06T06:49:51.612682837Z","message":"  sessionId: 'Iog4rWn0F2wcGR9xp3Jq',"}
{"timestamp":"2026-09-06T06:49:51.612686267Z","level":"info","message":"}"}
{"message":"  userId: 'klu6Sv5QeEgYWlHjsgQwMkZCvsb2',","timestamp":"2026-09-06T06:49:51.612689647Z","level":"info"}
{"message":"[ops] {","level":"info","timestamp":"2026-09-06T06:49:51.612695677Z"}
{"level":"info","message":"  status: 'degraded',","timestamp":"2026-09-06T06:49:51.612699577Z"}
{"message":"  event: 'http_request',","level":"info","timestamp":"2026-09-06T06:49:51.612702827Z"}
{"level":"info","timestamp":"2026-09-06T06:49:51.612706607Z","message":"  ts: '2026-09-06T06:49:51.604Z',"}
{"level":"info","message":"  status: 204,","timestamp":"2026-09-06T06:49:51.739420197Z"}
{"message":"  durationMs: 0","timestamp":"2026-09-06T06:49:51.739426887Z","level":"info"}
{"timestamp":"2026-09-06T06:49:51.739431557Z","message":"}","level":"info"}
{"level":"info","message":"[ops] {","timestamp":"2026-09-06T06:49:51.739515076Z"}
{"message":"  event: 'http_request',","timestamp":"2026-09-06T06:49:51.739521166Z","level":"info"}
{"timestamp":"2026-09-06T06:49:51.739526066Z","level":"info","message":"  ts: '2026-09-06T06:49:51.735Z',"}
{"timestamp":"2026-09-06T06:49:51.739529306Z","message":"  requestId: '269eedcf-f998-47e2-834e-37daca3c30e6',","level":"info"}
{"level":"info","message":"  method: 'OPTIONS',","timestamp":"2026-09-06T06:49:51.739532116Z"}
{"timestamp":"2026-09-06T06:49:51.739536206Z","level":"info","message":"  route: '/api/v2/agents/active',"}
{"timestamp":"2026-09-06T06:49:51.739539166Z","message":"  status: 204,","level":"info"}
{"message":"  durationMs: 0","timestamp":"2026-09-06T06:49:51.739541846Z","level":"info"}
{"level":"info","message":"}","timestamp":"2026-09-06T06:49:51.739544676Z"}
{"timestamp":"2026-09-06T06:49:51.739547596Z","message":"[ops] {","level":"info"}
{"message":"  event: 'http_request',","level":"info","timestamp":"2026-09-06T06:49:51.739550236Z"}
{"level":"info","message":"  ts: '2026-09-06T06:49:51.738Z',","timestamp":"2026-09-06T06:49:51.739553216Z"}
{"level":"info","message":"  requestId: 'ee861376-f43f-4f90-bbf1-6e7292a9392c',","timestamp":"2026-09-06T06:49:51.739555916Z"}
{"message":"  method: 'OPTIONS',","timestamp":"2026-09-06T06:49:51.739558796Z","level":"info"}
{"message":"  route: '/api/v2/events',","timestamp":"2026-09-06T06:49:51.739561626Z","level":"info"}
{"message":"}","timestamp":"2026-09-06T06:49:51.938814139Z","level":"error"}
{"level":"error","timestamp":"2026-09-06T06:49:51.938821399Z","message":"[ops] {"}
{"message":"  event: 'security.app_check_rejected',","level":"error","timestamp":"2026-09-06T06:49:51.938825189Z"}
{"message":"  ts: '2026-09-06T06:49:51.928Z',","timestamp":"2026-09-06T06:49:51.938828639Z","level":"error"}
{"level":"error","message":"  reason: 'missing_token',","timestamp":"2026-09-06T06:49:51.938832319Z"}
{"message":"  mode: 'monitor',","level":"error","timestamp":"2026-09-06T06:49:51.938835569Z"}
{"message":"  route: '/api/v2/events'","timestamp":"2026-09-06T06:49:51.938838669Z","level":"error"}
{"message":"}","timestamp":"2026-09-06T06:49:51.938842159Z","level":"error"}
{"message":"[ops] {","timestamp":"2026-09-06T06:49:51.941453803Z","level":"error"}
{"message":"  event: 'security.app_check_rejected',","level":"error","timestamp":"2026-09-06T06:49:51.941460123Z"}
{"timestamp":"2026-09-06T06:49:51.941464722Z","level":"error","message":"  ts: '2026-09-06T06:49:51.921Z',"}
{"level":"error","message":"  reason: 'missing_token',","timestamp":"2026-09-06T06:49:51.941469982Z"}
{"timestamp":"2026-09-06T06:49:51.941474162Z","level":"error","message":"  mode: 'monitor',"}
{"timestamp":"2026-09-06T06:49:51.941478712Z","level":"error","message":"  route: '/api/v2/agents/active'"}
{"level":"info","message":"[ops] {","timestamp":"2026-09-06T06:49:52.002785516Z"}
{"message":"  event: 'http_request',","timestamp":"2026-09-06T06:49:52.002788976Z","level":"info"}
{"level":"info","message":"  ts: '2026-09-06T06:49:51.985Z',","timestamp":"2026-09-06T06:49:52.002791846Z"}
{"timestamp":"2026-09-06T06:49:52.002794786Z","level":"info","message":"  requestId: '8ec8e271-c151-4dee-bcaf-d5cf5a9e722d',"}
{"message":"  method: 'GET',","level":"info","timestamp":"2026-09-06T06:49:52.002797876Z"}
{"message":"  route: '/api/v2/agents/active',","timestamp":"2026-09-06T06:49:52.002803186Z","level":"info"}
{"message":"  status: 200,","level":"info","timestamp":"2026-09-06T06:49:52.002806196Z"}
{"message":"  durationMs: 64","level":"info","timestamp":"2026-09-06T06:49:52.002809136Z"}
{"level":"info","message":"}","timestamp":"2026-09-06T06:49:52.002812196Z"}
{"message":"[ops] {","timestamp":"2026-09-06T06:49:52.552761006Z","level":"info"}
{"timestamp":"2026-09-06T06:49:52.552766826Z","message":"  event: 'http_request',","level":"info"}
{"message":"  ts: '2026-09-06T06:49:52.544Z',","timestamp":"2026-09-06T06:49:52.552770536Z","level":"info"}
{"message":"  requestId: 'eaeca934-7f2d-4cb8-aa7c-3644e394e3a3',","timestamp":"2026-09-06T06:49:52.552819726Z","level":"info"}
{"level":"info","timestamp":"2026-09-06T06:49:52.552823426Z","message":"  method: 'GET',"}
{"timestamp":"2026-09-06T06:49:52.552826116Z","message":"  route: '/api/v2/events',","level":"info"}
{"message":"  status: 200,","level":"info","timestamp":"2026-09-06T06:49:52.552828966Z"}
{"message":"  durationMs: 616","level":"info","timestamp":"2026-09-06T06:49:52.552831746Z"}
{"message":"}","timestamp":"2026-09-06T06:49:52.552835626Z","level":"info"}
{"message":"[ops] {","timestamp":"2026-09-06T06:49:54.237614757Z","level":"info"}
{"message":"  event: 'http_request',","level":"info","timestamp":"2026-09-06T06:49:54.237626157Z"}
{"level":"info","timestamp":"2026-09-06T06:49:54.237633067Z","message":"  ts: '2026-09-06T06:49:54.230Z',"}
{"timestamp":"2026-09-06T06:49:54.237638037Z","level":"info","message":"  requestId: '3ce06857-6f00-4894-a3a8-ab1de89b78f0',"}
{"level":"info","message":"  method: 'OPTIONS',","timestamp":"2026-09-06T06:49:54.237642737Z"}
{"message":"  route: '/api/v2/events',","level":"info","timestamp":"2026-09-06T06:49:54.237648697Z"}
{"message":"  status: 204,","level":"info","timestamp":"2026-09-06T06:49:54.237654447Z"}
{"timestamp":"2026-09-06T06:49:54.237664307Z","level":"info","message":"  durationMs: 0"}
{"timestamp":"2026-09-06T06:49:54.237669847Z","message":"}","level":"info"}
{"level":"error","timestamp":"2026-09-06T06:49:54.544705670Z","message":"[ops] {"}
{"timestamp":"2026-09-06T06:49:54.544708570Z","level":"error","message":"  event: 'security.app_check_rejected',"}
{"message":"  ts: '2026-09-06T06:49:54.542Z',","timestamp":"2026-09-06T06:49:54.544711440Z","level":"error"}
{"level":"error","message":"  reason: 'missing_token',","timestamp":"2026-09-06T06:49:54.544714670Z"}
{"level":"error","timestamp":"2026-09-06T06:49:54.544717690Z","message":"  mode: 'monitor',"}
{"level":"error","message":"  route: '/api/v2/events'","timestamp":"2026-09-06T06:49:54.544720330Z"}
{"timestamp":"2026-09-06T06:49:54.544722830Z","message":"}","level":"error"}
{"message":"[ops] {","timestamp":"2026-09-06T06:49:55.087382846Z","level":"info"}
{"message":"  event: 'http_request',","level":"info","timestamp":"2026-09-06T06:49:55.087386436Z"}
{"message":"  ts: '2026-09-06T06:49:55.084Z',","timestamp":"2026-09-06T06:49:55.087389366Z","level":"info"}
{"level":"info","timestamp":"2026-09-06T06:49:55.087392816Z","message":"  requestId: '60c02b13-34d7-49d1-a57c-dc884a9821fa',"}
{"level":"info","message":"  method: 'GET',","timestamp":"2026-09-06T06:49:55.087395206Z"}
{"message":"  route: '/api/v2/events',","level":"info","timestamp":"2026-09-06T06:49:55.087397926Z"}
{"level":"info","message":"  status: 200,","timestamp":"2026-09-06T06:49:55.087400806Z"}
{"message":"  durationMs: 542","level":"info","timestamp":"2026-09-06T06:49:55.087403666Z"}
{"level":"info","message":"}","timestamp":"2026-09-06T06:49:55.087406796Z"}
{"timestamp":"2026-09-06T06:49:56.746559028Z","level":"info","message":"[ops] {"}
{"timestamp":"2026-09-06T06:49:56.746563348Z","level":"info","message":"  event: 'http_request',"}
{"timestamp":"2026-09-06T06:49:56.746566848Z","message":"  ts: '2026-09-06T06:49:56.742Z',","level":"info"}
{"timestamp":"2026-09-06T06:49:56.746570498Z","message":"  requestId: '740d4e3b-5366-427b-9760-292c3b1e9472',","level":"info"}
{"message":"  method: 'OPTIONS',","timestamp":"2026-09-06T06:49:56.746574088Z","level":"info"}
{"message":"  route: '/api/v2/events',","timestamp":"2026-09-06T06:49:56.746577198Z","level":"info"}
{"timestamp":"2026-09-06T06:49:56.746579938Z","message":"  status: 204,","level":"info"}
{"level":"info","timestamp":"2026-09-06T06:49:56.746582698Z","message":"  durationMs: 0"}
{"timestamp":"2026-09-06T06:49:56.746585268Z","level":"info","message":"}"}
{"level":"error","message":"[ops] {","timestamp":"2026-09-06T06:49:56.910221866Z"}
{"timestamp":"2026-09-06T06:49:56.910322785Z","level":"error","message":"  event: 'security.app_check_rejected',"}
{"message":"  ts: '2026-09-06T06:49:56.908Z',","timestamp":"2026-09-06T06:49:56.910328725Z","level":"error"}
{"level":"error","message":"  reason: 'missing_token',","timestamp":"2026-09-06T06:49:56.910335915Z"}
{"level":"error","message":"  mode: 'monitor',","timestamp":"2026-09-06T06:49:56.910339035Z"}
{"timestamp":"2026-09-06T06:49:56.910342155Z","level":"error","message":"  route: '/api/v2/events'"}
{"level":"error","message":"}","timestamp":"2026-09-06T06:49:56.910345285Z"}
{"timestamp":"2026-09-06T06:49:57.128501719Z","message":"  status: 200,","level":"info"}
{"timestamp":"2026-09-06T06:49:57.128514569Z","level":"info","message":"  durationMs: 315"}
{"timestamp":"2026-09-06T06:49:57.128521039Z","level":"info","message":"}"}
{"level":"info","message":"[ops] {","timestamp":"2026-09-06T06:49:57.128561709Z"}
{"message":"  event: 'http_request',","level":"info","timestamp":"2026-09-06T06:49:57.128565478Z"}
{"message":"  ts: '2026-09-06T06:49:57.075Z',","timestamp":"2026-09-06T06:49:57.128569558Z","level":"info"}
{"level":"info","message":"  requestId: 'b8531a12-dfea-483a-9a5a-d2e75fbcc68e',","timestamp":"2026-09-06T06:49:57.128573298Z"}
{"timestamp":"2026-09-06T06:49:57.128576818Z","message":"  method: 'POST',","level":"info"}
{"level":"info","timestamp":"2026-09-06T06:49:57.128580868Z","message":"  route: '/api/studio/mcp/session/ping',"}
{"timestamp":"2026-09-06T06:49:57.462459742Z","message":"[ops] {","level":"info"}
{"message":"  event: 'http_request',","timestamp":"2026-09-06T06:49:57.462463212Z","level":"info"}
{"level":"info","message":"  ts: '2026-09-06T06:49:57.415Z',","timestamp":"2026-09-06T06:49:57.462466072Z"}
{"message":"  requestId: '654158e1-e28c-4eea-955f-6659b272f942',","timestamp":"2026-09-06T06:49:57.462468712Z","level":"info"}
{"timestamp":"2026-09-06T06:49:57.462517011Z","level":"info","message":"  method: 'GET',"}
{"timestamp":"2026-09-06T06:49:57.462520662Z","message":"  route: '/api/v2/events',","level":"info"}
{"message":"  status: 200,","level":"info","timestamp":"2026-09-06T06:49:57.462523732Z"}
{"message":"  durationMs: 507","level":"info","timestamp":"2026-09-06T06:49:57.462526492Z"}
{"level":"info","message":"}","timestamp":"2026-09-06T06:49:57.462529472Z"}
{"message":"  route: '/api/studio/mcp/commands/next',","timestamp":"2026-09-06T06:49:57.667895496Z","level":"info"}
{"timestamp":"2026-09-06T06:49:57.667897396Z","message":"[ops] {","level":"info"}
{"message":"  status: 204,","level":"info","timestamp":"2026-09-06T06:49:57.667900416Z"}
{"timestamp":"2026-09-06T06:49:57.667903826Z","message":"  event: 'studio.command_polled',","level":"info"}
{"level":"info","message":"  durationMs: 5477","timestamp":"2026-09-06T06:49:57.667904746Z"}
{"timestamp":"2026-09-06T06:49:57.667907426Z","level":"info","message":"  ts: '2026-09-06T06:49:57.662Z',"}
{"timestamp":"2026-09-06T06:49:57.667909206Z","message":"}","level":"info"}
{"message":"  requestId: '0e96012b-2a2a-41e4-80f7-31f38d495d3d',","timestamp":"2026-09-06T06:49:57.667912876Z","level":"info"}
{"timestamp":"2026-09-06T06:49:57.667915736Z","message":"  sessionId: 'DlvFpLpN0vX1CB5Fvwv9',","level":"info"}
{"timestamp":"2026-09-06T06:49:57.667919266Z","message":"  status: 'empty'","level":"info"}
{"message":"}","timestamp":"2026-09-06T06:49:57.667922366Z","level":"info"}
{"timestamp":"2026-09-06T06:49:57.667926346Z","level":"info","message":"[ops] {"}
{"timestamp":"2026-09-06T06:49:57.667928866Z","message":"  event: 'http_request',","level":"info"}
{"level":"info","message":"  ts: '2026-09-06T06:49:57.663Z',","timestamp":"2026-09-06T06:49:57.667931416Z"}
{"timestamp":"2026-09-06T06:49:57.667934336Z","message":"  requestId: '0e96012b-2a2a-41e4-80f7-31f38d495d3d',","level":"info"}
{"message":"  method: 'GET',","level":"info","timestamp":"2026-09-06T06:49:57.667937626Z"}
{"message":"[ops] {","timestamp":"2026-09-06T06:49:58.227777814Z","level":"info"}
{"message":"  event: 'http_request',","level":"info","timestamp":"2026-09-06T06:49:58.227782854Z"}
{"level":"info","message":"  ts: '2026-09-06T06:49:58.220Z',","timestamp":"2026-09-06T06:49:58.227786134Z"}
{"level":"info","message":"  requestId: '149c36e4-7442-4059-9ff3-e2570b6d72cd',","timestamp":"2026-09-06T06:49:58.227789524Z"}
{"message":"  method: 'POST',","timestamp":"2026-09-06T06:49:58.227792144Z","level":"info"}
{"message":"  route: '/api/studio/mcp/session/ping',","level":"info","timestamp":"2026-09-06T06:49:58.227794784Z"}
{"message":"  status: 200,","level":"info","timestamp":"2026-09-06T06:49:58.227797584Z"}
{"timestamp":"2026-09-06T06:49:58.227801014Z","level":"info","message":"  durationMs: 267"}
{"timestamp":"2026-09-06T06:49:58.227804194Z","message":"}","level":"info"}
{"timestamp":"2026-09-06T06:49:58.901973261Z","level":"info","message":"[ops] {"}
{"message":"  event: 'http_request',","timestamp":"2026-09-06T06:49:58.901977841Z","level":"info"}
{"level":"info","timestamp":"2026-09-06T06:49:58.901981031Z","message":"  ts: '2026-09-06T06:49:58.900Z',"}
{"message":"  requestId: 'a34fd344-9fcb-45a2-8afa-88a359edac26',","level":"info","timestamp":"2026-09-06T06:49:58.901984161Z"}
{"message":"  method: 'OPTIONS',","level":"info","timestamp":"2026-09-06T06:49:58.901987221Z"}
{"timestamp":"2026-09-06T06:49:58.901989661Z","level":"info","message":"  route: '/api/studio/status',"}
{"timestamp":"2026-09-06T06:49:58.901991911Z","level":"info","message":"  status: 204,"}
{"level":"info","message":"  durationMs: 0","timestamp":"2026-09-06T06:49:58.901994690Z"}
{"message":"}","timestamp":"2026-09-06T06:49:58.901997180Z","level":"info"}
{"level":"info","message":"[ops] {","timestamp":"2026-09-06T06:49:58.906838840Z"}
{"level":"info","timestamp":"2026-09-06T06:49:58.906851850Z","message":"  event: 'http_request',"}
{"message":"  ts: '2026-09-06T06:49:58.904Z',","level":"info","timestamp":"2026-09-06T06:49:58.906858150Z"}
{"level":"info","timestamp":"2026-09-06T06:49:58.906863800Z","message":"  requestId: 'd1b3c092-75ea-4179-84b0-dcb3babb65ff',"}
{"timestamp":"2026-09-06T06:49:58.906868770Z","message":"  method: 'OPTIONS',","level":"info"}
{"message":"  route: '/api/studio/mcp/status',","timestamp":"2026-09-06T06:49:58.906874300Z","level":"info"}
{"level":"info","timestamp":"2026-09-06T06:49:58.906879220Z","message":"  status: 204,"}
{"timestamp":"2026-09-06T06:49:58.906886720Z","message":"  durationMs: 0","level":"info"}
{"level":"info","timestamp":"2026-09-06T06:49:58.906891580Z","message":"}"}
{"level":"error","message":"[ops] {","timestamp":"2026-09-06T06:49:59.076588309Z"}
{"message":"  event: 'security.app_check_rejected',","timestamp":"2026-09-06T06:49:59.076595529Z","level":"error"}
{"message":"  ts: '2026-09-06T06:49:59.068Z',","timestamp":"2026-09-06T06:49:59.076600119Z","level":"error"}
{"level":"error","message":"  reason: 'missing_token',","timestamp":"2026-09-06T06:49:59.076604029Z"}
{"level":"error","message":"  mode: 'monitor',","timestamp":"2026-09-06T06:49:59.076608159Z"}
{"message":"  route: '/api/studio/status'","timestamp":"2026-09-06T06:49:59.076612239Z","level":"error"}
{"timestamp":"2026-09-06T06:49:59.076616229Z","level":"error","message":"}"}
{"message":"[ops] {","level":"error","timestamp":"2026-09-06T06:49:59.076620679Z"}
{"message":"  event: 'security.app_check_rejected',","timestamp":"2026-09-06T06:49:59.076626319Z","level":"error"}
{"timestamp":"2026-09-06T06:49:59.076630359Z","level":"error","message":"  ts: '2026-09-06T06:49:59.073Z',"}
{"timestamp":"2026-09-06T06:49:59.076634439Z","message":"  reason: 'missing_token',","level":"error"}
{"message":"  mode: 'monitor',","timestamp":"2026-09-06T06:49:59.076638319Z","level":"error"}
{"message":"  route: '/api/studio/mcp/status'","timestamp":"2026-09-06T06:49:59.076642229Z","level":"error"}
{"message":"}","timestamp":"2026-09-06T06:49:59.076646779Z","level":"error"}
{"message":"[ops] {","timestamp":"2026-09-06T06:49:59.244828218Z","level":"info"}
{"message":"  event: 'http_request',","level":"info","timestamp":"2026-09-06T06:49:59.244834138Z"}
{"timestamp":"2026-09-06T06:49:59.244838278Z","message":"  ts: '2026-09-06T06:49:59.241Z',","level":"info"}
{"level":"info","timestamp":"2026-09-06T06:49:59.244842248Z","message":"  requestId: 'a7e99634-5e84-4924-8dff-465f76dcc934',"}
{"message":"  method: 'OPTIONS',","timestamp":"2026-09-06T06:49:59.244845348Z","level":"info"}
{"level":"info","timestamp":"2026-09-06T06:49:59.244849358Z","message":"  route: '/api/v2/events',"}
{"level":"info","message":"  status: 204,","timestamp":"2026-09-06T06:49:59.244852648Z"}
{"level":"info","timestamp":"2026-09-06T06:49:59.244856948Z","message":"  durationMs: 0"}
{"level":"info","message":"}","timestamp":"2026-09-06T06:49:59.244860658Z"}
{"message":"[ops] {","timestamp":"2026-09-06T06:49:59.334582231Z","level":"info"}
{"message":"  event: 'http_request',","timestamp":"2026-09-06T06:49:59.334593321Z","level":"info"}
{"level":"info","message":"  ts: '2026-09-06T06:49:59.331Z',","timestamp":"2026-09-06T06:49:59.334603271Z"}
{"timestamp":"2026-09-06T06:49:59.334607581Z","message":"  requestId: '71f02a42-e02a-4945-bb73-d9d7176a9fde',","level":"info"}
{"level":"info","message":"  method: 'GET',","timestamp":"2026-09-06T06:49:59.334612151Z"}
{"timestamp":"2026-09-06T06:49:59.334616741Z","level":"info","message":"  route: '/api/studio/mcp/status',"}
{"message":"  status: 200,","timestamp":"2026-09-06T06:49:59.334620831Z","level":"info"}
{"level":"info","timestamp":"2026-09-06T06:49:59.334624171Z","message":"  durationMs: 258"}
{"timestamp":"2026-09-06T06:49:59.334628401Z","level":"info","message":"}"}
{"timestamp":"2026-09-06T06:49:59.568915673Z","level":"error","message":"}"}
{"timestamp":"2026-09-06T06:49:59.568944743Z","level":"error","message":"[ops] {"}
{"level":"error","message":"  event: 'security.app_check_rejected',","timestamp":"2026-09-06T06:49:59.568952053Z"}
{"timestamp":"2026-09-06T06:49:59.568957263Z","level":"error","message":"  ts: '2026-09-06T06:49:59.414Z',"}
{"message":"  reason: 'missing_token',","timestamp":"2026-09-06T06:49:59.568962043Z","level":"error"}
{"message":"  mode: 'monitor',","level":"error","timestamp":"2026-09-06T06:49:59.568968922Z"}
{"timestamp":"2026-09-06T06:49:59.568973442Z","level":"error","message":"  route: '/api/v2/events'"}
{"message":"[ops] {","level":"info","timestamp":"2026-09-06T06:49:59.667356542Z"}
{"message":"  event: 'http_request',","timestamp":"2026-09-06T06:49:59.667362172Z","level":"info"}
{"timestamp":"2026-09-06T06:49:59.667365942Z","level":"info","message":"  ts: '2026-09-06T06:49:59.664Z',"}
{"level":"info","message":"  requestId: 'c782248b-9ffc-4a80-b197-951bd982ca85',","timestamp":"2026-09-06T06:49:59.667369112Z"}
{"timestamp":"2026-09-06T06:49:59.667371952Z","message":"  method: 'GET',","level":"info"}
{"level":"info","message":"  route: '/api/studio/status',","timestamp":"2026-09-06T06:49:59.667374632Z"}
{"timestamp":"2026-09-06T06:49:59.667377582Z","message":"  status: 200,","level":"info"}
{"level":"info","timestamp":"2026-09-06T06:49:59.667380142Z","message":"  durationMs: 596"}
{"timestamp":"2026-09-06T06:49:59.667383112Z","level":"info","message":"}"}
{"message":"[ops] {","level":"info","timestamp":"2026-09-06T06:49:59.967705527Z"}
{"message":"  event: 'http_request',","timestamp":"2026-09-06T06:49:59.967709787Z","level":"info"}
{"timestamp":"2026-09-06T06:49:59.967713957Z","level":"info","message":"  ts: '2026-09-06T06:49:59.932Z',"}
{"message":"  requestId: '557a9f70-6104-4cbb-890d-ab3b5d54e758',","timestamp":"2026-09-06T06:49:59.967717667Z","level":"info"}
{"level":"info","message":"  method: 'GET',","timestamp":"2026-09-06T06:49:59.967721447Z"}
{"timestamp":"2026-09-06T06:49:59.967724787Z","level":"info","message":"  route: '/api/v2/events',"}
{"level":"info","message":"  status: 200,","timestamp":"2026-09-06T06:49:59.967728807Z"}
{"message":"  durationMs: 518","timestamp":"2026-09-06T06:49:59.967732967Z","level":"info"}
{"message":"}","timestamp":"2026-09-06T06:49:59.967736007Z","level":"info"}
{"level":"info","message":"  route: '/api/studio/commands/next',","timestamp":"2026-09-06T06:50:00.580612880Z"}
{"level":"info","timestamp":"2026-09-06T06:50:00.580618340Z","message":"  status: 204,"}
{"message":"  durationMs: 24169","timestamp":"2026-09-06T06:50:00.580622010Z","level":"info"}
{"level":"info","timestamp":"2026-09-06T06:50:00.580625830Z","message":"}"}
{"timestamp":"2026-09-06T06:50:00.580638910Z","level":"info","message":"[ops] {"}
{"level":"info","timestamp":"2026-09-06T06:50:00.580642440Z","message":"  event: 'studio.command_polled',"}
{"level":"info","message":"  ts: '2026-09-06T06:50:00.490Z',","timestamp":"2026-09-06T06:50:00.580645220Z"}
{"message":"  requestId: '3c258c65-4ea0-43f9-9fa5-67b2c8d1bea6',","timestamp":"2026-09-06T06:50:00.580648150Z","level":"info"}
{"level":"info","message":"  sessionId: 'Iog4rWn0F2wcGR9xp3Jq',","timestamp":"2026-09-06T06:50:00.580651320Z"}
{"timestamp":"2026-09-06T06:50:00.580654570Z","message":"  status: 'empty'","level":"info"}
{"message":"}","level":"info","timestamp":"2026-09-06T06:50:00.580657390Z"}
{"timestamp":"2026-09-06T06:50:00.580660330Z","message":"[ops] {","level":"info"}
{"level":"info","message":"  event: 'http_request',","timestamp":"2026-09-06T06:50:00.580663800Z"}
{"level":"info","timestamp":"2026-09-06T06:50:00.580666580Z","message":"  ts: '2026-09-06T06:50:00.490Z',"}
{"message":"  requestId: '3c258c65-4ea0-43f9-9fa5-67b2c8d1bea6',","level":"info","timestamp":"2026-09-06T06:50:00.580669460Z"}
{"message":"  method: 'GET',","timestamp":"2026-09-06T06:50:00.580672440Z","level":"info"}
{"timestamp":"2026-09-06T06:50:00.961879695Z","message":"[ops] {","level":"info"}
{"timestamp":"2026-09-06T06:50:00.961885395Z","level":"info","message":"  event: 'http_request',"}
{"level":"info","timestamp":"2026-09-06T06:50:00.961889165Z","message":"  ts: '2026-09-06T06:50:00.951Z',"}
{"timestamp":"2026-09-06T06:50:00.961892675Z","level":"info","message":"  requestId: '126f85c3-87e7-4188-bdc8-9637b8a53d39',"}
{"message":"  method: 'OPTIONS',","timestamp":"2026-09-06T06:50:00.961896485Z","level":"info"}
{"message":"  route: '/api/:id/:id',","timestamp":"2026-09-06T06:50:00.961900005Z","level":"info"}
{"message":"  status: 204,","timestamp":"2026-09-06T06:50:00.961903405Z","level":"info"}
{"timestamp":"2026-09-06T06:50:00.961910645Z","level":"info","message":"  durationMs: 1"}
{"message":"}","timestamp":"2026-09-06T06:50:00.961914045Z","level":"info"}
{"message":"[ops] {","level":"error","timestamp":"2026-09-06T06:50:01.142390566Z"}
{"message":"  event: 'security.app_check_rejected',","timestamp":"2026-09-06T06:50:01.142393296Z","level":"error"}
{"message":"  ts: '2026-09-06T06:50:01.115Z',","level":"error","timestamp":"2026-09-06T06:50:01.142395946Z"}
{"message":"  reason: 'missing_token',","timestamp":"2026-09-06T06:50:01.142400136Z","level":"error"}
{"timestamp":"2026-09-06T06:50:01.142402636Z","message":"  mode: 'monitor',","level":"error"}
{"level":"error","timestamp":"2026-09-06T06:50:01.142404876Z","message":"  route: '/api/project-bindings/proj_e237b4d5b7634cf2a503723f3f8beff7'"}
{"timestamp":"2026-09-06T06:50:01.142407176Z","level":"error","message":"}"}
{"message":"}","level":"info","timestamp":"2026-09-06T06:50:01.216668428Z"}
{"level":"info","message":"project_resolution {","timestamp":"2026-09-06T06:50:01.216687638Z"}
{"message":"  requestId: '79e6c67d-761f-4fd4-9078-ff6822263d4b',","timestamp":"2026-09-06T06:50:01.216694908Z","level":"info"}
{"message":"[ops] {","timestamp":"2026-09-06T06:50:01.216700808Z","level":"info"}
{"message":"  userHash: '61523b905e6d4bfa',","timestamp":"2026-09-06T06:50:01.216701748Z","level":"info"}
{"timestamp":"2026-09-06T06:50:01.216707378Z","message":"  projectHash: '345b955d3c8c9e83',","level":"info"}
{"message":"  resolutionState: 'ready',","timestamp":"2026-09-06T06:50:01.216716088Z","level":"info"}
{"message":"  event: 'http_request',","timestamp":"2026-09-06T06:50:01.216716228Z","level":"info"}
{"message":"  failureCode: null","level":"info","timestamp":"2026-09-06T06:50:01.216723298Z"}
{"level":"info","timestamp":"2026-09-06T06:50:01.216730248Z","message":"}"}
{"timestamp":"2026-09-06T06:50:01.216747448Z","message":"  ts: '2026-09-06T06:50:01.212Z',","level":"info"}
{"level":"info","message":"  requestId: '79e6c67d-761f-4fd4-9078-ff6822263d4b',","timestamp":"2026-09-06T06:50:01.216752198Z"}
{"level":"info","message":"  method: 'GET',","timestamp":"2026-09-06T06:50:01.216757888Z"}
{"level":"info","timestamp":"2026-09-06T06:50:01.216761978Z","message":"  route: '/api/project-bindings/:projectId',"}
{"level":"info","message":"  status: 200,","timestamp":"2026-09-06T06:50:01.216766218Z"}
{"level":"info","message":"  durationMs: 97","timestamp":"2026-09-06T06:50:01.216778037Z"}
{"level":"info","message":"  buildId: 'nexusrbx-studio-0.14.0-r15-animation.12-toolbox',","timestamp":"2026-09-06T06:50:01.734557011Z"}
{"level":"info","timestamp":"2026-09-06T06:50:01.734567291Z","message":"  attestationWritten: false,"}
{"timestamp":"2026-09-06T06:50:01.734578271Z","message":"  repairDurationMs: 515","level":"info"}
{"message":"}","timestamp":"2026-09-06T06:50:01.734583131Z","level":"info"}
{"message":"[ops] {","timestamp":"2026-09-06T06:50:01.734589351Z","level":"info"}
{"message":"[ops] {","timestamp":"2026-09-06T06:50:01.734591290Z","level":"info"}
{"level":"info","message":"  event: 'studio.plugin_compatibility_handshake',","timestamp":"2026-09-06T06:50:01.734595430Z"}
{"message":"  event: 'http_request',","level":"info","timestamp":"2026-09-06T06:50:01.734598480Z"}
{"message":"  ts: '2026-09-06T06:50:01.728Z',","timestamp":"2026-09-06T06:50:01.734605240Z","level":"info"}
{"level":"info","timestamp":"2026-09-06T06:50:01.734605760Z","message":"  ts: '2026-09-06T06:50:01.729Z',"}
{"timestamp":"2026-09-06T06:50:01.734615390Z","level":"info","message":"  requestId: 'ca5d7aad-8790-46ed-b171-301ff6200b65',"}
{"timestamp":"2026-09-06T06:50:01.734616140Z","message":"  requestId: 'ca5d7aad-8790-46ed-b171-301ff6200b65',","level":"info"}
{"message":"  method: 'POST',","timestamp":"2026-09-06T06:50:01.734623650Z","level":"info"}
{"message":"  sessionId: 'MLq8J3mhz56J6BRsAeQe',","timestamp":"2026-09-06T06:50:01.734625890Z","level":"info"}
{"level":"info","message":"  route: '/api/studio/session/ping',","timestamp":"2026-09-06T06:50:01.734630020Z"}
{"timestamp":"2026-09-06T06:50:01.734634510Z","message":"  userId: '0VSQotqOXxPXBLeQu1gUNkXELWH3',","level":"info"}
{"message":"  status: 200,","timestamp":"2026-09-06T06:50:01.734638410Z","level":"info"}
{"message":"}","timestamp":"2026-09-06T06:50:01.734639840Z","level":"info"}
{"level":"info","message":"  status: 'compatible',","timestamp":"2026-09-06T06:50:01.734642930Z"}
{"message":"[ops] {","level":"info","timestamp":"2026-09-06T06:50:01.734645760Z"}
{"timestamp":"2026-09-06T06:50:01.734648460Z","level":"info","message":"  durationMs: 598"}
{"message":"  reasonCodes: [],","timestamp":"2026-09-06T06:50:01.734652640Z","level":"info"}
{"message":"  event: 'http_request',","level":"info","timestamp":"2026-09-06T06:50:01.734652640Z"}
{"timestamp":"2026-09-06T06:50:01.734657550Z","message":"}","level":"info"}
{"level":"info","timestamp":"2026-09-06T06:50:01.734659570Z","message":"  ts: '2026-09-06T06:50:01.731Z',"}
{"message":"  requestId: 'c364d9b8-7622-4952-925b-0f1fa551ef3c',","timestamp":"2026-09-06T06:50:01.734662460Z","level":"info"}
{"message":"[ops] {","timestamp":"2026-09-06T06:50:01.734667910Z","level":"info"}
{"timestamp":"2026-09-06T06:50:01.734668700Z","message":"  method: 'OPTIONS',","level":"info"}
{"message":"  route: '/api/v2/events',","timestamp":"2026-09-06T06:50:01.734676040Z","level":"info"}
{"level":"info","message":"  event: 'http_request',","timestamp":"2026-09-06T06:50:01.734676370Z"}
{"message":"  status: 204,","level":"info","timestamp":"2026-09-06T06:50:01.734683470Z"}
{"timestamp":"2026-09-06T06:50:01.734683640Z","level":"info","message":"  ts: '2026-09-06T06:50:01.729Z',"}
{"message":"  requestId: '3e786c3a-0efa-4c3c-bc0c-e9cd0047f796',","level":"info","timestamp":"2026-09-06T06:50:01.734690900Z"}
{"message":"  durationMs: 0","timestamp":"2026-09-06T06:50:01.734692440Z","level":"info"}
{"message":"  method: 'OPTIONS',","timestamp":"2026-09-06T06:50:01.734696600Z","level":"info"}
{"timestamp":"2026-09-06T06:50:01.734700790Z","message":"}","level":"info"}
{"message":"  route: '/api/v2/agents/active',","level":"info","timestamp":"2026-09-06T06:50:01.734703340Z"}
{"level":"info","timestamp":"2026-09-06T06:50:01.734708530Z","message":"  status: 204,"}
{"timestamp":"2026-09-06T06:50:01.734711410Z","level":"info","message":"  durationMs: 0"}
{"message":"[ops] {","timestamp":"2026-09-06T06:50:01.918486491Z","level":"error"}
{"timestamp":"2026-09-06T06:50:01.918490801Z","message":"  event: 'security.app_check_rejected',","level":"error"}
{"timestamp":"2026-09-06T06:50:01.918495271Z","level":"error","message":"  ts: '2026-09-06T06:50:01.897Z',"}
{"timestamp":"2026-09-06T06:50:01.918499351Z","level":"error","message":"  reason: 'missing_token',"}
{"level":"error","message":"  mode: 'monitor',","timestamp":"2026-09-06T06:50:01.918502921Z"}
{"message":"  route: '/api/v2/agents/active'","timestamp":"2026-09-06T06:50:01.918506351Z","level":"error"}
{"level":"error","message":"}","timestamp":"2026-09-06T06:50:01.918510560Z"}
{"timestamp":"2026-09-06T06:50:01.918514180Z","message":"[ops] {","level":"error"}
{"message":"  event: 'security.app_check_rejected',","timestamp":"2026-09-06T06:50:01.918517490Z","level":"error"}
{"level":"error","message":"  ts: '2026-09-06T06:50:01.900Z',","timestamp":"2026-09-06T06:50:01.918521030Z"}
{"level":"error","message":"  reason: 'missing_token',","timestamp":"2026-09-06T06:50:01.918524710Z"}
{"message":"  mode: 'monitor',","timestamp":"2026-09-06T06:50:01.918528130Z","level":"error"}
{"level":"error","message":"  route: '/api/v2/events'","timestamp":"2026-09-06T06:50:01.918531630Z"}
{"level":"error","message":"}","timestamp":"2026-09-06T06:50:01.918534960Z"}
{"level":"info","message":"[ops] {","timestamp":"2026-09-06T06:50:01.978899289Z"}
{"level":"info","timestamp":"2026-09-06T06:50:01.978906189Z","message":"  event: 'http_request',"}
{"message":"  ts: '2026-09-06T06:50:01.959Z',","timestamp":"2026-09-06T06:50:01.978910259Z","level":"info"}
{"message":"  requestId: 'a4a0b302-347e-4fb2-a203-3fbcdddc1fb7',","level":"info","timestamp":"2026-09-06T06:50:01.978915279Z"}
{"timestamp":"2026-09-06T06:50:01.978918829Z","level":"info","message":"  method: 'GET',"}
{"message":"  route: '/api/v2/agents/active',","timestamp":"2026-09-06T06:50:01.978922339Z","level":"info"}
{"timestamp":"2026-09-06T06:50:01.978926189Z","level":"info","message":"  status: 200,"}
{"level":"info","message":"  durationMs: 62","timestamp":"2026-09-06T06:50:01.978929369Z"}
{"timestamp":"2026-09-06T06:50:01.978937979Z","level":"info","message":"}"}
{"timestamp":"2026-09-06T06:50:02.008517612Z","level":"info","message":"[ops] {"}
{"message":"  event: 'studio.command_polled',","timestamp":"2026-09-06T06:50:02.008523402Z","level":"info"}
{"level":"info","message":"  ts: '2026-09-06T06:50:02.002Z',","timestamp":"2026-09-06T06:50:02.008527542Z"}
{"message":"  requestId: 'eb7fb03b-0b37-4d98-a988-836d2d647b27',","timestamp":"2026-09-06T06:50:02.008531222Z","level":"info"}
{"message":"  sessionId: 'MLq8J3mhz56J6BRsAeQe',","level":"info","timestamp":"2026-09-06T06:50:02.008534832Z"}
{"message":"  status: 'empty'","timestamp":"2026-09-06T06:50:02.008538112Z","level":"info"}
{"message":"}","level":"info","timestamp":"2026-09-06T06:50:02.008541872Z"}
{"timestamp":"2026-09-06T06:50:02.038791321Z","level":"info","message":"[ops] {"}
{"message":"  event: 'http_request',","level":"info","timestamp":"2026-09-06T06:50:02.038798351Z"}
{"timestamp":"2026-09-06T06:50:02.038803041Z","level":"info","message":"  ts: '2026-09-06T06:50:02.002Z',"}
{"level":"info","message":"  requestId: 'eb7fb03b-0b37-4d98-a988-836d2d647b27',","timestamp":"2026-09-06T06:50:02.038806561Z"}
{"level":"info","timestamp":"2026-09-06T06:50:02.038810371Z","message":"  method: 'GET',"}
{"level":"info","message":"  route: '/api/studio/commands/next',","timestamp":"2026-09-06T06:50:02.038814211Z"}
{"level":"info","message":"  status: 204,","timestamp":"2026-09-06T06:50:02.038818251Z"}
{"timestamp":"2026-09-06T06:50:02.038822021Z","level":"info","message":"  durationMs: 24372"}
{"level":"info","timestamp":"2026-09-06T06:50:02.038825601Z","message":"}"}
{"timestamp":"2026-09-06T06:50:02.620222613Z","level":"info","message":"  durationMs: 584"}
{"message":"  event: 'http_request',","level":"info","timestamp":"2026-09-06T06:50:02.620225783Z"}
{"message":"}","timestamp":"2026-09-06T06:50:02.620228563Z","level":"info"}
{"level":"info","message":"  ts: '2026-09-06T06:50:02.484Z',","timestamp":"2026-09-06T06:50:02.620233053Z"}
{"timestamp":"2026-09-06T06:50:02.620240853Z","message":"  requestId: 'f20d135b-4697-4c5a-b7c2-86369221f6f3',","level":"info"}
{"timestamp":"2026-09-06T06:50:02.620245672Z","level":"info","message":"  method: 'GET',"}
{"timestamp":"2026-09-06T06:50:02.620249902Z","message":"  route: '/api/v2/events',","level":"info"}
{"timestamp":"2026-09-06T06:50:02.620254572Z","level":"info","message":"  status: 200,"}
{"level":"info","message":"[ops] {","timestamp":"2026-09-06T06:50:02.620258082Z"}
{"message":"  requestId: '2b08470c-1cbc-475c-8c89-4a1055e1c90e',","timestamp":"2026-09-06T06:50:02.746066769Z","level":"info"}
{"level":"info","message":"  method: 'OPTIONS',","timestamp":"2026-09-06T06:50:02.746077349Z"}
{"level":"info","timestamp":"2026-09-06T06:50:02.746083559Z","message":"  route: '/api/ai/orchestrate',"}
{"level":"info","message":"  status: 204,","timestamp":"2026-09-06T06:50:02.746088829Z"}
{"timestamp":"2026-09-06T06:50:02.746096849Z","level":"info","message":"  durationMs: 0"}
{"message":"[ops] {","level":"info","timestamp":"2026-09-06T06:50:02.746098669Z"}
{"message":"  event: 'http_request',","timestamp":"2026-09-06T06:50:02.746107189Z","level":"info"}
{"level":"info","timestamp":"2026-09-06T06:50:02.746107989Z","message":"}"}
{"message":"  ts: '2026-09-06T06:50:02.731Z',","timestamp":"2026-09-06T06:50:02.746113309Z","level":"info"}
{"timestamp":"2026-09-06T06:50:02.931131582Z","message":"[ops] {","level":"error"}
{"message":"  event: 'security.app_check_rejected',","timestamp":"2026-09-06T06:50:02.931134832Z","level":"error"}
{"timestamp":"2026-09-06T06:50:02.931137402Z","level":"error","message":"  ts: '2026-09-06T06:50:02.898Z',"}
{"timestamp":"2026-09-06T06:50:02.931143652Z","message":"  reason: 'missing_token',","level":"error"}
{"timestamp":"2026-09-06T06:50:02.931147892Z","message":"  mode: 'monitor',","level":"error"}
{"timestamp":"2026-09-06T06:50:02.931151151Z","level":"error","message":"  route: '/api/ai/orchestrate'"}
{"message":"}","level":"error","timestamp":"2026-09-06T06:50:02.931153821Z"}
{"level":"info","message":"project_resolution {","timestamp":"2026-09-06T06:50:03.240826808Z"}
{"message":"  requestId: null,","timestamp":"2026-09-06T06:50:03.240832308Z","level":"info"}
{"level":"info","message":"  userHash: '61523b905e6d4bfa',","timestamp":"2026-09-06T06:50:03.240835958Z"}
{"timestamp":"2026-09-06T06:50:03.240839348Z","message":"  projectHash: '345b955d3c8c9e83',","level":"info"}
{"level":"info","message":"  resolutionState: 'ready',","timestamp":"2026-09-06T06:50:03.240842358Z"}
{"timestamp":"2026-09-06T06:50:03.240845108Z","level":"info","message":"  failureCode: null"}
{"message":"}","level":"info","timestamp":"2026-09-06T06:50:03.240848218Z"}
{"timestamp":"2026-09-06T06:50:04.286810229Z","level":"info","message":"[ops] {"}
{"timestamp":"2026-09-06T06:50:04.286814949Z","message":"  event: 'http_request',","level":"info"}
{"timestamp":"2026-09-06T06:50:04.286819679Z","level":"info","message":"  ts: '2026-09-06T06:50:04.234Z',"}
{"message":"  requestId: 'c425fffd-f03a-469b-85aa-a6c2ce455737',","timestamp":"2026-09-06T06:50:04.286822569Z","level":"info"}
{"timestamp":"2026-09-06T06:50:04.286827229Z","level":"info","message":"  method: 'OPTIONS',"}
{"message":"  route: '/api/v2/events',","timestamp":"2026-09-06T06:50:04.286830059Z","level":"info"}
{"timestamp":"2026-09-06T06:50:04.286832859Z","message":"  status: 204,","level":"info"}
{"timestamp":"2026-09-06T06:50:04.286835619Z","message":"  durationMs: 1","level":"info"}
{"timestamp":"2026-09-06T06:50:04.286838279Z","message":"}","level":"info"}
{"message":"  route: '/api/v2/events'","timestamp":"2026-09-06T06:50:04.401283146Z","level":"error"}
{"timestamp":"2026-09-06T06:50:04.401290076Z","level":"error","message":"}"}
{"message":"[ops] {","timestamp":"2026-09-06T06:50:04.401305236Z","level":"error"}
{"timestamp":"2026-09-06T06:50:04.401314666Z","level":"error","message":"  event: 'security.app_check_rejected',"}
{"timestamp":"2026-09-06T06:50:04.401319276Z","message":"  ts: '2026-09-06T06:50:04.395Z',","level":"error"}
{"level":"error","message":"  reason: 'missing_token',","timestamp":"2026-09-06T06:50:04.401324116Z"}
{"timestamp":"2026-09-06T06:50:04.401328936Z","level":"error","message":"  mode: 'monitor',"}
{"level":"info","message":"[ops] {","timestamp":"2026-09-06T06:50:05.012834018Z"}
{"level":"info","message":"  event: 'http_request',","timestamp":"2026-09-06T06:50:05.012843958Z"}
{"level":"info","timestamp":"2026-09-06T06:50:05.012849078Z","message":"  ts: '2026-09-06T06:50:05.010Z',"}
{"timestamp":"2026-09-06T06:50:05.012852758Z","message":"  requestId: '46efac99-3c40-4465-8879-99f0136149e7',","level":"info"}
{"timestamp":"2026-09-06T06:50:05.012856588Z","level":"info","message":"  method: 'GET',"}
{"message":"  route: '/api/v2/events',","timestamp":"2026-09-06T06:50:05.012860238Z","level":"info"}
{"timestamp":"2026-09-06T06:50:05.012863268Z","message":"  status: 200,","level":"info"}
{"timestamp":"2026-09-06T06:50:05.012866458Z","level":"info","message":"  durationMs: 615"}
{"message":"}","level":"info","timestamp":"2026-09-06T06:50:05.012869238Z"}
{"message":"  durationMs: 5062","level":"info","timestamp":"2026-09-06T06:50:05.751858406Z"}
{"timestamp":"2026-09-06T06:50:05.751865846Z","message":"}","level":"info"}
{"level":"info","message":"  requestId: '98c6cb08-1a02-44c6-bba3-e3a7f1af449d',","timestamp":"2026-09-06T06:50:05.751874086Z"}
{"timestamp":"2026-09-06T06:50:05.751879676Z","message":"  status: 'empty'","level":"info"}
{"message":"  method: 'GET',","timestamp":"2026-09-06T06:50:05.751886386Z","level":"info"}
{"level":"info","timestamp":"2026-09-06T06:50:05.751894325Z","message":"}"}
{"message":"  route: '/api/studio/mcp/commands/next',","level":"info","timestamp":"2026-09-06T06:50:05.751895485Z"}
{"message":"[ops] {","level":"info","timestamp":"2026-09-06T06:50:05.751899045Z"}
{"level":"info","message":"  status: 204,","timestamp":"2026-09-06T06:50:05.751904065Z"}
{"timestamp":"2026-09-06T06:50:05.751907115Z","level":"info","message":"[ops] {"}
{"message":"  event: 'http_request',","timestamp":"2026-09-06T06:50:05.751912745Z","level":"info"}
{"message":"  ts: '2026-09-06T06:50:05.506Z',","level":"info","timestamp":"2026-09-06T06:50:05.751917525Z"}
{"timestamp":"2026-09-06T06:50:05.751949605Z","message":"  event: 'studio.command_polled',","level":"info"}
{"message":"  ts: '2026-09-06T06:50:05.506Z',","timestamp":"2026-09-06T06:50:05.751967335Z","level":"info"}
{"timestamp":"2026-09-06T06:50:05.751973235Z","level":"info","message":"  requestId: '98c6cb08-1a02-44c6-bba3-e3a7f1af449d',"}
{"level":"info","timestamp":"2026-09-06T06:50:05.751976915Z","message":"  sessionId: 'DlvFpLpN0vX1CB5Fvwv9',"}
{"timestamp":"2026-09-06T06:50:06.119295057Z","level":"info","message":"[ops] {"}
{"message":"  event: 'http_request',","level":"info","timestamp":"2026-09-06T06:50:06.119300577Z"}
{"message":"  ts: '2026-09-06T06:50:06.115Z',","timestamp":"2026-09-06T06:50:06.119303867Z","level":"info"}
{"level":"info","timestamp":"2026-09-06T06:50:06.119306967Z","message":"  requestId: '47b5d3d9-5bfb-4a1f-9344-1a8bb486f91b',"}
{"level":"info","message":"  method: 'POST',","timestamp":"2026-09-06T06:50:06.119309867Z"}
{"message":"  route: '/api/studio/mcp/session/ping',","timestamp":"2026-09-06T06:50:06.119312687Z","level":"info"}
{"timestamp":"2026-09-06T06:50:06.119315197Z","level":"info","message":"  status: 200,"}
{"timestamp":"2026-09-06T06:50:06.119317597Z","level":"info","message":"  durationMs: 314"}
{"timestamp":"2026-09-06T06:50:06.119319977Z","message":"}","level":"info"}
{"level":"info","message":"[ops] {","timestamp":"2026-09-06T06:50:06.754211732Z"}
{"message":"  event: 'http_request',","level":"info","timestamp":"2026-09-06T06:50:06.754217911Z"}
{"message":"  ts: '2026-09-06T06:50:06.739Z',","timestamp":"2026-09-06T06:50:06.754222802Z","level":"info"}
{"level":"info","message":"  requestId: '5396d910-2e9a-4262-86a5-5b1252b0681e',","timestamp":"2026-09-06T06:50:06.754227562Z"}
{"timestamp":"2026-09-06T06:50:06.754232732Z","message":"  method: 'OPTIONS',","level":"info"}
{"level":"info","timestamp":"2026-09-06T06:50:06.754237562Z","message":"  route: '/api/v2/events',"}
{"level":"info","timestamp":"2026-09-06T06:50:06.754243192Z","message":"  status: 204,"}
{"message":"  durationMs: 0","timestamp":"2026-09-06T06:50:06.754248122Z","level":"info"}
{"level":"info","message":"}","timestamp":"2026-09-06T06:50:06.754252742Z"}
{"level":"error","message":"[ops] {","timestamp":"2026-09-06T06:50:06.909961279Z"}
{"level":"error","message":"  event: 'security.app_check_rejected',","timestamp":"2026-09-06T06:50:06.909970159Z"}
{"level":"error","message":"  ts: '2026-09-06T06:50:06.904Z',","timestamp":"2026-09-06T06:50:06.909974559Z"}
{"timestamp":"2026-09-06T06:50:06.909978149Z","level":"error","message":"  reason: 'missing_token',"}
{"message":"  mode: 'monitor',","timestamp":"2026-09-06T06:50:06.909981779Z","level":"error"}
{"message":"  route: '/api/v2/events'","timestamp":"2026-09-06T06:50:06.909988079Z","level":"error"}
{"timestamp":"2026-09-06T06:50:06.909991829Z","level":"error","message":"}"}
{"message":"[ops] {","timestamp":"2026-09-06T06:50:07.349670445Z","level":"info"}
{"level":"info","message":"  event: 'studio.plugin_compatibility_handshake',","timestamp":"2026-09-06T06:50:07.349681165Z"}
{"level":"info","timestamp":"2026-09-06T06:50:07.349686345Z","message":"  ts: '2026-09-06T06:50:07.346Z',"}
{"message":"  requestId: '94efa1f7-39c6-4fa3-99c1-4329a4497c4f',","timestamp":"2026-09-06T06:50:07.349690965Z","level":"info"}
{"message":"  sessionId: 'Iog4rWn0F2wcGR9xp3Jq',","timestamp":"2026-09-06T06:50:07.349695475Z","level":"info"}
{"timestamp":"2026-09-06T06:50:07.349699785Z","level":"info","message":"  userId: 'klu6Sv5QeEgYWlHjsgQwMkZCvsb2',"}
{"timestamp":"2026-09-06T06:50:07.349703105Z","level":"info","message":"  status: 'degraded',"}
{"level":"info","timestamp":"2026-09-06T06:50:07.349707465Z","message":"  reasonCodes: [ 'command_unavailable' ],"}
{"timestamp":"2026-09-06T06:50:07.349712565Z","message":"  buildId: 'nexusrbx-studio-0.14.0-r15-animation.10-native-value-normalization',","level":"info"}
{"level":"info","message":"  attestationWritten: false,","timestamp":"2026-09-06T06:50:07.349717545Z"}
{"timestamp":"2026-09-06T06:50:07.349722725Z","level":"info","message":"  repairDurationMs: 470"}
{"timestamp":"2026-09-06T06:50:07.349727875Z","level":"info","message":"}"}
{"level":"info","timestamp":"2026-09-06T06:50:07.349732785Z","message":"[ops] {"}
{"timestamp":"2026-09-06T06:50:07.349737165Z","level":"info","message":"  event: 'http_request',"}
{"timestamp":"2026-09-06T06:50:07.349741544Z","message":"  ts: '2026-09-06T06:50:07.347Z',","level":"info"}
{"level":"info","timestamp":"2026-09-06T06:50:07.349748464Z","message":"  requestId: '94efa1f7-39c6-4fa3-99c1-4329a4497c4f',"}
{"message":"  method: 'POST',","level":"info","timestamp":"2026-09-06T06:50:07.349751964Z"}
{"level":"info","message":"  route: '/api/studio/session/ping',","timestamp":"2026-09-06T06:50:07.349755804Z"}
{"message":"  status: 200,","timestamp":"2026-09-06T06:50:07.349758924Z","level":"info"}
{"message":"  durationMs: 526","timestamp":"2026-09-06T06:50:07.349762674Z","level":"info"}
{"timestamp":"2026-09-06T06:50:07.349766474Z","message":"}","level":"info"}
{"message":"[ops] {","level":"info","timestamp":"2026-09-06T06:50:07.688168340Z"}
{"message":"  event: 'http_request',","timestamp":"2026-09-06T06:50:07.688172480Z","level":"info"}
{"level":"info","timestamp":"2026-09-06T06:50:07.688175710Z","message":"  ts: '2026-09-06T06:50:07.603Z',"}
{"timestamp":"2026-09-06T06:50:07.688179300Z","level":"info","message":"  requestId: '29db1d56-e962-41db-bace-708db89ed499',"}
{"timestamp":"2026-09-06T06:50:07.688182710Z","message":"  method: 'GET',","level":"info"}
{"level":"info","message":"  route: '/api/v2/events',","timestamp":"2026-09-06T06:50:07.688186590Z"}
{"level":"info","timestamp":"2026-09-06T06:50:07.688189990Z","message":"  status: 200,"}
{"message":"  durationMs: 700","timestamp":"2026-09-06T06:50:07.688193520Z","level":"info"}
{"level":"info","message":"}","timestamp":"2026-09-06T06:50:07.688197160Z"}
{"message":"[ops] {","timestamp":"2026-09-06T06:50:09.248873574Z","level":"info"}
{"level":"info","timestamp":"2026-09-06T06:50:09.248879873Z","message":"  event: 'http_request',"}
{"level":"info","timestamp":"2026-09-06T06:50:09.248884233Z","message":"  ts: '2026-09-06T06:50:09.243Z',"}
{"timestamp":"2026-09-06T06:50:09.248888093Z","message":"  requestId: '5667fc52-23f4-420c-a917-92aa3b77c299',","level":"info"}
{"message":"  method: 'OPTIONS',","level":"info","timestamp":"2026-09-06T06:50:09.248891693Z"}
{"message":"  route: '/api/v2/events',","level":"info","timestamp":"2026-09-06T06:50:09.248896543Z"}
{"level":"info","message":"  status: 204,","timestamp":"2026-09-06T06:50:09.248899993Z"}
{"level":"info","timestamp":"2026-09-06T06:50:09.248905263Z","message":"  durationMs: 0"}
{"message":"}","level":"info","timestamp":"2026-09-06T06:50:09.248908813Z"}
{"level":"error","message":"[ops] {","timestamp":"2026-09-06T06:50:09.425299190Z"}
{"message":"  event: 'security.app_check_rejected',","timestamp":"2026-09-06T06:50:09.425303330Z","level":"error"}
{"level":"error","timestamp":"2026-09-06T06:50:09.425307900Z","message":"  ts: '2026-09-06T06:50:09.408Z',"}
{"timestamp":"2026-09-06T06:50:09.425311260Z","level":"error","message":"  reason: 'missing_token',"}
{"level":"error","timestamp":"2026-09-06T06:50:09.425314370Z","message":"  mode: 'monitor',"}
{"timestamp":"2026-09-06T06:50:09.425317450Z","level":"error","message":"  route: '/api/v2/events'"}
{"message":"}","level":"error","timestamp":"2026-09-06T06:50:09.425320480Z"}
{"message":"[ops] {","timestamp":"2026-09-06T06:50:10.316143770Z","level":"info"}
{"timestamp":"2026-09-06T06:50:10.316147790Z","level":"info","message":"  event: 'http_request',"}
{"level":"info","timestamp":"2026-09-06T06:50:10.316152140Z","message":"  ts: '2026-09-06T06:50:10.302Z',"}
{"message":"  requestId: 'd35c04fd-5f95-43b2-9273-90e0bc963418',","timestamp":"2026-09-06T06:50:10.316155030Z","level":"info"}
{"timestamp":"2026-09-06T06:50:10.316159080Z","level":"info","message":"  method: 'GET',"}
{"timestamp":"2026-09-06T06:50:10.316161800Z","level":"info","message":"  route: '/api/v2/events',"}
{"timestamp":"2026-09-06T06:50:10.316164390Z","message":"  status: 200,","level":"info"}
{"message":"  durationMs: 894","timestamp":"2026-09-06T06:50:10.316167510Z","level":"info"}
{"message":"}","timestamp":"2026-09-06T06:50:10.316170600Z","level":"info"}
{"level":"info","message":"  status: 204,","timestamp":"2026-09-06T06:50:11.763652157Z"}
{"message":"  durationMs: 0","timestamp":"2026-09-06T06:50:11.763658907Z","level":"info"}
{"timestamp":"2026-09-06T06:50:11.763663307Z","level":"info","message":"  requestId: 'ea5a850f-8a00-4716-897b-125356b30a52',"}
{"timestamp":"2026-09-06T06:50:11.763665677Z","level":"info","message":"}"}
{"timestamp":"2026-09-06T06:50:11.763671327Z","level":"info","message":"[ops] {"}
{"level":"info","timestamp":"2026-09-06T06:50:11.763676587Z","message":"  method: 'OPTIONS',"}
{"message":"  event: 'http_request',","timestamp":"2026-09-06T06:50:11.763677377Z","level":"info"}
{"level":"info","timestamp":"2026-09-06T06:50:11.763681407Z","message":"  ts: '2026-09-06T06:50:11.734Z',"}
{"message":"  route: '/api/v2/events',","level":"info","timestamp":"2026-09-06T06:50:11.763683787Z"}
{"level":"info","message":"  ts: '2026-09-06T06:50:11.733Z',","timestamp":"2026-09-06T06:50:11.763684687Z"}
{"message":"  status: 204,","level":"info","timestamp":"2026-09-06T06:50:11.763692247Z"}
{"timestamp":"2026-09-06T06:50:11.763694457Z","message":"  requestId: '969c231b-a08d-472b-899b-0c9b47bace88',","level":"info"}
{"timestamp":"2026-09-06T06:50:11.763702197Z","level":"info","message":"  method: 'OPTIONS',"}
{"timestamp":"2026-09-06T06:50:11.763702417Z","level":"info","message":"  durationMs: 0"}
{"level":"info","timestamp":"2026-09-06T06:50:11.763708177Z","message":"  route: '/api/v2/agents/active',"}
{"timestamp":"2026-09-06T06:50:11.763719827Z","level":"info","message":"}"}
{"message":"[ops] {","level":"info","timestamp":"2026-09-06T06:50:11.763726657Z"}
{"message":"  event: 'http_request',","level":"info","timestamp":"2026-09-06T06:50:11.763732317Z"}
{"level":"error","message":"[ops] {","timestamp":"2026-09-06T06:50:11.896370330Z"}
{"message":"  event: 'security.app_check_rejected',","timestamp":"2026-09-06T06:50:11.896377580Z","level":"error"}
{"level":"error","message":"  ts: '2026-09-06T06:50:11.894Z',","timestamp":"2026-09-06T06:50:11.896382800Z"}
{"level":"error","timestamp":"2026-09-06T06:50:11.896387850Z","message":"  reason: 'missing_token',"}
{"message":"  mode: 'monitor',","timestamp":"2026-09-06T06:50:11.896392090Z","level":"error"}
{"timestamp":"2026-09-06T06:50:11.896396910Z","message":"  route: '/api/v2/events'","level":"error"}
{"level":"error","timestamp":"2026-09-06T06:50:11.896401759Z","message":"}"}
{"timestamp":"2026-09-06T06:50:11.907994957Z","level":"error","message":"  mode: 'monitor',"}
{"timestamp":"2026-09-06T06:50:11.908004667Z","level":"error","message":"  route: '/api/v2/agents/active'"}
{"timestamp":"2026-09-06T06:50:11.908009237Z","level":"error","message":"}"}
{"message":"[ops] {","timestamp":"2026-09-06T06:50:11.908017946Z","level":"error"}
{"level":"error","timestamp":"2026-09-06T06:50:11.908023296Z","message":"  event: 'security.app_check_rejected',"}
{"timestamp":"2026-09-06T06:50:11.908028796Z","level":"error","message":"  ts: '2026-09-06T06:50:11.903Z',"}
{"level":"error","message":"  reason: 'missing_token',","timestamp":"2026-09-06T06:50:11.908033526Z"}
{"message":"[ops] {","timestamp":"2026-09-06T06:50:11.970995369Z","level":"info"}
{"message":"  event: 'http_request',","timestamp":"2026-09-06T06:50:11.970998359Z","level":"info"}
{"message":"  ts: '2026-09-06T06:50:11.968Z',","timestamp":"2026-09-06T06:50:11.971000959Z","level":"info"}
{"level":"info","timestamp":"2026-09-06T06:50:11.971004419Z","message":"  requestId: '050b37f7-b377-4e34-80d9-e3c9f974e4a4',"}
{"timestamp":"2026-09-06T06:50:11.971006779Z","level":"info","message":"  method: 'GET',"}
{"timestamp":"2026-09-06T06:50:11.971010959Z","level":"info","message":"  route: '/api/v2/agents/active',"}
{"message":"  status: 200,","timestamp":"2026-09-06T06:50:11.971013489Z","level":"info"}
{"message":"  durationMs: 65","timestamp":"2026-09-06T06:50:11.971016369Z","level":"info"}
{"level":"info","message":"}","timestamp":"2026-09-06T06:50:11.971018759Z"}
{"level":"info","timestamp":"2026-09-06T06:50:12.464269798Z","message":"[ops] {"}
{"message":"  event: 'http_request',","timestamp":"2026-09-06T06:50:12.464274318Z","level":"info"}
{"timestamp":"2026-09-06T06:50:12.464277147Z","level":"info","message":"  ts: '2026-09-06T06:50:12.462Z',"}
{"level":"info","message":"  requestId: '953a798b-1cd4-4893-ac63-d178c6cb9b5d',","timestamp":"2026-09-06T06:50:12.464280197Z"}
{"message":"  method: 'GET',","level":"info","timestamp":"2026-09-06T06:50:12.464283007Z"}
{"level":"info","message":"  route: '/api/v2/events',","timestamp":"2026-09-06T06:50:12.464285627Z"}
{"timestamp":"2026-09-06T06:50:12.464288947Z","message":"  status: 200,","level":"info"}
{"level":"info","message":"  durationMs: 568","timestamp":"2026-09-06T06:50:12.464293977Z"}
{"message":"}","timestamp":"2026-09-06T06:50:12.464298057Z","level":"info"}
{"timestamp":"2026-09-06T06:50:13.011696643Z","level":"info","message":"[ops] {"}
{"level":"info","message":"  event: 'http_request',","timestamp":"2026-09-06T06:50:13.011701573Z"}
{"timestamp":"2026-09-06T06:50:13.011706823Z","message":"  ts: '2026-09-06T06:50:13.010Z',","level":"info"}
{"message":"  requestId: '197e5306-f9d2-48cb-ab81-0dedc6cd2876',","timestamp":"2026-09-06T06:50:13.011713073Z","level":"info"}
{"message":"  method: 'POST',","timestamp":"2026-09-06T06:50:13.011718703Z","level":"info"}
{"timestamp":"2026-09-06T06:50:13.011723863Z","message":"  route: '/api/studio/mcp/session/ping',","level":"info"}
{"timestamp":"2026-09-06T06:50:13.011729083Z","level":"info","message":"  status: 200,"}
{"level":"info","message":"  durationMs: 277","timestamp":"2026-09-06T06:50:13.011733853Z"}
{"level":"info","message":"}","timestamp":"2026-09-06T06:50:13.011738473Z"}
{"level":"info","message":"  requestId: '83b07d5d-9b0c-46ba-8886-3246ae8683a0',","timestamp":"2026-09-06T06:50:13.462825176Z"}
{"message":"  method: 'GET',","level":"info","timestamp":"2026-09-06T06:50:13.462836996Z"}
{"level":"info","timestamp":"2026-09-06T06:50:13.462841996Z","message":"  route: '/api/studio/mcp/commands/next',"}
{"message":"  status: 204,","level":"info","timestamp":"2026-09-06T06:50:13.462847826Z"}
{"timestamp":"2026-09-06T06:50:13.462850086Z","message":"[ops] {","level":"info"}
{"message":"  durationMs: 5095","timestamp":"2026-09-06T06:50:13.462856396Z","level":"info"}
{"message":"}","timestamp":"2026-09-06T06:50:13.462863496Z","level":"info"}
{"level":"info","message":"  event: 'studio.command_polled',","timestamp":"2026-09-06T06:50:13.462864966Z"}
{"message":"  ts: '2026-09-06T06:50:13.427Z',","timestamp":"2026-09-06T06:50:13.462870707Z","level":"info"}
{"message":"  requestId: '83b07d5d-9b0c-46ba-8886-3246ae8683a0',","timestamp":"2026-09-06T06:50:13.462875697Z","level":"info"}
{"level":"info","timestamp":"2026-09-06T06:50:13.462881277Z","message":"  sessionId: 'DlvFpLpN0vX1CB5Fvwv9',"}
{"message":"  status: 'empty'","timestamp":"2026-09-06T06:50:13.462885937Z","level":"info"}
{"message":"}","level":"info","timestamp":"2026-09-06T06:50:13.462890577Z"}
{"timestamp":"2026-09-06T06:50:13.462897177Z","message":"[ops] {","level":"info"}
{"level":"info","message":"  event: 'http_request',","timestamp":"2026-09-06T06:50:13.462901797Z"}
{"timestamp":"2026-09-06T06:50:13.462906137Z","message":"  ts: '2026-09-06T06:50:13.427Z',","level":"info"}
{"level":"info","message":"[ops] {","timestamp":"2026-09-06T06:50:14.066948056Z"}
{"message":"  event: 'http_request',","timestamp":"2026-09-06T06:50:14.066950996Z","level":"info"}
{"level":"info","message":"  ts: '2026-09-06T06:50:14.053Z',","timestamp":"2026-09-06T06:50:14.066954226Z"}
{"timestamp":"2026-09-06T06:50:14.066958416Z","message":"  requestId: '4b7a33f0-b40f-41fb-a8d2-63cba36ec90d',","level":"info"}
{"message":"  method: 'POST',","timestamp":"2026-09-06T06:50:14.066961656Z","level":"info"}
{"level":"info","timestamp":"2026-09-06T06:50:14.066964936Z","message":"  route: '/api/studio/mcp/session/ping',"}
{"level":"info","message":"  status: 200,","timestamp":"2026-09-06T06:50:14.066967826Z"}
{"timestamp":"2026-09-06T06:50:14.066970556Z","message":"  durationMs: 335","level":"info"}
{"message":"}","timestamp":"2026-09-06T06:50:14.066973146Z","level":"info"}
{"timestamp":"2026-09-06T06:50:14.126265492Z","level":"info","message":"project_resolution {"}
{"level":"info","message":"  requestId: '41fce7bc-4bf1-4287-9e8a-653ea9a02085',","timestamp":"2026-09-06T06:50:14.126270842Z"}
{"timestamp":"2026-09-06T06:50:14.126274642Z","message":"  userHash: '61523b905e6d4bfa',","level":"info"}
{"message":"  projectHash: '345b955d3c8c9e83',","level":"info","timestamp":"2026-09-06T06:50:14.126277442Z"}
{"message":"  resolutionState: 'ready',","timestamp":"2026-09-06T06:50:14.126280232Z","level":"info"}
{"timestamp":"2026-09-06T06:50:14.126283572Z","level":"info","message":"  failureCode: null"}
{"level":"info","message":"}","timestamp":"2026-09-06T06:50:14.126286772Z"}
{"level":"info","message":"}","timestamp":"2026-09-06T06:50:14.294056082Z"}
{"message":"  requestId: '0e551308-84a4-495c-b03b-0b0d870a4d56',","level":"info","timestamp":"2026-09-06T06:50:14.294070172Z"}
{"timestamp":"2026-09-06T06:50:14.294080952Z","level":"info","message":"  method: 'OPTIONS',"}
{"timestamp":"2026-09-06T06:50:14.294087392Z","message":"  route: '/api/v2/events',","level":"info"}
{"timestamp":"2026-09-06T06:50:14.294091742Z","message":"  status: 204,","level":"info"}
{"level":"info","timestamp":"2026-09-06T06:50:14.294096202Z","message":"  durationMs: 0"}
{"level":"info","timestamp":"2026-09-06T06:50:14.294108552Z","message":"[ops] {"}
{"level":"info","message":"  event: 'http_request',","timestamp":"2026-09-06T06:50:14.294113832Z"}
{"message":"  ts: '2026-09-06T06:50:14.233Z',","timestamp":"2026-09-06T06:50:14.294118682Z","level":"info"}
{"level":"error","message":"[ops] {","timestamp":"2026-09-06T06:50:14.437125410Z"}
{"message":"  event: 'security.app_check_rejected',","timestamp":"2026-09-06T06:50:14.437132050Z","level":"error"}
{"timestamp":"2026-09-06T06:50:14.437135830Z","message":"  ts: '2026-09-06T06:50:14.399Z',","level":"error"}
{"level":"error","message":"  reason: 'missing_token',","timestamp":"2026-09-06T06:50:14.437139400Z"}
{"level":"error","message":"  mode: 'monitor',","timestamp":"2026-09-06T06:50:14.437144000Z"}
{"timestamp":"2026-09-06T06:50:14.437147530Z","message":"  route: '/api/v2/events'","level":"error"}
{"message":"}","timestamp":"2026-09-06T06:50:14.437150560Z","level":"error"}
{"message":"[ops] {","level":"info","timestamp":"2026-09-06T06:50:14.865123420Z"}
{"message":"  event: 'http_request',","timestamp":"2026-09-06T06:50:14.865127090Z","level":"info"}
{"message":"  ts: '2026-09-06T06:50:14.863Z',","timestamp":"2026-09-06T06:50:14.865130680Z","level":"info"}
{"level":"info","message":"  requestId: 'fe6752da-b0ea-4905-b564-f79b199157dd',","timestamp":"2026-09-06T06:50:14.865134450Z"}
{"timestamp":"2026-09-06T06:50:14.865137950Z","message":"  method: 'OPTIONS',","level":"info"}
{"level":"info","timestamp":"2026-09-06T06:50:14.865141520Z","message":"  route: '/api/studio/status',"}
{"message":"  status: 204,","timestamp":"2026-09-06T06:50:14.865144850Z","level":"info"}
{"message":"  durationMs: 0","timestamp":"2026-09-06T06:50:14.865148260Z","level":"info"}
{"message":"}","timestamp":"2026-09-06T06:50:14.865151900Z","level":"info"}
{"message":"[ops] {","level":"info","timestamp":"2026-09-06T06:50:14.871990766Z"}
{"message":"  event: 'http_request',","level":"info","timestamp":"2026-09-06T06:50:14.871993986Z"}
{"message":"  ts: '2026-09-06T06:50:14.869Z',","level":"info","timestamp":"2026-09-06T06:50:14.871997216Z"}
{"level":"info","message":"  requestId: '81b46602-65a6-4caf-9438-9fd8b71d4857',","timestamp":"2026-09-06T06:50:14.871999916Z"}
{"message":"  method: 'OPTIONS',","timestamp":"2026-09-06T06:50:14.872002406Z","level":"info"}
{"timestamp":"2026-09-06T06:50:14.872005076Z","message":"  route: '/api/studio/mcp/status',","level":"info"}
{"timestamp":"2026-09-06T06:50:14.872008316Z","level":"info","message":"  status: 204,"}
{"message":"  durationMs: 0","level":"info","timestamp":"2026-09-06T06:50:14.872012496Z"}
{"message":"}","level":"info","timestamp":"2026-09-06T06:50:14.872015796Z"}
{"message":"[ops] {","timestamp":"2026-09-06T06:50:15.056043185Z","level":"error"}
{"timestamp":"2026-09-06T06:50:15.056055375Z","message":"  event: 'security.app_check_rejected',","level":"error"}
{"timestamp":"2026-09-06T06:50:15.056060305Z","message":"  ts: '2026-09-06T06:50:15.028Z',","level":"error"}
{"timestamp":"2026-09-06T06:50:15.056069055Z","message":"  reason: 'missing_token',","level":"error"}
{"message":"  mode: 'monitor',","timestamp":"2026-09-06T06:50:15.056073015Z","level":"error"}
{"level":"error","message":"  route: '/api/studio/status'","timestamp":"2026-09-06T06:50:15.056078145Z"}
{"message":"}","level":"error","timestamp":"2026-09-06T06:50:15.056082795Z"}
{"timestamp":"2026-09-06T06:50:15.056087215Z","message":"[ops] {","level":"error"}
{"level":"error","message":"  event: 'security.app_check_rejected',","timestamp":"2026-09-06T06:50:15.056091455Z"}
{"level":"error","message":"  ts: '2026-09-06T06:50:15.033Z',","timestamp":"2026-09-06T06:50:15.056095965Z"}
{"level":"error","message":"  reason: 'missing_token',","timestamp":"2026-09-06T06:50:15.056100375Z"}
{"message":"  mode: 'monitor',","timestamp":"2026-09-06T06:50:15.056104265Z","level":"error"}
{"level":"error","message":"  route: '/api/studio/mcp/status'","timestamp":"2026-09-06T06:50:15.056108015Z"}
{"timestamp":"2026-09-06T06:50:15.056111805Z","level":"error","message":"}"}
{"level":"info","message":"[ops] {","timestamp":"2026-09-06T06:50:15.056118455Z"}
{"level":"info","timestamp":"2026-09-06T06:50:15.056122715Z","message":"  event: 'http_request',"}
{"message":"  ts: '2026-09-06T06:50:15.038Z',","timestamp":"2026-09-06T06:50:15.056126375Z","level":"info"}
{"message":"  requestId: 'a667acc7-e320-4dde-960b-05353917ebd9',","timestamp":"2026-09-06T06:50:15.056130585Z","level":"info"}
{"timestamp":"2026-09-06T06:50:15.056134025Z","level":"info","message":"  method: 'GET',"}
{"message":"  route: '/api/v2/events',","timestamp":"2026-09-06T06:50:15.056137185Z","level":"info"}
{"timestamp":"2026-09-06T06:50:15.056141115Z","level":"info","message":"  status: 200,"}
{"message":"  durationMs: 639","level":"info","timestamp":"2026-09-06T06:50:15.056145075Z"}
{"level":"info","timestamp":"2026-09-06T06:50:15.056149195Z","message":"}"}
{"message":"[ops] {","timestamp":"2026-09-06T06:50:15.442922224Z","level":"info"}
{"message":"  event: 'http_request',","level":"info","timestamp":"2026-09-06T06:50:15.442927954Z"}
{"message":"  ts: '2026-09-06T06:50:15.438Z',","timestamp":"2026-09-06T06:50:15.442931964Z","level":"info"}
{"level":"info","message":"  requestId: 'cf37e289-e335-406a-a611-35ce0b75f969',","timestamp":"2026-09-06T06:50:15.442935704Z"}
{"message":"  method: 'GET',","timestamp":"2026-09-06T06:50:15.442939184Z","level":"info"}
{"message":"  route: '/api/studio/mcp/status',","timestamp":"2026-09-06T06:50:15.442943014Z","level":"info"}
{"message":"  status: 200,","timestamp":"2026-09-06T06:50:15.442946354Z","level":"info"}
{"level":"info","message":"  durationMs: 405","timestamp":"2026-09-06T06:50:15.442950014Z"}
{"timestamp":"2026-09-06T06:50:15.442955524Z","level":"info","message":"}"}
{"timestamp":"2026-09-06T06:50:15.818496294Z","level":"info","message":"[ops] {"}
{"level":"info","message":"  event: 'http_request',","timestamp":"2026-09-06T06:50:15.818503734Z"}
{"message":"  ts: '2026-09-06T06:50:15.799Z',","timestamp":"2026-09-06T06:50:15.818509514Z","level":"info"}
{"message":"  requestId: '76558353-0e1a-467d-903a-18f7bd44e583',","timestamp":"2026-09-06T06:50:15.818515454Z","level":"info"}
{"timestamp":"2026-09-06T06:50:15.818521054Z","level":"info","message":"  method: 'GET',"}
{"timestamp":"2026-09-06T06:50:15.818526334Z","level":"info","message":"  route: '/api/studio/status',"}
{"level":"info","message":"  status: 200,","timestamp":"2026-09-06T06:50:15.818530354Z"}
{"message":"  durationMs: 771","timestamp":"2026-09-06T06:50:15.818534594Z","level":"info"}
{"level":"info","message":"}","timestamp":"2026-09-06T06:50:15.818539364Z"}
{"message":"[ops] {","timestamp":"2026-09-06T06:50:16.827540898Z","level":"info"}
{"message":"  event: 'http_request',","timestamp":"2026-09-06T06:50:16.827544328Z","level":"info"}
{"timestamp":"2026-09-06T06:50:16.827548168Z","message":"  ts: '2026-09-06T06:50:16.734Z',","level":"info"}
{"timestamp":"2026-09-06T06:50:16.827551238Z","level":"info","message":"  requestId: '3e945312-fcf1-4834-9d1d-72f4717f8ede',"}
{"message":"  method: 'OPTIONS',","timestamp":"2026-09-06T06:50:16.827555058Z","level":"info"}
{"timestamp":"2026-09-06T06:50:16.827558778Z","message":"  route: '/api/v2/events',","level":"info"}
{"timestamp":"2026-09-06T06:50:16.827562338Z","level":"info","message":"  status: 204,"}
{"level":"info","timestamp":"2026-09-06T06:50:16.827566158Z","message":"  durationMs: 0"}
{"level":"info","timestamp":"2026-09-06T06:50:16.827569558Z","message":"}"}
{"level":"error","message":"  reason: 'missing_token',","timestamp":"2026-09-06T06:50:16.921717854Z"}
{"timestamp":"2026-09-06T06:50:16.921724074Z","level":"error","message":"  mode: 'monitor',"}
{"timestamp":"2026-09-06T06:50:16.921728514Z","level":"error","message":"  route: '/api/v2/events'"}
{"message":"}","timestamp":"2026-09-06T06:50:16.921733134Z","level":"error"}
{"message":"[ops] {","timestamp":"2026-09-06T06:50:16.921734304Z","level":"error"}
{"message":"  event: 'security.app_check_rejected',","timestamp":"2026-09-06T06:50:16.921738124Z","level":"error"}
{"message":"  ts: '2026-09-06T06:50:16.900Z',","level":"error","timestamp":"2026-09-06T06:50:16.921742544Z"}
{"message":"[ops] {","timestamp":"2026-09-06T06:50:17.545233171Z","level":"info"}
{"timestamp":"2026-09-06T06:50:17.545237781Z","message":"  event: 'http_request',","level":"info"}
{"timestamp":"2026-09-06T06:50:17.545241901Z","message":"  ts: '2026-09-06T06:50:17.535Z',","level":"info"}
{"timestamp":"2026-09-06T06:50:17.545245731Z","level":"info","message":"  requestId: 'f29ab553-b658-4fc2-8c0d-5eba23d1f490',"}
{"message":"  method: 'GET',","timestamp":"2026-09-06T06:50:17.545249781Z","level":"info"}
{"message":"  route: '/api/v2/events',","level":"info","timestamp":"2026-09-06T06:50:17.545254390Z"}
{"timestamp":"2026-09-06T06:50:17.545258200Z","level":"info","message":"  status: 200,"}
{"level":"info","message":"  durationMs: 636","timestamp":"2026-09-06T06:50:17.545262390Z"}
{"message":"}","level":"info","timestamp":"2026-09-06T06:50:17.545265720Z"}
{"message":"[ops] {","timestamp":"2026-09-06T06:50:17.585175838Z","level":"info"}
{"timestamp":"2026-09-06T06:50:17.585180948Z","level":"info","message":"  event: 'studio.plugin_compatibility_handshake',"}
{"timestamp":"2026-09-06T06:50:17.585185558Z","message":"  ts: '2026-09-06T06:50:17.576Z',","level":"info"}
{"timestamp":"2026-09-06T06:50:17.585189448Z","message":"  requestId: '4485ca4e-f9ce-4894-96fb-12077d33860d',","level":"info"}
{"timestamp":"2026-09-06T06:50:17.585193598Z","message":"  sessionId: 'MLq8J3mhz56J6BRsAeQe',","level":"info"}
{"message":"  userId: '0VSQotqOXxPXBLeQu1gUNkXELWH3',","timestamp":"2026-09-06T06:50:17.585196758Z","level":"info"}
{"timestamp":"2026-09-06T06:50:17.585200848Z","message":"  status: 'compatible',","level":"info"}
{"message":"  reasonCodes: [],","timestamp":"2026-09-06T06:50:17.585205228Z","level":"info"}
{"timestamp":"2026-09-06T06:50:17.585209488Z","message":"  buildId: 'nexusrbx-studio-0.14.0-r15-animation.12-toolbox',","level":"info"}
{"message":"  attestationWritten: false,","level":"info","timestamp":"2026-09-06T06:50:17.585213118Z"}
{"message":"  repairDurationMs: 479","timestamp":"2026-09-06T06:50:17.585217518Z","level":"info"}
{"timestamp":"2026-09-06T06:50:17.585221398Z","message":"}","level":"info"}
{"timestamp":"2026-09-06T06:50:17.585228028Z","level":"info","message":"[ops] {"}
{"timestamp":"2026-09-06T06:50:17.585231588Z","level":"info","message":"  event: 'http_request',"}
{"timestamp":"2026-09-06T06:50:17.585244948Z","level":"info","message":"  ts: '2026-09-06T06:50:17.577Z',"}
{"message":"  requestId: '4485ca4e-f9ce-4894-96fb-12077d33860d',","timestamp":"2026-09-06T06:50:17.585248818Z","level":"info"}
{"timestamp":"2026-09-06T06:50:17.585253067Z","message":"  method: 'POST',","level":"info"}
{"timestamp":"2026-09-06T06:50:17.585256777Z","level":"info","message":"  route: '/api/studio/session/ping',"}
{"message":"  status: 200,","timestamp":"2026-09-06T06:50:17.585260597Z","level":"info"}
{"message":"  durationMs: 534","level":"info","timestamp":"2026-09-06T06:50:17.585264277Z"}
{"timestamp":"2026-09-06T06:50:17.585267827Z","message":"}","level":"info"}
{"timestamp":"2026-09-06T06:50:17.981116220Z","message":"[ops] {","level":"error"}
{"level":"error","message":"  mode: 'monitor',","timestamp":"2026-09-06T06:50:17.981119950Z"}
{"timestamp":"2026-09-06T06:50:17.981124350Z","level":"error","message":"  event: 'security.app_check_rejected',"}
{"timestamp":"2026-09-06T06:50:17.981128170Z","level":"error","message":"  route: '/api/studio/chat/bootstrap'"}
{"timestamp":"2026-09-06T06:50:17.981129050Z","level":"error","message":"  ts: '2026-09-06T06:50:17.978Z',"}
{"level":"error","timestamp":"2026-09-06T06:50:17.981132340Z","message":"  reason: 'missing_token',"}
{"level":"error","message":"}","timestamp":"2026-09-06T06:50:17.981133340Z"}
{"level":"info","timestamp":"2026-09-06T06:50:18.606283596Z","message":"  route: '/api/studio/chat/bootstrap',"}
{"message":"  status: 200,","level":"info","timestamp":"2026-09-06T06:50:18.606291256Z"}
{"message":"  durationMs: 617","timestamp":"2026-09-06T06:50:18.606296156Z","level":"info"}
{"timestamp":"2026-09-06T06:50:18.606301146Z","message":"}","level":"info"}
{"timestamp":"2026-09-06T06:50:18.606310236Z","message":"[ops] {","level":"info"}
{"message":"  event: 'http_request',","timestamp":"2026-09-06T06:50:18.606315246Z","level":"info"}
{"level":"info","timestamp":"2026-09-06T06:50:18.606323136Z","message":"  ts: '2026-09-06T06:50:18.595Z',"}
{"level":"info","message":"  requestId: 'a7b6dd8a-a6f3-415d-b59a-5eddadf5e51d',","timestamp":"2026-09-06T06:50:18.606327436Z"}
{"timestamp":"2026-09-06T06:50:18.606331256Z","message":"  method: 'GET',","level":"info"}
{"timestamp":"2026-09-06T06:50:19.611005337Z","level":"info","message":"[ops] {"}
{"message":"  event: 'http_request',","timestamp":"2026-09-06T06:50:19.611013107Z","level":"info"}
{"level":"info","message":"  ts: '2026-09-06T06:50:19.596Z',","timestamp":"2026-09-06T06:50:19.611016627Z"}
{"message":"  requestId: '61dc99a5-6879-48b2-b0b8-d74aeead231c',","level":"info","timestamp":"2026-09-06T06:50:19.611020857Z"}
{"message":"  method: 'OPTIONS',","timestamp":"2026-09-06T06:50:19.611023707Z","level":"info"}
{"timestamp":"2026-09-06T06:50:19.611027287Z","level":"info","message":"  route: '/api/v2/events',"}
{"level":"info","message":"  status: 204,","timestamp":"2026-09-06T06:50:19.611030057Z"}
{"message":"  durationMs: 0","timestamp":"2026-09-06T06:50:19.611032867Z","level":"info"}
{"message":"}","timestamp":"2026-09-06T06:50:19.611035337Z","level":"info"}
{"message":"[ops] {","level":"error","timestamp":"2026-09-06T06:50:20.058559553Z"}
{"message":"  event: 'security.app_check_rejected',","level":"error","timestamp":"2026-09-06T06:50:20.058565443Z"}
{"level":"error","message":"  ts: '2026-09-06T06:50:20.051Z',","timestamp":"2026-09-06T06:50:20.058568963Z"}
{"message":"  reason: 'missing_token',","timestamp":"2026-09-06T06:50:20.058571923Z","level":"error"}
{"message":"  mode: 'monitor',","level":"error","timestamp":"2026-09-06T06:50:20.058575913Z"}
{"message":"  route: '/api/v2/events'","level":"error","timestamp":"2026-09-06T06:50:20.058579663Z"}
{"message":"}","timestamp":"2026-09-06T06:50:20.058582893Z","level":"error"}
{"message":"[ops] {","timestamp":"2026-09-06T06:50:20.637382341Z","level":"info"}
{"message":"  event: 'http_request',","timestamp":"2026-09-06T06:50:20.637388661Z","level":"info"}
{"message":"  ts: '2026-09-06T06:50:20.605Z',","level":"info","timestamp":"2026-09-06T06:50:20.637392491Z"}
{"timestamp":"2026-09-06T06:50:20.637396061Z","message":"  requestId: '367ba72a-a53a-4282-b227-26f08085f208',","level":"info"}
{"message":"  method: 'GET',","level":"info","timestamp":"2026-09-06T06:50:20.637399651Z"}
{"message":"  route: '/api/v2/events',","timestamp":"2026-09-06T06:50:20.637403981Z","level":"info"}
{"message":"  status: 200,","timestamp":"2026-09-06T06:50:20.637407061Z","level":"info"}
{"message":"  durationMs: 554","level":"info","timestamp":"2026-09-06T06:50:20.637410101Z"}
{"timestamp":"2026-09-06T06:50:20.637445321Z","level":"info","message":"}"}
{"level":"info","message":"  route: '/api/studio/mcp/commands/next',","timestamp":"2026-09-06T06:50:21.374394971Z"}
{"level":"info","timestamp":"2026-09-06T06:50:21.374397251Z","message":"[ops] {"}
{"timestamp":"2026-09-06T06:50:21.374400171Z","message":"  status: 204,","level":"info"}
{"message":"  durationMs: 5081","level":"info","timestamp":"2026-09-06T06:50:21.374404151Z"}
{"level":"info","message":"  event: 'studio.command_polled',","timestamp":"2026-09-06T06:50:21.374405931Z"}
{"level":"info","timestamp":"2026-09-06T06:50:21.374407411Z","message":"}"}
{"level":"info","timestamp":"2026-09-06T06:50:21.374412061Z","message":"  ts: '2026-09-06T06:50:21.361Z',"}
{"timestamp":"2026-09-06T06:50:21.374416221Z","message":"  requestId: '5f2fb99e-e226-4272-8c9b-edf9cce4cc86',","level":"info"}
{"level":"info","message":"  sessionId: 'DlvFpLpN0vX1CB5Fvwv9',","timestamp":"2026-09-06T06:50:21.374419851Z"}
{"level":"info","message":"  status: 'empty'","timestamp":"2026-09-06T06:50:21.374424571Z"}
{"level":"info","timestamp":"2026-09-06T06:50:21.374428331Z","message":"}"}
{"timestamp":"2026-09-06T06:50:21.374432941Z","message":"[ops] {","level":"info"}
{"message":"  event: 'http_request',","timestamp":"2026-09-06T06:50:21.374436971Z","level":"info"}
{"message":"  ts: '2026-09-06T06:50:21.361Z',","level":"info","timestamp":"2026-09-06T06:50:21.374442181Z"}
{"timestamp":"2026-09-06T06:50:21.374446601Z","message":"  requestId: '5f2fb99e-e226-4272-8c9b-edf9cce4cc86',","level":"info"}
{"level":"info","message":"  method: 'GET',","timestamp":"2026-09-06T06:50:21.374450431Z"}
{"timestamp":"2026-09-06T06:50:21.732627951Z","message":"  durationMs: 0","level":"info"}
{"level":"info","message":"}","timestamp":"2026-09-06T06:50:21.732639221Z"}
{"timestamp":"2026-09-06T06:50:21.732657061Z","message":"}","level":"info"}
{"message":"[ops] {","level":"info","timestamp":"2026-09-06T06:50:21.732665141Z"}
{"message":"[ops] {","level":"info","timestamp":"2026-09-06T06:50:21.732670391Z"}
{"message":"  event: 'http_request',","level":"info","timestamp":"2026-09-06T06:50:21.732680271Z"}
{"level":"info","message":"  ts: '2026-09-06T06:50:21.731Z',","timestamp":"2026-09-06T06:50:21.732688291Z"}
{"message":"  event: 'http_request',","level":"info","timestamp":"2026-09-06T06:50:21.732690501Z"}
{"timestamp":"2026-09-06T06:50:21.732694871Z","level":"info","message":"  requestId: '81b4c624-fa01-4acd-9a65-34809bce0d80',"}
{"timestamp":"2026-09-06T06:50:21.732701441Z","level":"info","message":"  method: 'OPTIONS',"}
{"timestamp":"2026-09-06T06:50:21.732702311Z","level":"info","message":"  ts: '2026-09-06T06:50:21.730Z',"}
{"timestamp":"2026-09-06T06:50:21.732707171Z","level":"info","message":"  route: '/api/v2/agents/active',"}
{"level":"info","timestamp":"2026-09-06T06:50:21.732712991Z","message":"  requestId: 'ef87e8b3-546c-47ad-9737-f9a4b3faf5e3',"}
{"level":"info","message":"  status: 204,","timestamp":"2026-09-06T06:50:21.732715411Z"}
{"message":"  method: 'OPTIONS',","timestamp":"2026-09-06T06:50:21.732720501Z","level":"info"}
{"level":"info","message":"  route: '/api/v2/events',","timestamp":"2026-09-06T06:50:21.732727231Z"}
{"message":"  status: 204,","timestamp":"2026-09-06T06:50:21.732733891Z","level":"info"}
{"timestamp":"2026-09-06T06:50:21.732739690Z","level":"info","message":"  durationMs: 0"}
{"level":"error","message":"}","timestamp":"2026-09-06T06:50:21.951096513Z"}
{"message":"  status: 200,","timestamp":"2026-09-06T06:50:21.951099683Z","level":"info"}
{"timestamp":"2026-09-06T06:50:21.951110583Z","message":"[ops] {","level":"info"}
{"timestamp":"2026-09-06T06:50:21.951111773Z","message":"  durationMs: 281","level":"info"}
{"level":"info","timestamp":"2026-09-06T06:50:21.951119793Z","message":"  event: 'http_request',"}
{"timestamp":"2026-09-06T06:50:21.951120233Z","level":"info","message":"}"}
{"timestamp":"2026-09-06T06:50:21.951121383Z","message":"  mode: 'monitor',","level":"error"}
{"timestamp":"2026-09-06T06:50:21.951125113Z","message":"[ops] {","level":"error"}
{"message":"  ts: '2026-09-06T06:50:21.929Z',","timestamp":"2026-09-06T06:50:21.951126453Z","level":"info"}
{"timestamp":"2026-09-06T06:50:21.951130733Z","level":"info","message":"  requestId: 'e72058b3-072b-450d-8ec4-39d71702337f',"}
{"timestamp":"2026-09-06T06:50:21.951130783Z","level":"error","message":"  event: 'security.app_check_rejected',"}
{"message":"  ts: '2026-09-06T06:50:21.898Z',","timestamp":"2026-09-06T06:50:21.951137143Z","level":"error"}
{"level":"info","message":"  method: 'POST',","timestamp":"2026-09-06T06:50:21.951139243Z"}
{"level":"error","timestamp":"2026-09-06T06:50:21.951141483Z","message":"  route: '/api/v2/events'"}
{"timestamp":"2026-09-06T06:50:21.951144713Z","message":"  reason: 'missing_token',","level":"error"}
{"timestamp":"2026-09-06T06:50:21.951145503Z","level":"info","message":"  route: '/api/studio/mcp/session/ping',"}
{"timestamp":"2026-09-06T06:50:21.951150143Z","message":"}","level":"error"}
{"timestamp":"2026-09-06T06:50:21.951154423Z","message":"[ops] {","level":"error"}
{"level":"error","timestamp":"2026-09-06T06:50:21.951158273Z","message":"  event: 'security.app_check_rejected',"}
{"timestamp":"2026-09-06T06:50:21.951164412Z","level":"error","message":"  ts: '2026-09-06T06:50:21.900Z',"}
{"timestamp":"2026-09-06T06:50:21.951168572Z","level":"error","message":"  reason: 'missing_token',"}
{"level":"error","message":"  mode: 'monitor',","timestamp":"2026-09-06T06:50:21.951172212Z"}
{"timestamp":"2026-09-06T06:50:21.951176602Z","message":"  route: '/api/v2/agents/active'","level":"error"}
{"level":"info","message":"  method: 'GET',","timestamp":"2026-09-06T06:50:21.992720740Z"}
{"message":"  route: '/api/v2/agents/active',","timestamp":"2026-09-06T06:50:21.992730680Z","level":"info"}
{"level":"info","timestamp":"2026-09-06T06:50:21.992735520Z","message":"  status: 200,"}
{"timestamp":"2026-09-06T06:50:21.992741470Z","level":"info","message":"  durationMs: 75"}
{"level":"info","timestamp":"2026-09-06T06:50:21.992746130Z","message":"}"}
{"message":"[ops] {","timestamp":"2026-09-06T06:50:21.992763560Z","level":"info"}
{"message":"  event: 'http_request',","timestamp":"2026-09-06T06:50:21.992770980Z","level":"info"}
{"message":"  ts: '2026-09-06T06:50:21.975Z',","timestamp":"2026-09-06T06:50:21.992774690Z","level":"info"}
{"timestamp":"2026-09-06T06:50:21.992779610Z","level":"info","message":"  requestId: '744e411b-3f09-4fdc-9224-ebf25822fe30',"}
{"level":"info","timestamp":"2026-09-06T06:50:22.484238129Z","message":"[ops] {"}
{"timestamp":"2026-09-06T06:50:22.484241429Z","level":"info","message":"  event: 'http_request',"}
{"timestamp":"2026-09-06T06:50:22.484244709Z","level":"info","message":"  ts: '2026-09-06T06:50:22.483Z',"}
{"level":"info","message":"  requestId: 'd020b609-c0cb-49e0-9d98-6d2f193ad931',","timestamp":"2026-09-06T06:50:22.484247649Z"}
{"level":"info","message":"  method: 'GET',","timestamp":"2026-09-06T06:50:22.484250889Z"}
{"level":"info","message":"  route: '/api/v2/events',","timestamp":"2026-09-06T06:50:22.484253739Z"}
{"timestamp":"2026-09-06T06:50:22.484256509Z","message":"  status: 200,","level":"info"}
{"message":"  durationMs: 585","timestamp":"2026-09-06T06:50:22.484260299Z","level":"info"}
{"level":"info","message":"}","timestamp":"2026-09-06T06:50:22.484263289Z"}
{"message":"[ops] {","level":"info","timestamp":"2026-09-06T06:50:23.132703837Z"}
{"level":"info","timestamp":"2026-09-06T06:50:23.132720617Z","message":"  event: 'studio.plugin_compatibility_handshake',"}
{"timestamp":"2026-09-06T06:50:23.132725517Z","level":"info","message":"  ts: '2026-09-06T06:50:23.121Z',"}
{"level":"info","timestamp":"2026-09-06T06:50:23.132729727Z","message":"  requestId: '7582dcc7-f90d-4681-a08d-a164552c7102',"}
{"level":"info","message":"  sessionId: 'Iog4rWn0F2wcGR9xp3Jq',","timestamp":"2026-09-06T06:50:23.132733817Z"}
{"timestamp":"2026-09-06T06:50:23.132738867Z","level":"info","message":"  userId: 'klu6Sv5QeEgYWlHjsgQwMkZCvsb2',"}
{"level":"info","timestamp":"2026-09-06T06:50:23.132743387Z","message":"  status: 'degraded',"}
{"level":"info","timestamp":"2026-09-06T06:50:23.132747027Z","message":"  reasonCodes: [ 'command_unavailable' ],"}
{"timestamp":"2026-09-06T06:50:23.132751177Z","message":"  buildId: 'nexusrbx-studio-0.14.0-r15-animation.10-native-value-normalization',","level":"info"}
{"level":"info","message":"  attestationWritten: false,","timestamp":"2026-09-06T06:50:23.132755827Z"}
{"message":"  repairDurationMs: 400","level":"info","timestamp":"2026-09-06T06:50:23.132761447Z"}
{"timestamp":"2026-09-06T06:50:23.132764987Z","level":"info","message":"}"}
{"level":"info","message":"[ops] {","timestamp":"2026-09-06T06:50:23.132769077Z"}
{"level":"info","timestamp":"2026-09-06T06:50:23.132772307Z","message":"  event: 'http_request',"}
{"level":"info","message":"  ts: '2026-09-06T06:50:23.122Z',","timestamp":"2026-09-06T06:50:23.132776067Z"}
{"level":"info","timestamp":"2026-09-06T06:50:23.132780817Z","message":"  requestId: '7582dcc7-f90d-4681-a08d-a164552c7102',"}
{"timestamp":"2026-09-06T06:50:23.132784647Z","level":"info","message":"  method: 'POST',"}
{"timestamp":"2026-09-06T06:50:23.132789047Z","level":"info","message":"  route: '/api/studio/session/ping',"}
{"timestamp":"2026-09-06T06:50:23.132792977Z","level":"info","message":"  status: 200,"}
{"level":"info","message":"  durationMs: 555","timestamp":"2026-09-06T06:50:23.132797347Z"}
{"message":"}","timestamp":"2026-09-06T06:50:23.132802317Z","level":"info"}
{"timestamp":"2026-09-06T06:50:24.250473705Z","message":"[ops] {","level":"info"}
{"message":"  event: 'http_request',","timestamp":"2026-09-06T06:50:24.250483125Z","level":"info"}
{"timestamp":"2026-09-06T06:50:24.250487595Z","level":"info","message":"  ts: '2026-09-06T06:50:24.233Z',"}
{"message":"  requestId: 'a02f9457-3be2-49ad-b395-859110eb6160',","level":"info","timestamp":"2026-09-06T06:50:24.250492075Z"}
{"timestamp":"2026-09-06T06:50:24.250496515Z","message":"  method: 'OPTIONS',","level":"info"}
{"level":"info","message":"  route: '/api/v2/events',","timestamp":"2026-09-06T06:50:24.250500295Z"}
{"level":"info","message":"  status: 204,","timestamp":"2026-09-06T06:50:24.250504665Z"}
{"message":"  durationMs: 1","level":"info","timestamp":"2026-09-06T06:50:24.250508185Z"}
{"message":"}","level":"info","timestamp":"2026-09-06T06:50:24.250511625Z"}
{"timestamp":"2026-09-06T06:50:24.482315322Z","message":"}","level":"error"}
{"timestamp":"2026-09-06T06:50:24.482348652Z","message":"[ops] {","level":"error"}
{"message":"  event: 'security.app_check_rejected',","timestamp":"2026-09-06T06:50:24.482356652Z","level":"error"}
{"level":"error","timestamp":"2026-09-06T06:50:24.482360682Z","message":"  ts: '2026-09-06T06:50:24.472Z',"}
{"timestamp":"2026-09-06T06:50:24.482364582Z","message":"  reason: 'missing_token',","level":"error"}
{"timestamp":"2026-09-06T06:50:24.482368662Z","level":"error","message":"  mode: 'monitor',"}
{"level":"error","timestamp":"2026-09-06T06:50:24.482372432Z","message":"  route: '/api/v2/events'"}
{"event":"workflow.model_request","requestId":"41fce7bc-4bf1-4287-9e8a-653ea9a02085","message":"","timestamp":"2026-09-06T06:50:25.069095850Z","requestType":"workflow_orchestration","model":"google/gemini-2.5-flash","level":"info"}
{"message":"[ops] {","level":"info","timestamp":"2026-09-06T06:50:25.110903336Z"}
{"level":"info","timestamp":"2026-09-06T06:50:25.110909656Z","message":"  event: 'http_request',"}
{"level":"info","message":"  ts: '2026-09-06T06:50:25.105Z',","timestamp":"2026-09-06T06:50:25.110914166Z"}
{"level":"info","message":"  requestId: 'f60c5c35-034a-4710-9ba6-60e2ab49b478',","timestamp":"2026-09-06T06:50:25.110918086Z"}
{"level":"info","timestamp":"2026-09-06T06:50:25.110922066Z","message":"  method: 'GET',"}
{"level":"info","message":"  route: '/api/v2/events',","timestamp":"2026-09-06T06:50:25.110926026Z"}
{"message":"  status: 200,","timestamp":"2026-09-06T06:50:25.110930066Z","level":"info"}
{"timestamp":"2026-09-06T06:50:25.110933406Z","message":"  durationMs: 633","level":"info"}
{"level":"info","message":"}","timestamp":"2026-09-06T06:50:25.110937046Z"}
{"level":"info","timestamp":"2026-09-06T06:50:25.394193739Z","message":"  durationMs: 24428"}
{"level":"info","message":"}","timestamp":"2026-09-06T06:50:25.394201069Z"}
{"level":"info","message":"  requestId: '49caa110-428a-4c95-83e4-ab3e16935032',","timestamp":"2026-09-06T06:50:25.394226348Z"}
{"level":"info","timestamp":"2026-09-06T06:50:25.394241098Z","message":"  status: 'empty'"}
{"level":"info","message":"  method: 'GET',","timestamp":"2026-09-06T06:50:25.394242178Z"}
{"message":"[ops] {","timestamp":"2026-09-06T06:50:25.394251478Z","level":"info"}
{"timestamp":"2026-09-06T06:50:25.394253858Z","message":"  route: '/api/studio/commands/next',","level":"info"}
{"timestamp":"2026-09-06T06:50:25.394261398Z","message":"}","level":"info"}
{"level":"info","timestamp":"2026-09-06T06:50:25.394261958Z","message":"  event: 'studio.command_polled',"}
{"message":"  status: 204,","timestamp":"2026-09-06T06:50:25.394266248Z","level":"info"}
{"level":"info","message":"  ts: '2026-09-06T06:50:25.381Z',","timestamp":"2026-09-06T06:50:25.394271168Z"}
{"timestamp":"2026-09-06T06:50:25.394273618Z","message":"[ops] {","level":"info"}
{"level":"info","message":"  requestId: '49caa110-428a-4c95-83e4-ab3e16935032',","timestamp":"2026-09-06T06:50:25.394279608Z"}
{"level":"info","message":"  event: 'http_request',","timestamp":"2026-09-06T06:50:25.394282178Z"}
{"level":"info","message":"  sessionId: 'Iog4rWn0F2wcGR9xp3Jq',","timestamp":"2026-09-06T06:50:25.394286518Z"}
{"timestamp":"2026-09-06T06:50:25.394289328Z","level":"info","message":"  ts: '2026-09-06T06:50:25.381Z',"}
{"timestamp":"2026-09-06T06:50:26.741411129Z","message":"[ops] {","level":"info"}
{"message":"  event: 'http_request',","timestamp":"2026-09-06T06:50:26.741429579Z","level":"info"}
{"level":"info","timestamp":"2026-09-06T06:50:26.741433918Z","message":"  ts: '2026-09-06T06:50:26.739Z',"}
{"message":"  requestId: '6208824d-123c-4339-9b75-61170936fb7c',","timestamp":"2026-09-06T06:50:26.741439018Z","level":"info"}
{"message":"  method: 'OPTIONS',","level":"info","timestamp":"2026-09-06T06:50:26.741442788Z"}
{"level":"info","message":"  route: '/api/v2/events',","timestamp":"2026-09-06T06:50:26.741446918Z"}
{"timestamp":"2026-09-06T06:50:26.741450538Z","message":"  status: 204,","level":"info"}
{"level":"info","message":"  durationMs: 0","timestamp":"2026-09-06T06:50:26.741455028Z"}
{"level":"info","message":"}","timestamp":"2026-09-06T06:50:26.741458408Z"}
{"level":"info","message":"  requestId: '1a31e4f6-dfef-4f7c-8dad-7573db5d1778',","timestamp":"2026-09-06T06:50:27.050379139Z"}
{"timestamp":"2026-09-06T06:50:27.050387219Z","message":"  sessionId: 'MLq8J3mhz56J6BRsAeQe',","level":"info"}
{"timestamp":"2026-09-06T06:50:27.050391579Z","level":"info","message":"  status: 'empty'"}
{"timestamp":"2026-09-06T06:50:27.050395369Z","message":"}","level":"info"}
{"message":"[ops] {","timestamp":"2026-09-06T06:50:27.050398839Z","level":"info"}
{"message":"  event: 'http_request',","level":"info","timestamp":"2026-09-06T06:50:27.050402509Z"}
{"message":"  ts: '2026-09-06T06:50:26.894Z',","level":"info","timestamp":"2026-09-06T06:50:27.050406979Z"}
{"message":"  requestId: '1a31e4f6-dfef-4f7c-8dad-7573db5d1778',","level":"info","timestamp":"2026-09-06T06:50:27.050410769Z"}
{"message":"  method: 'GET',","level":"info","timestamp":"2026-09-06T06:50:27.050413929Z"}
{"level":"info","message":"[ops] {","timestamp":"2026-09-06T06:50:27.050415769Z"}
{"level":"info","timestamp":"2026-09-06T06:50:27.050417279Z","message":"  route: '/api/studio/commands/next',"}
{"level":"info","timestamp":"2026-09-06T06:50:27.050418769Z","message":"  event: 'studio.command_polled',"}
{"timestamp":"2026-09-06T06:50:27.050421419Z","level":"info","message":"  status: 204,"}
{"timestamp":"2026-09-06T06:50:27.050421659Z","message":"  ts: '2026-09-06T06:50:26.894Z',","level":"info"}
{"timestamp":"2026-09-06T06:50:27.050424439Z","message":"  durationMs: 24415","level":"info"}
{"message":"}","timestamp":"2026-09-06T06:50:27.050427569Z","level":"info"}
{"level":"error","message":"[ops] {","timestamp":"2026-09-06T06:50:27.050430029Z"}
{"timestamp":"2026-09-06T06:50:27.050432369Z","level":"error","message":"  event: 'security.app_check_rejected',"}
{"timestamp":"2026-09-06T06:50:27.050436299Z","level":"error","message":"  ts: '2026-09-06T06:50:26.906Z',"}
{"timestamp":"2026-09-06T06:50:27.050439069Z","message":"  reason: 'missing_token',","level":"error"}
{"message":"  mode: 'monitor',","level":"error","timestamp":"2026-09-06T06:50:27.050442299Z"}
{"level":"error","message":"  route: '/api/v2/events'","timestamp":"2026-09-06T06:50:27.050445989Z"}
{"timestamp":"2026-09-06T06:50:27.050448669Z","message":"}","level":"error"}
{"message":"[ops] {","timestamp":"2026-09-06T06:50:27.503598420Z","level":"info"}
{"message":"  event: 'http_request',","timestamp":"2026-09-06T06:50:27.503601570Z","level":"info"}
{"message":"  ts: '2026-09-06T06:50:27.452Z',","timestamp":"2026-09-06T06:50:27.503604300Z","level":"info"}
{"message":"  requestId: '6151cf65-6abe-4e15-bf7c-09e3f61b079e',","timestamp":"2026-09-06T06:50:27.503607350Z","level":"info"}
{"message":"  method: 'GET',","level":"info","timestamp":"2026-09-06T06:50:27.503610230Z"}
{"message":"  route: '/api/v2/events',","timestamp":"2026-09-06T06:50:27.503613170Z","level":"info"}
{"level":"info","timestamp":"2026-09-06T06:50:27.503616280Z","message":"  status: 200,"}
{"level":"info","timestamp":"2026-09-06T06:50:27.503619349Z","message":"  durationMs: 546"}
{"level":"info","message":"}","timestamp":"2026-09-06T06:50:27.503622599Z"}
{"timestamp":"2026-09-06T06:50:29.059276624Z","message":"[ops] {","level":"info"}
{"level":"info","message":"  event: 'http_request',","timestamp":"2026-09-06T06:50:29.059283424Z"}
{"message":"  ts: '2026-09-06T06:50:29.054Z',","timestamp":"2026-09-06T06:50:29.059287764Z","level":"info"}
{"timestamp":"2026-09-06T06:50:29.059309704Z","level":"info","message":"  requestId: '011082e8-dac2-4034-9664-dcdd0c62f0c2',"}
{"message":"  method: 'POST',","level":"info","timestamp":"2026-09-06T06:50:29.059314914Z"}
{"message":"  route: '/api/studio/mcp/session/ping',","level":"info","timestamp":"2026-09-06T06:50:29.059346474Z"}
{"message":"  status: 200,","timestamp":"2026-09-06T06:50:29.059351894Z","level":"info"}
{"level":"info","message":"  durationMs: 291","timestamp":"2026-09-06T06:50:29.059357674Z"}
{"timestamp":"2026-09-06T06:50:29.059363584Z","message":"}","level":"info"}
{"message":"[ops] {","timestamp":"2026-09-06T06:50:29.264731018Z","level":"info"}
{"timestamp":"2026-09-06T06:50:29.264741238Z","message":"  event: 'http_request',","level":"info"}
{"timestamp":"2026-09-06T06:50:29.264748658Z","level":"info","message":"  ts: '2026-09-06T06:50:29.232Z',"}
{"message":"  requestId: '464b8c5a-1a05-4d30-a56f-493ac751bb4c',","level":"info","timestamp":"2026-09-06T06:50:29.264753268Z"}
{"message":"  method: 'OPTIONS',","timestamp":"2026-09-06T06:50:29.264757328Z","level":"info"}
{"timestamp":"2026-09-06T06:50:29.264762558Z","level":"info","message":"  route: '/api/v2/events',"}
{"timestamp":"2026-09-06T06:50:29.264766518Z","level":"info","message":"  status: 204,"}
{"level":"info","message":"  durationMs: 0","timestamp":"2026-09-06T06:50:29.264772087Z"}
{"timestamp":"2026-09-06T06:50:29.264775217Z","message":"}","level":"info"}
{"timestamp":"2026-09-06T06:50:29.396251348Z","message":"[ops] {","level":"error"}
{"timestamp":"2026-09-06T06:50:29.396257598Z","level":"error","message":"  event: 'security.app_check_rejected',"}
{"timestamp":"2026-09-06T06:50:29.396262208Z","level":"error","message":"  ts: '2026-09-06T06:50:29.395Z',"}
{"message":"  reason: 'missing_token',","timestamp":"2026-09-06T06:50:29.396265288Z","level":"error"}
{"timestamp":"2026-09-06T06:50:29.396268868Z","level":"error","message":"  mode: 'monitor',"}
{"level":"error","timestamp":"2026-09-06T06:50:29.396271828Z","message":"  route: '/api/v2/events'"}
{"timestamp":"2026-09-06T06:50:29.396274448Z","level":"error","message":"}"}
{"timestamp":"2026-09-06T06:50:29.547309545Z","message":"[ops] {","level":"info"}
{"level":"info","timestamp":"2026-09-06T06:50:29.547319905Z","message":"  event: 'studio.command_polled',"}
{"message":"  ts: '2026-09-06T06:50:29.545Z',","level":"info","timestamp":"2026-09-06T06:50:29.547324625Z"}
{"timestamp":"2026-09-06T06:50:29.547328625Z","message":"  requestId: '66750dfe-0b63-4c22-b5e9-a5c3b3d91686',","level":"info"}
{"level":"info","message":"  sessionId: 'DlvFpLpN0vX1CB5Fvwv9',","timestamp":"2026-09-06T06:50:29.547333315Z"}
{"timestamp":"2026-09-06T06:50:29.547337815Z","message":"  status: 'empty'","level":"info"}
{"message":"}","timestamp":"2026-09-06T06:50:29.547345755Z","level":"info"}
{"level":"info","timestamp":"2026-09-06T06:50:29.547350115Z","message":"[ops] {"}
{"message":"  event: 'http_request',","level":"info","timestamp":"2026-09-06T06:50:29.547355175Z"}
{"timestamp":"2026-09-06T06:50:29.547360765Z","level":"info","message":"  ts: '2026-09-06T06:50:29.545Z',"}
{"message":"  requestId: '66750dfe-0b63-4c22-b5e9-a5c3b3d91686',","level":"info","timestamp":"2026-09-06T06:50:29.547365125Z"}
{"message":"  method: 'GET',","level":"info","timestamp":"2026-09-06T06:50:29.547369995Z"}
{"timestamp":"2026-09-06T06:50:29.547373585Z","level":"info","message":"  route: '/api/studio/mcp/commands/next',"}
{"level":"info","timestamp":"2026-09-06T06:50:29.547377435Z","message":"  status: 204,"}
{"timestamp":"2026-09-06T06:50:29.547381255Z","message":"  durationMs: 5387","level":"info"}
{"message":"}","timestamp":"2026-09-06T06:50:29.547384885Z","level":"info"}
{"level":"info","message":"[ops] {","timestamp":"2026-09-06T06:50:30.086872281Z"}
{"level":"info","timestamp":"2026-09-06T06:50:30.086875531Z","message":"  event: 'http_request',"}
{"message":"  ts: '2026-09-06T06:50:29.994Z',","timestamp":"2026-09-06T06:50:30.086880621Z","level":"info"}
{"level":"info","timestamp":"2026-09-06T06:50:30.086884470Z","message":"  requestId: '0fd0967d-56c2-4df5-9b88-6ee976d4ee23',"}
{"level":"info","message":"  method: 'GET',","timestamp":"2026-09-06T06:50:30.086888450Z"}
{"timestamp":"2026-09-06T06:50:30.086891820Z","message":"  route: '/api/v2/events',","level":"info"}
{"message":"  status: 200,","timestamp":"2026-09-06T06:50:30.086895470Z","level":"info"}
{"message":"  durationMs: 600","level":"info","timestamp":"2026-09-06T06:50:30.086898440Z"}
{"level":"info","message":"}","timestamp":"2026-09-06T06:50:30.086901570Z"}
{"timestamp":"2026-09-06T06:50:30.146871382Z","level":"info","message":"[ops] {"}
{"timestamp":"2026-09-06T06:50:30.146875792Z","level":"info","message":"  event: 'http_request',"}
{"message":"  ts: '2026-09-06T06:50:30.129Z',","level":"info","timestamp":"2026-09-06T06:50:30.146880002Z"}
{"message":"  requestId: 'cdb699b4-94ac-4edd-ade5-0190613c72dd',","timestamp":"2026-09-06T06:50:30.146884662Z","level":"info"}
{"timestamp":"2026-09-06T06:50:30.146889011Z","level":"info","message":"  method: 'POST',"}
{"timestamp":"2026-09-06T06:50:30.146892821Z","level":"info","message":"  route: '/api/studio/mcp/session/ping',"}
{"message":"  status: 200,","level":"info","timestamp":"2026-09-06T06:50:30.146896511Z"}
{"level":"info","timestamp":"2026-09-06T06:50:30.146902611Z","message":"  durationMs: 294"}
{"level":"info","timestamp":"2026-09-06T06:50:30.146905861Z","message":"}"}
{"timestamp":"2026-09-06T06:50:31.134506331Z","message":"  route: '/api/studio/mcp/status',","level":"info"}
{"level":"info","message":"  status: 204,","timestamp":"2026-09-06T06:50:31.134515741Z"}
{"level":"info","message":"  durationMs: 0","timestamp":"2026-09-06T06:50:31.134522241Z"}
{"message":"}","timestamp":"2026-09-06T06:50:31.134528381Z","level":"info"}
{"level":"info","message":"[ops] {","timestamp":"2026-09-06T06:50:31.134602270Z"}
{"message":"  event: 'http_request',","timestamp":"2026-09-06T06:50:31.134606850Z","level":"info"}
{"timestamp":"2026-09-06T06:50:31.134611380Z","message":"  ts: '2026-09-06T06:50:30.993Z',","level":"info"}
{"message":"  requestId: 'ff89d100-f384-40b7-a02b-fada69d8889a',","level":"info","timestamp":"2026-09-06T06:50:31.134624040Z"}
{"timestamp":"2026-09-06T06:50:31.134628420Z","level":"info","message":"  method: 'OPTIONS',"}
{"timestamp":"2026-09-06T06:50:31.134632800Z","level":"info","message":"  route: '/api/studio/status',"}
{"level":"info","message":"  status: 204,","timestamp":"2026-09-06T06:50:31.134637470Z"}
{"timestamp":"2026-09-06T06:50:31.134641720Z","level":"info","message":"  durationMs: 0"}
{"message":"}","level":"info","timestamp":"2026-09-06T06:50:31.134646140Z"}
{"timestamp":"2026-09-06T06:50:31.134651230Z","level":"info","message":"[ops] {"}
{"message":"  event: 'http_request',","timestamp":"2026-09-06T06:50:31.134655560Z","level":"info"}
{"message":"  ts: '2026-09-06T06:50:30.994Z',","timestamp":"2026-09-06T06:50:31.134660220Z","level":"info"}
{"timestamp":"2026-09-06T06:50:31.134664430Z","level":"info","message":"  requestId: 'a8d23536-431c-436b-a8a8-e6e4e298fb07',"}
{"message":"  method: 'OPTIONS',","timestamp":"2026-09-06T06:50:31.134668990Z","level":"info"}
{"message":"[ops] {","timestamp":"2026-09-06T06:50:31.175557342Z","level":"error"}
{"message":"  event: 'security.app_check_rejected',","timestamp":"2026-09-06T06:50:31.175563682Z","level":"error"}
{"timestamp":"2026-09-06T06:50:31.175566352Z","message":"  ts: '2026-09-06T06:50:31.159Z',","level":"error"}
{"level":"error","timestamp":"2026-09-06T06:50:31.175568932Z","message":"  reason: 'missing_token',"}
{"message":"  mode: 'monitor',","timestamp":"2026-09-06T06:50:31.175571582Z","level":"error"}
{"timestamp":"2026-09-06T06:50:31.175574292Z","level":"error","message":"  route: '/api/studio/status'"}
{"message":"}","timestamp":"2026-09-06T06:50:31.175576682Z","level":"error"}
{"level":"error","message":"[ops] {","timestamp":"2026-09-06T06:50:31.175579782Z"}
{"timestamp":"2026-09-06T06:50:31.175582212Z","level":"error","message":"  event: 'security.app_check_rejected',"}
{"level":"error","message":"  ts: '2026-09-06T06:50:31.164Z',","timestamp":"2026-09-06T06:50:31.175589092Z"}
{"timestamp":"2026-09-06T06:50:31.175591651Z","level":"error","message":"  reason: 'missing_token',"}
{"level":"error","message":"  mode: 'monitor',","timestamp":"2026-09-06T06:50:31.175593881Z"}
{"timestamp":"2026-09-06T06:50:31.175596101Z","level":"error","message":"  route: '/api/studio/mcp/status'"}
{"level":"error","message":"}","timestamp":"2026-09-06T06:50:31.175598631Z"}
{"level":"info","message":"[ops] {","timestamp":"2026-09-06T06:50:31.565592691Z"}
{"message":"  event: 'http_request',","level":"info","timestamp":"2026-09-06T06:50:31.565600431Z"}
{"level":"info","timestamp":"2026-09-06T06:50:31.565606771Z","message":"  ts: '2026-09-06T06:50:31.560Z',"}
{"message":"  requestId: '9803a842-2dab-41d8-b7f3-8f30b273f149',","timestamp":"2026-09-06T06:50:31.565612041Z","level":"info"}
{"level":"info","message":"  method: 'GET',","timestamp":"2026-09-06T06:50:31.565617961Z"}
{"message":"  route: '/api/studio/mcp/status',","level":"info","timestamp":"2026-09-06T06:50:31.565622961Z"}
{"message":"  status: 200,","level":"info","timestamp":"2026-09-06T06:50:31.565628791Z"}
{"timestamp":"2026-09-06T06:50:31.565633631Z","message":"  durationMs: 396","level":"info"}
{"message":"}","timestamp":"2026-09-06T06:50:31.565641330Z","level":"info"}
{"level":"info","timestamp":"2026-09-06T06:50:31.707214487Z","message":"[ops] {"}
{"timestamp":"2026-09-06T06:50:31.707219137Z","level":"info","message":"  event: 'http_request',"}
{"message":"  ts: '2026-09-06T06:50:31.690Z',","level":"info","timestamp":"2026-09-06T06:50:31.707225397Z"}
{"timestamp":"2026-09-06T06:50:31.707229247Z","message":"  requestId: '6ed6cadf-e0ae-4235-973b-4ae3c75fcc15',","level":"info"}
{"timestamp":"2026-09-06T06:50:31.707232777Z","level":"info","message":"  method: 'GET',"}
{"message":"  route: '/api/studio/status',","level":"info","timestamp":"2026-09-06T06:50:31.707236987Z"}
{"level":"info","timestamp":"2026-09-06T06:50:31.707241007Z","message":"  status: 200,"}
{"level":"info","message":"  durationMs: 531","timestamp":"2026-09-06T06:50:31.707244877Z"}
{"level":"info","message":"}","timestamp":"2026-09-06T06:50:31.707248647Z"}
{"level":"info","timestamp":"2026-09-06T06:50:31.851131128Z","message":"[ops] {"}
{"level":"info","message":"  event: 'http_request',","timestamp":"2026-09-06T06:50:31.851136038Z"}
{"level":"info","message":"  ts: '2026-09-06T06:50:31.844Z',","timestamp":"2026-09-06T06:50:31.851140068Z"}
{"timestamp":"2026-09-06T06:50:31.851142848Z","level":"info","message":"  requestId: '52c46806-2003-4b36-9560-717e35aeef9d',"}
{"level":"info","timestamp":"2026-09-06T06:50:31.851145418Z","message":"  method: 'OPTIONS',"}
{"message":"  route: '/api/v2/agents/active',","timestamp":"2026-09-06T06:50:31.851147908Z","level":"info"}
{"message":"  status: 204,","level":"info","timestamp":"2026-09-06T06:50:31.851150558Z"}
{"level":"info","timestamp":"2026-09-06T06:50:31.851153288Z","message":"  durationMs: 0"}
{"message":"}","level":"info","timestamp":"2026-09-06T06:50:31.851155918Z"}
{"timestamp":"2026-09-06T06:50:31.851158328Z","level":"info","message":"[ops] {"}
{"message":"  event: 'http_request',","level":"info","timestamp":"2026-09-06T06:50:31.851160788Z"}
{"message":"  ts: '2026-09-06T06:50:31.845Z',","level":"info","timestamp":"2026-09-06T06:50:31.851163138Z"}
{"level":"info","message":"  requestId: '118b7d3b-600e-49b6-be9f-ab484ed9aca7',","timestamp":"2026-09-06T06:50:31.851165688Z"}
{"timestamp":"2026-09-06T06:50:31.851168878Z","message":"  method: 'OPTIONS',","level":"info"}
{"level":"info","message":"  route: '/api/v2/events',","timestamp":"2026-09-06T06:50:31.851171548Z"}
{"timestamp":"2026-09-06T06:50:31.851174599Z","level":"info","message":"  status: 204,"}
{"timestamp":"2026-09-06T06:50:31.851177049Z","level":"info","message":"  durationMs: 0"}
{"message":"}","timestamp":"2026-09-06T06:50:31.851179649Z","level":"info"}
{"message":"}","timestamp":"2026-09-06T06:50:32.150267091Z","level":"error"}
{"level":"error","timestamp":"2026-09-06T06:50:32.150281511Z","message":"[ops] {"}
{"level":"info","message":"}","timestamp":"2026-09-06T06:50:32.150294401Z"}
{"level":"error","message":"  mode: 'monitor',","timestamp":"2026-09-06T06:50:32.150297281Z"}
{"timestamp":"2026-09-06T06:50:32.150308321Z","level":"error","message":"  route: '/api/icons/market'"}
{"message":"  route: '/api/v2/agents/active',","level":"info","timestamp":"2026-09-06T06:50:32.150308991Z"}
{"message":"}","timestamp":"2026-09-06T06:50:32.150314501Z","level":"error"}
{"message":"  event: 'http_request',","timestamp":"2026-09-06T06:50:32.150321112Z","level":"info"}
{"timestamp":"2026-09-06T06:50:32.150322142Z","level":"info","message":"[ops] {"}
{"level":"info","message":"  status: 200,","timestamp":"2026-09-06T06:50:32.150323642Z"}
{"level":"error","timestamp":"2026-09-06T06:50:32.150327282Z","message":"  event: 'security.app_check_rejected',"}
{"message":"[ops] {","timestamp":"2026-09-06T06:50:32.150334422Z","level":"error"}
{"message":"  durationMs: 97","timestamp":"2026-09-06T06:50:32.150335162Z","level":"info"}
{"message":"  ts: '2026-09-06T06:50:32.109Z',","timestamp":"2026-09-06T06:50:32.150335412Z","level":"info"}
{"timestamp":"2026-09-06T06:50:32.150336212Z","level":"error","message":"  ts: '2026-09-06T06:50:32.098Z',"}
{"timestamp":"2026-09-06T06:50:32.150344812Z","level":"error","message":"  reason: 'missing_token',"}
{"level":"error","message":"  event: 'security.app_check_rejected',","timestamp":"2026-09-06T06:50:32.150349742Z"}
{"message":"[ops] {","timestamp":"2026-09-06T06:50:32.150358082Z","level":"error"}
{"message":"  ts: '2026-09-06T06:50:32.012Z',","timestamp":"2026-09-06T06:50:32.150358382Z","level":"error"}
{"level":"error","message":"  event: 'security.app_check_rejected',","timestamp":"2026-09-06T06:50:32.150365451Z"}
{"level":"error","timestamp":"2026-09-06T06:50:32.150367151Z","message":"  reason: 'missing_token',"}
{"level":"error","message":"  ts: '2026-09-06T06:50:31.942Z',","timestamp":"2026-09-06T06:50:32.150371481Z"}
{"message":"  mode: 'monitor',","timestamp":"2026-09-06T06:50:32.150374361Z","level":"error"}
{"message":"  reason: 'missing_token',","timestamp":"2026-09-06T06:50:32.150377201Z","level":"error"}
{"timestamp":"2026-09-06T06:50:32.150381741Z","level":"error","message":"  route: '/api/v2/events'"}
{"level":"error","message":"  mode: 'monitor',","timestamp":"2026-09-06T06:50:32.150383601Z"}
{"message":"}","timestamp":"2026-09-06T06:50:32.150389761Z","level":"error"}
{"level":"error","timestamp":"2026-09-06T06:50:32.150389871Z","message":"  route: '/api/icons/market'"}
{"message":"}","timestamp":"2026-09-06T06:50:32.150395171Z","level":"error"}
{"message":"[ops] {","level":"error","timestamp":"2026-09-06T06:50:32.150402341Z"}
{"level":"info","message":"[ops] {","timestamp":"2026-09-06T06:50:32.150405151Z"}
{"message":"  event: 'security.app_check_rejected',","timestamp":"2026-09-06T06:50:32.150409131Z","level":"error"}
{"message":"  event: 'http_request',","timestamp":"2026-09-06T06:50:32.150411651Z","level":"info"}
{"level":"error","message":"  ts: '2026-09-06T06:50:32.013Z',","timestamp":"2026-09-06T06:50:32.150415601Z"}
{"timestamp":"2026-09-06T06:50:32.150422701Z","level":"info","message":"  ts: '2026-09-06T06:50:32.011Z',"}
{"level":"error","message":"  reason: 'missing_token',","timestamp":"2026-09-06T06:50:32.150424361Z"}
{"message":"  requestId: '2b2d8563-79bd-429a-a5fb-00c3a95ad91c',","timestamp":"2026-09-06T06:50:32.150426421Z","level":"info"}
{"level":"info","message":"  requestId: 'b9b0aae4-89e6-467b-b71b-42995107fa37',","timestamp":"2026-09-06T06:50:32.150433581Z"}
{"timestamp":"2026-09-06T06:50:32.150436241Z","level":"error","message":"  mode: 'monitor',"}
{"level":"info","timestamp":"2026-09-06T06:50:32.150438711Z","message":"  method: 'GET',"}
{"level":"info","message":"  method: 'GET',","timestamp":"2026-09-06T06:50:32.150445641Z"}
{"timestamp":"2026-09-06T06:50:32.150445861Z","message":"  route: '/api/v2/agents/active'","level":"error"}
{"message":"  route: '/api/icons/market',","timestamp":"2026-09-06T06:50:32.150453031Z","level":"info"}
{"message":"  status: 200,","level":"info","timestamp":"2026-09-06T06:50:32.150458141Z"}
{"message":"  durationMs: 70","level":"info","timestamp":"2026-09-06T06:50:32.150463031Z"}
{"message":"}","timestamp":"2026-09-06T06:50:32.150468091Z","level":"info"}
{"level":"info","message":"[ops] {","timestamp":"2026-09-06T06:50:32.244567757Z"}
{"level":"info","message":"  event: 'http_request',","timestamp":"2026-09-06T06:50:32.244575737Z"}
{"level":"info","message":"  ts: '2026-09-06T06:50:32.239Z',","timestamp":"2026-09-06T06:50:32.244582167Z"}
{"level":"info","timestamp":"2026-09-06T06:50:32.244585597Z","message":"  requestId: 'f9ef1e9f-0483-41bd-9a04-d9e0876c9384',"}
{"message":"  method: 'GET',","level":"info","timestamp":"2026-09-06T06:50:32.244589227Z"}
{"message":"  route: '/api/icons/market',","level":"info","timestamp":"2026-09-06T06:50:32.244595417Z"}
{"timestamp":"2026-09-06T06:50:32.244598947Z","message":"  status: 200,","level":"info"}
{"level":"info","message":"  durationMs: 141","timestamp":"2026-09-06T06:50:32.244601967Z"}
{"level":"info","timestamp":"2026-09-06T06:50:32.244605307Z","message":"}"}
{"timestamp":"2026-09-06T06:50:32.334398580Z","message":"[ops] {","level":"error"}
{"message":"  event: 'security.app_check_rejected',","timestamp":"2026-09-06T06:50:32.334457699Z","level":"error"}
{"message":"  ts: '2026-09-06T06:50:32.323Z',","timestamp":"2026-09-06T06:50:32.334461889Z","level":"error"}
{"timestamp":"2026-09-06T06:50:32.334465889Z","message":"  reason: 'missing_token',","level":"error"}
{"message":"  mode: 'monitor',","timestamp":"2026-09-06T06:50:32.334469529Z","level":"error"}
{"message":"  route: '/api/icons/market'","timestamp":"2026-09-06T06:50:32.334473689Z","level":"error"}
{"message":"}","level":"error","timestamp":"2026-09-06T06:50:32.334477159Z"}
{"timestamp":"2026-09-06T06:50:32.514401154Z","level":"info","message":"[ops] {"}
{"message":"  event: 'http_request',","timestamp":"2026-09-06T06:50:32.514409284Z","level":"info"}
{"message":"  ts: '2026-09-06T06:50:32.507Z',","timestamp":"2026-09-06T06:50:32.514414274Z","level":"info"}
{"message":"  requestId: 'f06a470e-a6b9-4b91-9fe8-c90feac773ac',","level":"info","timestamp":"2026-09-06T06:50:32.514419043Z"}
{"timestamp":"2026-09-06T06:50:32.514422793Z","level":"info","message":"  method: 'GET',"}
{"level":"info","message":"  route: '/api/icons/market',","timestamp":"2026-09-06T06:50:32.514426843Z"}
{"level":"info","message":"  status: 200,","timestamp":"2026-09-06T06:50:32.514429973Z"}
{"timestamp":"2026-09-06T06:50:32.514433253Z","level":"info","message":"  durationMs: 184"}
{"level":"info","message":"}","timestamp":"2026-09-06T06:50:32.514436923Z"}
{"timestamp":"2026-09-06T06:50:32.562537010Z","message":"[ops] {","level":"info"}
{"message":"  event: 'http_request',","level":"info","timestamp":"2026-09-06T06:50:32.562543390Z"}
{"level":"info","timestamp":"2026-09-06T06:50:32.562548120Z","message":"  ts: '2026-09-06T06:50:32.559Z',"}
{"level":"info","message":"  requestId: '2adad051-7e14-4f53-adf0-c82123797024',","timestamp":"2026-09-06T06:50:32.562552380Z"}
{"timestamp":"2026-09-06T06:50:32.562556050Z","message":"  method: 'GET',","level":"info"}
{"level":"info","timestamp":"2026-09-06T06:50:32.562559410Z","message":"  route: '/api/v2/events',"}
{"level":"info","timestamp":"2026-09-06T06:50:32.562565020Z","message":"  status: 200,"}
{"timestamp":"2026-09-06T06:50:32.562568650Z","level":"info","message":"  durationMs: 547"}
{"message":"}","level":"info","timestamp":"2026-09-06T06:50:32.562572550Z"}
{"message":"[ops] {","timestamp":"2026-09-06T06:50:32.595433423Z","level":"error"}
{"timestamp":"2026-09-06T06:50:32.595438643Z","level":"error","message":"  event: 'security.app_check_rejected',"}
{"timestamp":"2026-09-06T06:50:32.595443593Z","level":"error","message":"  ts: '2026-09-06T06:50:32.589Z',"}
{"message":"  reason: 'missing_token',","timestamp":"2026-09-06T06:50:32.595447753Z","level":"error"}
{"timestamp":"2026-09-06T06:50:32.595451893Z","level":"error","message":"  mode: 'monitor',"}
{"message":"  route: '/api/icons/market'","level":"error","timestamp":"2026-09-06T06:50:32.595456353Z"}
{"level":"error","timestamp":"2026-09-06T06:50:32.595460953Z","message":"}"}
{"message":"[ops] {","timestamp":"2026-09-06T06:50:32.778299739Z","level":"info"}
{"message":"  event: 'http_request',","timestamp":"2026-09-06T06:50:32.778308809Z","level":"info"}
{"message":"  ts: '2026-09-06T06:50:32.767Z',","level":"info","timestamp":"2026-09-06T06:50:32.778313709Z"}
{"level":"info","message":"  requestId: '39652a72-2afa-479d-9cee-7ecd4fd7f1f1',","timestamp":"2026-09-06T06:50:32.778320069Z"}
{"timestamp":"2026-09-06T06:50:32.778324579Z","level":"info","message":"  method: 'GET',"}
{"message":"  route: '/api/icons/market',","timestamp":"2026-09-06T06:50:32.778329089Z","level":"info"}
{"message":"  status: 200,","level":"info","timestamp":"2026-09-06T06:50:32.778333509Z"}
{"timestamp":"2026-09-06T06:50:32.778337619Z","level":"info","message":"  durationMs: 178"}
{"level":"info","message":"}","timestamp":"2026-09-06T06:50:32.778343429Z"}
{"message":"  reason: 'missing_token',","timestamp":"2026-09-06T06:50:32.855792590Z","level":"error"}
{"timestamp":"2026-09-06T06:50:32.855800630Z","level":"error","message":"  mode: 'monitor',"}
{"message":"  route: '/api/icons/market'","timestamp":"2026-09-06T06:50:32.855806900Z","level":"error"}
{"timestamp":"2026-09-06T06:50:32.855811730Z","level":"error","message":"}"}
{"timestamp":"2026-09-06T06:50:32.855833450Z","message":"[ops] {","level":"error"}
{"timestamp":"2026-09-06T06:50:32.855837590Z","message":"  event: 'security.app_check_rejected',","level":"error"}
{"level":"error","message":"  ts: '2026-09-06T06:50:32.851Z',","timestamp":"2026-09-06T06:50:32.855841920Z"}
{"message":"[ops] {","level":"info","timestamp":"2026-09-06T06:50:33.081444326Z"}
{"timestamp":"2026-09-06T06:50:33.081448456Z","level":"info","message":"  event: 'http_request',"}
{"timestamp":"2026-09-06T06:50:33.081452626Z","level":"info","message":"  ts: '2026-09-06T06:50:33.032Z',"}
{"timestamp":"2026-09-06T06:50:33.081456236Z","level":"info","message":"  requestId: '1c6dd0d6-ba4d-452e-aeb9-d1c4fa075997',"}
{"message":"  method: 'GET',","level":"info","timestamp":"2026-09-06T06:50:33.081459896Z"}
{"level":"info","message":"  route: '/api/icons/market',","timestamp":"2026-09-06T06:50:33.081463726Z"}
{"timestamp":"2026-09-06T06:50:33.081467326Z","message":"  status: 200,","level":"info"}
{"level":"info","message":"  durationMs: 181","timestamp":"2026-09-06T06:50:33.081470975Z"}
{"level":"info","message":"}","timestamp":"2026-09-06T06:50:33.081474455Z"}
{"message":"[ops] {","timestamp":"2026-09-06T06:50:33.127533915Z","level":"error"}
{"message":"  event: 'security.app_check_rejected',","level":"error","timestamp":"2026-09-06T06:50:33.127541345Z"}
{"message":"  ts: '2026-09-06T06:50:33.124Z',","timestamp":"2026-09-06T06:50:33.127546265Z","level":"error"}
{"message":"  reason: 'missing_token',","timestamp":"2026-09-06T06:50:33.127550865Z","level":"error"}
{"message":"  mode: 'monitor',","timestamp":"2026-09-06T06:50:33.127555435Z","level":"error"}
{"timestamp":"2026-09-06T06:50:33.127559905Z","message":"  route: '/api/icons/market'","level":"error"}
{"level":"error","timestamp":"2026-09-06T06:50:33.127564295Z","message":"}"}
{"timestamp":"2026-09-06T06:50:33.509059058Z","level":"info","message":"[ops] {"}
{"level":"info","message":"  event: 'http_request',","timestamp":"2026-09-06T06:50:33.509063908Z"}
{"message":"  ts: '2026-09-06T06:50:33.493Z',","timestamp":"2026-09-06T06:50:33.509066908Z","level":"info"}
{"timestamp":"2026-09-06T06:50:33.509069798Z","level":"info","message":"  requestId: '922e3c95-f1db-49e1-8c65-cae607809fac',"}
{"message":"  method: 'GET',","level":"info","timestamp":"2026-09-06T06:50:33.509072828Z"}
{"timestamp":"2026-09-06T06:50:33.509075568Z","level":"info","message":"  route: '/api/icons/market',"}
{"timestamp":"2026-09-06T06:50:33.509077998Z","level":"info","message":"  status: 200,"}
{"timestamp":"2026-09-06T06:50:33.509080848Z","level":"info","message":"  durationMs: 369"}
{"message":"}","timestamp":"2026-09-06T06:50:33.509083358Z","level":"info"}
{"level":"error","message":"[ops] {","timestamp":"2026-09-06T06:50:33.578990667Z"}
{"timestamp":"2026-09-06T06:50:33.578993747Z","level":"error","message":"  event: 'security.app_check_rejected',"}
{"timestamp":"2026-09-06T06:50:33.578998197Z","level":"error","message":"  ts: '2026-09-06T06:50:33.574Z',"}
{"timestamp":"2026-09-06T06:50:33.579000957Z","message":"  reason: 'missing_token',","level":"error"}
{"message":"  mode: 'monitor',","timestamp":"2026-09-06T06:50:33.579003837Z","level":"error"}
{"level":"error","message":"  route: '/api/icons/market'","timestamp":"2026-09-06T06:50:33.579006327Z"}
{"timestamp":"2026-09-06T06:50:33.579008877Z","message":"}","level":"error"}
{"timestamp":"2026-09-06T06:50:33.750496735Z","message":"[ops] {","level":"info"}
{"level":"info","message":"  event: 'studio.plugin_compatibility_handshake',","timestamp":"2026-09-06T06:50:33.750501635Z"}
{"message":"  ts: '2026-09-06T06:50:33.717Z',","timestamp":"2026-09-06T06:50:33.750506375Z","level":"info"}
{"timestamp":"2026-09-06T06:50:33.750513775Z","message":"  requestId: '1492936b-fa37-4d08-a7a3-55f1347260f6',","level":"info"}
{"timestamp":"2026-09-06T06:50:33.750519465Z","level":"info","message":"  sessionId: 'MLq8J3mhz56J6BRsAeQe',"}
{"level":"info","timestamp":"2026-09-06T06:50:33.750523315Z","message":"  userId: '0VSQotqOXxPXBLeQu1gUNkXELWH3',"}
{"level":"info","timestamp":"2026-09-06T06:50:33.750527955Z","message":"  status: 'compatible',"}
{"level":"info","timestamp":"2026-09-06T06:50:33.750532395Z","message":"  reasonCodes: [],"}
{"message":"  buildId: 'nexusrbx-studio-0.14.0-r15-animation.12-toolbox',","timestamp":"2026-09-06T06:50:33.750536775Z","level":"info"}
{"level":"info","timestamp":"2026-09-06T06:50:33.750541135Z","message":"  attestationWritten: false,"}
{"message":"  repairDurationMs: 638","timestamp":"2026-09-06T06:50:33.750545125Z","level":"info"}
{"level":"info","message":"}","timestamp":"2026-09-06T06:50:33.750549315Z"}
{"message":"[ops] {","timestamp":"2026-09-06T06:50:33.750552875Z","level":"info"}
{"timestamp":"2026-09-06T06:50:33.750556475Z","message":"  event: 'http_request',","level":"info"}
{"timestamp":"2026-09-06T06:50:33.750560345Z","level":"info","message":"  ts: '2026-09-06T06:50:33.718Z',"}
{"timestamp":"2026-09-06T06:50:33.750564555Z","message":"  requestId: '1492936b-fa37-4d08-a7a3-55f1347260f6',","level":"info"}
{"message":"  method: 'POST',","timestamp":"2026-09-06T06:50:33.750568015Z","level":"info"}
{"level":"info","timestamp":"2026-09-06T06:50:33.750571985Z","message":"  route: '/api/studio/session/ping',"}
{"level":"info","timestamp":"2026-09-06T06:50:33.750575945Z","message":"  status: 200,"}
{"timestamp":"2026-09-06T06:50:33.750580015Z","message":"  durationMs: 706","level":"info"}
{"level":"info","message":"}","timestamp":"2026-09-06T06:50:33.750583815Z"}
{"timestamp":"2026-09-06T06:50:33.750588105Z","message":"[ops] {","level":"info"}
{"timestamp":"2026-09-06T06:50:33.750592015Z","message":"  event: 'http_request',","level":"info"}
{"timestamp":"2026-09-06T06:50:33.750596915Z","level":"info","message":"  ts: '2026-09-06T06:50:33.745Z',"}
{"level":"info","message":"  requestId: 'd5ea0f2e-b003-4c1a-86a2-fd2c37847e64',","timestamp":"2026-09-06T06:50:33.750608455Z"}
{"timestamp":"2026-09-06T06:50:33.750614255Z","level":"info","message":"  method: 'GET',"}
{"timestamp":"2026-09-06T06:50:33.750618224Z","message":"  route: '/api/icons/market',","level":"info"}
{"level":"info","timestamp":"2026-09-06T06:50:33.750622084Z","message":"  status: 200,"}
{"timestamp":"2026-09-06T06:50:33.750625754Z","message":"  durationMs: 171","level":"info"}
{"message":"}","timestamp":"2026-09-06T06:50:33.750917752Z","level":"info"}
{"timestamp":"2026-09-06T06:50:33.833798330Z","message":"[ops] {","level":"error"}
{"message":"  event: 'security.app_check_rejected',","timestamp":"2026-09-06T06:50:33.833801380Z","level":"error"}
{"timestamp":"2026-09-06T06:50:33.833804820Z","level":"error","message":"  ts: '2026-09-06T06:50:33.827Z',"}
{"timestamp":"2026-09-06T06:50:33.833807650Z","message":"  reason: 'missing_token',","level":"error"}
{"timestamp":"2026-09-06T06:50:33.833811080Z","message":"  mode: 'monitor',","level":"error"}
{"message":"  route: '/api/icons/market'","timestamp":"2026-09-06T06:50:33.833814400Z","level":"error"}
{"message":"}","timestamp":"2026-09-06T06:50:33.833817170Z","level":"error"}
{"level":"info","timestamp":"2026-09-06T06:50:34.136414180Z","message":"[ops] {"}
{"level":"info","timestamp":"2026-09-06T06:50:34.136416740Z","message":"  event: 'http_request',"}
{"message":"  ts: '2026-09-06T06:50:33.970Z',","level":"info","timestamp":"2026-09-06T06:50:34.136419560Z"}
{"timestamp":"2026-09-06T06:50:34.136422360Z","message":"  requestId: 'b7153ea0-73ad-43e4-88ec-78e8a80542bb',","level":"info"}
{"timestamp":"2026-09-06T06:50:34.136425840Z","level":"info","message":"  method: 'GET',"}
{"message":"  route: '/api/icons/market',","timestamp":"2026-09-06T06:50:34.136428560Z","level":"info"}
{"message":"  status: 200,","timestamp":"2026-09-06T06:50:34.136431290Z","level":"info"}
{"timestamp":"2026-09-06T06:50:34.136434110Z","message":"  durationMs: 143","level":"info"}
{"message":"}","timestamp":"2026-09-06T06:50:34.136436380Z","level":"info"}
{"timestamp":"2026-09-06T06:50:34.136439230Z","level":"error","message":"[ops] {"}
{"level":"error","message":"  event: 'security.app_check_rejected',","timestamp":"2026-09-06T06:50:34.136441650Z"}
{"level":"error","message":"  ts: '2026-09-06T06:50:33.983Z',","timestamp":"2026-09-06T06:50:34.136444010Z"}
{"message":"  reason: 'missing_token',","level":"error","timestamp":"2026-09-06T06:50:34.136446930Z"}
{"level":"error","timestamp":"2026-09-06T06:50:34.136450420Z","message":"  mode: 'monitor',"}
{"message":"  route: '/api/studio/chat/bootstrap'","timestamp":"2026-09-06T06:50:34.136453090Z","level":"error"}
{"message":"}","timestamp":"2026-09-06T06:50:34.136455730Z","level":"error"}
{"level":"error","message":"[ops] {","timestamp":"2026-09-06T06:50:34.136458610Z"}
{"level":"error","timestamp":"2026-09-06T06:50:34.136462850Z","message":"  event: 'security.app_check_rejected',"}
{"timestamp":"2026-09-06T06:50:34.136465720Z","message":"  ts: '2026-09-06T06:50:34.051Z',","level":"error"}
{"message":"  reason: 'missing_token',","timestamp":"2026-09-06T06:50:34.136468309Z","level":"error"}
{"message":"  mode: 'monitor',","level":"error","timestamp":"2026-09-06T06:50:34.136470889Z"}
{"message":"  route: '/api/icons/market'","timestamp":"2026-09-06T06:50:34.136473789Z","level":"error"}
{"timestamp":"2026-09-06T06:50:34.136476779Z","message":"}","level":"error"}
{"message":"[ops] {","timestamp":"2026-09-06T06:50:34.230745025Z","level":"info"}
{"level":"info","message":"  event: 'http_request',","timestamp":"2026-09-06T06:50:34.230751054Z"}
{"timestamp":"2026-09-06T06:50:34.230754784Z","level":"info","message":"  ts: '2026-09-06T06:50:34.226Z',"}
{"message":"  requestId: '75cb1f95-c1af-451f-98de-813b484f1a0f',","timestamp":"2026-09-06T06:50:34.230758074Z","level":"info"}
{"message":"  method: 'OPTIONS',","timestamp":"2026-09-06T06:50:34.230764644Z","level":"info"}
{"message":"  route: '/api/v2/events',","timestamp":"2026-09-06T06:50:34.230767494Z","level":"info"}
{"timestamp":"2026-09-06T06:50:34.230770374Z","level":"info","message":"  status: 204,"}
{"timestamp":"2026-09-06T06:50:34.230773674Z","level":"info","message":"  durationMs: 0"}
{"message":"}","level":"info","timestamp":"2026-09-06T06:50:34.230777164Z"}
{"timestamp":"2026-09-06T06:50:34.252646957Z","level":"info","message":"[ops] {"}
{"message":"  event: 'http_request',","timestamp":"2026-09-06T06:50:34.252652537Z","level":"info"}
{"level":"info","message":"  ts: '2026-09-06T06:50:34.243Z',","timestamp":"2026-09-06T06:50:34.252656057Z"}
{"level":"info","timestamp":"2026-09-06T06:50:34.252659297Z","message":"  requestId: 'f4eee448-2fe8-4367-b85c-e773ac576c3e',"}
{"timestamp":"2026-09-06T06:50:34.252662887Z","level":"info","message":"  method: 'GET',"}
{"timestamp":"2026-09-06T06:50:34.252666277Z","level":"info","message":"  route: '/api/icons/market',"}
{"message":"  status: 200,","level":"info","timestamp":"2026-09-06T06:50:34.252669577Z"}
{"message":"  durationMs: 192","level":"info","timestamp":"2026-09-06T06:50:34.252672827Z"}
{"level":"info","timestamp":"2026-09-06T06:50:34.252675827Z","message":"}"}
{"level":"error","timestamp":"2026-09-06T06:50:34.328318899Z","message":"[ops] {"}
{"timestamp":"2026-09-06T06:50:34.328330569Z","level":"error","message":"  event: 'security.app_check_rejected',"}
{"timestamp":"2026-09-06T06:50:34.328336569Z","level":"error","message":"  ts: '2026-09-06T06:50:34.324Z',"}
{"level":"error","timestamp":"2026-09-06T06:50:34.328341529Z","message":"  reason: 'missing_token',"}
{"message":"  mode: 'monitor',","level":"error","timestamp":"2026-09-06T06:50:34.328346319Z"}
{"level":"error","message":"  route: '/api/icons/market'","timestamp":"2026-09-06T06:50:34.328350979Z"}
{"message":"}","timestamp":"2026-09-06T06:50:34.328357739Z","level":"error"}
{"level":"error","message":"[ops] {","timestamp":"2026-09-06T06:50:34.415555018Z"}
{"level":"error","timestamp":"2026-09-06T06:50:34.415564558Z","message":"  event: 'security.app_check_rejected',"}
{"timestamp":"2026-09-06T06:50:34.415570158Z","message":"  ts: '2026-09-06T06:50:34.407Z',","level":"error"}
{"level":"error","message":"  reason: 'missing_token',","timestamp":"2026-09-06T06:50:34.415575078Z"}
{"timestamp":"2026-09-06T06:50:34.415579698Z","level":"error","message":"  mode: 'monitor',"}
{"message":"  route: '/api/v2/events'","timestamp":"2026-09-06T06:50:34.415584248Z","level":"error"}
{"level":"error","message":"}","timestamp":"2026-09-06T06:50:34.415589348Z"}
{"level":"info","message":"[ops] {","timestamp":"2026-09-06T06:50:34.471988052Z"}
{"timestamp":"2026-09-06T06:50:34.471994362Z","level":"info","message":"  event: 'http_request',"}
{"timestamp":"2026-09-06T06:50:34.471999042Z","level":"info","message":"  ts: '2026-09-06T06:50:34.467Z',"}
{"message":"  requestId: 'e8978905-2cf9-4fa1-90ec-32367c347909',","timestamp":"2026-09-06T06:50:34.472003232Z","level":"info"}
{"timestamp":"2026-09-06T06:50:34.472006942Z","message":"  method: 'GET',","level":"info"}
{"level":"info","message":"  route: '/api/studio/chat/bootstrap',","timestamp":"2026-09-06T06:50:34.472010902Z"}
{"timestamp":"2026-09-06T06:50:34.472014932Z","message":"  status: 200,","level":"info"}
{"message":"  durationMs: 485","timestamp":"2026-09-06T06:50:34.472019872Z","level":"info"}
{"level":"info","message":"}","timestamp":"2026-09-06T06:50:34.472024242Z"}
{"level":"info","message":"[ops] {","timestamp":"2026-09-06T06:50:34.524872008Z"}
{"timestamp":"2026-09-06T06:50:34.524879268Z","message":"  event: 'http_request',","level":"info"}
{"message":"  ts: '2026-09-06T06:50:34.523Z',","timestamp":"2026-09-06T06:50:34.524884298Z","level":"info"}
{"level":"info","message":"  requestId: '49e7346d-225a-4917-ac98-0461049fa3f5',","timestamp":"2026-09-06T06:50:34.524888308Z"}
{"timestamp":"2026-09-06T06:50:34.524892548Z","message":"  method: 'GET',","level":"info"}
{"level":"info","timestamp":"2026-09-06T06:50:34.524896648Z","message":"  route: '/api/icons/market',"}
{"message":"  status: 200,","timestamp":"2026-09-06T06:50:34.524901288Z","level":"info"}
{"timestamp":"2026-09-06T06:50:34.524904958Z","level":"info","message":"  durationMs: 199"}
{"message":"}","timestamp":"2026-09-06T06:50:34.524908658Z","level":"info"}
{"timestamp":"2026-09-06T06:50:34.613616239Z","level":"error","message":"[ops] {"}
{"level":"error","timestamp":"2026-09-06T06:50:34.613626619Z","message":"  event: 'security.app_check_rejected',"}
{"timestamp":"2026-09-06T06:50:34.613632628Z","level":"error","message":"  ts: '2026-09-06T06:50:34.603Z',"}
{"level":"error","timestamp":"2026-09-06T06:50:34.613637588Z","message":"  reason: 'missing_token',"}
{"timestamp":"2026-09-06T06:50:34.613641748Z","level":"error","message":"  mode: 'monitor',"}
{"timestamp":"2026-09-06T06:50:34.613646318Z","level":"error","message":"  route: '/api/icons/market'"}
{"message":"}","timestamp":"2026-09-06T06:50:34.613650728Z","level":"error"}
{"message":"[ops] {","timestamp":"2026-09-06T06:50:34.745601306Z","level":"info"}
{"timestamp":"2026-09-06T06:50:34.745606816Z","level":"info","message":"  event: 'http_request',"}
{"message":"  ts: '2026-09-06T06:50:34.744Z',","timestamp":"2026-09-06T06:50:34.745609826Z","level":"info"}
{"timestamp":"2026-09-06T06:50:34.745612616Z","message":"  requestId: '8e0836ab-db23-449d-88d3-ca17b625cfa4',","level":"info"}
{"message":"  method: 'GET',","level":"info","timestamp":"2026-09-06T06:50:34.745615336Z"}
{"message":"  route: '/api/icons/market',","timestamp":"2026-09-06T06:50:34.745618556Z","level":"info"}
{"message":"  status: 200,","timestamp":"2026-09-06T06:50:34.745620996Z","level":"info"}
{"timestamp":"2026-09-06T06:50:34.745624576Z","message":"  durationMs: 141","level":"info"}
{"level":"info","timestamp":"2026-09-06T06:50:34.745626806Z","message":"}"}
{"message":"[ops] {","timestamp":"2026-09-06T06:50:34.832346079Z","level":"error"}
{"timestamp":"2026-09-06T06:50:34.832351809Z","level":"error","message":"  event: 'security.app_check_rejected',"}
{"message":"  ts: '2026-09-06T06:50:34.825Z',","level":"error","timestamp":"2026-09-06T06:50:34.832355569Z"}
{"message":"  reason: 'missing_token',","timestamp":"2026-09-06T06:50:34.832359149Z","level":"error"}
{"message":"  mode: 'monitor',","level":"error","timestamp":"2026-09-06T06:50:34.832361759Z"}
{"level":"error","message":"  route: '/api/icons/market'","timestamp":"2026-09-06T06:50:34.832365449Z"}
{"level":"error","message":"}","timestamp":"2026-09-06T06:50:34.832370139Z"}
{"message":"  mode: 'monitor',","level":"error","timestamp":"2026-09-06T06:50:35.226212904Z"}
{"level":"error","timestamp":"2026-09-06T06:50:35.226224904Z","message":"  route: '/api/icons/market'"}
{"level":"error","message":"}","timestamp":"2026-09-06T06:50:35.226230613Z"}
{"level":"info","message":"[ops] {","timestamp":"2026-09-06T06:50:35.226260673Z"}
{"level":"info","message":"  event: 'http_request',","timestamp":"2026-09-06T06:50:35.226265283Z"}
{"timestamp":"2026-09-06T06:50:35.226269163Z","message":"  ts: '2026-09-06T06:50:35.045Z',","level":"info"}
{"timestamp":"2026-09-06T06:50:35.226272923Z","level":"info","message":"  requestId: '8f072017-42c9-4c1d-91dd-ef5a210b9cf9',"}
{"timestamp":"2026-09-06T06:50:35.226277623Z","level":"info","message":"  method: 'GET',"}
{"level":"info","message":"  route: '/api/v2/events',","timestamp":"2026-09-06T06:50:35.226282663Z"}
{"message":"  status: 200,","timestamp":"2026-09-06T06:50:35.226286663Z","level":"info"}
{"level":"info","timestamp":"2026-09-06T06:50:35.226290463Z","message":"  durationMs: 638"}
{"timestamp":"2026-09-06T06:50:35.226294133Z","message":"}","level":"info"}
{"timestamp":"2026-09-06T06:50:35.226298153Z","level":"info","message":"[ops] {"}
{"message":"  event: 'http_request',","timestamp":"2026-09-06T06:50:35.226302233Z","level":"info"}
{"message":"  ts: '2026-09-06T06:50:35.054Z',","level":"info","timestamp":"2026-09-06T06:50:35.226305813Z"}
{"level":"info","message":"  requestId: 'ade3d86e-46ce-4875-8e31-77443cf0a8f8',","timestamp":"2026-09-06T06:50:35.226310533Z"}
{"timestamp":"2026-09-06T06:50:35.226314223Z","level":"info","message":"  method: 'GET',"}
{"level":"info","message":"  route: '/api/icons/market',","timestamp":"2026-09-06T06:50:35.226317563Z"}
{"timestamp":"2026-09-06T06:50:35.226321223Z","message":"  status: 200,","level":"info"}
{"timestamp":"2026-09-06T06:50:35.226325283Z","level":"info","message":"  durationMs: 229"}
{"message":"}","timestamp":"2026-09-06T06:50:35.226328753Z","level":"info"}
{"message":"[ops] {","timestamp":"2026-09-06T06:50:35.226332023Z","level":"error"}
{"message":"  event: 'security.app_check_rejected',","timestamp":"2026-09-06T06:50:35.226335293Z","level":"error"}
{"message":"  ts: '2026-09-06T06:50:35.133Z',","level":"error","timestamp":"2026-09-06T06:50:35.226338613Z"}
{"timestamp":"2026-09-06T06:50:35.226342513Z","level":"error","message":"  reason: 'missing_token',"}
{"message":"[ops] {","timestamp":"2026-09-06T06:50:35.484027247Z","level":"info"}
{"message":"  event: 'http_request',","level":"info","timestamp":"2026-09-06T06:50:35.484030647Z"}
{"message":"  ts: '2026-09-06T06:50:35.480Z',","timestamp":"2026-09-06T06:50:35.484033777Z","level":"info"}
{"timestamp":"2026-09-06T06:50:35.484037027Z","message":"  requestId: 'dd2c6cb4-1bbc-46b7-91ec-83141f401792',","level":"info"}
{"timestamp":"2026-09-06T06:50:35.484040017Z","level":"info","message":"  method: 'GET',"}
{"timestamp":"2026-09-06T06:50:35.484043177Z","message":"  route: '/api/icons/market',","level":"info"}
{"timestamp":"2026-09-06T06:50:35.484046517Z","level":"info","message":"  status: 200,"}
{"message":"  durationMs: 347","timestamp":"2026-09-06T06:50:35.484051007Z","level":"info"}
{"timestamp":"2026-09-06T06:50:35.484054227Z","message":"}","level":"info"}
{"message":"[ops] {","timestamp":"2026-09-06T06:50:35.590151947Z","level":"error"}
{"message":"  event: 'security.app_check_rejected',","level":"error","timestamp":"2026-09-06T06:50:35.590157257Z"}
{"timestamp":"2026-09-06T06:50:35.590161037Z","level":"error","message":"  ts: '2026-09-06T06:50:35.562Z',"}
{"message":"  reason: 'missing_token',","timestamp":"2026-09-06T06:50:35.590164727Z","level":"error"}
{"level":"error","message":"  mode: 'monitor',","timestamp":"2026-09-06T06:50:35.590167507Z"}
{"timestamp":"2026-09-06T06:50:35.590170717Z","message":"  route: '/api/icons/market'","level":"error"}
{"message":"}","timestamp":"2026-09-06T06:50:35.590174467Z","level":"error"}
{"level":"info","message":"[ops] {","timestamp":"2026-09-06T06:50:35.761596426Z"}
{"level":"info","message":"  event: 'http_request',","timestamp":"2026-09-06T06:50:35.761604576Z"}
{"timestamp":"2026-09-06T06:50:35.761608126Z","level":"info","message":"  ts: '2026-09-06T06:50:35.755Z',"}
{"level":"info","timestamp":"2026-09-06T06:50:35.761611096Z","message":"  requestId: 'a8c63d69-4908-4196-a200-2cb726f68190',"}
{"message":"  method: 'GET',","timestamp":"2026-09-06T06:50:35.761614196Z","level":"info"}
{"level":"info","message":"  route: '/api/icons/market',","timestamp":"2026-09-06T06:50:35.761616936Z"}
{"message":"  status: 200,","timestamp":"2026-09-06T06:50:35.761619836Z","level":"info"}
{"message":"  durationMs: 193","timestamp":"2026-09-06T06:50:35.761622856Z","level":"info"}
{"level":"info","timestamp":"2026-09-06T06:50:35.761625326Z","message":"}"}
{"level":"error","message":"[ops] {","timestamp":"2026-09-06T06:50:35.848910694Z"}
{"message":"  event: 'security.app_check_rejected',","timestamp":"2026-09-06T06:50:35.848916694Z","level":"error"}
{"message":"  ts: '2026-09-06T06:50:35.834Z',","level":"error","timestamp":"2026-09-06T06:50:35.848922354Z"}
{"timestamp":"2026-09-06T06:50:35.848927054Z","message":"  reason: 'missing_token',","level":"error"}
{"level":"error","timestamp":"2026-09-06T06:50:35.848931684Z","message":"  mode: 'monitor',"}
{"timestamp":"2026-09-06T06:50:35.848936274Z","message":"  route: '/api/icons/market'","level":"error"}
{"timestamp":"2026-09-06T06:50:35.848940954Z","message":"}","level":"error"}
{"level":"info","timestamp":"2026-09-06T06:50:36.123995399Z","message":"[ops] {"}
{"message":"  event: 'http_request',","timestamp":"2026-09-06T06:50:36.123999069Z","level":"info"}
{"message":"  ts: '2026-09-06T06:50:35.957Z',","level":"info","timestamp":"2026-09-06T06:50:36.124002429Z"}
{"level":"info","message":"  requestId: '6ed741ed-b1da-49ed-8eb8-935eed137037',","timestamp":"2026-09-06T06:50:36.124005689Z"}
{"timestamp":"2026-09-06T06:50:36.124009399Z","message":"  method: 'GET',","level":"info"}
{"message":"  route: '/api/icons/market',","level":"info","timestamp":"2026-09-06T06:50:36.124013379Z"}
{"message":"  status: 200,","level":"info","timestamp":"2026-09-06T06:50:36.124017019Z"}
{"message":"  durationMs: 123","level":"info","timestamp":"2026-09-06T06:50:36.124020469Z"}
{"level":"info","timestamp":"2026-09-06T06:50:36.124023849Z","message":"}"}
{"message":"[ops] {","timestamp":"2026-09-06T06:50:36.124027439Z","level":"error"}
{"timestamp":"2026-09-06T06:50:36.124031459Z","message":"  event: 'security.app_check_rejected',","level":"error"}
{"timestamp":"2026-09-06T06:50:36.124034729Z","level":"error","message":"  ts: '2026-09-06T06:50:36.039Z',"}
{"message":"  reason: 'missing_token',","timestamp":"2026-09-06T06:50:36.124037919Z","level":"error"}
{"message":"  mode: 'monitor',","timestamp":"2026-09-06T06:50:36.124041139Z","level":"error"}
{"level":"error","timestamp":"2026-09-06T06:50:36.124044739Z","message":"  route: '/api/icons/market'"}
{"message":"}","level":"error","timestamp":"2026-09-06T06:50:36.124048099Z"}
{"timestamp":"2026-09-06T06:50:36.303645195Z","level":"info","message":"  method: 'GET',"}
{"message":"  route: '/api/icons/market',","timestamp":"2026-09-06T06:50:36.303651595Z","level":"info"}
{"timestamp":"2026-09-06T06:50:36.303655545Z","message":"  status: 200,","level":"info"}
{"level":"info","timestamp":"2026-09-06T06:50:36.303659105Z","message":"  durationMs: 258"}
{"level":"info","timestamp":"2026-09-06T06:50:36.303664725Z","message":"}"}
{"level":"info","timestamp":"2026-09-06T06:50:36.303705125Z","message":"[ops] {"}
{"timestamp":"2026-09-06T06:50:36.303709045Z","message":"  event: 'http_request',","level":"info"}
{"message":"  ts: '2026-09-06T06:50:36.296Z',","timestamp":"2026-09-06T06:50:36.303712975Z","level":"info"}
{"timestamp":"2026-09-06T06:50:36.303716585Z","level":"info","message":"  requestId: 'fcabd33e-7c91-4ed5-b19c-2450f2cc032d',"}
{"message":"[ops] {","timestamp":"2026-09-06T06:50:36.401033971Z","level":"error"}
{"message":"  event: 'security.app_check_rejected',","level":"error","timestamp":"2026-09-06T06:50:36.401038951Z"}
{"message":"  ts: '2026-09-06T06:50:36.381Z',","timestamp":"2026-09-06T06:50:36.401042311Z","level":"error"}
{"message":"  reason: 'missing_token',","timestamp":"2026-09-06T06:50:36.401046181Z","level":"error"}
{"message":"  mode: 'monitor',","level":"error","timestamp":"2026-09-06T06:50:36.401048851Z"}
{"timestamp":"2026-09-06T06:50:36.401051381Z","message":"  route: '/api/icons/market'","level":"error"}
{"timestamp":"2026-09-06T06:50:36.401054151Z","message":"}","level":"error"}
{"timestamp":"2026-09-06T06:50:36.550114061Z","level":"info","message":"[ops] {"}
{"message":"  event: 'http_request',","timestamp":"2026-09-06T06:50:36.550121981Z","level":"info"}
{"message":"  ts: '2026-09-06T06:50:36.537Z',","timestamp":"2026-09-06T06:50:36.550126721Z","level":"info"}
{"level":"info","message":"  requestId: '1de1937f-7352-470a-bcf7-c3a67ac9f35b',","timestamp":"2026-09-06T06:50:36.550132220Z"}
{"message":"  method: 'GET',","timestamp":"2026-09-06T06:50:36.550136300Z","level":"info"}
{"message":"  route: '/api/icons/market',","timestamp":"2026-09-06T06:50:36.550140330Z","level":"info"}
{"timestamp":"2026-09-06T06:50:36.550144520Z","level":"info","message":"  status: 200,"}
{"timestamp":"2026-09-06T06:50:36.550147810Z","message":"  durationMs: 156","level":"info"}
{"timestamp":"2026-09-06T06:50:36.550151590Z","message":"}","level":"info"}
{"message":"[ops] {","level":"error","timestamp":"2026-09-06T06:50:36.630703962Z"}
{"level":"error","timestamp":"2026-09-06T06:50:36.630706962Z","message":"  event: 'security.app_check_rejected',"}
{"timestamp":"2026-09-06T06:50:36.630709672Z","message":"  ts: '2026-09-06T06:50:36.623Z',","level":"error"}
{"level":"error","message":"  reason: 'missing_token',","timestamp":"2026-09-06T06:50:36.630712262Z"}
{"level":"error","timestamp":"2026-09-06T06:50:36.630714682Z","message":"  mode: 'monitor',"}
{"message":"  route: '/api/icons/market'","timestamp":"2026-09-06T06:50:36.630725672Z","level":"error"}
{"message":"}","timestamp":"2026-09-06T06:50:36.630728052Z","level":"error"}
{"level":"info","message":"[ops] {","timestamp":"2026-09-06T06:50:36.775715987Z"}
{"message":"  event: 'http_request',","level":"info","timestamp":"2026-09-06T06:50:36.775719037Z"}
{"message":"  ts: '2026-09-06T06:50:36.729Z',","level":"info","timestamp":"2026-09-06T06:50:36.775722317Z"}
{"level":"info","message":"  requestId: '7250774c-4360-4de4-94a5-23199ebf163e',","timestamp":"2026-09-06T06:50:36.775725577Z"}
{"level":"info","timestamp":"2026-09-06T06:50:36.775728477Z","message":"  method: 'OPTIONS',"}
{"level":"info","message":"  route: '/api/v2/events',","timestamp":"2026-09-06T06:50:36.775731177Z"}
{"timestamp":"2026-09-06T06:50:36.775734217Z","level":"info","message":"  status: 204,"}
{"message":"  durationMs: 2","level":"info","timestamp":"2026-09-06T06:50:36.775736907Z"}
{"message":"}","timestamp":"2026-09-06T06:50:36.775739677Z","level":"info"}
{"timestamp":"2026-09-06T06:50:36.873594879Z","level":"info","message":"[ops] {"}
{"message":"  event: 'http_request',","level":"info","timestamp":"2026-09-06T06:50:36.873601049Z"}
{"message":"  ts: '2026-09-06T06:50:36.867Z',","level":"info","timestamp":"2026-09-06T06:50:36.873604719Z"}
{"level":"info","message":"  requestId: '701fe649-bf65-4764-9c60-d605aa335ceb',","timestamp":"2026-09-06T06:50:36.873608309Z"}
{"message":"  method: 'GET',","timestamp":"2026-09-06T06:50:36.873611239Z","level":"info"}
{"level":"info","message":"  route: '/api/icons/market',","timestamp":"2026-09-06T06:50:36.873614339Z"}
{"level":"info","timestamp":"2026-09-06T06:50:36.873617089Z","message":"  status: 200,"}
{"timestamp":"2026-09-06T06:50:36.873619909Z","level":"info","message":"  durationMs: 244"}
{"level":"info","message":"}","timestamp":"2026-09-06T06:50:36.873622539Z"}
{"timestamp":"2026-09-06T06:50:37.202137277Z","level":"error","message":"[ops] {"}
{"timestamp":"2026-09-06T06:50:37.202144657Z","message":"  event: 'security.app_check_rejected',","level":"error"}
{"level":"error","message":"  ts: '2026-09-06T06:50:36.944Z',","timestamp":"2026-09-06T06:50:37.202151037Z"}
{"message":"  reason: 'missing_token',","timestamp":"2026-09-06T06:50:37.202157377Z","level":"error"}
{"level":"error","timestamp":"2026-09-06T06:50:37.202164067Z","message":"  mode: 'monitor',"}
{"level":"error","timestamp":"2026-09-06T06:50:37.202171037Z","message":"  route: '/api/v2/events'"}
{"message":"}","level":"error","timestamp":"2026-09-06T06:50:37.202177497Z"}
{"level":"error","timestamp":"2026-09-06T06:50:37.202183627Z","message":"[ops] {"}
{"message":"  event: 'security.app_check_rejected',","timestamp":"2026-09-06T06:50:37.202188767Z","level":"error"}
{"message":"  ts: '2026-09-06T06:50:36.948Z',","timestamp":"2026-09-06T06:50:37.202199477Z","level":"error"}
{"level":"error","message":"  reason: 'missing_token',","timestamp":"2026-09-06T06:50:37.202205286Z"}
{"level":"error","message":"  mode: 'monitor',","timestamp":"2026-09-06T06:50:37.202211446Z"}
{"level":"error","message":"  route: '/api/icons/market'","timestamp":"2026-09-06T06:50:37.202217056Z"}
{"level":"error","message":"}","timestamp":"2026-09-06T06:50:37.202222536Z"}
{"message":"[ops] {","level":"info","timestamp":"2026-09-06T06:50:37.382182731Z"}
{"message":"  event: 'http_request',","timestamp":"2026-09-06T06:50:37.382187661Z","level":"info"}
{"message":"  ts: '2026-09-06T06:50:37.368Z',","level":"info","timestamp":"2026-09-06T06:50:37.382191441Z"}
{"timestamp":"2026-09-06T06:50:37.382195571Z","message":"  requestId: '35cc1459-7397-4180-9704-f71e5c20a111',","level":"info"}
{"message":"  method: 'GET',","timestamp":"2026-09-06T06:50:37.382201811Z","level":"info"}
{"message":"  route: '/api/icons/market',","timestamp":"2026-09-06T06:50:37.382589178Z","level":"info"}
{"message":"  status: 200,","timestamp":"2026-09-06T06:50:37.382600348Z","level":"info"}
{"timestamp":"2026-09-06T06:50:37.382605878Z","level":"info","message":"  durationMs: 420"}
{"level":"info","timestamp":"2026-09-06T06:50:37.382610758Z","message":"}"}
{"message":"  status: 204,","timestamp":"2026-09-06T06:50:37.433274048Z","level":"info"}
{"message":"  durationMs: 5073","level":"info","timestamp":"2026-09-06T06:50:37.433280208Z"}
{"message":"}","timestamp":"2026-09-06T06:50:37.433287208Z","level":"info"}
{"message":"[ops] {","timestamp":"2026-09-06T06:50:37.433301618Z","level":"info"}
{"message":"  event: 'http_request',","timestamp":"2026-09-06T06:50:37.433313357Z","level":"info"}
{"message":"[ops] {","timestamp":"2026-09-06T06:50:37.433316407Z","level":"info"}
{"level":"info","timestamp":"2026-09-06T06:50:37.433321917Z","message":"  ts: '2026-09-06T06:50:37.427Z',"}
{"message":"  requestId: '56ac9718-4019-4c35-865c-a6772c87aacc',","timestamp":"2026-09-06T06:50:37.433326467Z","level":"info"}
{"timestamp":"2026-09-06T06:50:37.433331207Z","message":"  method: 'GET',","level":"info"}
{"timestamp":"2026-09-06T06:50:37.433332977Z","message":"  event: 'studio.command_polled',","level":"info"}
{"timestamp":"2026-09-06T06:50:37.433337757Z","level":"info","message":"  ts: '2026-09-06T06:50:37.426Z',"}
{"level":"info","message":"  route: '/api/studio/mcp/commands/next',","timestamp":"2026-09-06T06:50:37.433342127Z"}
{"timestamp":"2026-09-06T06:50:37.433345157Z","message":"  requestId: '56ac9718-4019-4c35-865c-a6772c87aacc',","level":"info"}
{"message":"  sessionId: 'DlvFpLpN0vX1CB5Fvwv9',","timestamp":"2026-09-06T06:50:37.433349907Z","level":"info"}
{"message":"  status: 'empty'","timestamp":"2026-09-06T06:50:37.433355097Z","level":"info"}
{"message":"}","timestamp":"2026-09-06T06:50:37.433358407Z","level":"info"}
{"message":"[ops] {","level":"error","timestamp":"2026-09-06T06:50:37.491416831Z"}
{"timestamp":"2026-09-06T06:50:37.491420491Z","message":"  event: 'security.app_check_rejected',","level":"error"}
{"timestamp":"2026-09-06T06:50:37.491423261Z","level":"error","message":"  ts: '2026-09-06T06:50:37.482Z',"}
{"level":"error","timestamp":"2026-09-06T06:50:37.491426201Z","message":"  reason: 'missing_token',"}
{"timestamp":"2026-09-06T06:50:37.491428771Z","level":"error","message":"  mode: 'monitor',"}
{"message":"  route: '/api/icons/market'","timestamp":"2026-09-06T06:50:37.491431301Z","level":"error"}
{"message":"}","level":"error","timestamp":"2026-09-06T06:50:37.491434041Z"}
{"message":"[ops] {","timestamp":"2026-09-06T06:50:37.580789697Z","level":"info"}
{"message":"  event: 'http_request',","level":"info","timestamp":"2026-09-06T06:50:37.580793947Z"}
{"message":"  ts: '2026-09-06T06:50:37.565Z',","level":"info","timestamp":"2026-09-06T06:50:37.580798357Z"}
{"timestamp":"2026-09-06T06:50:37.580802387Z","message":"  requestId: 'deb0528f-39fb-4600-9c3c-59a5754fd633',","level":"info"}
{"timestamp":"2026-09-06T06:50:37.580806177Z","level":"info","message":"  method: 'GET',"}
{"timestamp":"2026-09-06T06:50:37.580810157Z","message":"  route: '/api/v2/events',","level":"info"}
{"message":"  status: 200,","timestamp":"2026-09-06T06:50:37.580814127Z","level":"info"}
{"message":"  durationMs: 620","timestamp":"2026-09-06T06:50:37.580818157Z","level":"info"}
{"level":"info","timestamp":"2026-09-06T06:50:37.580821827Z","message":"}"}
{"message":"  route: '/api/icons/market',","timestamp":"2026-09-06T06:50:37.617977932Z","level":"info"}
{"level":"info","timestamp":"2026-09-06T06:50:37.617986122Z","message":"  status: 200,"}
{"level":"info","message":"  durationMs: 134","timestamp":"2026-09-06T06:50:37.617991552Z"}
{"level":"info","timestamp":"2026-09-06T06:50:37.617996832Z","message":"[ops] {"}
{"timestamp":"2026-09-06T06:50:37.617998682Z","message":"}","level":"info"}
{"message":"  event: 'http_request',","level":"info","timestamp":"2026-09-06T06:50:37.618009932Z"}
{"message":"  ts: '2026-09-06T06:50:37.616Z',","level":"info","timestamp":"2026-09-06T06:50:37.618015832Z"}
{"message":"  requestId: 'd1c3a82e-73d4-4ea7-9c71-caf9631e7a5e',","timestamp":"2026-09-06T06:50:37.618021102Z","level":"info"}
{"level":"info","message":"  method: 'GET',","timestamp":"2026-09-06T06:50:37.618025512Z"}
{"timestamp":"2026-09-06T06:50:37.721554109Z","message":"[ops] {","level":"error"}
{"message":"  event: 'security.app_check_rejected',","level":"error","timestamp":"2026-09-06T06:50:37.721562919Z"}
{"timestamp":"2026-09-06T06:50:37.721568249Z","level":"error","message":"  ts: '2026-09-06T06:50:37.702Z',"}
{"timestamp":"2026-09-06T06:50:37.721571609Z","level":"error","message":"  reason: 'missing_token',"}
{"level":"error","timestamp":"2026-09-06T06:50:37.721575539Z","message":"  mode: 'monitor',"}
{"message":"  route: '/api/icons/market'","timestamp":"2026-09-06T06:50:37.721580139Z","level":"error"}
{"message":"}","level":"error","timestamp":"2026-09-06T06:50:37.721583349Z"}
{"level":"info","message":"[ops] {","timestamp":"2026-09-06T06:50:37.838944458Z"}
{"level":"info","timestamp":"2026-09-06T06:50:37.838953998Z","message":"  event: 'http_request',"}
{"timestamp":"2026-09-06T06:50:37.838966018Z","message":"  ts: '2026-09-06T06:50:37.837Z',","level":"info"}
{"level":"info","message":"  requestId: 'a9d463fa-bcd1-404b-9a63-38dba5c6ca40',","timestamp":"2026-09-06T06:50:37.838969688Z"}
{"message":"  method: 'GET',","timestamp":"2026-09-06T06:50:37.838973448Z","level":"info"}
{"level":"info","timestamp":"2026-09-06T06:50:37.838977468Z","message":"  route: '/api/icons/market',"}
{"timestamp":"2026-09-06T06:50:37.838982208Z","level":"info","message":"  status: 200,"}
{"message":"  durationMs: 135","timestamp":"2026-09-06T06:50:37.838985488Z","level":"info"}
{"timestamp":"2026-09-06T06:50:37.838988718Z","message":"}","level":"info"}
{"message":"[ops] {","level":"error","timestamp":"2026-09-06T06:50:38.279097821Z"}
{"level":"info","message":"  event: 'http_request',","timestamp":"2026-09-06T06:50:38.279099011Z"}
{"message":"  method: 'POST',","level":"info","timestamp":"2026-09-06T06:50:38.279106281Z"}
{"message":"  event: 'security.app_check_rejected',","level":"error","timestamp":"2026-09-06T06:50:38.279107381Z"}
{"timestamp":"2026-09-06T06:50:38.279112401Z","level":"info","message":"  ts: '2026-09-06T06:50:38.054Z',"}
{"level":"info","message":"  durationMs: 321","timestamp":"2026-09-06T06:50:38.279126471Z"}
{"message":"  route: '/api/studio/mcp/session/ping',","timestamp":"2026-09-06T06:50:38.279131991Z","level":"info"}
{"level":"info","timestamp":"2026-09-06T06:50:38.279142531Z","message":"}"}
{"level":"info","timestamp":"2026-09-06T06:50:38.279144011Z","message":"  status: 200,"}
{"message":"[ops] {","timestamp":"2026-09-06T06:50:38.279147161Z","level":"info"}
{"level":"info","message":"  status: 200,","timestamp":"2026-09-06T06:50:38.279155121Z"}
{"level":"info","timestamp":"2026-09-06T06:50:38.279155291Z","message":"[ops] {"}
{"level":"info","message":"  event: 'http_request',","timestamp":"2026-09-06T06:50:38.279158031Z"}
{"timestamp":"2026-09-06T06:50:38.279166231Z","level":"info","message":"  ts: '2026-09-06T06:50:38.043Z',"}
{"level":"info","timestamp":"2026-09-06T06:50:38.279168641Z","message":"  durationMs: 138"}
{"message":"  requestId: '6db9997c-2a47-444e-b4e6-3862868ef809',","timestamp":"2026-09-06T06:50:38.279170591Z","level":"info"}
{"message":"}","timestamp":"2026-09-06T06:50:38.279176311Z","level":"info"}
{"timestamp":"2026-09-06T06:50:38.279176691Z","level":"info","message":"  requestId: '53a5489e-5c1e-4623-acf8-fc5ab536242a',"}
{"timestamp":"2026-09-06T06:50:38.279189891Z","level":"info","message":"  method: 'GET',"}
{"timestamp":"2026-09-06T06:50:38.279192361Z","message":"  ts: '2026-09-06T06:50:37.917Z',","level":"error"}
{"level":"error","timestamp":"2026-09-06T06:50:38.279200031Z","message":"  reason: 'missing_token',"}
{"message":"  route: '/api/icons/market',","level":"info","timestamp":"2026-09-06T06:50:38.279200241Z"}
{"level":"error","timestamp":"2026-09-06T06:50:38.279205581Z","message":"  mode: 'monitor',"}
{"level":"error","timestamp":"2026-09-06T06:50:38.279209411Z","message":"  route: '/api/icons/market'"}
{"level":"error","message":"}","timestamp":"2026-09-06T06:50:38.279213661Z"}
{"timestamp":"2026-09-06T06:50:38.279471089Z","message":"[ops] {","level":"error"}
{"message":"  event: 'security.app_check_rejected',","level":"error","timestamp":"2026-09-06T06:50:38.279477649Z"}
{"message":"  ts: '2026-09-06T06:50:38.134Z',","timestamp":"2026-09-06T06:50:38.279481489Z","level":"error"}
{"timestamp":"2026-09-06T06:50:38.279491859Z","message":"  reason: 'missing_token',","level":"error"}
{"message":"  mode: 'monitor',","timestamp":"2026-09-06T06:50:38.279500089Z","level":"error"}
{"timestamp":"2026-09-06T06:50:38.279505749Z","message":"  route: '/api/icons/market'","level":"error"}
{"message":"}","level":"error","timestamp":"2026-09-06T06:50:38.280612341Z"}
{"timestamp":"2026-09-06T06:50:38.299214234Z","message":"[ops] {","level":"info"}
{"level":"info","timestamp":"2026-09-06T06:50:38.299220064Z","message":"  event: 'http_request',"}
{"level":"info","timestamp":"2026-09-06T06:50:38.299224224Z","message":"  ts: '2026-09-06T06:50:38.294Z',"}
{"message":"  requestId: '84202fc4-6cfe-4c6f-acae-cc5b1b875a1a',","timestamp":"2026-09-06T06:50:38.299227894Z","level":"info"}
{"message":"  method: 'GET',","timestamp":"2026-09-06T06:50:38.299232694Z","level":"info"}
{"message":"  route: '/api/icons/market',","timestamp":"2026-09-06T06:50:38.299236154Z","level":"info"}
{"timestamp":"2026-09-06T06:50:38.299239624Z","level":"info","message":"  status: 200,"}
{"level":"info","timestamp":"2026-09-06T06:50:38.299243783Z","message":"  durationMs: 160"}
{"level":"info","message":"}","timestamp":"2026-09-06T06:50:38.299249563Z"}
{"level":"error","timestamp":"2026-09-06T06:50:38.379570827Z","message":"[ops] {"}
{"level":"error","message":"  event: 'security.app_check_rejected',","timestamp":"2026-09-06T06:50:38.379576847Z"}
{"timestamp":"2026-09-06T06:50:38.379580717Z","level":"error","message":"  ts: '2026-09-06T06:50:38.375Z',"}
{"timestamp":"2026-09-06T06:50:38.379583997Z","level":"error","message":"  reason: 'missing_token',"}
{"message":"  mode: 'monitor',","timestamp":"2026-09-06T06:50:38.379588297Z","level":"error"}
{"message":"  route: '/api/icons/market'","timestamp":"2026-09-06T06:50:38.379592997Z","level":"error"}
{"message":"}","timestamp":"2026-09-06T06:50:38.379596167Z","level":"error"}
{"message":"[ops] {","timestamp":"2026-09-06T06:50:38.560157438Z","level":"info"}
{"level":"info","timestamp":"2026-09-06T06:50:38.560162428Z","message":"  event: 'http_request',"}
{"timestamp":"2026-09-06T06:50:38.560166738Z","level":"info","message":"  ts: '2026-09-06T06:50:38.556Z',"}
{"message":"  requestId: 'd956299d-15cd-4c66-93aa-ae38af2a899f',","level":"info","timestamp":"2026-09-06T06:50:38.560169398Z"}
{"timestamp":"2026-09-06T06:50:38.560172788Z","message":"  method: 'GET',","level":"info"}
{"level":"info","message":"  route: '/api/icons/market',","timestamp":"2026-09-06T06:50:38.560175698Z"}
{"level":"info","message":"  status: 200,","timestamp":"2026-09-06T06:50:38.560178378Z"}
{"level":"info","message":"  durationMs: 181","timestamp":"2026-09-06T06:50:38.560181478Z"}
{"level":"info","timestamp":"2026-09-06T06:50:38.560184238Z","message":"}"}
{"timestamp":"2026-09-06T06:50:38.698249867Z","level":"error","message":"[ops] {"}
{"message":"  event: 'security.app_check_rejected',","timestamp":"2026-09-06T06:50:38.698254977Z","level":"error"}
{"message":"  ts: '2026-09-06T06:50:38.686Z',","level":"error","timestamp":"2026-09-06T06:50:38.698259397Z"}
{"level":"error","message":"  reason: 'missing_token',","timestamp":"2026-09-06T06:50:38.698262467Z"}
{"timestamp":"2026-09-06T06:50:38.698268107Z","message":"  mode: 'monitor',","level":"error"}
{"level":"error","message":"  route: '/api/icons/market'","timestamp":"2026-09-06T06:50:38.698270897Z"}
{"level":"error","timestamp":"2026-09-06T06:50:38.698273356Z","message":"}"}
{"message":"","type":"firestore_write_metric","sessionId":"Iog4rWn0F2wcGR9xp3Jq","timestamp":"2026-09-06T06:50:38.786589969Z","ts":1788677438780,"writesPerStudioSessionHour":8,"level":"info","counter":"studio_session","total":10,"jobId":null,"count":1}
{"timestamp":"2026-09-06T06:50:38.786594519Z","level":"info","message":"[ops] {"}
{"level":"info","timestamp":"2026-09-06T06:50:38.786597669Z","message":"  event: 'studio.plugin_compatibility_handshake',"}
{"timestamp":"2026-09-06T06:50:38.786600299Z","level":"info","message":"  ts: '2026-09-06T06:50:38.780Z',"}
{"level":"info","message":"  requestId: '10917ae2-bb59-41d7-ab3a-3c6ad041c6a8',","timestamp":"2026-09-06T06:50:38.786603069Z"}
{"message":"  sessionId: 'Iog4rWn0F2wcGR9xp3Jq',","timestamp":"2026-09-06T06:50:38.786605699Z","level":"info"}
{"message":"  userId: 'klu6Sv5QeEgYWlHjsgQwMkZCvsb2',","level":"info","timestamp":"2026-09-06T06:50:38.786702339Z"}
{"timestamp":"2026-09-06T06:50:38.786705169Z","level":"info","message":"  status: 'degraded',"}
{"message":"  reasonCodes: [ 'command_unavailable' ],","timestamp":"2026-09-06T06:50:38.786707739Z","level":"info"}
{"message":"  buildId: 'nexusrbx-studio-0.14.0-r15-animation.10-native-value-normalization',","timestamp":"2026-09-06T06:50:38.786710529Z","level":"info"}
{"message":"  attestationWritten: false,","timestamp":"2026-09-06T06:50:38.786712979Z","level":"info"}
{"message":"  repairDurationMs: 379","level":"info","timestamp":"2026-09-06T06:50:38.786715498Z"}
{"level":"info","timestamp":"2026-09-06T06:50:38.786718108Z","message":"}"}
{"timestamp":"2026-09-06T06:50:38.786720828Z","message":"[ops] {","level":"info"}
{"timestamp":"2026-09-06T06:50:38.786723528Z","message":"  event: 'http_request',","level":"info"}
{"message":"  ts: '2026-09-06T06:50:38.780Z',","level":"info","timestamp":"2026-09-06T06:50:38.786726168Z"}
{"message":"  requestId: '10917ae2-bb59-41d7-ab3a-3c6ad041c6a8',","level":"info","timestamp":"2026-09-06T06:50:38.786728548Z"}
{"message":"  method: 'POST',","timestamp":"2026-09-06T06:50:38.786747058Z","level":"info"}
{"level":"info","message":"  route: '/api/studio/session/ping',","timestamp":"2026-09-06T06:50:38.786749628Z"}
{"message":"  status: 200,","level":"info","timestamp":"2026-09-06T06:50:38.786753298Z"}
{"level":"info","message":"  durationMs: 445","timestamp":"2026-09-06T06:50:38.786756338Z"}
{"level":"info","timestamp":"2026-09-06T06:50:38.786759328Z","message":"}"}
{"message":"[ops] {","timestamp":"2026-09-06T06:50:38.887587962Z","level":"info"}
{"level":"info","message":"  event: 'http_request',","timestamp":"2026-09-06T06:50:38.887591142Z"}
{"timestamp":"2026-09-06T06:50:38.887593932Z","level":"info","message":"  ts: '2026-09-06T06:50:38.878Z',"}
{"message":"  requestId: '82ec5cb4-ada0-4187-8b08-e506192788e6',","timestamp":"2026-09-06T06:50:38.887596712Z","level":"info"}
{"timestamp":"2026-09-06T06:50:38.887600032Z","message":"  method: 'GET',","level":"info"}
{"level":"info","timestamp":"2026-09-06T06:50:38.887602692Z","message":"  route: '/api/icons/market',"}
{"message":"  status: 200,","timestamp":"2026-09-06T06:50:38.887605762Z","level":"info"}
{"timestamp":"2026-09-06T06:50:38.887609432Z","level":"info","message":"  durationMs: 192"}
{"level":"info","message":"}","timestamp":"2026-09-06T06:50:38.887612552Z"}
{"level":"error","message":"[ops] {","timestamp":"2026-09-06T06:50:38.965534340Z"}
{"message":"  event: 'security.app_check_rejected',","timestamp":"2026-09-06T06:50:38.965541060Z","level":"error"}
{"message":"  ts: '2026-09-06T06:50:38.962Z',","level":"error","timestamp":"2026-09-06T06:50:38.965546259Z"}
{"timestamp":"2026-09-06T06:50:38.965550489Z","message":"  reason: 'missing_token',","level":"error"}
{"level":"error","message":"  mode: 'monitor',","timestamp":"2026-09-06T06:50:38.965554609Z"}
{"timestamp":"2026-09-06T06:50:38.965559439Z","level":"error","message":"  route: '/api/icons/market'"}
{"timestamp":"2026-09-06T06:50:38.965563549Z","message":"}","level":"error"}
{"level":"error","timestamp":"2026-09-06T06:50:39.259231806Z","message":"}"}
{"timestamp":"2026-09-06T06:50:39.259244986Z","message":"[ops] {","level":"info"}
{"message":"  event: 'http_request',","level":"info","timestamp":"2026-09-06T06:50:39.259250906Z"}
{"level":"info","message":"  ts: '2026-09-06T06:50:39.241Z',","timestamp":"2026-09-06T06:50:39.259255506Z"}
{"message":"  requestId: '9331a4e7-82dd-42bd-af8c-02f527a34d3a',","timestamp":"2026-09-06T06:50:39.259259836Z","level":"info"}
{"message":"  method: 'OPTIONS',","level":"info","timestamp":"2026-09-06T06:50:39.259264616Z"}
{"timestamp":"2026-09-06T06:50:39.259269016Z","message":"  route: '/api/v2/events',","level":"info"}
{"level":"info","message":"  status: 204,","timestamp":"2026-09-06T06:50:39.259272916Z"}
{"timestamp":"2026-09-06T06:50:39.259276666Z","level":"info","message":"  durationMs: 1"}
{"message":"}","level":"info","timestamp":"2026-09-06T06:50:39.259281026Z"}
{"timestamp":"2026-09-06T06:50:39.259372585Z","level":"info","message":"[ops] {"}
{"timestamp":"2026-09-06T06:50:39.259377115Z","message":"  event: 'http_request',","level":"info"}
{"level":"info","timestamp":"2026-09-06T06:50:39.259381485Z","message":"  ts: '2026-09-06T06:50:39.100Z',"}
{"message":"  requestId: '6baafd80-9347-49e7-9acb-e697968e9132',","level":"info","timestamp":"2026-09-06T06:50:39.259384855Z"}
{"level":"info","message":"  method: 'GET',","timestamp":"2026-09-06T06:50:39.259388265Z"}
{"message":"  route: '/api/icons/market',","timestamp":"2026-09-06T06:50:39.259391345Z","level":"info"}
{"message":"  status: 200,","timestamp":"2026-09-06T06:50:39.259394255Z","level":"info"}
{"level":"info","message":"  durationMs: 137","timestamp":"2026-09-06T06:50:39.259397525Z"}
{"level":"info","timestamp":"2026-09-06T06:50:39.259400395Z","message":"}"}
{"timestamp":"2026-09-06T06:50:39.259403275Z","level":"error","message":"[ops] {"}
{"timestamp":"2026-09-06T06:50:39.259405985Z","level":"error","message":"  event: 'security.app_check_rejected',"}
{"message":"  ts: '2026-09-06T06:50:39.188Z',","level":"error","timestamp":"2026-09-06T06:50:39.259409255Z"}
{"message":"  reason: 'missing_token',","level":"error","timestamp":"2026-09-06T06:50:39.259412275Z"}
{"timestamp":"2026-09-06T06:50:39.259416155Z","level":"error","message":"  mode: 'monitor',"}
{"timestamp":"2026-09-06T06:50:39.259420565Z","message":"  route: '/api/icons/market'","level":"error"}
{"timestamp":"2026-09-06T06:50:39.339224262Z","message":"[ops] {","level":"info"}
{"message":"  event: 'http_request',","level":"info","timestamp":"2026-09-06T06:50:39.339227932Z"}
{"timestamp":"2026-09-06T06:50:39.339231752Z","level":"info","message":"  ts: '2026-09-06T06:50:39.335Z',"}
{"message":"  requestId: 'f1fbfec6-3c03-4159-9273-bf8fa82cf7de',","timestamp":"2026-09-06T06:50:39.339236022Z","level":"info"}
{"message":"  method: 'GET',","level":"info","timestamp":"2026-09-06T06:50:39.339239792Z"}
{"level":"info","message":"  route: '/api/icons/market',","timestamp":"2026-09-06T06:50:39.339243542Z"}
{"message":"  status: 200,","timestamp":"2026-09-06T06:50:39.339247892Z","level":"info"}
{"message":"  durationMs: 147","level":"info","timestamp":"2026-09-06T06:50:39.339251782Z"}
{"message":"}","timestamp":"2026-09-06T06:50:39.339255402Z","level":"info"}
{"message":"  reason: 'missing_token',","level":"error","timestamp":"2026-09-06T06:50:39.427312146Z"}
{"timestamp":"2026-09-06T06:50:39.427319706Z","level":"error","message":"  mode: 'monitor',"}
{"level":"error","message":"  route: '/api/v2/events'","timestamp":"2026-09-06T06:50:39.427324856Z"}
{"timestamp":"2026-09-06T06:50:39.427329546Z","message":"}","level":"error"}
{"message":"[ops] {","level":"error","timestamp":"2026-09-06T06:50:39.427409686Z"}
{"timestamp":"2026-09-06T06:50:39.427412906Z","level":"error","message":"  event: 'security.app_check_rejected',"}
{"level":"error","timestamp":"2026-09-06T06:50:39.427416236Z","message":"  ts: '2026-09-06T06:50:39.408Z',"}
{"timestamp":"2026-09-06T06:50:39.635405103Z","level":"error","message":"[ops] {"}
{"timestamp":"2026-09-06T06:50:39.635410313Z","message":"  event: 'security.app_check_rejected',","level":"error"}
{"message":"  ts: '2026-09-06T06:50:39.626Z',","level":"error","timestamp":"2026-09-06T06:50:39.635413483Z"}
{"level":"error","timestamp":"2026-09-06T06:50:39.635416433Z","message":"  reason: 'missing_token',"}
{"message":"  mode: 'monitor',","level":"error","timestamp":"2026-09-06T06:50:39.635419493Z"}
{"message":"  route: '/api/icons/market'","timestamp":"2026-09-06T06:50:39.635422403Z","level":"error"}
{"message":"}","level":"error","timestamp":"2026-09-06T06:50:39.635425183Z"}
{"level":"info","message":"  durationMs: 120","timestamp":"2026-09-06T06:50:39.749507464Z"}
{"level":"info","message":"}","timestamp":"2026-09-06T06:50:39.749514094Z"}
{"message":"[ops] {","timestamp":"2026-09-06T06:50:39.749523694Z","level":"info"}
{"timestamp":"2026-09-06T06:50:39.749533213Z","level":"info","message":"  event: 'http_request',"}
{"level":"info","message":"  ts: '2026-09-06T06:50:39.747Z',","timestamp":"2026-09-06T06:50:39.749538023Z"}
{"timestamp":"2026-09-06T06:50:39.749542393Z","level":"info","message":"  requestId: 'b5e54491-646d-4391-a153-dd4788324437',"}
{"level":"info","message":"  method: 'GET',","timestamp":"2026-09-06T06:50:39.749549163Z"}
{"timestamp":"2026-09-06T06:50:39.749553113Z","message":"  route: '/api/icons/market',","level":"info"}
{"level":"info","timestamp":"2026-09-06T06:50:39.749556693Z","message":"  status: 200,"}
{"message":"[ops] {","timestamp":"2026-09-06T06:50:39.828724303Z","level":"error"}
{"timestamp":"2026-09-06T06:50:39.828727263Z","level":"error","message":"  event: 'security.app_check_rejected',"}
{"timestamp":"2026-09-06T06:50:39.828730353Z","message":"  ts: '2026-09-06T06:50:39.827Z',","level":"error"}
{"timestamp":"2026-09-06T06:50:39.828733183Z","message":"  reason: 'missing_token',","level":"error"}
{"level":"error","timestamp":"2026-09-06T06:50:39.828735883Z","message":"  mode: 'monitor',"}
{"level":"error","message":"  route: '/api/icons/market'","timestamp":"2026-09-06T06:50:39.828738953Z"}
{"level":"error","message":"}","timestamp":"2026-09-06T06:50:39.828741753Z"}
{"level":"info","message":"  durationMs: 548","timestamp":"2026-09-06T06:50:39.960183764Z"}
{"level":"info","timestamp":"2026-09-06T06:50:39.960189974Z","message":"}"}
{"timestamp":"2026-09-06T06:50:39.960198504Z","level":"info","message":"[ops] {"}
{"level":"info","message":"  event: 'http_request',","timestamp":"2026-09-06T06:50:39.960209454Z"}
{"message":"  ts: '2026-09-06T06:50:39.955Z',","timestamp":"2026-09-06T06:50:39.960221044Z","level":"info"}
{"timestamp":"2026-09-06T06:50:39.960227874Z","level":"info","message":"  requestId: '7990756a-80d5-4359-be3b-564ea17850fa',"}
{"level":"info","timestamp":"2026-09-06T06:50:39.960231834Z","message":"  method: 'GET',"}
{"message":"  route: '/api/v2/events',","timestamp":"2026-09-06T06:50:39.960239784Z","level":"info"}
{"timestamp":"2026-09-06T06:50:39.960244724Z","level":"info","message":"  status: 200,"}
{"timestamp":"2026-09-06T06:50:40.244034713Z","message":"  ts: '2026-09-06T06:50:40.215Z',","level":"info"}
{"timestamp":"2026-09-06T06:50:40.244040033Z","message":"  durationMs: 126","level":"info"}
{"timestamp":"2026-09-06T06:50:40.244040903Z","message":"  requestId: '2e3bb9ad-7c80-4fc9-85e3-894eed28fddc',","level":"info"}
{"level":"info","timestamp":"2026-09-06T06:50:40.244046543Z","message":"  method: 'GET',"}
{"message":"}","level":"info","timestamp":"2026-09-06T06:50:40.244049953Z"}
{"message":"  route: '/api/icons/market',","timestamp":"2026-09-06T06:50:40.244052873Z","level":"info"}
{"message":"  status: 200,","level":"info","timestamp":"2026-09-06T06:50:40.244059313Z"}
{"timestamp":"2026-09-06T06:50:40.244067783Z","level":"error","message":"[ops] {"}
{"message":"  mode: 'monitor',","level":"error","timestamp":"2026-09-06T06:50:40.244068613Z"}
{"level":"error","message":"  route: '/api/icons/market'","timestamp":"2026-09-06T06:50:40.244074983Z"}
{"message":"  event: 'security.app_check_rejected',","timestamp":"2026-09-06T06:50:40.244081633Z","level":"error"}
{"level":"error","message":"}","timestamp":"2026-09-06T06:50:40.244084383Z"}
{"message":"  ts: '2026-09-06T06:50:40.089Z',","level":"error","timestamp":"2026-09-06T06:50:40.244091243Z"}
{"message":"[ops] {","timestamp":"2026-09-06T06:50:40.244093963Z","level":"info"}
{"level":"info","timestamp":"2026-09-06T06:50:40.244094213Z","message":"[ops] {"}
{"timestamp":"2026-09-06T06:50:40.244100082Z","level":"error","message":"  reason: 'missing_token',"}
{"message":"  event: 'http_request',","timestamp":"2026-09-06T06:50:40.244102762Z","level":"info"}
{"message":"  event: 'http_request',","timestamp":"2026-09-06T06:50:40.244104622Z","level":"info"}
{"timestamp":"2026-09-06T06:50:40.244108702Z","level":"info","message":"  ts: '2026-09-06T06:50:40.009Z',"}
{"level":"info","timestamp":"2026-09-06T06:50:40.244113022Z","message":"  requestId: '6fd47f01-d354-41d8-942d-8df011069254',"}
{"level":"info","message":"  method: 'GET',","timestamp":"2026-09-06T06:50:40.244118302Z"}
{"timestamp":"2026-09-06T06:50:40.244122672Z","message":"  route: '/api/icons/market',","level":"info"}
{"message":"  status: 200,","timestamp":"2026-09-06T06:50:40.244126722Z","level":"info"}
{"timestamp":"2026-09-06T06:50:40.244131502Z","message":"  durationMs: 182","level":"info"}
{"message":"}","level":"info","timestamp":"2026-09-06T06:50:40.244135272Z"}
{"timestamp":"2026-09-06T06:50:40.319763235Z","level":"error","message":"[ops] {"}
{"message":"  event: 'security.app_check_rejected',","timestamp":"2026-09-06T06:50:40.319768035Z","level":"error"}
{"timestamp":"2026-09-06T06:50:40.319771305Z","level":"error","message":"  ts: '2026-09-06T06:50:40.297Z',"}
{"message":"  reason: 'missing_token',","timestamp":"2026-09-06T06:50:40.319774785Z","level":"error"}
{"timestamp":"2026-09-06T06:50:40.319777745Z","message":"  mode: 'monitor',","level":"error"}
{"message":"  route: '/api/icons/market'","level":"error","timestamp":"2026-09-06T06:50:40.319780455Z"}
{"message":"}","timestamp":"2026-09-06T06:50:40.319783065Z","level":"error"}
{"message":"}","timestamp":"2026-09-06T06:50:40.470453904Z","level":"info"}
{"level":"info","message":"[ops] {","timestamp":"2026-09-06T06:50:40.470463414Z"}
{"timestamp":"2026-09-06T06:50:40.470467144Z","message":"  event: 'http_request',","level":"info"}
{"level":"info","message":"  ts: '2026-09-06T06:50:40.455Z',","timestamp":"2026-09-06T06:50:40.470470604Z"}
{"level":"info","message":"  requestId: 'a58ba226-842d-4b55-9b91-194784fb6a61',","timestamp":"2026-09-06T06:50:40.470474024Z"}
{"message":"  method: 'GET',","timestamp":"2026-09-06T06:50:40.470477514Z","level":"info"}
{"timestamp":"2026-09-06T06:50:40.470480324Z","message":"  route: '/api/icons/market',","level":"info"}
{"timestamp":"2026-09-06T06:50:40.470622853Z","message":"  status: 200,","level":"info"}
{"timestamp":"2026-09-06T06:50:40.470626403Z","level":"info","message":"  durationMs: 157"}
{"level":"error","message":"[ops] {","timestamp":"2026-09-06T06:50:40.569227721Z"}
{"message":"  event: 'security.app_check_rejected',","level":"error","timestamp":"2026-09-06T06:50:40.569233361Z"}
{"message":"  ts: '2026-09-06T06:50:40.537Z',","timestamp":"2026-09-06T06:50:40.569237091Z","level":"error"}
{"level":"error","timestamp":"2026-09-06T06:50:40.569240051Z","message":"  reason: 'missing_token',"}
{"timestamp":"2026-09-06T06:50:40.569242631Z","message":"  mode: 'monitor',","level":"error"}
{"level":"error","message":"  route: '/api/icons/market'","timestamp":"2026-09-06T06:50:40.569245241Z"}
{"message":"}","level":"error","timestamp":"2026-09-06T06:50:40.569248971Z"}
{"timestamp":"2026-09-06T06:50:40.763662225Z","message":"[ops] {","level":"info"}
{"level":"info","message":"  event: 'http_request',","timestamp":"2026-09-06T06:50:40.763667284Z"}
{"level":"info","message":"  ts: '2026-09-06T06:50:40.759Z',","timestamp":"2026-09-06T06:50:40.763671204Z"}
{"level":"info","timestamp":"2026-09-06T06:50:40.763673984Z","message":"  requestId: 'ed6499c1-949b-4709-b829-337b95b7bf0d',"}
{"timestamp":"2026-09-06T06:50:40.763677044Z","level":"info","message":"  method: 'GET',"}
{"level":"info","message":"  route: '/api/icons/market',","timestamp":"2026-09-06T06:50:40.763680604Z"}
{"message":"  status: 200,","timestamp":"2026-09-06T06:50:40.763684674Z","level":"info"}
{"message":"  durationMs: 222","level":"info","timestamp":"2026-09-06T06:50:40.763687094Z"}
{"timestamp":"2026-09-06T06:50:40.763689654Z","level":"info","message":"}"}
{"message":"[ops] {","timestamp":"2026-09-06T06:50:40.848746297Z","level":"error"}
{"timestamp":"2026-09-06T06:50:40.848749257Z","level":"error","message":"  event: 'security.app_check_rejected',"}
{"message":"  ts: '2026-09-06T06:50:40.842Z',","timestamp":"2026-09-06T06:50:40.848752057Z","level":"error"}
{"level":"error","timestamp":"2026-09-06T06:50:40.848754947Z","message":"  reason: 'missing_token',"}
{"timestamp":"2026-09-06T06:50:40.848758917Z","level":"error","message":"  mode: 'monitor',"}
{"timestamp":"2026-09-06T06:50:40.848762297Z","message":"  route: '/api/icons/market'","level":"error"}
{"timestamp":"2026-09-06T06:50:40.848764987Z","level":"error","message":"}"}
{"message":"[ops] {","timestamp":"2026-09-06T06:50:41.176082642Z","level":"info"}
{"message":"  event: 'http_request',","timestamp":"2026-09-06T06:50:41.176087532Z","level":"info"}
{"level":"info","message":"  ts: '2026-09-06T06:50:41.023Z',","timestamp":"2026-09-06T06:50:41.176092762Z"}
{"level":"info","message":"  requestId: '1c179dbe-ca3e-4c65-9f1f-192b2df27630',","timestamp":"2026-09-06T06:50:41.176097282Z"}
{"level":"info","timestamp":"2026-09-06T06:50:41.176102031Z","message":"  method: 'GET',"}
{"level":"info","timestamp":"2026-09-06T06:50:41.176107331Z","message":"  route: '/api/icons/market',"}
{"level":"info","message":"  status: 200,","timestamp":"2026-09-06T06:50:41.176111811Z"}
{"message":"  durationMs: 181","timestamp":"2026-09-06T06:50:41.176116211Z","level":"info"}
{"message":"}","timestamp":"2026-09-06T06:50:41.176120691Z","level":"info"}
{"timestamp":"2026-09-06T06:50:41.176125061Z","message":"[ops] {","level":"error"}
{"level":"error","message":"  event: 'security.app_check_rejected',","timestamp":"2026-09-06T06:50:41.176129471Z"}
{"level":"error","timestamp":"2026-09-06T06:50:41.176133871Z","message":"  ts: '2026-09-06T06:50:41.108Z',"}
{"timestamp":"2026-09-06T06:50:41.176137931Z","level":"error","message":"  reason: 'missing_token',"}
{"level":"error","message":"  mode: 'monitor',","timestamp":"2026-09-06T06:50:41.176142761Z"}
{"level":"error","message":"  route: '/api/icons/market'","timestamp":"2026-09-06T06:50:41.176147501Z"}
{"level":"error","message":"}","timestamp":"2026-09-06T06:50:41.176151901Z"}
{"message":"[ops] {","timestamp":"2026-09-06T06:50:41.232387377Z","level":"info"}
{"message":"  event: 'http_request',","timestamp":"2026-09-06T06:50:41.232392847Z","level":"info"}
{"message":"  ts: '2026-09-06T06:50:41.225Z',","level":"info","timestamp":"2026-09-06T06:50:41.232396207Z"}
{"timestamp":"2026-09-06T06:50:41.232399597Z","message":"  requestId: 'b7a040b6-1c59-45be-8af0-2c2385e443c1',","level":"info"}
{"message":"  method: 'GET',","timestamp":"2026-09-06T06:50:41.232402317Z","level":"info"}
{"level":"info","timestamp":"2026-09-06T06:50:41.232405767Z","message":"  route: '/api/icons/market',"}
{"message":"  status: 200,","timestamp":"2026-09-06T06:50:41.232408586Z","level":"info"}
{"level":"info","message":"  durationMs: 117","timestamp":"2026-09-06T06:50:41.232411146Z"}
{"level":"info","message":"}","timestamp":"2026-09-06T06:50:41.232413906Z"}
{"level":"error","message":"[ops] {","timestamp":"2026-09-06T06:50:41.419450367Z"}
{"timestamp":"2026-09-06T06:50:41.419455846Z","message":"  event: 'security.app_check_rejected',","level":"error"}
{"message":"  ts: '2026-09-06T06:50:41.415Z',","timestamp":"2026-09-06T06:50:41.419459276Z","level":"error"}
{"level":"error","timestamp":"2026-09-06T06:50:41.419462516Z","message":"  reason: 'missing_token',"}
{"timestamp":"2026-09-06T06:50:41.419466186Z","level":"error","message":"  mode: 'monitor',"}
{"message":"  route: '/api/icons/market'","level":"error","timestamp":"2026-09-06T06:50:41.419469676Z"}
{"message":"}","level":"error","timestamp":"2026-09-06T06:50:41.419472706Z"}
{"timestamp":"2026-09-06T06:50:41.539765887Z","level":"info","message":"[ops] {"}
{"level":"info","timestamp":"2026-09-06T06:50:41.539771527Z","message":"  event: 'http_request',"}
{"level":"info","timestamp":"2026-09-06T06:50:41.539775787Z","message":"  ts: '2026-09-06T06:50:41.535Z',"}
{"message":"  requestId: 'f7dde10f-6eb8-4bd7-ad6e-77d456005d3b',","level":"info","timestamp":"2026-09-06T06:50:41.539779737Z"}
{"message":"  method: 'GET',","timestamp":"2026-09-06T06:50:41.539783557Z","level":"info"}
{"timestamp":"2026-09-06T06:50:41.539790087Z","message":"  route: '/api/icons/market',","level":"info"}
{"message":"  status: 200,","level":"info","timestamp":"2026-09-06T06:50:41.539794437Z"}
{"message":"  durationMs: 120","timestamp":"2026-09-06T06:50:41.539799497Z","level":"info"}
{"level":"info","message":"}","timestamp":"2026-09-06T06:50:41.539803287Z"}
{"timestamp":"2026-09-06T06:50:41.629816469Z","message":"[ops] {","level":"error"}
{"level":"error","timestamp":"2026-09-06T06:50:41.629821799Z","message":"  event: 'security.app_check_rejected',"}
{"message":"  ts: '2026-09-06T06:50:41.626Z',","level":"error","timestamp":"2026-09-06T06:50:41.629825499Z"}
{"level":"error","message":"  reason: 'missing_token',","timestamp":"2026-09-06T06:50:41.629828669Z"}
{"level":"error","message":"  mode: 'monitor',","timestamp":"2026-09-06T06:50:41.629832159Z"}
{"timestamp":"2026-09-06T06:50:41.629835539Z","message":"  route: '/api/icons/market'","level":"error"}
{"message":"}","timestamp":"2026-09-06T06:50:41.629841999Z","level":"error"}
{"message":"[ops] {","timestamp":"2026-09-06T06:50:41.734666677Z","level":"info"}
{"timestamp":"2026-09-06T06:50:41.734671567Z","level":"info","message":"  event: 'http_request',"}
{"timestamp":"2026-09-06T06:50:41.734674817Z","message":"  ts: '2026-09-06T06:50:41.729Z',","level":"info"}
{"level":"info","message":"  requestId: '7004d06d-927d-4afa-b6e9-f5c06d5bd0db',","timestamp":"2026-09-06T06:50:41.734679257Z"}
{"timestamp":"2026-09-06T06:50:41.734681977Z","level":"info","message":"  method: 'OPTIONS',"}
{"level":"info","message":"  route: '/api/v2/agents/active',","timestamp":"2026-09-06T06:50:41.734685107Z"}
{"message":"  status: 204,","timestamp":"2026-09-06T06:50:41.734687777Z","level":"info"}
{"timestamp":"2026-09-06T06:50:41.734695647Z","level":"info","message":"  durationMs: 0"}
{"timestamp":"2026-09-06T06:50:41.734698947Z","level":"info","message":"}"}
{"timestamp":"2026-09-06T06:50:41.735444852Z","level":"info","message":"[ops] {"}
{"message":"  event: 'http_request',","timestamp":"2026-09-06T06:50:41.735448512Z","level":"info"}
{"timestamp":"2026-09-06T06:50:41.735452082Z","level":"info","message":"  ts: '2026-09-06T06:50:41.734Z',"}
{"timestamp":"2026-09-06T06:50:41.735455632Z","message":"  requestId: '80f521f4-243a-436a-8e92-3fdd5976feac',","level":"info"}
{"message":"  method: 'OPTIONS',","timestamp":"2026-09-06T06:50:41.735459042Z","level":"info"}
{"timestamp":"2026-09-06T06:50:41.735462542Z","message":"  route: '/api/v2/events',","level":"info"}
{"message":"  status: 204,","timestamp":"2026-09-06T06:50:41.735465922Z","level":"info"}
{"message":"  durationMs: 0","timestamp":"2026-09-06T06:50:41.735469042Z","level":"info"}
{"message":"}","timestamp":"2026-09-06T06:50:41.735472032Z","level":"info"}
{"message":"[ops] {","timestamp":"2026-09-06T06:50:41.753501708Z","level":"info"}
{"timestamp":"2026-09-06T06:50:41.753507898Z","level":"info","message":"  event: 'http_request',"}
{"level":"info","timestamp":"2026-09-06T06:50:41.753512288Z","message":"  ts: '2026-09-06T06:50:41.748Z',"}
{"timestamp":"2026-09-06T06:50:41.753515728Z","level":"info","message":"  requestId: '4b60fb54-4c10-470a-b8e8-d39e167cea59',"}
{"timestamp":"2026-09-06T06:50:41.753518438Z","message":"  method: 'GET',","level":"info"}
{"message":"  route: '/api/icons/market',","level":"info","timestamp":"2026-09-06T06:50:41.753521028Z"}
{"message":"  status: 200,","timestamp":"2026-09-06T06:50:41.753523658Z","level":"info"}
{"timestamp":"2026-09-06T06:50:41.753525888Z","level":"info","message":"  durationMs: 122"}
{"timestamp":"2026-09-06T06:50:41.753528768Z","message":"}","level":"info"}
{"message":"[ops] {","timestamp":"2026-09-06T06:50:41.843933748Z","level":"error"}
{"timestamp":"2026-09-06T06:50:41.843946588Z","message":"  event: 'security.app_check_rejected',","level":"error"}
{"message":"  ts: '2026-09-06T06:50:41.830Z',","timestamp":"2026-09-06T06:50:41.843952518Z","level":"error"}
{"timestamp":"2026-09-06T06:50:41.843959838Z","message":"  reason: 'missing_token',","level":"error"}
{"level":"error","message":"  mode: 'monitor',","timestamp":"2026-09-06T06:50:41.843965828Z"}
{"message":"  route: '/api/icons/market'","timestamp":"2026-09-06T06:50:41.843973068Z","level":"error"}
{"message":"}","level":"error","timestamp":"2026-09-06T06:50:41.843978308Z"}
{"timestamp":"2026-09-06T06:50:41.893783863Z","level":"error","message":"[ops] {"}
{"message":"  event: 'security.app_check_rejected',","timestamp":"2026-09-06T06:50:41.893789533Z","level":"error"}
{"message":"  ts: '2026-09-06T06:50:41.891Z',","timestamp":"2026-09-06T06:50:41.893794353Z","level":"error"}
{"message":"  reason: 'missing_token',","level":"error","timestamp":"2026-09-06T06:50:41.893797653Z"}
{"timestamp":"2026-09-06T06:50:41.893801563Z","level":"error","message":"  mode: 'monitor',"}
{"message":"  route: '/api/v2/agents/active'","timestamp":"2026-09-06T06:50:41.893805103Z","level":"error"}
{"timestamp":"2026-09-06T06:50:41.893808303Z","message":"}","level":"error"}
{"message":"[ops] {","timestamp":"2026-09-06T06:50:41.906497553Z","level":"error"}
{"timestamp":"2026-09-06T06:50:41.906502693Z","level":"error","message":"  event: 'security.app_check_rejected',"}
{"message":"  ts: '2026-09-06T06:50:41.905Z',","level":"error","timestamp":"2026-09-06T06:50:41.906505893Z"}
{"message":"  reason: 'missing_token',","timestamp":"2026-09-06T06:50:41.906509803Z","level":"error"}
{"timestamp":"2026-09-06T06:50:41.906512813Z","message":"  mode: 'monitor',","level":"error"}
{"message":"  route: '/api/v2/events'","timestamp":"2026-09-06T06:50:41.906515903Z","level":"error"}
{"timestamp":"2026-09-06T06:50:41.906519343Z","level":"error","message":"}"}
{"message":"[ops] {","timestamp":"2026-09-06T06:50:41.981593519Z","level":"info"}
{"message":"  event: 'http_request',","level":"info","timestamp":"2026-09-06T06:50:41.981598799Z"}
{"message":"  ts: '2026-09-06T06:50:41.957Z',","timestamp":"2026-09-06T06:50:41.981603889Z","level":"info"}
{"message":"  requestId: 'd65e6b1d-0d0a-469f-b5cc-eb6d469d94cb',","level":"info","timestamp":"2026-09-06T06:50:41.981609789Z"}
{"message":"  method: 'GET',","timestamp":"2026-09-06T06:50:41.981614899Z","level":"info"}
{"message":"  route: '/api/v2/agents/active',","timestamp":"2026-09-06T06:50:41.981620529Z","level":"info"}
{"message":"  status: 200,","level":"info","timestamp":"2026-09-06T06:50:41.981625909Z"}
{"level":"info","message":"  durationMs: 66","timestamp":"2026-09-06T06:50:41.981631209Z"}
{"message":"}","timestamp":"2026-09-06T06:50:41.981636629Z","level":"info"}
{"level":"info","message":"[ops] {","timestamp":"2026-09-06T06:50:41.981641989Z"}
{"message":"  event: 'http_request',","level":"info","timestamp":"2026-09-06T06:50:41.981646689Z"}
{"message":"  ts: '2026-09-06T06:50:41.965Z',","level":"info","timestamp":"2026-09-06T06:50:41.981651999Z"}
{"timestamp":"2026-09-06T06:50:41.981657419Z","message":"  requestId: 'ec765eb0-8319-4feb-b0a0-e5198f37e7db',","level":"info"}
{"message":"  method: 'GET',","timestamp":"2026-09-06T06:50:41.981662649Z","level":"info"}
{"message":"  route: '/api/icons/market',","timestamp":"2026-09-06T06:50:41.981667749Z","level":"info"}
{"level":"info","timestamp":"2026-09-06T06:50:41.981673149Z","message":"  status: 200,"}
{"timestamp":"2026-09-06T06:50:41.981678069Z","level":"info","message":"  durationMs: 134"}
{"message":"}","timestamp":"2026-09-06T06:50:41.981683479Z","level":"info"}
{"timestamp":"2026-09-06T06:50:42.236740310Z","message":"}","level":"info"}
{"message":"  event: 'http_request',","timestamp":"2026-09-06T06:50:42.236761780Z","level":"info"}
{"timestamp":"2026-09-06T06:50:42.236767870Z","level":"info","message":"  ts: '2026-09-06T06:50:42.187Z',"}
{"level":"info","message":"  requestId: '8c6bc047-c0e8-4c47-829b-91567145672e',","timestamp":"2026-09-06T06:50:42.236774649Z"}
{"message":"  route: '/api/icons/market'","timestamp":"2026-09-06T06:50:42.236775019Z","level":"error"}
{"message":"  method: 'GET',","level":"info","timestamp":"2026-09-06T06:50:42.236780689Z"}
{"message":"  route: '/api/icons/market',","timestamp":"2026-09-06T06:50:42.236785219Z","level":"info"}
{"timestamp":"2026-09-06T06:50:42.236790329Z","level":"error","message":"}"}
{"timestamp":"2026-09-06T06:50:42.236793859Z","message":"  status: 200,","level":"info"}
{"timestamp":"2026-09-06T06:50:42.236801689Z","message":"  durationMs: 144","level":"info"}
{"message":"[ops] {","timestamp":"2026-09-06T06:50:42.236802959Z","level":"info"}
{"message":"  event: 'security.app_check_rejected',","level":"error","timestamp":"2026-09-06T06:50:42.236811179Z"}
{"message":"  ts: '2026-09-06T06:50:42.043Z',","timestamp":"2026-09-06T06:50:42.236829149Z","level":"error"}
{"level":"error","message":"  reason: 'missing_token',","timestamp":"2026-09-06T06:50:42.236837369Z"}
{"timestamp":"2026-09-06T06:50:42.236843369Z","message":"  mode: 'monitor',","level":"error"}
{"timestamp":"2026-09-06T06:50:42.236849189Z","message":"[ops] {","level":"error"}
{"message":"[ops] {","timestamp":"2026-09-06T06:50:42.274780290Z","level":"error"}
{"level":"error","timestamp":"2026-09-06T06:50:42.274784780Z","message":"  event: 'security.app_check_rejected',"}
{"message":"  ts: '2026-09-06T06:50:42.267Z',","timestamp":"2026-09-06T06:50:42.274788370Z","level":"error"}
{"level":"error","timestamp":"2026-09-06T06:50:42.274794550Z","message":"  reason: 'missing_token',"}
{"message":"  mode: 'monitor',","timestamp":"2026-09-06T06:50:42.274798020Z","level":"error"}
{"timestamp":"2026-09-06T06:50:42.274803580Z","level":"error","message":"  route: '/api/icons/market'"}
{"message":"}","level":"error","timestamp":"2026-09-06T06:50:42.274809170Z"}
{"timestamp":"2026-09-06T06:50:42.463313340Z","message":"[ops] {","level":"info"}
{"timestamp":"2026-09-06T06:50:42.463317900Z","level":"info","message":"  event: 'http_request',"}
{"level":"info","message":"  ts: '2026-09-06T06:50:42.456Z',","timestamp":"2026-09-06T06:50:42.463322290Z"}
{"message":"  requestId: '0a59c96d-5a0e-47ec-adb7-6f15ce813375',","timestamp":"2026-09-06T06:50:42.463325140Z","level":"info"}
{"message":"  method: 'GET',","timestamp":"2026-09-06T06:50:42.463327790Z","level":"info"}
{"level":"info","timestamp":"2026-09-06T06:50:42.463330360Z","message":"  route: '/api/icons/market',"}
{"message":"  status: 200,","timestamp":"2026-09-06T06:50:42.463333030Z","level":"info"}
{"level":"info","message":"  durationMs: 189","timestamp":"2026-09-06T06:50:42.463336530Z"}
{"level":"info","message":"}","timestamp":"2026-09-06T06:50:42.463338960Z"}
{"timestamp":"2026-09-06T06:50:42.486491764Z","message":"[ops] {","level":"info"}
{"message":"  event: 'http_request',","timestamp":"2026-09-06T06:50:42.486497204Z","level":"info"}
{"timestamp":"2026-09-06T06:50:42.486510464Z","message":"  ts: '2026-09-06T06:50:42.475Z',","level":"info"}
{"level":"info","timestamp":"2026-09-06T06:50:42.486513823Z","message":"  requestId: '4df3bcfa-2e12-40af-b5c1-b3a8c0e40865',"}
{"level":"info","message":"  method: 'GET',","timestamp":"2026-09-06T06:50:42.486517343Z"}
{"timestamp":"2026-09-06T06:50:42.486520993Z","message":"  route: '/api/v2/events',","level":"info"}
{"message":"  status: 200,","level":"info","timestamp":"2026-09-06T06:50:42.486524423Z"}
{"timestamp":"2026-09-06T06:50:42.486529093Z","message":"  durationMs: 570","level":"info"}
{"timestamp":"2026-09-06T06:50:42.486532713Z","level":"info","message":"}"}
{"message":"[ops] {","timestamp":"2026-09-06T06:50:42.541199478Z","level":"error"}
{"level":"error","timestamp":"2026-09-06T06:50:42.541205168Z","message":"  event: 'security.app_check_rejected',"}
{"level":"error","message":"  ts: '2026-09-06T06:50:42.540Z',","timestamp":"2026-09-06T06:50:42.541209828Z"}
{"level":"error","timestamp":"2026-09-06T06:50:42.541213368Z","message":"  reason: 'missing_token',"}
{"message":"  mode: 'monitor',","timestamp":"2026-09-06T06:50:42.541217188Z","level":"error"}
{"message":"  route: '/api/icons/market'","timestamp":"2026-09-06T06:50:42.541222308Z","level":"error"}
{"timestamp":"2026-09-06T06:50:42.541226228Z","level":"error","message":"}"}
{"timestamp":"2026-09-06T06:50:42.723622147Z","level":"info","message":"[ops] {"}
{"timestamp":"2026-09-06T06:50:42.723626817Z","message":"  event: 'http_request',","level":"info"}
{"timestamp":"2026-09-06T06:50:42.723629787Z","level":"info","message":"  ts: '2026-09-06T06:50:42.712Z',"}
{"timestamp":"2026-09-06T06:50:42.723632367Z","level":"info","message":"  requestId: '9433b4bc-644d-4a15-b807-83a2f2f9640b',"}
{"timestamp":"2026-09-06T06:50:42.723634767Z","level":"info","message":"  method: 'GET',"}
{"message":"  route: '/api/icons/market',","timestamp":"2026-09-06T06:50:42.723637387Z","level":"info"}
{"message":"  status: 200,","timestamp":"2026-09-06T06:50:42.723640187Z","level":"info"}
{"timestamp":"2026-09-06T06:50:42.723642567Z","message":"  durationMs: 172","level":"info"}
{"level":"info","timestamp":"2026-09-06T06:50:42.723645347Z","message":"}"}
{"message":"[ops] {","level":"error","timestamp":"2026-09-06T06:50:42.803154276Z"}
{"message":"  event: 'security.app_check_rejected',","level":"error","timestamp":"2026-09-06T06:50:42.803159276Z"}
{"message":"  ts: '2026-09-06T06:50:42.794Z',","timestamp":"2026-09-06T06:50:42.803162856Z","level":"error"}
{"message":"  reason: 'missing_token',","timestamp":"2026-09-06T06:50:42.803166306Z","level":"error"}
{"level":"error","timestamp":"2026-09-06T06:50:42.803169166Z","message":"  mode: 'monitor',"}
{"timestamp":"2026-09-06T06:50:42.803172886Z","message":"  route: '/api/icons/market'","level":"error"}
{"timestamp":"2026-09-06T06:50:42.803175886Z","level":"error","message":"}"}
{"timestamp":"2026-09-06T06:50:43.015324467Z","level":"info","message":"[ops] {"}
{"message":"  event: 'http_request',","level":"info","timestamp":"2026-09-06T06:50:43.015330476Z"}
{"message":"  ts: '2026-09-06T06:50:43.013Z',","timestamp":"2026-09-06T06:50:43.015333626Z","level":"info"}
{"timestamp":"2026-09-06T06:50:43.015337046Z","level":"info","message":"  requestId: '00f17c8a-af63-46aa-9d4b-3b104ce6607d',"}
{"message":"  method: 'GET',","timestamp":"2026-09-06T06:50:43.015340096Z","level":"info"}
{"level":"info","timestamp":"2026-09-06T06:50:43.015343366Z","message":"  route: '/api/icons/market',"}
{"message":"  status: 200,","level":"info","timestamp":"2026-09-06T06:50:43.015347206Z"}
{"timestamp":"2026-09-06T06:50:43.015350426Z","level":"info","message":"  durationMs: 220"}
{"timestamp":"2026-09-06T06:50:43.015353516Z","message":"}","level":"info"}
{"timestamp":"2026-09-06T06:50:43.262762125Z","level":"error","message":"[ops] {"}
{"level":"error","message":"  event: 'security.app_check_rejected',","timestamp":"2026-09-06T06:50:43.262766255Z"}
{"level":"error","timestamp":"2026-09-06T06:50:43.262772165Z","message":"  ts: '2026-09-06T06:50:43.095Z',"}
{"message":"  reason: 'missing_token',","level":"error","timestamp":"2026-09-06T06:50:43.262776275Z"}
{"message":"  mode: 'monitor',","timestamp":"2026-09-06T06:50:43.262782475Z","level":"error"}
{"timestamp":"2026-09-06T06:50:43.262786185Z","message":"  route: '/api/icons/market'","level":"error"}
{"message":"}","timestamp":"2026-09-06T06:50:43.262789535Z","level":"error"}
{"timestamp":"2026-09-06T06:50:43.262792625Z","level":"info","message":"[ops] {"}
{"message":"  event: 'http_request',","level":"info","timestamp":"2026-09-06T06:50:43.262796695Z"}
{"message":"  ts: '2026-09-06T06:50:43.250Z',","level":"info","timestamp":"2026-09-06T06:50:43.262800105Z"}
{"message":"  requestId: '8e15e959-f81d-478f-bc68-46002faaed5d',","timestamp":"2026-09-06T06:50:43.262803045Z","level":"info"}
{"message":"  method: 'GET',","timestamp":"2026-09-06T06:50:43.262806395Z","level":"info"}
{"message":"  route: '/api/icons/market',","timestamp":"2026-09-06T06:50:43.262809295Z","level":"info"}
{"timestamp":"2026-09-06T06:50:43.262812825Z","level":"info","message":"  status: 200,"}
{"level":"info","message":"  durationMs: 156","timestamp":"2026-09-06T06:50:43.262815865Z"}
{"timestamp":"2026-09-06T06:50:43.262819335Z","message":"}","level":"info"}
{"message":"[ops] {","level":"error","timestamp":"2026-09-06T06:50:43.335035269Z"}
{"timestamp":"2026-09-06T06:50:43.335040739Z","message":"  event: 'security.app_check_rejected',","level":"error"}
{"timestamp":"2026-09-06T06:50:43.335045229Z","level":"error","message":"  ts: '2026-09-06T06:50:43.330Z',"}
{"message":"  reason: 'missing_token',","timestamp":"2026-09-06T06:50:43.335051299Z","level":"error"}
{"level":"error","message":"  mode: 'monitor',","timestamp":"2026-09-06T06:50:43.335053999Z"}
{"level":"error","message":"  route: '/api/icons/market'","timestamp":"2026-09-06T06:50:43.335056949Z"}
{"message":"}","level":"error","timestamp":"2026-09-06T06:50:43.335059849Z"}
{"timestamp":"2026-09-06T06:50:43.453900210Z","message":"[ops] {","level":"info"}
{"timestamp":"2026-09-06T06:50:43.453906700Z","message":"  event: 'http_request',","level":"info"}
{"message":"  ts: '2026-09-06T06:50:43.450Z',","level":"info","timestamp":"2026-09-06T06:50:43.453910660Z"}
{"level":"info","timestamp":"2026-09-06T06:50:43.453913610Z","message":"  requestId: '368a9a1d-2370-40f4-a65e-f756ad5542a1',"}
{"timestamp":"2026-09-06T06:50:43.453919280Z","level":"info","message":"  method: 'GET',"}
{"timestamp":"2026-09-06T06:50:43.453923110Z","level":"info","message":"  route: '/api/icons/market',"}
{"message":"  status: 200,","level":"info","timestamp":"2026-09-06T06:50:43.453926730Z"}
{"message":"  durationMs: 120","timestamp":"2026-09-06T06:50:43.453929270Z","level":"info"}
{"message":"}","level":"info","timestamp":"2026-09-06T06:50:43.453931750Z"}
{"timestamp":"2026-09-06T06:50:43.534831799Z","level":"error","message":"[ops] {"}
{"timestamp":"2026-09-06T06:50:43.534836839Z","level":"error","message":"  event: 'security.app_check_rejected',"}
{"message":"  ts: '2026-09-06T06:50:43.532Z',","level":"error","timestamp":"2026-09-06T06:50:43.534840249Z"}
{"level":"error","timestamp":"2026-09-06T06:50:43.534843579Z","message":"  reason: 'missing_token',"}
{"message":"  mode: 'monitor',","level":"error","timestamp":"2026-09-06T06:50:43.534847889Z"}
{"timestamp":"2026-09-06T06:50:43.534853148Z","level":"error","message":"  route: '/api/icons/market'"}
{"message":"}","level":"error","timestamp":"2026-09-06T06:50:43.534855908Z"}
{"level":"info","message":"  route: '/api/icons/market',","timestamp":"2026-09-06T06:50:43.681140136Z"}
{"message":"  status: 200,","timestamp":"2026-09-06T06:50:43.681145895Z","level":"info"}
{"level":"info","timestamp":"2026-09-06T06:50:43.681151965Z","message":"  durationMs: 146"}
{"message":"}","timestamp":"2026-09-06T06:50:43.681156115Z","level":"info"}
{"timestamp":"2026-09-06T06:50:43.681170235Z","level":"info","message":"[ops] {"}
{"level":"info","timestamp":"2026-09-06T06:50:43.681185445Z","message":"  event: 'http_request',"}
{"level":"info","timestamp":"2026-09-06T06:50:43.681191125Z","message":"  ts: '2026-09-06T06:50:43.677Z',"}
{"timestamp":"2026-09-06T06:50:43.681195425Z","message":"  requestId: '99c6faa2-5139-4dd8-b06e-d6fb0bd58ac0',","level":"info"}
{"level":"info","message":"  method: 'GET',","timestamp":"2026-09-06T06:50:43.681199405Z"}
{"timestamp":"2026-09-06T06:50:43.769581077Z","message":"[ops] {","level":"error"}
{"timestamp":"2026-09-06T06:50:43.769592857Z","level":"error","message":"  event: 'security.app_check_rejected',"}
{"timestamp":"2026-09-06T06:50:43.769598727Z","message":"  ts: '2026-09-06T06:50:43.759Z',","level":"error"}
{"timestamp":"2026-09-06T06:50:43.769603307Z","message":"  reason: 'missing_token',","level":"error"}
{"level":"error","timestamp":"2026-09-06T06:50:43.769608927Z","message":"  mode: 'monitor',"}
{"timestamp":"2026-09-06T06:50:43.769612967Z","level":"error","message":"  route: '/api/icons/market'"}
{"timestamp":"2026-09-06T06:50:43.769617287Z","level":"error","message":"}"}
{"timestamp":"2026-09-06T06:50:43.957270383Z","message":"[ops] {","level":"info"}
{"level":"info","timestamp":"2026-09-06T06:50:43.957277883Z","message":"  event: 'http_request',"}
{"message":"  ts: '2026-09-06T06:50:43.954Z',","level":"info","timestamp":"2026-09-06T06:50:43.957281123Z"}
{"timestamp":"2026-09-06T06:50:43.957284093Z","message":"  requestId: '446c15fa-6510-4740-8d50-69001c8502b6',","level":"info"}
{"timestamp":"2026-09-06T06:50:43.957286993Z","level":"info","message":"  method: 'GET',"}
{"level":"info","message":"  route: '/api/icons/market',","timestamp":"2026-09-06T06:50:43.957292113Z"}
{"level":"info","timestamp":"2026-09-06T06:50:43.957295973Z","message":"  status: 200,"}
{"message":"  durationMs: 195","timestamp":"2026-09-06T06:50:43.957299853Z","level":"info"}
{"level":"info","message":"}","timestamp":"2026-09-06T06:50:43.957304603Z"}
{"level":"info","message":"}","timestamp":"2026-09-06T06:50:44.320769960Z"}
{"message":"[ops] {","timestamp":"2026-09-06T06:50:44.320781179Z","level":"error"}
{"level":"error","message":"  event: 'security.app_check_rejected',","timestamp":"2026-09-06T06:50:44.320785959Z"}
{"message":"  ts: '2026-09-06T06:50:44.245Z',","timestamp":"2026-09-06T06:50:44.320792059Z","level":"error"}
{"level":"error","message":"  reason: 'missing_token',","timestamp":"2026-09-06T06:50:44.320796319Z"}
{"timestamp":"2026-09-06T06:50:44.320801089Z","message":"  mode: 'monitor',","level":"error"}
{"timestamp":"2026-09-06T06:50:44.320805399Z","level":"error","message":"  route: '/api/icons/market'"}
{"level":"error","message":"}","timestamp":"2026-09-06T06:50:44.320809359Z"}
{"message":"[ops] {","timestamp":"2026-09-06T06:50:44.320813399Z","level":"info"}
{"level":"info","timestamp":"2026-09-06T06:50:44.320818379Z","message":"  event: 'http_request',"}
{"message":"  ts: '2026-09-06T06:50:44.246Z',","timestamp":"2026-09-06T06:50:44.320821699Z","level":"info"}
{"level":"info","message":"  requestId: '6f845415-9dfa-49b7-9f65-50671374903d',","timestamp":"2026-09-06T06:50:44.320825279Z"}
{"timestamp":"2026-09-06T06:50:44.320831259Z","level":"info","message":"  method: 'OPTIONS',"}
{"level":"info","message":"  route: '/api/v2/events',","timestamp":"2026-09-06T06:50:44.320834479Z"}
{"level":"info","timestamp":"2026-09-06T06:50:44.320837629Z","message":"  status: 204,"}
{"level":"info","message":"  durationMs: 0","timestamp":"2026-09-06T06:50:44.320841129Z"}
{"timestamp":"2026-09-06T06:50:44.321086887Z","level":"error","message":"[ops] {"}
{"message":"  event: 'security.app_check_rejected',","timestamp":"2026-09-06T06:50:44.321091567Z","level":"error"}
{"level":"error","timestamp":"2026-09-06T06:50:44.321096267Z","message":"  ts: '2026-09-06T06:50:44.036Z',"}
{"timestamp":"2026-09-06T06:50:44.321101497Z","level":"error","message":"  reason: 'missing_token',"}
{"message":"  mode: 'monitor',","timestamp":"2026-09-06T06:50:44.321106507Z","level":"error"}
{"timestamp":"2026-09-06T06:50:44.321112427Z","message":"  route: '/api/icons/market'","level":"error"}
{"timestamp":"2026-09-06T06:50:44.321117717Z","level":"error","message":"}"}
{"message":"[ops] {","level":"info","timestamp":"2026-09-06T06:50:44.321122737Z"}
{"level":"info","timestamp":"2026-09-06T06:50:44.321126877Z","message":"  event: 'http_request',"}
{"timestamp":"2026-09-06T06:50:44.321131757Z","message":"  ts: '2026-09-06T06:50:44.162Z',","level":"info"}
{"level":"info","timestamp":"2026-09-06T06:50:44.321136767Z","message":"  requestId: '933e1ad4-098f-4c53-aef3-5ac847c6692a',"}
{"level":"info","timestamp":"2026-09-06T06:50:44.321142157Z","message":"  method: 'GET',"}
{"level":"info","timestamp":"2026-09-06T06:50:44.321148297Z","message":"  route: '/api/icons/market',"}
{"message":"  status: 200,","timestamp":"2026-09-06T06:50:44.321154847Z","level":"info"}
{"level":"info","timestamp":"2026-09-06T06:50:44.321158967Z","message":"  durationMs: 126"}
{"timestamp":"2026-09-06T06:50:44.322162991Z","message":"}","level":"info"}
{"message":"[ops] {","timestamp":"2026-09-06T06:50:44.413521944Z","level":"error"}
{"message":"  event: 'security.app_check_rejected',","timestamp":"2026-09-06T06:50:44.413529834Z","level":"error"}
{"timestamp":"2026-09-06T06:50:44.413534564Z","level":"error","message":"  ts: '2026-09-06T06:50:44.408Z',"}
{"level":"error","message":"  reason: 'missing_token',","timestamp":"2026-09-06T06:50:44.413539084Z"}
{"timestamp":"2026-09-06T06:50:44.413543094Z","level":"error","message":"  mode: 'monitor',"}
{"timestamp":"2026-09-06T06:50:44.413548384Z","level":"error","message":"  route: '/api/v2/events'"}
{"timestamp":"2026-09-06T06:50:44.413553064Z","level":"error","message":"}"}
{"message":"  status: 200,","timestamp":"2026-09-06T06:50:44.486657703Z","level":"info"}
{"level":"info","message":"  durationMs: 226","timestamp":"2026-09-06T06:50:44.486663623Z"}
{"level":"info","message":"}","timestamp":"2026-09-06T06:50:44.486667813Z"}
{"timestamp":"2026-09-06T06:50:44.486705833Z","message":"[ops] {","level":"info"}
{"timestamp":"2026-09-06T06:50:44.486711853Z","message":"  event: 'http_request',","level":"info"}
{"message":"  ts: '2026-09-06T06:50:44.471Z',","timestamp":"2026-09-06T06:50:44.486716313Z","level":"info"}
{"level":"info","message":"  requestId: '630f4365-03d3-4d15-bd1f-764f59de0867',","timestamp":"2026-09-06T06:50:44.486723783Z"}
{"timestamp":"2026-09-06T06:50:44.486746733Z","level":"info","message":"  method: 'GET',"}
{"message":"  route: '/api/icons/market',","timestamp":"2026-09-06T06:50:44.486751782Z","level":"info"}
{"level":"error","message":"[ops] {","timestamp":"2026-09-06T06:50:44.575937159Z"}
{"level":"error","message":"  event: 'security.app_check_rejected',","timestamp":"2026-09-06T06:50:44.575942109Z"}
{"message":"  ts: '2026-09-06T06:50:44.561Z',","timestamp":"2026-09-06T06:50:44.575947109Z","level":"error"}
{"level":"error","message":"  reason: 'missing_token',","timestamp":"2026-09-06T06:50:44.575951169Z"}
{"level":"error","message":"  mode: 'monitor',","timestamp":"2026-09-06T06:50:44.575955519Z"}
{"message":"  route: '/api/icons/market'","level":"error","timestamp":"2026-09-06T06:50:44.575959969Z"}
{"message":"}","level":"error","timestamp":"2026-09-06T06:50:44.575965269Z"}
{"message":"[ops] {","timestamp":"2026-09-06T06:50:44.728081540Z","level":"info"}
{"level":"info","message":"  event: 'http_request',","timestamp":"2026-09-06T06:50:44.728086160Z"}
{"message":"  ts: '2026-09-06T06:50:44.724Z',","timestamp":"2026-09-06T06:50:44.728090320Z","level":"info"}
{"message":"  requestId: 'f315375c-3b5e-43c4-81dc-9502ba547e35',","timestamp":"2026-09-06T06:50:44.728093150Z","level":"info"}
{"message":"  method: 'GET',","timestamp":"2026-09-06T06:50:44.728095890Z","level":"info"}
{"timestamp":"2026-09-06T06:50:44.728098780Z","level":"info","message":"  route: '/api/icons/market',"}
{"timestamp":"2026-09-06T06:50:44.728101400Z","level":"info","message":"  status: 200,"}
{"message":"  durationMs: 163","timestamp":"2026-09-06T06:50:44.728104180Z","level":"info"}
{"timestamp":"2026-09-06T06:50:44.728106640Z","level":"info","message":"}"}
{"timestamp":"2026-09-06T06:50:44.812100929Z","message":"[ops] {","level":"error"}
{"timestamp":"2026-09-06T06:50:44.812104369Z","level":"error","message":"  event: 'security.app_check_rejected',"}
{"message":"  ts: '2026-09-06T06:50:44.807Z',","level":"error","timestamp":"2026-09-06T06:50:44.812107619Z"}
{"message":"  reason: 'missing_token',","level":"error","timestamp":"2026-09-06T06:50:44.812111199Z"}
{"timestamp":"2026-09-06T06:50:44.812114359Z","message":"  mode: 'monitor',","level":"error"}
{"message":"  route: '/api/icons/market'","timestamp":"2026-09-06T06:50:44.812117449Z","level":"error"}
{"level":"error","message":"}","timestamp":"2026-09-06T06:50:44.812122719Z"}
{"message":"[ops] {","level":"info","timestamp":"2026-09-06T06:50:44.997540999Z"}
{"message":"  event: 'http_request',","timestamp":"2026-09-06T06:50:44.997547649Z","level":"info"}
{"level":"info","message":"  ts: '2026-09-06T06:50:44.965Z',","timestamp":"2026-09-06T06:50:44.997551279Z"}
{"message":"  requestId: '2132ff04-1953-4091-961b-1f2a8785b543',","level":"info","timestamp":"2026-09-06T06:50:44.997554789Z"}
{"timestamp":"2026-09-06T06:50:44.997559719Z","message":"  method: 'GET',","level":"info"}
{"timestamp":"2026-09-06T06:50:44.997563189Z","message":"  route: '/api/icons/market',","level":"info"}
{"message":"  status: 200,","level":"info","timestamp":"2026-09-06T06:50:44.997566619Z"}
{"level":"info","message":"  durationMs: 159","timestamp":"2026-09-06T06:50:44.997570349Z"}
{"timestamp":"2026-09-06T06:50:44.997574169Z","level":"info","message":"}"}
{"level":"info","message":"[ops] {","timestamp":"2026-09-06T06:50:45.021196840Z"}
{"timestamp":"2026-09-06T06:50:45.021200570Z","message":"  event: 'http_request',","level":"info"}
{"level":"info","timestamp":"2026-09-06T06:50:45.021205570Z","message":"  ts: '2026-09-06T06:50:45.011Z',"}
{"message":"  requestId: '4ebba7bf-00bc-456d-bf76-7c23116aeaed',","level":"info","timestamp":"2026-09-06T06:50:45.021209310Z"}
{"message":"  method: 'GET',","timestamp":"2026-09-06T06:50:45.021212450Z","level":"info"}
{"timestamp":"2026-09-06T06:50:45.021215370Z","level":"info","message":"  route: '/api/v2/events',"}
{"timestamp":"2026-09-06T06:50:45.021218710Z","level":"info","message":"  status: 200,"}
{"level":"info","timestamp":"2026-09-06T06:50:45.021222550Z","message":"  durationMs: 603"}
{"timestamp":"2026-09-06T06:50:45.021226050Z","level":"info","message":"}"}
{"level":"error","timestamp":"2026-09-06T06:50:45.311045081Z","message":"[ops] {"}
{"message":"  event: 'security.app_check_rejected',","timestamp":"2026-09-06T06:50:45.311049601Z","level":"error"}
{"message":"  ts: '2026-09-06T06:50:45.048Z',","level":"error","timestamp":"2026-09-06T06:50:45.311054701Z"}
{"level":"error","message":"  reason: 'missing_token',","timestamp":"2026-09-06T06:50:45.311059321Z"}
{"message":"  mode: 'monitor',","level":"error","timestamp":"2026-09-06T06:50:45.311063191Z"}
{"message":"  route: '/api/icons/market'","timestamp":"2026-09-06T06:50:45.311067381Z","level":"error"}
{"message":"}","level":"error","timestamp":"2026-09-06T06:50:45.311071541Z"}
{"timestamp":"2026-09-06T06:50:45.311074931Z","message":"[ops] {","level":"info"}
{"message":"  event: 'http_request',","timestamp":"2026-09-06T06:50:45.311078411Z","level":"info"}
{"level":"info","timestamp":"2026-09-06T06:50:45.311082011Z","message":"  ts: '2026-09-06T06:50:45.199Z',"}
{"level":"info","timestamp":"2026-09-06T06:50:45.311086051Z","message":"  requestId: 'ae386c35-2e31-400e-b39d-621e7ee7660a',"}
{"timestamp":"2026-09-06T06:50:45.311092011Z","message":"  method: 'GET',","level":"info"}
{"timestamp":"2026-09-06T06:50:45.311095381Z","level":"info","message":"  route: '/api/icons/market',"}
{"level":"info","timestamp":"2026-09-06T06:50:45.311099191Z","message":"  status: 200,"}
{"timestamp":"2026-09-06T06:50:45.311104301Z","level":"info","message":"  durationMs: 151"}
{"message":"}","timestamp":"2026-09-06T06:50:45.311107951Z","level":"info"}
{"message":"[ops] {","level":"info","timestamp":"2026-09-06T06:50:45.311111781Z"}
{"message":"  event: 'http_request',","timestamp":"2026-09-06T06:50:45.311115341Z","level":"info"}
{"message":"  ts: '2026-09-06T06:50:45.235Z',","level":"info","timestamp":"2026-09-06T06:50:45.311120431Z"}
{"message":"  requestId: '2cb6c520-9582-40da-ae04-bb6423b1fb53',","timestamp":"2026-09-06T06:50:45.311124011Z","level":"info"}
{"timestamp":"2026-09-06T06:50:45.311127271Z","message":"  method: 'POST',","level":"info"}
{"level":"info","message":"  route: '/api/studio/mcp/session/ping',","timestamp":"2026-09-06T06:50:45.311130851Z"}
{"message":"  status: 200,","timestamp":"2026-09-06T06:50:45.311134551Z","level":"info"}
{"message":"  durationMs: 399","timestamp":"2026-09-06T06:50:45.311138601Z","level":"info"}
{"message":"}","timestamp":"2026-09-06T06:50:45.311141981Z","level":"info"}
{"message":"[ops] {","timestamp":"2026-09-06T06:50:45.311145631Z","level":"error"}
{"message":"  event: 'security.app_check_rejected',","timestamp":"2026-09-06T06:50:45.311149251Z","level":"error"}
{"message":"  ts: '2026-09-06T06:50:45.283Z',","level":"error","timestamp":"2026-09-06T06:50:45.311152451Z"}
{"message":"  reason: 'missing_token',","timestamp":"2026-09-06T06:50:45.311157091Z","level":"error"}
{"timestamp":"2026-09-06T06:50:45.311160481Z","message":"  mode: 'monitor',","level":"error"}
{"timestamp":"2026-09-06T06:50:45.311164711Z","message":"  route: '/api/icons/market'","level":"error"}
{"timestamp":"2026-09-06T06:50:45.311212560Z","level":"error","message":"}"}
{"timestamp":"2026-09-06T06:50:45.359371196Z","level":"info","message":"[ops] {"}
{"timestamp":"2026-09-06T06:50:45.359380246Z","message":"  event: 'studio.command_polled',","level":"info"}
{"message":"  ts: '2026-09-06T06:50:45.345Z',","level":"info","timestamp":"2026-09-06T06:50:45.359385576Z"}
{"message":"  requestId: '8cfcbd88-0c28-4c60-8a6d-28b625dc3fb6',","timestamp":"2026-09-06T06:50:45.359493005Z","level":"info"}
{"level":"info","message":"  sessionId: 'DlvFpLpN0vX1CB5Fvwv9',","timestamp":"2026-09-06T06:50:45.359497975Z"}
{"message":"  status: 'empty'","level":"info","timestamp":"2026-09-06T06:50:45.359502865Z"}
{"message":"}","timestamp":"2026-09-06T06:50:45.359506515Z","level":"info"}
{"level":"info","message":"[ops] {","timestamp":"2026-09-06T06:50:45.359510215Z"}
{"level":"info","message":"  event: 'http_request',","timestamp":"2026-09-06T06:50:45.359515085Z"}
{"level":"info","message":"  ts: '2026-09-06T06:50:45.345Z',","timestamp":"2026-09-06T06:50:45.359518716Z"}
{"level":"info","message":"  requestId: '8cfcbd88-0c28-4c60-8a6d-28b625dc3fb6',","timestamp":"2026-09-06T06:50:45.359522376Z"}
{"timestamp":"2026-09-06T06:50:45.359525996Z","message":"  method: 'GET',","level":"info"}
{"timestamp":"2026-09-06T06:50:45.359529576Z","message":"  route: '/api/studio/mcp/commands/next',","level":"info"}
{"timestamp":"2026-09-06T06:50:45.359533196Z","level":"info","message":"  status: 204,"}
{"timestamp":"2026-09-06T06:50:45.359540056Z","level":"info","message":"  durationMs: 5074"}
{"message":"}","timestamp":"2026-09-06T06:50:45.359543346Z","level":"info"}
{"timestamp":"2026-09-06T06:50:45.440031647Z","level":"info","message":"[ops] {"}
{"timestamp":"2026-09-06T06:50:45.440149206Z","message":"  event: 'http_request',","level":"info"}
{"message":"  ts: '2026-09-06T06:50:45.405Z',","timestamp":"2026-09-06T06:50:45.440152746Z","level":"info"}
{"timestamp":"2026-09-06T06:50:45.440155666Z","level":"info","message":"  requestId: '755639e5-7cc2-400d-9347-92ff34eca24c',"}
{"timestamp":"2026-09-06T06:50:45.440159797Z","level":"info","message":"  method: 'GET',"}
{"message":"  route: '/api/icons/market',","level":"info","timestamp":"2026-09-06T06:50:45.440162977Z"}
{"timestamp":"2026-09-06T06:50:45.440166107Z","level":"info","message":"  status: 200,"}
{"level":"info","timestamp":"2026-09-06T06:50:45.440168837Z","message":"  durationMs: 122"}
{"message":"}","timestamp":"2026-09-06T06:50:45.440171517Z","level":"info"}
{"timestamp":"2026-09-06T06:50:45.495297179Z","message":"}","level":"error"}
{"level":"error","message":"  event: 'security.app_check_rejected',","timestamp":"2026-09-06T06:50:45.495338518Z"}
{"level":"error","message":"[ops] {","timestamp":"2026-09-06T06:50:45.495340598Z"}
{"message":"  ts: '2026-09-06T06:50:45.487Z',","level":"error","timestamp":"2026-09-06T06:50:45.495350638Z"}
{"level":"error","message":"  reason: 'missing_token',","timestamp":"2026-09-06T06:50:45.495356168Z"}
{"level":"error","message":"  mode: 'monitor',","timestamp":"2026-09-06T06:50:45.495364488Z"}
{"level":"error","message":"  route: '/api/icons/market'","timestamp":"2026-09-06T06:50:45.495369308Z"}
{"message":"[ops] {","timestamp":"2026-09-06T06:50:45.632944130Z","level":"info"}
{"message":"  event: 'http_request',","level":"info","timestamp":"2026-09-06T06:50:45.632949290Z"}
{"timestamp":"2026-09-06T06:50:45.632952620Z","level":"info","message":"  ts: '2026-09-06T06:50:45.623Z',"}
{"message":"  requestId: 'd97d1815-9ef8-4c80-9e6b-bce62bfe8fe3',","timestamp":"2026-09-06T06:50:45.632955420Z","level":"info"}
{"timestamp":"2026-09-06T06:50:45.632957900Z","level":"info","message":"  method: 'GET',"}
{"message":"  route: '/api/icons/market',","timestamp":"2026-09-06T06:50:45.632960440Z","level":"info"}
{"level":"info","message":"  status: 200,","timestamp":"2026-09-06T06:50:45.632962820Z"}
{"message":"  durationMs: 136","timestamp":"2026-09-06T06:50:45.632965490Z","level":"info"}
{"timestamp":"2026-09-06T06:50:45.632968330Z","message":"}","level":"info"}
{"timestamp":"2026-09-06T06:50:45.710089633Z","message":"[ops] {","level":"error"}
{"message":"  event: 'security.app_check_rejected',","level":"error","timestamp":"2026-09-06T06:50:45.710094893Z"}
{"level":"error","message":"  ts: '2026-09-06T06:50:45.707Z',","timestamp":"2026-09-06T06:50:45.710105503Z"}
{"message":"  reason: 'missing_token',","level":"error","timestamp":"2026-09-06T06:50:45.710108433Z"}
{"message":"  mode: 'monitor',","level":"error","timestamp":"2026-09-06T06:50:45.710111473Z"}
{"message":"  route: '/api/icons/market'","level":"error","timestamp":"2026-09-06T06:50:45.710114643Z"}
{"timestamp":"2026-09-06T06:50:45.710118213Z","message":"}","level":"error"}
{"message":"[ops] {","level":"info","timestamp":"2026-09-06T06:50:45.853603898Z"}
{"timestamp":"2026-09-06T06:50:45.853610398Z","message":"  event: 'http_request',","level":"info"}
{"message":"  ts: '2026-09-06T06:50:45.851Z',","level":"info","timestamp":"2026-09-06T06:50:45.853614468Z"}
{"level":"info","message":"  requestId: '688dc026-29f4-433d-841b-c3c62d9f9593',","timestamp":"2026-09-06T06:50:45.853618407Z"}
{"timestamp":"2026-09-06T06:50:45.853622127Z","level":"info","message":"  method: 'GET',"}
{"timestamp":"2026-09-06T06:50:45.853625857Z","message":"  route: '/api/icons/market',","level":"info"}
{"level":"info","message":"  status: 200,","timestamp":"2026-09-06T06:50:45.853629387Z"}
{"timestamp":"2026-09-06T06:50:45.853633347Z","message":"  durationMs: 144","level":"info"}
{"timestamp":"2026-09-06T06:50:45.853636697Z","level":"info","message":"}"}
{"message":"[ops] {","timestamp":"2026-09-06T06:50:45.938027915Z","level":"error"}
{"timestamp":"2026-09-06T06:50:45.938035015Z","level":"error","message":"  event: 'security.app_check_rejected',"}
{"level":"error","message":"  ts: '2026-09-06T06:50:45.930Z',","timestamp":"2026-09-06T06:50:45.938038985Z"}
{"timestamp":"2026-09-06T06:50:45.938041765Z","level":"error","message":"  reason: 'missing_token',"}
{"timestamp":"2026-09-06T06:50:45.938044985Z","level":"error","message":"  mode: 'monitor',"}
{"timestamp":"2026-09-06T06:50:45.938048995Z","level":"error","message":"  route: '/api/icons/market'"}
{"message":"}","level":"error","timestamp":"2026-09-06T06:50:45.938052395Z"}
{"timestamp":"2026-09-06T06:50:45.977046639Z","message":"[ops] {","level":"info"}
{"message":"  event: 'http_request',","timestamp":"2026-09-06T06:50:45.977053599Z","level":"info"}
{"timestamp":"2026-09-06T06:50:45.977059139Z","level":"info","message":"  ts: '2026-09-06T06:50:45.968Z',"}
{"level":"info","message":"  requestId: '74a70a79-eb01-4f84-9f4a-3d0e7dacdb8c',","timestamp":"2026-09-06T06:50:45.977063499Z"}
{"level":"info","message":"  method: 'POST',","timestamp":"2026-09-06T06:50:45.977067559Z"}
{"timestamp":"2026-09-06T06:50:45.977071709Z","message":"  route: '/api/studio/mcp/session/ping',","level":"info"}
{"timestamp":"2026-09-06T06:50:45.977075889Z","message":"  status: 200,","level":"info"}
{"level":"info","message":"  durationMs: 322","timestamp":"2026-09-06T06:50:45.977080609Z"}
{"message":"}","timestamp":"2026-09-06T06:50:45.977085679Z","level":"info"}
{"timestamp":"2026-09-06T06:50:46.064211118Z","level":"info","message":"[ops] {"}
{"timestamp":"2026-09-06T06:50:46.064224468Z","level":"info","message":"  event: 'http_request',"}
{"message":"  ts: '2026-09-06T06:50:46.061Z',","timestamp":"2026-09-06T06:50:46.064231868Z","level":"info"}
{"message":"  requestId: 'db0abee2-f9fc-470a-bd78-457223cd57df',","timestamp":"2026-09-06T06:50:46.064238168Z","level":"info"}
{"level":"info","message":"  method: 'GET',","timestamp":"2026-09-06T06:50:46.064244018Z"}
{"message":"  route: '/api/icons/market',","level":"info","timestamp":"2026-09-06T06:50:46.064249508Z"}
{"timestamp":"2026-09-06T06:50:46.064254478Z","level":"info","message":"  status: 200,"}
{"timestamp":"2026-09-06T06:50:46.064259078Z","message":"  durationMs: 132","level":"info"}
{"message":"}","timestamp":"2026-09-06T06:50:46.064262698Z","level":"info"}
{"message":"[ops] {","timestamp":"2026-09-06T06:50:46.281703937Z","level":"error"}
{"level":"error","message":"  event: 'security.app_check_rejected',","timestamp":"2026-09-06T06:50:46.281708337Z"}
{"timestamp":"2026-09-06T06:50:46.281712667Z","message":"  ts: '2026-09-06T06:50:46.143Z',","level":"error"}
{"message":"  reason: 'missing_token',","timestamp":"2026-09-06T06:50:46.281718197Z","level":"error"}
{"level":"error","message":"  mode: 'monitor',","timestamp":"2026-09-06T06:50:46.281722166Z"}
{"timestamp":"2026-09-06T06:50:46.281725906Z","level":"error","message":"  route: '/api/icons/market'"}
{"level":"error","message":"}","timestamp":"2026-09-06T06:50:46.281729996Z"}
{"timestamp":"2026-09-06T06:50:46.281734376Z","level":"info","message":"[ops] {"}
{"message":"  event: 'http_request',","timestamp":"2026-09-06T06:50:46.281738086Z","level":"info"}
{"message":"  ts: '2026-09-06T06:50:46.263Z',","timestamp":"2026-09-06T06:50:46.281741786Z","level":"info"}
{"message":"  requestId: 'f22ac183-813d-476d-8473-1d998ab14c01',","timestamp":"2026-09-06T06:50:46.281746086Z","level":"info"}
{"message":"  method: 'GET',","timestamp":"2026-09-06T06:50:46.281749336Z","level":"info"}
{"timestamp":"2026-09-06T06:50:46.281753966Z","message":"  route: '/api/icons/market',","level":"info"}
{"timestamp":"2026-09-06T06:50:46.281757416Z","message":"  status: 200,","level":"info"}
{"level":"info","message":"  durationMs: 120","timestamp":"2026-09-06T06:50:46.281772766Z"}
{"level":"info","message":"}","timestamp":"2026-09-06T06:50:46.281776186Z"}
{"level":"error","message":"[ops] {","timestamp":"2026-09-06T06:50:46.361694942Z"}
{"timestamp":"2026-09-06T06:50:46.361698052Z","level":"error","message":"  event: 'security.app_check_rejected',"}
{"timestamp":"2026-09-06T06:50:46.361702302Z","level":"error","message":"  ts: '2026-09-06T06:50:46.346Z',"}
{"timestamp":"2026-09-06T06:50:46.361705402Z","level":"error","message":"  reason: 'missing_token',"}
{"timestamp":"2026-09-06T06:50:46.361708182Z","level":"error","message":"  mode: 'monitor',"}
{"level":"error","timestamp":"2026-09-06T06:50:46.361711292Z","message":"  route: '/api/icons/market'"}
{"message":"}","timestamp":"2026-09-06T06:50:46.361714752Z","level":"error"}
{"message":"[ops] {","timestamp":"2026-09-06T06:50:46.505613214Z","level":"info"}
{"level":"info","message":"  event: 'http_request',","timestamp":"2026-09-06T06:50:46.505620483Z"}
{"timestamp":"2026-09-06T06:50:46.505624733Z","level":"info","message":"  ts: '2026-09-06T06:50:46.481Z',"}
{"message":"  requestId: 'd289574f-d4a1-4c25-beb1-238fdf21c667',","timestamp":"2026-09-06T06:50:46.505628473Z","level":"info"}
{"level":"info","timestamp":"2026-09-06T06:50:46.505633153Z","message":"  method: 'GET',"}
{"timestamp":"2026-09-06T06:50:46.505636813Z","level":"info","message":"  route: '/api/icons/market',"}
{"timestamp":"2026-09-06T06:50:46.505640073Z","level":"info","message":"  status: 200,"}
{"timestamp":"2026-09-06T06:50:46.505645853Z","message":"  durationMs: 135","level":"info"}
{"level":"info","message":"}","timestamp":"2026-09-06T06:50:46.505649663Z"}
{"timestamp":"2026-09-06T06:50:46.567280995Z","level":"error","message":"[ops] {"}
{"level":"error","timestamp":"2026-09-06T06:50:46.567284955Z","message":"  event: 'security.app_check_rejected',"}
{"level":"error","message":"  ts: '2026-09-06T06:50:46.564Z',","timestamp":"2026-09-06T06:50:46.567289635Z"}
{"timestamp":"2026-09-06T06:50:46.567293265Z","level":"error","message":"  reason: 'missing_token',"}
{"message":"  mode: 'monitor',","timestamp":"2026-09-06T06:50:46.567296915Z","level":"error"}
{"message":"  route: '/api/icons/market'","timestamp":"2026-09-06T06:50:46.567300215Z","level":"error"}
{"message":"}","level":"error","timestamp":"2026-09-06T06:50:46.567303445Z"}
{"message":"}","timestamp":"2026-09-06T06:50:46.707003743Z","level":"info"}
{"message":"[ops] {","timestamp":"2026-09-06T06:50:46.707011833Z","level":"info"}
{"timestamp":"2026-09-06T06:50:46.707019703Z","level":"info","message":"  event: 'http_request',"}
{"level":"info","timestamp":"2026-09-06T06:50:46.707024093Z","message":"  ts: '2026-09-06T06:50:46.706Z',"}
{"level":"info","timestamp":"2026-09-06T06:50:46.707027663Z","message":"  requestId: '2cf39993-3392-4751-9c4a-0948d3a7b28b',"}
{"timestamp":"2026-09-06T06:50:46.707031073Z","message":"  method: 'GET',","level":"info"}
{"level":"info","timestamp":"2026-09-06T06:50:46.707035203Z","message":"  route: '/api/icons/market',"}
{"timestamp":"2026-09-06T06:50:46.707039033Z","level":"info","message":"  status: 200,"}
{"level":"info","message":"  durationMs: 142","timestamp":"2026-09-06T06:50:46.707043483Z"}
{"message":"[ops] {","timestamp":"2026-09-06T06:50:46.751547902Z","level":"info"}
{"level":"info","message":"  event: 'http_request',","timestamp":"2026-09-06T06:50:46.751559772Z"}
{"timestamp":"2026-09-06T06:50:46.751566612Z","level":"info","message":"  ts: '2026-09-06T06:50:46.737Z',"}
{"message":"  requestId: '20162c14-bf99-4948-8b8f-846e08c669c1',","level":"info","timestamp":"2026-09-06T06:50:46.751572102Z"}
{"level":"info","timestamp":"2026-09-06T06:50:46.751579522Z","message":"  method: 'OPTIONS',"}
{"level":"info","timestamp":"2026-09-06T06:50:46.751585212Z","message":"  route: '/api/v2/events',"}
{"level":"info","timestamp":"2026-09-06T06:50:46.751591312Z","message":"  status: 204,"}
{"timestamp":"2026-09-06T06:50:46.751597432Z","level":"info","message":"  durationMs: 0"}
{"timestamp":"2026-09-06T06:50:46.751602792Z","level":"info","message":"}"}
{"message":"[ops] {","timestamp":"2026-09-06T06:50:46.794423151Z","level":"error"}
{"message":"  event: 'security.app_check_rejected',","level":"error","timestamp":"2026-09-06T06:50:46.794427351Z"}
{"message":"  ts: '2026-09-06T06:50:46.785Z',","level":"error","timestamp":"2026-09-06T06:50:46.794430801Z"}
{"level":"error","timestamp":"2026-09-06T06:50:46.794435581Z","message":"  reason: 'missing_token',"}
{"timestamp":"2026-09-06T06:50:46.794445211Z","level":"error","message":"  mode: 'monitor',"}
{"message":"  route: '/api/icons/market'","timestamp":"2026-09-06T06:50:46.794449831Z","level":"error"}
{"message":"}","timestamp":"2026-09-06T06:50:46.794453631Z","level":"error"}
{"message":"[ops] {","timestamp":"2026-09-06T06:50:46.892965650Z","level":"info"}
{"level":"info","timestamp":"2026-09-06T06:50:46.892970169Z","message":"  event: 'http_request',"}
{"timestamp":"2026-09-06T06:50:46.892973009Z","level":"info","message":"  ts: '2026-09-06T06:50:46.888Z',"}
{"message":"  requestId: '6fba6ec9-0b9d-40c5-bc57-334f788ba17c',","level":"info","timestamp":"2026-09-06T06:50:46.892976019Z"}
{"message":"  method: 'OPTIONS',","timestamp":"2026-09-06T06:50:46.892978769Z","level":"info"}
{"level":"info","message":"  route: '/api/studio/mcp/status',","timestamp":"2026-09-06T06:50:46.892981889Z"}
{"message":"  status: 204,","timestamp":"2026-09-06T06:50:46.892984299Z","level":"info"}
{"timestamp":"2026-09-06T06:50:46.892986809Z","level":"info","message":"  durationMs: 0"}
{"message":"}","timestamp":"2026-09-06T06:50:46.892989389Z","level":"info"}
{"message":"[ops] {","timestamp":"2026-09-06T06:50:46.892992259Z","level":"info"}
{"message":"  event: 'http_request',","timestamp":"2026-09-06T06:50:46.892995859Z","level":"info"}
{"level":"info","message":"  ts: '2026-09-06T06:50:46.889Z',","timestamp":"2026-09-06T06:50:46.892998759Z"}
{"level":"info","message":"  requestId: 'efb34c26-aaf3-4ef8-810d-c62050bdb6e2',","timestamp":"2026-09-06T06:50:46.893001679Z"}
{"timestamp":"2026-09-06T06:50:46.893004629Z","message":"  method: 'OPTIONS',","level":"info"}
{"message":"  route: '/api/studio/status',","level":"info","timestamp":"2026-09-06T06:50:46.893007849Z"}
{"message":"  status: 204,","timestamp":"2026-09-06T06:50:46.893010309Z","level":"info"}
{"level":"info","message":"  durationMs: 0","timestamp":"2026-09-06T06:50:46.893013049Z"}
{"timestamp":"2026-09-06T06:50:46.893016149Z","message":"}","level":"info"}
{"level":"error","message":"[ops] {","timestamp":"2026-09-06T06:50:46.904869555Z"}
{"message":"  event: 'security.app_check_rejected',","level":"error","timestamp":"2026-09-06T06:50:46.904874685Z"}
{"level":"error","timestamp":"2026-09-06T06:50:46.904877975Z","message":"  ts: '2026-09-06T06:50:46.899Z',"}
{"level":"error","message":"  reason: 'missing_token',","timestamp":"2026-09-06T06:50:46.904880995Z"}
{"timestamp":"2026-09-06T06:50:46.904883635Z","message":"  mode: 'monitor',","level":"error"}
{"timestamp":"2026-09-06T06:50:46.904886135Z","message":"  route: '/api/v2/events'","level":"error"}
{"level":"error","message":"}","timestamp":"2026-09-06T06:50:46.904888715Z"}
{"timestamp":"2026-09-06T06:50:46.972216429Z","level":"info","message":"[ops] {"}
{"message":"  event: 'http_request',","timestamp":"2026-09-06T06:50:46.972224419Z","level":"info"}
{"message":"  ts: '2026-09-06T06:50:46.962Z',","timestamp":"2026-09-06T06:50:46.972228139Z","level":"info"}
{"timestamp":"2026-09-06T06:50:46.972231609Z","message":"  requestId: '6f1ce22d-5468-4737-b533-be1c373dc569',","level":"info"}
{"timestamp":"2026-09-06T06:50:46.972234789Z","level":"info","message":"  method: 'GET',"}
{"timestamp":"2026-09-06T06:50:46.972238789Z","level":"info","message":"  route: '/api/icons/market',"}
{"timestamp":"2026-09-06T06:50:46.972242279Z","message":"  status: 200,","level":"info"}
{"timestamp":"2026-09-06T06:50:46.972247389Z","level":"info","message":"  durationMs: 177"}
{"timestamp":"2026-09-06T06:50:46.972250129Z","message":"}","level":"info"}
{"timestamp":"2026-09-06T06:50:47.278870414Z","level":"error","message":"[ops] {"}
{"timestamp":"2026-09-06T06:50:47.278873344Z","level":"error","message":"  event: 'security.app_check_rejected',"}
{"message":"  ts: '2026-09-06T06:50:47.052Z',","timestamp":"2026-09-06T06:50:47.278876924Z","level":"error"}
{"level":"error","timestamp":"2026-09-06T06:50:47.278880784Z","message":"  reason: 'missing_token',"}
{"message":"  mode: 'monitor',","timestamp":"2026-09-06T06:50:47.278884414Z","level":"error"}
{"level":"error","timestamp":"2026-09-06T06:50:47.278887884Z","message":"  route: '/api/studio/mcp/status'"}
{"timestamp":"2026-09-06T06:50:47.278890944Z","message":"}","level":"error"}
{"level":"error","timestamp":"2026-09-06T06:50:47.278894954Z","message":"[ops] {"}
{"level":"error","message":"  event: 'security.app_check_rejected',","timestamp":"2026-09-06T06:50:47.278898164Z"}
{"message":"  ts: '2026-09-06T06:50:47.060Z',","level":"error","timestamp":"2026-09-06T06:50:47.278901514Z"}
{"level":"error","message":"  reason: 'missing_token',","timestamp":"2026-09-06T06:50:47.278904634Z"}
{"message":"  mode: 'monitor',","timestamp":"2026-09-06T06:50:47.278908544Z","level":"error"}
{"timestamp":"2026-09-06T06:50:47.278911904Z","level":"error","message":"  route: '/api/studio/status'"}
{"message":"}","level":"error","timestamp":"2026-09-06T06:50:47.278914944Z"}
{"timestamp":"2026-09-06T06:50:47.278918554Z","level":"error","message":"[ops] {"}
{"timestamp":"2026-09-06T06:50:47.278922224Z","message":"  event: 'security.app_check_rejected',","level":"error"}
{"timestamp":"2026-09-06T06:50:47.278925804Z","level":"error","message":"  ts: '2026-09-06T06:50:47.191Z',"}
{"level":"error","message":"  reason: 'missing_token',","timestamp":"2026-09-06T06:50:47.278929004Z"}
{"timestamp":"2026-09-06T06:50:47.278931924Z","message":"  mode: 'monitor',","level":"error"}
{"timestamp":"2026-09-06T06:50:47.278935424Z","level":"error","message":"  route: '/api/icons/market'"}
{"timestamp":"2026-09-06T06:50:47.278938274Z","message":"}","level":"error"}
{"level":"info","message":"  requestId: '35f587e7-6435-4c37-99fc-80a7ad2f174d',","timestamp":"2026-09-06T06:50:47.332087689Z"}
{"message":"  method: 'GET',","timestamp":"2026-09-06T06:50:47.332093099Z","level":"info"}
{"level":"info","message":"  route: '/api/studio/mcp/status',","timestamp":"2026-09-06T06:50:47.332097109Z"}
{"level":"info","timestamp":"2026-09-06T06:50:47.332100729Z","message":"  status: 200,"}
{"timestamp":"2026-09-06T06:50:47.332103929Z","message":"  durationMs: 276","level":"info"}
{"level":"info","timestamp":"2026-09-06T06:50:47.332107399Z","message":"}"}
{"timestamp":"2026-09-06T06:50:47.332148559Z","level":"info","message":"[ops] {"}
{"level":"info","message":"  event: 'http_request',","timestamp":"2026-09-06T06:50:47.332152749Z"}
{"level":"info","message":"  ts: '2026-09-06T06:50:47.329Z',","timestamp":"2026-09-06T06:50:47.332157208Z"}
{"level":"info","message":"[ops] {","timestamp":"2026-09-06T06:50:47.349328959Z"}
{"timestamp":"2026-09-06T06:50:47.349332559Z","message":"  event: 'http_request',","level":"info"}
{"level":"info","message":"  ts: '2026-09-06T06:50:47.341Z',","timestamp":"2026-09-06T06:50:47.349336379Z"}
{"level":"info","message":"  requestId: '0807848b-f0d2-45f6-aa80-95bbd94a2bb0',","timestamp":"2026-09-06T06:50:47.349341979Z"}
{"level":"info","timestamp":"2026-09-06T06:50:47.349346249Z","message":"  method: 'GET',"}
{"message":"  route: '/api/icons/market',","timestamp":"2026-09-06T06:50:47.349349669Z","level":"info"}
{"timestamp":"2026-09-06T06:50:47.349353019Z","level":"info","message":"  status: 200,"}
{"level":"info","message":"  durationMs: 150","timestamp":"2026-09-06T06:50:47.349355909Z"}
{"timestamp":"2026-09-06T06:50:47.349358749Z","level":"info","message":"}"}
{"level":"error","message":"  reason: 'missing_token',","timestamp":"2026-09-06T06:50:47.434095965Z"}
{"message":"  mode: 'monitor',","timestamp":"2026-09-06T06:50:47.434108065Z","level":"error"}
{"level":"error","timestamp":"2026-09-06T06:50:47.434114095Z","message":"  route: '/api/icons/market'"}
{"timestamp":"2026-09-06T06:50:47.434124935Z","level":"error","message":"[ops] {"}
{"message":"  event: 'security.app_check_rejected',","timestamp":"2026-09-06T06:50:47.434129955Z","level":"error"}
{"message":"  ts: '2026-09-06T06:50:47.424Z',","timestamp":"2026-09-06T06:50:47.434135045Z","level":"error"}
{"timestamp":"2026-09-06T06:50:47.434135255Z","level":"error","message":"}"}
{"message":"[ops] {","level":"info","timestamp":"2026-09-06T06:50:47.475812402Z"}
{"timestamp":"2026-09-06T06:50:47.475815782Z","level":"info","message":"  event: 'http_request',"}
{"message":"  ts: '2026-09-06T06:50:47.468Z',","level":"info","timestamp":"2026-09-06T06:50:47.475819422Z"}
{"timestamp":"2026-09-06T06:50:47.475823822Z","level":"info","message":"  requestId: '8874b4ce-8bba-4e18-a3a0-c693c01312da',"}
{"message":"  method: 'GET',","timestamp":"2026-09-06T06:50:47.475826942Z","level":"info"}
{"timestamp":"2026-09-06T06:50:47.475830302Z","level":"info","message":"  route: '/api/v2/events',"}
{"timestamp":"2026-09-06T06:50:47.475833472Z","level":"info","message":"  status: 200,"}
{"level":"info","timestamp":"2026-09-06T06:50:47.475837312Z","message":"  durationMs: 569"}
{"level":"info","timestamp":"2026-09-06T06:50:47.475840662Z","message":"}"}
{"level":"info","timestamp":"2026-09-06T06:50:47.562681333Z","message":"}"}
{"level":"info","message":"[ops] {","timestamp":"2026-09-06T06:50:47.562694533Z"}
{"level":"info","message":"  event: 'http_request',","timestamp":"2026-09-06T06:50:47.562698043Z"}
{"level":"info","message":"  ts: '2026-09-06T06:50:47.543Z',","timestamp":"2026-09-06T06:50:47.562701233Z"}
{"timestamp":"2026-09-06T06:50:47.562704863Z","message":"  requestId: 'c1c9df6a-2cc3-485f-af42-dde0479905ff',","level":"info"}
{"message":"  method: 'GET',","timestamp":"2026-09-06T06:50:47.562707623Z","level":"info"}
{"message":"  route: '/api/icons/market',","level":"info","timestamp":"2026-09-06T06:50:47.562710323Z"}
{"timestamp":"2026-09-06T06:50:47.562713013Z","level":"info","message":"  status: 200,"}
{"timestamp":"2026-09-06T06:50:47.562716373Z","level":"info","message":"  durationMs: 119"}
{"level":"info","message":"[ops] {","timestamp":"2026-09-06T06:50:47.613450983Z"}
{"message":"  event: 'http_request',","timestamp":"2026-09-06T06:50:47.613453953Z","level":"info"}
{"timestamp":"2026-09-06T06:50:47.613456603Z","level":"info","message":"  ts: '2026-09-06T06:50:47.594Z',"}
{"timestamp":"2026-09-06T06:50:47.613459233Z","message":"  requestId: '23336ce0-681e-42c4-855b-c0f8f8fa2fa4',","level":"info"}
{"level":"info","timestamp":"2026-09-06T06:50:47.613461793Z","message":"  method: 'GET',"}
{"message":"  route: '/api/studio/status',","timestamp":"2026-09-06T06:50:47.613464823Z","level":"info"}
{"level":"info","timestamp":"2026-09-06T06:50:47.613467623Z","message":"  status: 200,"}
{"level":"info","message":"  durationMs: 534","timestamp":"2026-09-06T06:50:47.613471143Z"}
{"message":"}","timestamp":"2026-09-06T06:50:47.613473763Z","level":"info"}
{"level":"info","outputTokens":1824,"outputChars":23,"responseFormat":"json_schema","model":"google/gemini-2.5-flash","timestamp":"2026-09-06T06:50:47.929746598Z","event":"workflow.model_response","codeFenced":false,"finishReason":"stop","requestId":"41fce7bc-4bf1-4287-9e8a-653ea9a02085","message":"","requestType":"workflow_orchestration"}
{"diagnostics":null,"attempt":"initial","level":"error","message":"","event":"workflow.planner_validation_failed","requestId":"41fce7bc-4bf1-4287-9e8a-653ea9a02085","validationErrors":["classification must be project, script, or ui","summary must be a non-empty string","userExperience must be an array","systemsAffected must be an array","objectsToCreate must be an array","objectsToModify must be an array","constraints must be an array","assumptions must be an array","risks must be an array","assetsRequired must be an array","implementationSteps must contain at least one work step","verificationSteps must contain at least one verification step","capabilities must be an array","studioRequired must be a boolean","gameIntelligence must be an object","stagedExecution must be an object"],"timestamp":"2026-09-06T06:50:47.929750648Z"}
{"event":"workflow.model_request","requestId":"41fce7bc-4bf1-4287-9e8a-653ea9a02085:schema-repair","message":"","requestType":"workflow_orchestration_schema_repair","model":"google/gemini-2.5-flash","level":"info","timestamp":"2026-09-06T06:50:48.360773968Z"}
{"message":"[ops] {","level":"info","timestamp":"2026-09-06T06:50:49.333672949Z"}
{"timestamp":"2026-09-06T06:50:49.333676489Z","level":"info","message":"  event: 'http_request',"}
{"level":"info","message":"  ts: '2026-09-06T06:50:49.231Z',","timestamp":"2026-09-06T06:50:49.333679609Z"}
{"message":"  requestId: 'c7c0dbd0-8497-46f9-9d0d-6b446f436283',","level":"info","timestamp":"2026-09-06T06:50:49.333682419Z"}
{"timestamp":"2026-09-06T06:50:49.333685079Z","level":"info","message":"  method: 'OPTIONS',"}
{"level":"info","message":"  route: '/api/v2/events',","timestamp":"2026-09-06T06:50:49.333688209Z"}
{"level":"info","timestamp":"2026-09-06T06:50:49.333690799Z","message":"  status: 204,"}
{"timestamp":"2026-09-06T06:50:49.333693778Z","level":"info","message":"  durationMs: 1"}
{"level":"info","message":"}","timestamp":"2026-09-06T06:50:49.333696858Z"}
{"message":"[ops] {","timestamp":"2026-09-06T06:50:49.405147048Z","level":"error"}
{"level":"error","message":"  event: 'security.app_check_rejected',","timestamp":"2026-09-06T06:50:49.405149938Z"}
{"timestamp":"2026-09-06T06:50:49.405153498Z","level":"error","message":"  ts: '2026-09-06T06:50:49.393Z',"}
{"level":"error","message":"  reason: 'missing_token',","timestamp":"2026-09-06T06:50:49.405157068Z"}
{"message":"  mode: 'monitor',","timestamp":"2026-09-06T06:50:49.405160458Z","level":"error"}
{"timestamp":"2026-09-06T06:50:49.405163368Z","level":"error","message":"  route: '/api/v2/events'"}
{"timestamp":"2026-09-06T06:50:49.405166708Z","level":"error","message":"}"}
{"timestamp":"2026-09-06T06:50:49.558928838Z","level":"info","message":"[ops] {"}
{"message":"  event: 'studio.plugin_compatibility_handshake',","level":"info","timestamp":"2026-09-06T06:50:49.558940568Z"}
{"timestamp":"2026-09-06T06:50:49.558947577Z","level":"info","message":"  ts: '2026-09-06T06:50:49.552Z',"}
{"timestamp":"2026-09-06T06:50:49.558952397Z","level":"info","message":"  requestId: '5cf6e7d8-798f-4d3e-aa05-3f6db7da1496',"}
{"level":"info","message":"  sessionId: 'MLq8J3mhz56J6BRsAeQe',","timestamp":"2026-09-06T06:50:49.558956777Z"}
{"level":"info","timestamp":"2026-09-06T06:50:49.558961097Z","message":"  userId: '0VSQotqOXxPXBLeQu1gUNkXELWH3',"}
{"timestamp":"2026-09-06T06:50:49.558964817Z","message":"  status: 'compatible',","level":"info"}
{"level":"info","message":"  reasonCodes: [],","timestamp":"2026-09-06T06:50:49.558969247Z"}
{"message":"  buildId: 'nexusrbx-studio-0.14.0-r15-animation.12-toolbox',","level":"info","timestamp":"2026-09-06T06:50:49.558973287Z"}
{"level":"info","message":"  attestationWritten: false,","timestamp":"2026-09-06T06:50:49.558977537Z"}
{"message":"  repairDurationMs: 491","level":"info","timestamp":"2026-09-06T06:50:49.558981067Z"}
{"level":"info","message":"}","timestamp":"2026-09-06T06:50:49.558986137Z"}
{"level":"info","timestamp":"2026-09-06T06:50:49.558989777Z","message":"[ops] {"}
{"timestamp":"2026-09-06T06:50:49.558993737Z","message":"  event: 'http_request',","level":"info"}
{"level":"info","timestamp":"2026-09-06T06:50:49.558997077Z","message":"  ts: '2026-09-06T06:50:49.553Z',"}
{"timestamp":"2026-09-06T06:50:49.559000467Z","level":"info","message":"  requestId: '5cf6e7d8-798f-4d3e-aa05-3f6db7da1496',"}
{"timestamp":"2026-09-06T06:50:49.559003617Z","level":"info","message":"  method: 'POST',"}
{"level":"info","message":"  route: '/api/studio/session/ping',","timestamp":"2026-09-06T06:50:49.559007277Z"}
{"message":"  status: 200,","level":"info","timestamp":"2026-09-06T06:50:49.559011667Z"}
{"level":"info","message":"  durationMs: 546","timestamp":"2026-09-06T06:50:49.559016077Z"}
{"message":"}","level":"info","timestamp":"2026-09-06T06:50:49.559019477Z"}
{"message":"[ops] {","timestamp":"2026-09-06T06:50:49.914269895Z","level":"info"}
{"level":"info","message":"  event: 'studio.command_polled',","timestamp":"2026-09-06T06:50:49.914273875Z"}
{"level":"info","message":"  ts: '2026-09-06T06:50:49.906Z',","timestamp":"2026-09-06T06:50:49.914277015Z"}
{"message":"  requestId: 'b388a688-2798-47fe-ad59-8d64d28516b1',","level":"info","timestamp":"2026-09-06T06:50:49.914279595Z"}
{"timestamp":"2026-09-06T06:50:49.914282685Z","level":"info","message":"  sessionId: 'Iog4rWn0F2wcGR9xp3Jq',"}
{"timestamp":"2026-09-06T06:50:49.914285845Z","message":"  status: 'empty'","level":"info"}
{"timestamp":"2026-09-06T06:50:49.914288595Z","message":"}","level":"info"}
{"timestamp":"2026-09-06T06:50:49.914291075Z","level":"info","message":"[ops] {"}
{"message":"  event: 'http_request',","timestamp":"2026-09-06T06:50:49.914293655Z","level":"info"}
{"message":"  ts: '2026-09-06T06:50:49.906Z',","timestamp":"2026-09-06T06:50:49.914296445Z","level":"info"}
{"level":"info","timestamp":"2026-09-06T06:50:49.914299515Z","message":"  requestId: 'b388a688-2798-47fe-ad59-8d64d28516b1',"}
{"message":"  method: 'GET',","timestamp":"2026-09-06T06:50:49.914302325Z","level":"info"}
{"level":"info","message":"  route: '/api/studio/commands/next',","timestamp":"2026-09-06T06:50:49.914305035Z"}
{"timestamp":"2026-09-06T06:50:49.914308415Z","message":"  status: 204,","level":"info"}
{"level":"info","message":"  durationMs: 24056","timestamp":"2026-09-06T06:50:49.914311205Z"}
{"timestamp":"2026-09-06T06:50:49.914314235Z","message":"}","level":"info"}
{"level":"info","message":"[ops] {","timestamp":"2026-09-06T06:50:50.001648314Z"}
{"timestamp":"2026-09-06T06:50:50.001654594Z","message":"  event: 'http_request',","level":"info"}
{"timestamp":"2026-09-06T06:50:50.001659494Z","level":"info","message":"  ts: '2026-09-06T06:50:49.997Z',"}
{"timestamp":"2026-09-06T06:50:50.001663084Z","message":"  requestId: '0c0cf596-0d4c-4de0-b443-6319e3a24d55',","level":"info"}
{"message":"  method: 'GET',","level":"info","timestamp":"2026-09-06T06:50:50.001666524Z"}
{"message":"  route: '/api/v2/events',","level":"info","timestamp":"2026-09-06T06:50:50.001670434Z"}
{"level":"info","message":"  status: 200,","timestamp":"2026-09-06T06:50:50.001674174Z"}
{"timestamp":"2026-09-06T06:50:50.001678274Z","message":"  durationMs: 604","level":"info"}
{"message":"}","level":"info","timestamp":"2026-09-06T06:50:50.001681744Z"}
{"timestamp":"2026-09-06T06:50:51.778274504Z","level":"info","message":"[ops] {"}
{"message":"  event: 'http_request',","level":"info","timestamp":"2026-09-06T06:50:51.778278874Z"}
{"message":"  ts: '2026-09-06T06:50:51.731Z',","level":"info","timestamp":"2026-09-06T06:50:51.778283034Z"}
{"level":"info","message":"  requestId: '42ef6124-4d43-49e3-895e-0aae2c287132',","timestamp":"2026-09-06T06:50:51.778287774Z"}
{"level":"info","message":"  method: 'OPTIONS',","timestamp":"2026-09-06T06:50:51.778292174Z"}
{"message":"  route: '/api/v2/agents/active',","level":"info","timestamp":"2026-09-06T06:50:51.778296724Z"}
{"level":"info","message":"  status: 204,","timestamp":"2026-09-06T06:50:51.778301374Z"}
{"level":"info","message":"  durationMs: 0","timestamp":"2026-09-06T06:50:51.778306034Z"}
{"timestamp":"2026-09-06T06:50:51.778310954Z","message":"}","level":"info"}
{"message":"[ops] {","timestamp":"2026-09-06T06:50:51.778315823Z","level":"info"}
{"level":"info","timestamp":"2026-09-06T06:50:51.778320243Z","message":"  event: 'http_request',"}
{"timestamp":"2026-09-06T06:50:51.778325743Z","level":"info","message":"  ts: '2026-09-06T06:50:51.736Z',"}
{"message":"  requestId: 'c18b5524-9cec-432d-965e-2beef85b6a95',","timestamp":"2026-09-06T06:50:51.778330183Z","level":"info"}
{"timestamp":"2026-09-06T06:50:51.778334533Z","level":"info","message":"  method: 'OPTIONS',"}
{"level":"info","message":"  route: '/api/v2/events',","timestamp":"2026-09-06T06:50:51.778338233Z"}
{"timestamp":"2026-09-06T06:50:51.778341913Z","message":"  status: 204,","level":"info"}
{"level":"info","message":"  durationMs: 0","timestamp":"2026-09-06T06:50:51.778345893Z"}
{"timestamp":"2026-09-06T06:50:51.778350263Z","level":"info","message":"}"}
{"message":"[ops] {","timestamp":"2026-09-06T06:50:51.778355023Z","level":"info"}
{"level":"info","message":"  event: 'studio.command_polled',","timestamp":"2026-09-06T06:50:51.778359383Z"}
{"level":"info","timestamp":"2026-09-06T06:50:51.778363953Z","message":"  ts: '2026-09-06T06:50:51.770Z',"}
{"level":"info","timestamp":"2026-09-06T06:50:51.778368753Z","message":"  requestId: 'b7dfea69-6953-4fb4-b3a4-41c19c0b2ece',"}
{"timestamp":"2026-09-06T06:50:51.778372953Z","level":"info","message":"  sessionId: 'MLq8J3mhz56J6BRsAeQe',"}
{"message":"  status: 'empty'","level":"info","timestamp":"2026-09-06T06:50:51.778377293Z"}
{"message":"}","level":"info","timestamp":"2026-09-06T06:50:51.778381593Z"}
{"timestamp":"2026-09-06T06:50:51.778385553Z","level":"info","message":"[ops] {"}
{"timestamp":"2026-09-06T06:50:51.778389443Z","message":"  event: 'http_request',","level":"info"}
{"message":"  ts: '2026-09-06T06:50:51.770Z',","timestamp":"2026-09-06T06:50:51.778393853Z","level":"info"}
{"message":"  requestId: 'b7dfea69-6953-4fb4-b3a4-41c19c0b2ece',","timestamp":"2026-09-06T06:50:51.778399603Z","level":"info"}
{"message":"  method: 'GET',","timestamp":"2026-09-06T06:50:51.778403363Z","level":"info"}
{"timestamp":"2026-09-06T06:50:51.778827330Z","message":"  route: '/api/studio/commands/next',","level":"info"}
{"level":"info","timestamp":"2026-09-06T06:50:51.778832970Z","message":"  status: 204,"}
{"message":"  durationMs: 24395","timestamp":"2026-09-06T06:50:51.778836510Z","level":"info"}
{"timestamp":"2026-09-06T06:50:51.778839970Z","level":"info","message":"}"}
{"message":"[ops] {","timestamp":"2026-09-06T06:50:51.927410272Z","level":"error"}
{"message":"  event: 'security.app_check_rejected',","level":"error","timestamp":"2026-09-06T06:50:51.927415412Z"}
{"level":"error","message":"  ts: '2026-09-06T06:50:51.902Z',","timestamp":"2026-09-06T06:50:51.927418382Z"}
{"level":"error","message":"  reason: 'missing_token',","timestamp":"2026-09-06T06:50:51.927420942Z"}
{"message":"  mode: 'monitor',","timestamp":"2026-09-06T06:50:51.927423862Z","level":"error"}
{"message":"  route: '/api/v2/agents/active'","level":"error","timestamp":"2026-09-06T06:50:51.927426352Z"}
{"message":"}","timestamp":"2026-09-06T06:50:51.927428732Z","level":"error"}
{"timestamp":"2026-09-06T06:50:51.927430952Z","level":"error","message":"[ops] {"}
{"timestamp":"2026-09-06T06:50:51.927433142Z","level":"error","message":"  event: 'security.app_check_rejected',"}
{"message":"  ts: '2026-09-06T06:50:51.903Z',","timestamp":"2026-09-06T06:50:51.927435592Z","level":"error"}
{"timestamp":"2026-09-06T06:50:51.927438702Z","level":"error","message":"  reason: 'missing_token',"}
{"message":"  mode: 'monitor',","timestamp":"2026-09-06T06:50:51.927441842Z","level":"error"}
{"message":"  route: '/api/v2/events'","timestamp":"2026-09-06T06:50:51.927444252Z","level":"error"}
{"message":"}","timestamp":"2026-09-06T06:50:51.927447092Z","level":"error"}
{"timestamp":"2026-09-06T06:50:51.968793571Z","message":"  status: 200,","level":"info"}
{"timestamp":"2026-09-06T06:50:51.968798961Z","level":"info","message":"  durationMs: 60"}
{"message":"}","level":"info","timestamp":"2026-09-06T06:50:51.968803761Z"}
{"timestamp":"2026-09-06T06:50:51.968819941Z","message":"[ops] {","level":"info"}
{"timestamp":"2026-09-06T06:50:51.968831801Z","level":"info","message":"  event: 'http_request',"}
{"message":"  ts: '2026-09-06T06:50:51.961Z',","timestamp":"2026-09-06T06:50:51.968837691Z","level":"info"}
{"timestamp":"2026-09-06T06:50:51.968841881Z","message":"  requestId: '344b43ae-576c-479b-9675-c9cdac20ea9f',","level":"info"}
{"message":"  method: 'GET',","timestamp":"2026-09-06T06:50:51.968845511Z","level":"info"}
{"message":"  route: '/api/v2/agents/active',","timestamp":"2026-09-06T06:50:51.968850031Z","level":"info"}
{"timestamp":"2026-09-06T06:50:52.533613887Z","level":"info","message":"[ops] {"}
{"level":"info","message":"  event: 'http_request',","timestamp":"2026-09-06T06:50:52.533619197Z"}
{"message":"  ts: '2026-09-06T06:50:52.527Z',","timestamp":"2026-09-06T06:50:52.533623597Z","level":"info"}
{"message":"  requestId: '8576101b-60d6-4714-b603-f6a3db136f54',","timestamp":"2026-09-06T06:50:52.533626897Z","level":"info"}
{"message":"  method: 'GET',","timestamp":"2026-09-06T06:50:52.533630027Z","level":"info"}
{"level":"info","timestamp":"2026-09-06T06:50:52.533633217Z","message":"  route: '/api/v2/events',"}
{"message":"  status: 200,","timestamp":"2026-09-06T06:50:52.533636047Z","level":"info"}
{"timestamp":"2026-09-06T06:50:52.533639197Z","level":"info","message":"  durationMs: 625"}
{"timestamp":"2026-09-06T06:50:52.533642677Z","level":"info","message":"}"}
{"timestamp":"2026-09-06T06:50:53.448422385Z","level":"info","message":"  status: 204,"}
{"timestamp":"2026-09-06T06:50:53.448433485Z","level":"info","message":"  durationMs: 5085"}
{"message":"}","timestamp":"2026-09-06T06:50:53.448438075Z","level":"info"}
{"message":"[ops] {","timestamp":"2026-09-06T06:50:53.448455995Z","level":"info"}
{"level":"info","message":"  event: 'studio.command_polled',","timestamp":"2026-09-06T06:50:53.448459965Z"}
{"timestamp":"2026-09-06T06:50:53.448464815Z","level":"info","message":"  ts: '2026-09-06T06:50:53.307Z',"}
{"timestamp":"2026-09-06T06:50:53.448472475Z","level":"info","message":"  requestId: 'b85e8cc0-1695-4ac3-a475-d8ef8d95e3ae',"}
{"message":"  sessionId: 'DlvFpLpN0vX1CB5Fvwv9',","level":"info","timestamp":"2026-09-06T06:50:53.448476675Z"}
{"message":"  status: 'empty'","timestamp":"2026-09-06T06:50:53.448480454Z","level":"info"}
{"level":"info","message":"}","timestamp":"2026-09-06T06:50:53.448484554Z"}
{"timestamp":"2026-09-06T06:50:53.448488704Z","message":"[ops] {","level":"info"}
{"timestamp":"2026-09-06T06:50:53.448492994Z","level":"info","message":"  event: 'http_request',"}
{"level":"info","timestamp":"2026-09-06T06:50:53.448497144Z","message":"  ts: '2026-09-06T06:50:53.308Z',"}
{"timestamp":"2026-09-06T06:50:53.448501534Z","level":"info","message":"  requestId: 'b85e8cc0-1695-4ac3-a475-d8ef8d95e3ae',"}
{"timestamp":"2026-09-06T06:50:53.448505364Z","level":"info","message":"  method: 'GET',"}
{"level":"info","timestamp":"2026-09-06T06:50:53.448509524Z","message":"  route: '/api/studio/mcp/commands/next',"}
{"timestamp":"2026-09-06T06:50:53.883023323Z","message":"[ops] {","level":"info"}
{"message":"  event: 'http_request',","level":"info","timestamp":"2026-09-06T06:50:53.883029113Z"}
{"message":"  ts: '2026-09-06T06:50:53.879Z',","timestamp":"2026-09-06T06:50:53.883034673Z","level":"info"}
{"timestamp":"2026-09-06T06:50:53.883038473Z","message":"  requestId: '62e1877a-ec00-41ae-82fd-37fe6f510a5f',","level":"info"}
{"timestamp":"2026-09-06T06:50:53.883043383Z","level":"info","message":"  method: 'POST',"}
{"timestamp":"2026-09-06T06:50:53.883047522Z","level":"info","message":"  route: '/api/studio/mcp/session/ping',"}
{"timestamp":"2026-09-06T06:50:53.883051472Z","level":"info","message":"  status: 200,"}
{"message":"  durationMs: 280","level":"info","timestamp":"2026-09-06T06:50:53.883055402Z"}
{"timestamp":"2026-09-06T06:50:53.883059922Z","level":"info","message":"}"}
{"message":"[ops] {","timestamp":"2026-09-06T06:50:54.404665811Z","level":"info"}
{"message":"  event: 'http_request',","timestamp":"2026-09-06T06:50:54.404668281Z","level":"info"}
{"timestamp":"2026-09-06T06:50:54.404670991Z","message":"  ts: '2026-09-06T06:50:54.237Z',","level":"info"}
{"message":"  requestId: '0d074c8a-1c54-479e-9017-97c5d8c89d02',","level":"info","timestamp":"2026-09-06T06:50:54.404673961Z"}
{"message":"  method: 'OPTIONS',","timestamp":"2026-09-06T06:50:54.404676371Z","level":"info"}
{"message":"  route: '/api/v2/events',","level":"info","timestamp":"2026-09-06T06:50:54.404678851Z"}
{"timestamp":"2026-09-06T06:50:54.404681221Z","level":"info","message":"  status: 204,"}
{"timestamp":"2026-09-06T06:50:54.404684071Z","message":"  durationMs: 0","level":"info"}
{"level":"info","timestamp":"2026-09-06T06:50:54.404687341Z","message":"}"}
{"level":"info","message":"[ops] {","timestamp":"2026-09-06T06:50:54.416021990Z"}
{"level":"info","message":"[ops] {","timestamp":"2026-09-06T06:50:54.416022010Z"}
{"message":"  event: 'studio.plugin_compatibility_handshake',","timestamp":"2026-09-06T06:50:54.416028430Z","level":"info"}
{"message":"  event: 'http_request',","timestamp":"2026-09-06T06:50:54.416029800Z","level":"info"}
{"message":"  ts: '2026-09-06T06:50:54.409Z',","timestamp":"2026-09-06T06:50:54.416033300Z","level":"info"}
{"message":"  ts: '2026-09-06T06:50:54.409Z',","level":"info","timestamp":"2026-09-06T06:50:54.416034640Z"}
{"timestamp":"2026-09-06T06:50:54.416038100Z","message":"  requestId: 'd90b7871-df1f-4cc2-b132-39ce6ae61975',","level":"info"}
{"message":"  requestId: 'd90b7871-df1f-4cc2-b132-39ce6ae61975',","level":"info","timestamp":"2026-09-06T06:50:54.416039290Z"}
{"level":"info","message":"  sessionId: 'Iog4rWn0F2wcGR9xp3Jq',","timestamp":"2026-09-06T06:50:54.416042350Z"}
{"timestamp":"2026-09-06T06:50:54.416043350Z","level":"info","message":"  method: 'POST',"}
{"timestamp":"2026-09-06T06:50:54.416046359Z","message":"  userId: 'klu6Sv5QeEgYWlHjsgQwMkZCvsb2',","level":"info"}
{"level":"info","message":"  route: '/api/studio/session/ping',","timestamp":"2026-09-06T06:50:54.416048119Z"}
{"timestamp":"2026-09-06T06:50:54.416050229Z","message":"  status: 'degraded',","level":"info"}
{"message":"  status: 200,","timestamp":"2026-09-06T06:50:54.416052769Z","level":"info"}
{"level":"info","timestamp":"2026-09-06T06:50:54.416054459Z","message":"  reasonCodes: [ 'command_unavailable' ],"}
{"message":"  durationMs: 402","level":"info","timestamp":"2026-09-06T06:50:54.416056739Z"}
{"level":"info","timestamp":"2026-09-06T06:50:54.416058659Z","message":"  buildId: 'nexusrbx-studio-0.14.0-r15-animation.10-native-value-normalization',"}
{"timestamp":"2026-09-06T06:50:54.416060449Z","message":"}","level":"info"}
{"level":"info","message":"  attestationWritten: false,","timestamp":"2026-09-06T06:50:54.416062529Z"}
{"level":"info","message":"  repairDurationMs: 334","timestamp":"2026-09-06T06:50:54.416066109Z"}
{"level":"info","timestamp":"2026-09-06T06:50:54.416069959Z","message":"}"}
{"message":"[ops] {","timestamp":"2026-09-06T06:50:54.513320445Z","level":"error"}
{"message":"  event: 'security.app_check_rejected',","timestamp":"2026-09-06T06:50:54.513324335Z","level":"error"}
{"message":"  ts: '2026-09-06T06:50:54.487Z',","timestamp":"2026-09-06T06:50:54.513328095Z","level":"error"}
{"message":"  reason: 'missing_token',","timestamp":"2026-09-06T06:50:54.513331635Z","level":"error"}
{"timestamp":"2026-09-06T06:50:54.513335495Z","level":"error","message":"  mode: 'monitor',"}
{"timestamp":"2026-09-06T06:50:54.513339365Z","level":"error","message":"  route: '/api/v2/events'"}
{"message":"}","timestamp":"2026-09-06T06:50:54.513342905Z","level":"error"}
{"timestamp":"2026-09-06T06:50:55.017474984Z","level":"info","message":"[ops] {"}
{"timestamp":"2026-09-06T06:50:55.017481134Z","message":"  event: 'http_request',","level":"info"}
{"level":"info","message":"  ts: '2026-09-06T06:50:55.012Z',","timestamp":"2026-09-06T06:50:55.017484784Z"}
{"level":"info","message":"  requestId: '11b82a14-a964-4826-a630-999564927b08',","timestamp":"2026-09-06T06:50:55.017487944Z"}
{"level":"info","message":"  method: 'GET',","timestamp":"2026-09-06T06:50:55.017490864Z"}
{"timestamp":"2026-09-06T06:50:55.017493964Z","level":"info","message":"  route: '/api/v2/events',"}
{"message":"  status: 200,","timestamp":"2026-09-06T06:50:55.017496784Z","level":"info"}
{"message":"  durationMs: 525","level":"info","timestamp":"2026-09-06T06:50:55.017499594Z"}
{"level":"info","timestamp":"2026-09-06T06:50:55.017502354Z","message":"}"}
{"level":"info","message":"[ops] {","timestamp":"2026-09-06T06:50:56.739369129Z"}
{"level":"info","message":"  event: 'http_request',","timestamp":"2026-09-06T06:50:56.739375829Z"}
{"level":"info","message":"  ts: '2026-09-06T06:50:56.731Z',","timestamp":"2026-09-06T06:50:56.739380169Z"}
{"timestamp":"2026-09-06T06:50:56.739383929Z","level":"info","message":"  requestId: '8fbc079e-0158-4998-99da-142529ba903b',"}
{"message":"  method: 'OPTIONS',","level":"info","timestamp":"2026-09-06T06:50:56.739387939Z"}
{"timestamp":"2026-09-06T06:50:56.739391919Z","message":"  route: '/api/v2/events',","level":"info"}
{"timestamp":"2026-09-06T06:50:56.739395869Z","level":"info","message":"  status: 204,"}
{"message":"  durationMs: 0","timestamp":"2026-09-06T06:50:56.739399469Z","level":"info"}
{"message":"}","timestamp":"2026-09-06T06:50:56.739404349Z","level":"info"}
{"level":"error","timestamp":"2026-09-06T06:50:56.911430543Z","message":"[ops] {"}
{"message":"}","timestamp":"2026-09-06T06:50:56.911434723Z","level":"error"}
{"level":"error","message":"  event: 'security.app_check_rejected',","timestamp":"2026-09-06T06:50:56.911441733Z"}
{"timestamp":"2026-09-06T06:50:56.911446663Z","level":"error","message":"  ts: '2026-09-06T06:50:56.900Z',"}
{"message":"  reason: 'missing_token',","timestamp":"2026-09-06T06:50:56.911453283Z","level":"error"}
{"timestamp":"2026-09-06T06:50:56.911457753Z","message":"  mode: 'monitor',","level":"error"}
{"message":"  route: '/api/v2/events'","level":"error","timestamp":"2026-09-06T06:50:56.911465343Z"}
{"message":"[ops] {","timestamp":"2026-09-06T06:50:57.526989989Z","level":"info"}
{"timestamp":"2026-09-06T06:50:57.526993859Z","message":"  event: 'http_request',","level":"info"}
{"level":"info","message":"  ts: '2026-09-06T06:50:57.450Z',","timestamp":"2026-09-06T06:50:57.526998149Z"}
{"timestamp":"2026-09-06T06:50:57.527012869Z","message":"  requestId: '6ad0ea6b-56d7-4a0e-9350-7e52da17548e',","level":"info"}
{"message":"  method: 'GET',","timestamp":"2026-09-06T06:50:57.527015679Z","level":"info"}
{"timestamp":"2026-09-06T06:50:57.527019579Z","level":"info","message":"  route: '/api/v2/events',"}
{"message":"  status: 200,","timestamp":"2026-09-06T06:50:57.527023019Z","level":"info"}
{"timestamp":"2026-09-06T06:50:57.527025819Z","message":"  durationMs: 550","level":"info"}
{"message":"}","level":"info","timestamp":"2026-09-06T06:50:57.527028429Z"}
{"message":"[ops] {","timestamp":"2026-09-06T06:50:59.240638786Z","level":"info"}
{"timestamp":"2026-09-06T06:50:59.240645926Z","message":"  event: 'http_request',","level":"info"}
{"timestamp":"2026-09-06T06:50:59.240651616Z","level":"info","message":"  ts: '2026-09-06T06:50:59.233Z',"}
{"timestamp":"2026-09-06T06:50:59.240657106Z","level":"info","message":"  requestId: '8b6fcac8-c816-4da0-a9e9-bdee5030d055',"}
{"level":"info","timestamp":"2026-09-06T06:50:59.240663986Z","message":"  method: 'OPTIONS',"}
{"timestamp":"2026-09-06T06:50:59.240669276Z","level":"info","message":"  route: '/api/v2/events',"}
{"timestamp":"2026-09-06T06:50:59.240675656Z","message":"  status: 204,","level":"info"}
{"level":"info","message":"  durationMs: 0","timestamp":"2026-09-06T06:50:59.240680386Z"}
{"level":"info","message":"}","timestamp":"2026-09-06T06:50:59.240687236Z"}
{"message":"[ops] {","timestamp":"2026-09-06T06:50:59.498166251Z","level":"error"}
{"message":"  event: 'security.app_check_rejected',","timestamp":"2026-09-06T06:50:59.498169281Z","level":"error"}
{"level":"error","timestamp":"2026-09-06T06:50:59.498172491Z","message":"  ts: '2026-09-06T06:50:59.399Z',"}
{"level":"error","timestamp":"2026-09-06T06:50:59.498175911Z","message":"  reason: 'missing_token',"}
{"timestamp":"2026-09-06T06:50:59.498178791Z","level":"error","message":"  mode: 'monitor',"}
{"message":"  route: '/api/v2/events'","timestamp":"2026-09-06T06:50:59.498181841Z","level":"error"}
{"timestamp":"2026-09-06T06:50:59.498184531Z","level":"error","message":"}"}
{"timestamp":"2026-09-06T06:51:00.011431892Z","level":"info","message":"[ops] {"}
{"timestamp":"2026-09-06T06:51:00.011439132Z","message":"  event: 'http_request',","level":"info"}
{"level":"info","message":"  ts: '2026-09-06T06:50:59.951Z',","timestamp":"2026-09-06T06:51:00.011443062Z"}
{"message":"  requestId: 'fc9d17c5-6421-47c7-81db-78972f270f95',","timestamp":"2026-09-06T06:51:00.011451422Z","level":"info"}
{"level":"info","message":"  method: 'GET',","timestamp":"2026-09-06T06:51:00.011456372Z"}
{"timestamp":"2026-09-06T06:51:00.011460842Z","level":"info","message":"  route: '/api/v2/events',"}
{"level":"info","message":"  status: 200,","timestamp":"2026-09-06T06:51:00.011464492Z"}
{"level":"info","timestamp":"2026-09-06T06:51:00.011468152Z","message":"  durationMs: 552"}
{"timestamp":"2026-09-06T06:51:00.011471692Z","message":"}","level":"info"}
{"level":"info","message":"[ops] {","timestamp":"2026-09-06T06:51:01.526166863Z"}
{"message":"  event: 'http_request',","level":"info","timestamp":"2026-09-06T06:51:01.526170693Z"}
{"message":"  ts: '2026-09-06T06:51:01.399Z',","timestamp":"2026-09-06T06:51:01.526176133Z","level":"info"}
{"timestamp":"2026-09-06T06:51:01.526179843Z","message":"  requestId: '9ede87f3-c450-4ca2-b48d-5049a18691b0',","level":"info"}
{"timestamp":"2026-09-06T06:51:01.526183613Z","level":"info","message":"  method: 'POST',"}
{"timestamp":"2026-09-06T06:51:01.526187723Z","message":"  route: '/api/studio/mcp/session/ping',","level":"info"}
{"message":"  status: 200,","timestamp":"2026-09-06T06:51:01.526199743Z","level":"info"}
{"level":"info","message":"  durationMs: 260","timestamp":"2026-09-06T06:51:01.526203493Z"}
{"message":"}","timestamp":"2026-09-06T06:51:01.526207283Z","level":"info"}
{"timestamp":"2026-09-06T06:51:01.605804481Z","level":"info","message":"[ops] {"}
{"message":"  event: 'studio.command_polled',","timestamp":"2026-09-06T06:51:01.605816981Z","level":"info"}
{"level":"info","message":"  ts: '2026-09-06T06:51:01.601Z',","timestamp":"2026-09-06T06:51:01.605823031Z"}
{"message":"  requestId: '625a3982-e175-4d5a-b487-5bfa8e5212ef',","level":"info","timestamp":"2026-09-06T06:51:01.605827961Z"}
{"level":"info","timestamp":"2026-09-06T06:51:01.605833591Z","message":"  sessionId: 'DlvFpLpN0vX1CB5Fvwv9',"}
{"message":"  status: 'empty'","timestamp":"2026-09-06T06:51:01.605838641Z","level":"info"}
{"message":"}","timestamp":"2026-09-06T06:51:01.605844021Z","level":"info"}
{"level":"info","message":"[ops] {","timestamp":"2026-09-06T06:51:01.605849151Z"}
{"message":"  event: 'http_request',","level":"info","timestamp":"2026-09-06T06:51:01.605853841Z"}
{"timestamp":"2026-09-06T06:51:01.605858781Z","level":"info","message":"  ts: '2026-09-06T06:51:01.601Z',"}
{"message":"  requestId: '625a3982-e175-4d5a-b487-5bfa8e5212ef',","level":"info","timestamp":"2026-09-06T06:51:01.605863181Z"}
{"message":"  method: 'GET',","level":"info","timestamp":"2026-09-06T06:51:01.605867471Z"}
{"message":"  route: '/api/studio/mcp/commands/next',","timestamp":"2026-09-06T06:51:01.605872501Z","level":"info"}
{"timestamp":"2026-09-06T06:51:01.605879411Z","message":"  status: 204,","level":"info"}
{"message":"  durationMs: 5492","timestamp":"2026-09-06T06:51:01.605883991Z","level":"info"}
{"timestamp":"2026-09-06T06:51:01.605888071Z","message":"}","level":"info"}
{"responseFormat":"json_schema","message":"","codeFenced":false,"requestType":"workflow_orchestration_schema_repair","timestamp":"2026-09-06T06:51:01.685544679Z","level":"info","requestId":"41fce7bc-4bf1-4287-9e8a-653ea9a02085:schema-repair","model":"google/gemini-2.5-flash","event":"workflow.model_response","outputChars":23,"outputTokens":1463,"finishReason":"stop"}
{"level":"error","message":"[Workflow] planner schema repair failed {","timestamp":"2026-09-06T06:51:01.685547599Z"}
{"timestamp":"2026-09-06T06:51:01.685550339Z","level":"error","message":"  requestId: '41fce7bc-4bf1-4287-9e8a-653ea9a02085',"}
{"level":"error","timestamp":"2026-09-06T06:51:01.685552909Z","message":"  validationErrors: ["}
{"timestamp":"2026-09-06T06:51:01.685555889Z","level":"error","message":"    'classification must be project, script, or ui',"}
{"message":"    'summary must be a non-empty string',","timestamp":"2026-09-06T06:51:01.685558929Z","level":"error"}
{"timestamp":"2026-09-06T06:51:01.685561639Z","message":"    'userExperience must be an array',","level":"error"}
{"message":"    'systemsAffected must be an array',","timestamp":"2026-09-06T06:51:01.685564059Z","level":"error"}
{"level":"error","timestamp":"2026-09-06T06:51:01.685566408Z","message":"    'objectsToCreate must be an array',"}
{"timestamp":"2026-09-06T06:51:01.685569058Z","message":"    'objectsToModify must be an array',","level":"error"}
{"level":"error","message":"    'constraints must be an array',","timestamp":"2026-09-06T06:51:01.685571788Z"}
{"level":"error","message":"    'assumptions must be an array',","timestamp":"2026-09-06T06:51:01.685574578Z"}
{"level":"error","message":"    'risks must be an array',","timestamp":"2026-09-06T06:51:01.685576968Z"}
{"message":"    'assetsRequired must be an array',","timestamp":"2026-09-06T06:51:01.685579378Z","level":"error"}
{"message":"    'implementationSteps must contain at least one work step',","level":"error","timestamp":"2026-09-06T06:51:01.685581808Z"}
{"level":"error","message":"    'verificationSteps must contain at least one verification step',","timestamp":"2026-09-06T06:51:01.685584168Z"}
{"timestamp":"2026-09-06T06:51:01.685586638Z","level":"error","message":"    'capabilities must be an array',"}
{"timestamp":"2026-09-06T06:51:01.685589558Z","message":"    'studioRequired must be a boolean',","level":"error"}
{"message":"    'gameIntelligence must be an object',","level":"error","timestamp":"2026-09-06T06:51:01.685592178Z"}
{"message":"    'stagedExecution must be an object'","level":"error","timestamp":"2026-09-06T06:51:01.685594628Z"}
{"message":"  ],","timestamp":"2026-09-06T06:51:01.685597228Z","level":"error"}
{"message":"  diagnostics: null","timestamp":"2026-09-06T06:51:01.685599778Z","level":"error"}
{"level":"error","message":"}","timestamp":"2026-09-06T06:51:01.685835197Z"}
{"message":"[ops] {","level":"info","timestamp":"2026-09-06T06:51:01.738039527Z"}
{"timestamp":"2026-09-06T06:51:01.738044457Z","level":"info","message":"  event: 'http_request',"}
{"level":"info","message":"  ts: '2026-09-06T06:51:01.735Z',","timestamp":"2026-09-06T06:51:01.738047467Z"}
{"message":"  requestId: 'b8ee9ffb-85b5-4482-802b-2a44c7b4cb8d',","timestamp":"2026-09-06T06:51:01.738050567Z","level":"info"}
{"timestamp":"2026-09-06T06:51:01.738053517Z","message":"  method: 'OPTIONS',","level":"info"}
{"message":"  route: '/api/v2/agents/active',","timestamp":"2026-09-06T06:51:01.738056507Z","level":"info"}
{"message":"  status: 204,","timestamp":"2026-09-06T06:51:01.738059017Z","level":"info"}
{"timestamp":"2026-09-06T06:51:01.738061387Z","level":"info","message":"  durationMs: 0"}
{"timestamp":"2026-09-06T06:51:01.738063857Z","level":"info","message":"}"}
{"level":"info","message":"[ops] {","timestamp":"2026-09-06T06:51:01.738066427Z"}
{"level":"info","timestamp":"2026-09-06T06:51:01.738068937Z","message":"  event: 'http_request',"}
{"message":"  ts: '2026-09-06T06:51:01.735Z',","timestamp":"2026-09-06T06:51:01.738071287Z","level":"info"}
{"level":"info","message":"  requestId: '6e34d644-0685-4ec0-8b71-02fc1c3fe79a',","timestamp":"2026-09-06T06:51:01.738073677Z"}
{"message":"  method: 'OPTIONS',","timestamp":"2026-09-06T06:51:01.738076087Z","level":"info"}
{"message":"  route: '/api/v2/events',","timestamp":"2026-09-06T06:51:01.738078607Z","level":"info"}
{"timestamp":"2026-09-06T06:51:01.738080787Z","message":"  status: 204,","level":"info"}
{"timestamp":"2026-09-06T06:51:01.738083117Z","level":"info","message":"  durationMs: 0"}
{"timestamp":"2026-09-06T06:51:01.738086267Z","message":"}","level":"info"}
{"message":"[ops] {","timestamp":"2026-09-06T06:51:01.804832296Z","level":"error"}
{"message":"  event: 'http_request',","timestamp":"2026-09-06T06:51:01.804838356Z","level":"error"}
{"message":"  ts: '2026-09-06T06:51:01.798Z',","level":"error","timestamp":"2026-09-06T06:51:01.804841826Z"}
{"level":"error","timestamp":"2026-09-06T06:51:01.804844156Z","message":"  requestId: '7d50ffdf-c5f2-4e61-8fc6-3f06120dfa45',"}
{"message":"  method: 'POST',","level":"error","timestamp":"2026-09-06T06:51:01.804846406Z"}
{"level":"error","message":"  route: '/api/ai/orchestrate',","timestamp":"2026-09-06T06:51:01.804849026Z"}
{"message":"  status: 502,","level":"error","timestamp":"2026-09-06T06:51:01.804851676Z"}
{"level":"error","message":"  durationMs: 58901","timestamp":"2026-09-06T06:51:01.804854236Z"}
{"timestamp":"2026-09-06T06:51:01.804856366Z","level":"error","message":"}"}
{"level":"error","message":"[ops] {","timestamp":"2026-09-06T06:51:01.930762831Z"}
{"level":"error","timestamp":"2026-09-06T06:51:01.930769691Z","message":"  event: 'security.app_check_rejected',"}
{"timestamp":"2026-09-06T06:51:01.930773391Z","message":"  ts: '2026-09-06T06:51:01.904Z',","level":"error"}
{"message":"  reason: 'missing_token',","level":"error","timestamp":"2026-09-06T06:51:01.930776631Z"}
{"message":"  mode: 'monitor',","level":"error","timestamp":"2026-09-06T06:51:01.930780651Z"}
{"message":"  route: '/api/v2/agents/active'","timestamp":"2026-09-06T06:51:01.930784671Z","level":"error"}
{"timestamp":"2026-09-06T06:51:01.930787391Z","level":"error","message":"}"}
{"level":"error","message":"[ops] {","timestamp":"2026-09-06T06:51:01.930790731Z"}
{"message":"  event: 'security.app_check_rejected',","timestamp":"2026-09-06T06:51:01.930793761Z","level":"error"}
{"message":"  ts: '2026-09-06T06:51:01.905Z',","timestamp":"2026-09-06T06:51:01.930796481Z","level":"error"}
{"message":"  reason: 'missing_token',","timestamp":"2026-09-06T06:51:01.930799121Z","level":"error"}
{"timestamp":"2026-09-06T06:51:01.930801891Z","level":"error","message":"  mode: 'monitor',"}
{"level":"error","message":"  route: '/api/v2/events'","timestamp":"2026-09-06T06:51:01.930804611Z"}
{"level":"error","timestamp":"2026-09-06T06:51:01.930807701Z","message":"}"}
{"message":"[ops] {","level":"info","timestamp":"2026-09-06T06:51:02.008783079Z"}
{"timestamp":"2026-09-06T06:51:02.008786119Z","level":"info","message":"  event: 'http_request',"}
{"timestamp":"2026-09-06T06:51:02.008789339Z","message":"  ts: '2026-09-06T06:51:01.997Z',","level":"info"}
{"message":"  requestId: '19aa539a-32a9-4b46-8490-50b16226c5e1',","timestamp":"2026-09-06T06:51:02.008794409Z","level":"info"}
{"level":"info","message":"  method: 'GET',","timestamp":"2026-09-06T06:51:02.008797618Z"}
{"message":"  route: '/api/v2/agents/active',","timestamp":"2026-09-06T06:51:02.008801538Z","level":"info"}
{"message":"  status: 200,","timestamp":"2026-09-06T06:51:02.008803968Z","level":"info"}
{"timestamp":"2026-09-06T06:51:02.008807058Z","level":"info","message":"  durationMs: 93"}
{"level":"info","timestamp":"2026-09-06T06:51:02.008809868Z","message":"}"}
{"timestamp":"2026-09-06T06:51:02.202399706Z","level":"info","message":"}"}
{"level":"info","message":"[ops] {","timestamp":"2026-09-06T06:51:02.202429926Z"}
{"timestamp":"2026-09-06T06:51:02.202441826Z","level":"info","message":"  event: 'http_request',"}
{"message":"  ts: '2026-09-06T06:51:02.173Z',","timestamp":"2026-09-06T06:51:02.202447516Z","level":"info"}
{"timestamp":"2026-09-06T06:51:02.202452226Z","level":"info","message":"  requestId: '63253ddf-7f03-453f-b044-de32f34ff4be',"}
{"message":"  method: 'POST',","timestamp":"2026-09-06T06:51:02.202457086Z","level":"info"}
{"level":"info","timestamp":"2026-09-06T06:51:02.202465116Z","message":"  route: '/api/studio/mcp/session/ping',"}
{"level":"info","message":"  status: 200,","timestamp":"2026-09-06T06:51:02.202470986Z"}
{"message":"  durationMs: 290","level":"info","timestamp":"2026-09-06T06:51:02.202475126Z"}
{"timestamp":"2026-09-06T06:51:02.508352746Z","level":"info","message":"[ops] {"}
{"timestamp":"2026-09-06T06:51:02.508356376Z","message":"  event: 'http_request',","level":"info"}
{"timestamp":"2026-09-06T06:51:02.508360046Z","message":"  ts: '2026-09-06T06:51:02.469Z',","level":"info"}
{"level":"info","timestamp":"2026-09-06T06:51:02.508364036Z","message":"  requestId: 'a439a4a9-7ca4-4467-9b96-7789cd874c6d',"}
{"level":"info","timestamp":"2026-09-06T06:51:02.508369686Z","message":"  method: 'GET',"}
{"timestamp":"2026-09-06T06:51:02.508373956Z","message":"  route: '/api/v2/events',","level":"info"}
{"message":"  status: 200,","timestamp":"2026-09-06T06:51:02.508377206Z","level":"info"}
{"level":"info","message":"  durationMs: 564","timestamp":"2026-09-06T06:51:02.508380496Z"}
{"message":"}","level":"info","timestamp":"2026-09-06T06:51:02.508384066Z"}
{"level":"info","message":"[ops] {","timestamp":"2026-09-06T06:51:02.853501528Z"}
{"level":"info","timestamp":"2026-09-06T06:51:02.853505528Z","message":"  event: 'http_request',"}
{"timestamp":"2026-09-06T06:51:02.853508908Z","level":"info","message":"  ts: '2026-09-06T06:51:02.790Z',"}
{"timestamp":"2026-09-06T06:51:02.853511708Z","message":"  requestId: '3271322e-8eb7-4838-8981-c0f661bae184',","level":"info"}
{"level":"info","timestamp":"2026-09-06T06:51:02.853514778Z","message":"  method: 'OPTIONS',"}
{"timestamp":"2026-09-06T06:51:02.853517538Z","level":"info","message":"  route: '/api/studio/status',"}
{"level":"info","message":"  status: 204,","timestamp":"2026-09-06T06:51:02.853520708Z"}
{"timestamp":"2026-09-06T06:51:02.853523978Z","message":"  durationMs: 0","level":"info"}
{"timestamp":"2026-09-06T06:51:02.853526958Z","level":"info","message":"}"}
{"level":"info","timestamp":"2026-09-06T06:51:02.853529948Z","message":"[ops] {"}
{"message":"  event: 'http_request',","timestamp":"2026-09-06T06:51:02.853532558Z","level":"info"}
{"timestamp":"2026-09-06T06:51:02.853535848Z","level":"info","message":"  ts: '2026-09-06T06:51:02.792Z',"}
{"message":"  requestId: '15c80f71-6629-45cd-9659-bb56460aa8c5',","timestamp":"2026-09-06T06:51:02.853538728Z","level":"info"}
{"level":"info","message":"  method: 'OPTIONS',","timestamp":"2026-09-06T06:51:02.853541568Z"}
{"message":"  route: '/api/studio/mcp/status',","timestamp":"2026-09-06T06:51:02.853544108Z","level":"info"}
{"timestamp":"2026-09-06T06:51:02.853546838Z","message":"  status: 204,","level":"info"}
{"timestamp":"2026-09-06T06:51:02.853551428Z","level":"info","message":"  durationMs: 0"}
{"message":"}","timestamp":"2026-09-06T06:51:02.853577678Z","level":"info"}
{"message":"[ops] {","timestamp":"2026-09-06T06:51:02.964921996Z","level":"error"}
{"timestamp":"2026-09-06T06:51:02.964926875Z","message":"  event: 'security.app_check_rejected',","level":"error"}
{"timestamp":"2026-09-06T06:51:02.964931455Z","message":"  ts: '2026-09-06T06:51:02.959Z',","level":"error"}
{"level":"error","timestamp":"2026-09-06T06:51:02.964934915Z","message":"  reason: 'missing_token',"}
{"level":"error","message":"  mode: 'monitor',","timestamp":"2026-09-06T06:51:02.964937665Z"}
{"timestamp":"2026-09-06T06:51:02.964940175Z","level":"error","message":"  route: '/api/studio/status'"}
{"message":"}","timestamp":"2026-09-06T06:51:02.964942955Z","level":"error"}
{"timestamp":"2026-09-06T06:51:02.964945765Z","message":"[ops] {","level":"error"}
{"timestamp":"2026-09-06T06:51:02.964948065Z","level":"error","message":"  event: 'security.app_check_rejected',"}
{"message":"  ts: '2026-09-06T06:51:02.960Z',","timestamp":"2026-09-06T06:51:02.964950485Z","level":"error"}
{"level":"error","timestamp":"2026-09-06T06:51:02.964953035Z","message":"  reason: 'missing_token',"}
{"level":"error","message":"  mode: 'monitor',","timestamp":"2026-09-06T06:51:02.964955785Z"}
{"timestamp":"2026-09-06T06:51:02.964958325Z","level":"error","message":"  route: '/api/studio/mcp/status'"}
{"level":"error","timestamp":"2026-09-06T06:51:02.964961005Z","message":"}"}
{"message":"[ops] {","timestamp":"2026-09-06T06:51:03.603527995Z","level":"info"}
{"timestamp":"2026-09-06T06:51:03.603531045Z","message":"  event: 'http_request',","level":"info"}
{"message":"  ts: '2026-09-06T06:51:03.332Z',","timestamp":"2026-09-06T06:51:03.603533785Z","level":"info"}
{"level":"info","message":"  requestId: 'ffb2e622-0058-44bc-adac-13c9136359e9',","timestamp":"2026-09-06T06:51:03.603536605Z"}
{"level":"info","timestamp":"2026-09-06T06:51:03.603539605Z","message":"  method: 'GET',"}
{"message":"  route: '/api/studio/mcp/status',","timestamp":"2026-09-06T06:51:03.603542625Z","level":"info"}
{"timestamp":"2026-09-06T06:51:03.603545255Z","message":"  status: 200,","level":"info"}
{"message":"  durationMs: 372","timestamp":"2026-09-06T06:51:03.603547875Z","level":"info"}
{"level":"info","message":"}","timestamp":"2026-09-06T06:51:03.603550955Z"}
{"timestamp":"2026-09-06T06:51:03.603553625Z","level":"info","message":"[ops] {"}
{"level":"info","message":"  event: 'http_request',","timestamp":"2026-09-06T06:51:03.603556665Z"}
{"level":"info","timestamp":"2026-09-06T06:51:03.603559865Z","message":"  ts: '2026-09-06T06:51:03.504Z',"}
{"level":"info","message":"  requestId: '0d4073e2-d744-44d5-8bda-77068d36e6fa',","timestamp":"2026-09-06T06:51:03.603562555Z"}
{"level":"info","message":"  method: 'GET',","timestamp":"2026-09-06T06:51:03.603565345Z"}
{"level":"info","message":"  route: '/api/studio/status',","timestamp":"2026-09-06T06:51:03.603567835Z"}
{"level":"info","timestamp":"2026-09-06T06:51:03.603570875Z","message":"  status: 200,"}
{"message":"  durationMs: 545","level":"info","timestamp":"2026-09-06T06:51:03.603573865Z"}
{"timestamp":"2026-09-06T06:51:03.603576595Z","message":"}","level":"info"}
{"level":"info","timestamp":"2026-09-06T06:51:04.234684943Z","message":"[ops] {"}
{"level":"info","message":"  event: 'http_request',","timestamp":"2026-09-06T06:51:04.234688943Z"}
{"timestamp":"2026-09-06T06:51:04.234692403Z","message":"  ts: '2026-09-06T06:51:04.231Z',","level":"info"}
{"timestamp":"2026-09-06T06:51:04.234695163Z","message":"  requestId: '4514b04d-9bb1-44ef-966a-663a08f3d6ff',","level":"info"}
{"message":"  method: 'OPTIONS',","timestamp":"2026-09-06T06:51:04.234698283Z","level":"info"}
{"level":"info","message":"  route: '/api/v2/events',","timestamp":"2026-09-06T06:51:04.234701113Z"}
{"message":"  status: 204,","timestamp":"2026-09-06T06:51:04.234703823Z","level":"info"}
{"level":"info","message":"  durationMs: 0","timestamp":"2026-09-06T06:51:04.234706673Z"}
{"level":"info","timestamp":"2026-09-06T06:51:04.234709433Z","message":"}"}
{"message":"  mode: 'monitor',","timestamp":"2026-09-06T06:51:04.502180734Z","level":"error"}
{"timestamp":"2026-09-06T06:51:04.502187314Z","message":"  route: '/api/v2/events'","level":"error"}
{"timestamp":"2026-09-06T06:51:04.502191405Z","level":"error","message":"}"}
{"message":"[ops] {","timestamp":"2026-09-06T06:51:04.502235365Z","level":"error"}
{"message":"  event: 'security.app_check_rejected',","timestamp":"2026-09-06T06:51:04.502242085Z","level":"error"}
{"level":"error","message":"  ts: '2026-09-06T06:51:04.405Z',","timestamp":"2026-09-06T06:51:04.502247095Z"}
{"message":"  reason: 'missing_token',","level":"error","timestamp":"2026-09-06T06:51:04.502250565Z"}
{"level":"info","message":"  method: 'GET',","timestamp":"2026-09-06T06:51:04.970669079Z"}
{"message":"[ops] {","timestamp":"2026-09-06T06:51:04.970669089Z","level":"info"}
{"level":"info","timestamp":"2026-09-06T06:51:04.970677659Z","message":"  route: '/api/v2/events',"}
{"message":"  event: 'http_request',","timestamp":"2026-09-06T06:51:04.970678579Z","level":"info"}
{"timestamp":"2026-09-06T06:51:04.970682899Z","level":"info","message":"  status: 200,"}
{"level":"info","message":"  durationMs: 564","timestamp":"2026-09-06T06:51:04.970686139Z"}
{"level":"info","timestamp":"2026-09-06T06:51:04.970686249Z","message":"  ts: '2026-09-06T06:51:04.969Z',"}
{"level":"info","message":"}","timestamp":"2026-09-06T06:51:04.970690459Z"}
{"message":"  requestId: '2604ff3b-cfeb-47f1-9174-8e6f89117798',","level":"info","timestamp":"2026-09-06T06:51:04.970691029Z"}
{"timestamp":"2026-09-06T06:51:05.527990052Z","message":"  ts: '2026-09-06T06:51:05.414Z',","level":"info"}
{"message":"  requestId: '54ad02ab-d957-4ecc-b784-2c0d649ee74c',","level":"info","timestamp":"2026-09-06T06:51:05.528001252Z"}
{"message":"  method: 'POST',","timestamp":"2026-09-06T06:51:05.528006081Z","level":"info"}
{"timestamp":"2026-09-06T06:51:05.528010071Z","level":"info","message":"  route: '/api/studio/session/ping',"}
{"timestamp":"2026-09-06T06:51:05.528015781Z","message":"  status: 200,","level":"info"}
{"level":"info","message":"  durationMs: 592","timestamp":"2026-09-06T06:51:05.528021911Z"}
{"timestamp":"2026-09-06T06:51:05.528026011Z","level":"info","message":"}"}
{"timestamp":"2026-09-06T06:51:05.528061941Z","level":"info","message":"[ops] {"}
{"message":"  event: 'studio.plugin_compatibility_handshake',","level":"info","timestamp":"2026-09-06T06:51:05.528064721Z"}
{"message":"  ts: '2026-09-06T06:51:05.413Z',","timestamp":"2026-09-06T06:51:05.528067521Z","level":"info"}
{"level":"info","message":"  requestId: '54ad02ab-d957-4ecc-b784-2c0d649ee74c',","timestamp":"2026-09-06T06:51:05.528070471Z"}
{"timestamp":"2026-09-06T06:51:05.528073851Z","level":"info","message":"  sessionId: 'MLq8J3mhz56J6BRsAeQe',"}
{"timestamp":"2026-09-06T06:51:05.528076631Z","message":"  userId: '0VSQotqOXxPXBLeQu1gUNkXELWH3',","level":"info"}
{"timestamp":"2026-09-06T06:51:05.528079421Z","message":"  status: 'compatible',","level":"info"}
{"level":"info","timestamp":"2026-09-06T06:51:05.528083001Z","message":"  reasonCodes: [],"}
{"level":"info","message":"  buildId: 'nexusrbx-studio-0.14.0-r15-animation.12-toolbox',","timestamp":"2026-09-06T06:51:05.528086111Z"}
{"message":"  attestationWritten: false,","timestamp":"2026-09-06T06:51:05.528089321Z","level":"info"}
{"message":"  repairDurationMs: 536","level":"info","timestamp":"2026-09-06T06:51:05.528091881Z"}
{"level":"info","message":"}","timestamp":"2026-09-06T06:51:05.528094241Z"}
{"message":"[ops] {","timestamp":"2026-09-06T06:51:05.528096871Z","level":"info"}
{"message":"  event: 'http_request',","timestamp":"2026-09-06T06:51:05.528099311Z","level":"info"}
{"timestamp":"2026-09-06T06:51:06.752854783Z","message":"[ops] {","level":"info"}
{"message":"  event: 'http_request',","timestamp":"2026-09-06T06:51:06.752857923Z","level":"info"}
{"message":"  ts: '2026-09-06T06:51:06.735Z',","level":"info","timestamp":"2026-09-06T06:51:06.752861593Z"}
{"message":"  requestId: 'c135186d-d22f-4bcb-8150-789a3875d29a',","level":"info","timestamp":"2026-09-06T06:51:06.752865063Z"}
{"message":"  method: 'OPTIONS',","level":"info","timestamp":"2026-09-06T06:51:06.752868503Z"}
{"level":"info","timestamp":"2026-09-06T06:51:06.752871893Z","message":"  route: '/api/v2/events',"}
{"level":"info","timestamp":"2026-09-06T06:51:06.752875312Z","message":"  status: 204,"}
{"message":"  durationMs: 0","level":"info","timestamp":"2026-09-06T06:51:06.752879662Z"}
{"level":"info","message":"}","timestamp":"2026-09-06T06:51:06.752883642Z"}
{"timestamp":"2026-09-06T06:51:06.908562810Z","level":"error","message":"[ops] {"}
{"level":"error","message":"  event: 'security.app_check_rejected',","timestamp":"2026-09-06T06:51:06.908568230Z"}
{"level":"error","message":"  ts: '2026-09-06T06:51:06.899Z',","timestamp":"2026-09-06T06:51:06.908571560Z"}
{"message":"  reason: 'missing_token',","timestamp":"2026-09-06T06:51:06.908575190Z","level":"error"}
{"level":"error","message":"  mode: 'monitor',","timestamp":"2026-09-06T06:51:06.908580750Z"}
{"level":"error","message":"  route: '/api/v2/events'","timestamp":"2026-09-06T06:51:06.908583590Z"}
{"level":"error","message":"}","timestamp":"2026-09-06T06:51:06.908586320Z"}
{"message":"  requestId: '943c3319-f192-4f9b-87c2-4c621d52a54e',","level":"info","timestamp":"2026-09-06T06:51:07.642723247Z"}
{"message":"  method: 'GET',","level":"info","timestamp":"2026-09-06T06:51:07.642745237Z"}
{"timestamp":"2026-09-06T06:51:07.642751027Z","level":"info","message":"  route: '/api/v2/events',"}
{"timestamp":"2026-09-06T06:51:07.642755667Z","message":"  status: 200,","level":"info"}
{"message":"  durationMs: 603","level":"info","timestamp":"2026-09-06T06:51:07.642759937Z"}
{"message":"}","timestamp":"2026-09-06T06:51:07.642765177Z","level":"info"}
{"timestamp":"2026-09-06T06:51:07.642834946Z","level":"info","message":"[ops] {"}
{"timestamp":"2026-09-06T06:51:07.642839706Z","message":"  event: 'http_request',","level":"info"}
{"timestamp":"2026-09-06T06:51:07.642844456Z","level":"info","message":"  ts: '2026-09-06T06:51:07.502Z',"}
{"message":"[ops] {","timestamp":"2026-09-06T06:51:09.241840377Z","level":"info"}
{"message":"  event: 'http_request',","timestamp":"2026-09-06T06:51:09.241845596Z","level":"info"}
{"timestamp":"2026-09-06T06:51:09.241848636Z","message":"  ts: '2026-09-06T06:51:09.232Z',","level":"info"}
{"message":"  requestId: 'a2d038bb-59da-48e0-ab67-91f0f7d88d6a',","timestamp":"2026-09-06T06:51:09.241851656Z","level":"info"}
{"message":"  method: 'OPTIONS',","timestamp":"2026-09-06T06:51:09.241854716Z","level":"info"}
{"message":"  route: '/api/v2/events',","timestamp":"2026-09-06T06:51:09.241857436Z","level":"info"}
{"level":"info","message":"  status: 204,","timestamp":"2026-09-06T06:51:09.241860286Z"}
{"level":"info","message":"  durationMs: 0","timestamp":"2026-09-06T06:51:09.241863256Z"}
{"message":"}","level":"info","timestamp":"2026-09-06T06:51:09.241865986Z"}
{"level":"error","message":"[ops] {","timestamp":"2026-09-06T06:51:09.401656908Z"}
{"level":"error","timestamp":"2026-09-06T06:51:09.401662678Z","message":"  event: 'security.app_check_rejected',"}
{"message":"  ts: '2026-09-06T06:51:09.396Z',","timestamp":"2026-09-06T06:51:09.401666038Z","level":"error"}
{"message":"  reason: 'missing_token',","timestamp":"2026-09-06T06:51:09.401669058Z","level":"error"}
{"message":"  mode: 'monitor',","level":"error","timestamp":"2026-09-06T06:51:09.401672068Z"}
{"message":"  route: '/api/v2/events'","timestamp":"2026-09-06T06:51:09.401674658Z","level":"error"}
{"timestamp":"2026-09-06T06:51:09.401677168Z","level":"error","message":"}"}
{"level":"info","message":"[ops] {","timestamp":"2026-09-06T06:51:09.855773952Z"}
{"timestamp":"2026-09-06T06:51:09.855781742Z","level":"info","message":"  event: 'studio.command_polled',"}
{"message":"  ts: '2026-09-06T06:51:09.851Z',","level":"info","timestamp":"2026-09-06T06:51:09.855786092Z"}
{"level":"info","message":"  requestId: 'd13dd98b-50c4-4c77-9ff4-65f09878c719',","timestamp":"2026-09-06T06:51:09.855789662Z"}
{"message":"  sessionId: 'DlvFpLpN0vX1CB5Fvwv9',","timestamp":"2026-09-06T06:51:09.855794382Z","level":"info"}
{"level":"info","timestamp":"2026-09-06T06:51:09.855798532Z","message":"  status: 'empty'"}
{"level":"info","message":"}","timestamp":"2026-09-06T06:51:09.855802172Z"}
{"message":"[ops] {","level":"info","timestamp":"2026-09-06T06:51:09.855805712Z"}
{"message":"  event: 'http_request',","timestamp":"2026-09-06T06:51:09.855810442Z","level":"info"}
{"message":"  ts: '2026-09-06T06:51:09.852Z',","timestamp":"2026-09-06T06:51:09.855814142Z","level":"info"}
{"message":"  requestId: 'd13dd98b-50c4-4c77-9ff4-65f09878c719',","timestamp":"2026-09-06T06:51:09.855818072Z","level":"info"}
{"timestamp":"2026-09-06T06:51:09.855821702Z","level":"info","message":"  method: 'GET',"}
{"message":"  route: '/api/studio/mcp/commands/next',","timestamp":"2026-09-06T06:51:09.855825052Z","level":"info"}
{"message":"  status: 204,","level":"info","timestamp":"2026-09-06T06:51:09.855828282Z"}
{"timestamp":"2026-09-06T06:51:09.855832012Z","level":"info","message":"  durationMs: 5443"}
{"timestamp":"2026-09-06T06:51:09.855835612Z","message":"}","level":"info"}
{"timestamp":"2026-09-06T06:51:10.082013195Z","level":"info","message":"[ops] {"}
{"level":"info","timestamp":"2026-09-06T06:51:10.082018314Z","message":"  event: 'http_request',"}
{"message":"  ts: '2026-09-06T06:51:10.064Z',","timestamp":"2026-09-06T06:51:10.082022304Z","level":"info"}
{"timestamp":"2026-09-06T06:51:10.082025374Z","message":"  requestId: 'a5b602f5-8071-4079-987e-38ea837c1ce2',","level":"info"}
{"message":"  method: 'GET',","level":"info","timestamp":"2026-09-06T06:51:10.082028974Z"}
{"message":"  route: '/api/v2/events',","timestamp":"2026-09-06T06:51:10.082032284Z","level":"info"}
{"timestamp":"2026-09-06T06:51:10.082035064Z","message":"  status: 200,","level":"info"}
{"timestamp":"2026-09-06T06:51:10.082037574Z","level":"info","message":"  durationMs: 669"}
{"timestamp":"2026-09-06T06:51:10.082040324Z","message":"}","level":"info"}
{"message":"[ops] {","level":"info","timestamp":"2026-09-06T06:51:10.118697463Z"}
{"level":"info","message":"  requestId: '4714370b-bc5e-4e6b-bd58-4c0163f881f7',","timestamp":"2026-09-06T06:51:10.118703203Z"}
{"message":"  event: 'studio.plugin_compatibility_handshake',","timestamp":"2026-09-06T06:51:10.118711693Z","level":"info"}
{"level":"info","message":"  method: 'POST',","timestamp":"2026-09-06T06:51:10.118717603Z"}
{"message":"  ts: '2026-09-06T06:51:10.115Z',","level":"info","timestamp":"2026-09-06T06:51:10.118719803Z"}
{"timestamp":"2026-09-06T06:51:10.118725903Z","level":"info","message":"  requestId: '4714370b-bc5e-4e6b-bd58-4c0163f881f7',"}
{"level":"info","timestamp":"2026-09-06T06:51:10.118726193Z","message":"  route: '/api/studio/session/ping',"}
{"message":"  status: 200,","level":"info","timestamp":"2026-09-06T06:51:10.118744533Z"}
{"timestamp":"2026-09-06T06:51:10.118746993Z","level":"info","message":"  sessionId: 'Iog4rWn0F2wcGR9xp3Jq',"}
{"message":"  userId: 'klu6Sv5QeEgYWlHjsgQwMkZCvsb2',","timestamp":"2026-09-06T06:51:10.118754513Z","level":"info"}
{"timestamp":"2026-09-06T06:51:10.118754783Z","level":"info","message":"  durationMs: 474"}
{"message":"  status: 'degraded',","timestamp":"2026-09-06T06:51:10.118760773Z","level":"info"}
{"message":"  reasonCodes: [ 'command_unavailable' ],","timestamp":"2026-09-06T06:51:10.118765553Z","level":"info"}
{"level":"info","message":"}","timestamp":"2026-09-06T06:51:10.118766303Z"}
{"level":"info","message":"  buildId: 'nexusrbx-studio-0.14.0-r15-animation.10-native-value-normalization',","timestamp":"2026-09-06T06:51:10.118776753Z"}
{"message":"  attestationWritten: false,","timestamp":"2026-09-06T06:51:10.118780413Z","level":"info"}
{"message":"  repairDurationMs: 405","timestamp":"2026-09-06T06:51:10.118783303Z","level":"info"}
{"level":"info","message":"}","timestamp":"2026-09-06T06:51:10.118785983Z"}
{"message":"[ops] {","timestamp":"2026-09-06T06:51:10.118789283Z","level":"info"}
{"timestamp":"2026-09-06T06:51:10.118792373Z","level":"info","message":"  event: 'http_request',"}
{"timestamp":"2026-09-06T06:51:10.118796972Z","level":"info","message":"  ts: '2026-09-06T06:51:10.115Z',"}
{"level":"info","message":"[ops] {","timestamp":"2026-09-06T06:51:10.439212940Z"}
{"timestamp":"2026-09-06T06:51:10.439218370Z","level":"info","message":"  event: 'http_request',"}
{"level":"info","timestamp":"2026-09-06T06:51:10.439222350Z","message":"  ts: '2026-09-06T06:51:10.429Z',"}
{"message":"  requestId: '268176ad-a9bc-479a-b220-ee8a05b6b042',","timestamp":"2026-09-06T06:51:10.439225840Z","level":"info"}
{"message":"  method: 'POST',","timestamp":"2026-09-06T06:51:10.439229570Z","level":"info"}
{"message":"  route: '/api/studio/mcp/session/ping',","timestamp":"2026-09-06T06:51:10.439233460Z","level":"info"}
{"timestamp":"2026-09-06T06:51:10.439236920Z","level":"info","message":"  status: 200,"}
{"level":"info","timestamp":"2026-09-06T06:51:10.439240140Z","message":"  durationMs: 274"}
{"message":"}","timestamp":"2026-09-06T06:51:10.439243360Z","level":"info"}
{"level":"info","message":"[ops] {","timestamp":"2026-09-06T06:51:11.768156544Z"}
{"timestamp":"2026-09-06T06:51:11.768159984Z","level":"info","message":"  event: 'http_request',"}
{"level":"info","message":"  ts: '2026-09-06T06:51:11.759Z',","timestamp":"2026-09-06T06:51:11.768163254Z"}
{"timestamp":"2026-09-06T06:51:11.768166224Z","message":"  requestId: 'f83123a3-faeb-4f50-941b-e90e985ba32c',","level":"info"}
{"message":"  method: 'OPTIONS',","timestamp":"2026-09-06T06:51:11.768170594Z","level":"info"}
{"timestamp":"2026-09-06T06:51:11.768173314Z","level":"info","message":"  route: '/api/v2/agents/active',"}
{"timestamp":"2026-09-06T06:51:11.768175644Z","level":"info","message":"  status: 204,"}
{"level":"info","message":"  durationMs: 0","timestamp":"2026-09-06T06:51:11.768178154Z"}
{"timestamp":"2026-09-06T06:51:11.768181044Z","level":"info","message":"}"}
{"level":"info","message":"[ops] {","timestamp":"2026-09-06T06:51:11.768183954Z"}
{"message":"  event: 'http_request',","timestamp":"2026-09-06T06:51:11.768187864Z","level":"info"}
{"message":"  ts: '2026-09-06T06:51:11.761Z',","timestamp":"2026-09-06T06:51:11.768191204Z","level":"info"}
{"message":"  requestId: '6ee074d3-46a0-41aa-a816-d4403d820d56',","timestamp":"2026-09-06T06:51:11.768196094Z","level":"info"}
{"level":"info","timestamp":"2026-09-06T06:51:11.768199304Z","message":"  method: 'OPTIONS',"}
{"timestamp":"2026-09-06T06:51:11.768202524Z","message":"  route: '/api/v2/events',","level":"info"}
{"level":"info","message":"  status: 204,","timestamp":"2026-09-06T06:51:11.768206004Z"}
{"message":"  durationMs: 0","timestamp":"2026-09-06T06:51:11.768213194Z","level":"info"}
{"timestamp":"2026-09-06T06:51:11.768217524Z","message":"}","level":"info"}
{"message":"[ops] {","level":"error","timestamp":"2026-09-06T06:51:11.958560433Z"}
{"message":"  event: 'security.app_check_rejected',","timestamp":"2026-09-06T06:51:11.958564133Z","level":"error"}
{"timestamp":"2026-09-06T06:51:11.958567623Z","level":"error","message":"  ts: '2026-09-06T06:51:11.955Z',"}
{"message":"  reason: 'missing_token',","timestamp":"2026-09-06T06:51:11.958570763Z","level":"error"}
{"timestamp":"2026-09-06T06:51:11.958574043Z","level":"error","message":"  mode: 'monitor',"}
{"message":"  route: '/api/v2/agents/active'","timestamp":"2026-09-06T06:51:11.958577523Z","level":"error"}
{"timestamp":"2026-09-06T06:51:11.958581103Z","level":"error","message":"}"}
{"timestamp":"2026-09-06T06:51:11.958584263Z","level":"error","message":"[ops] {"}
{"message":"  event: 'security.app_check_rejected',","level":"error","timestamp":"2026-09-06T06:51:11.958587083Z"}
{"message":"  ts: '2026-09-06T06:51:11.956Z',","level":"error","timestamp":"2026-09-06T06:51:11.958589893Z"}
{"message":"  reason: 'missing_token',","timestamp":"2026-09-06T06:51:11.958592502Z","level":"error"}
{"message":"  mode: 'monitor',","timestamp":"2026-09-06T06:51:11.958595742Z","level":"error"}
{"timestamp":"2026-09-06T06:51:11.958599312Z","level":"error","message":"  route: '/api/v2/events'"}
{"timestamp":"2026-09-06T06:51:11.958602032Z","message":"}","level":"error"}
{"message":"[ops] {","timestamp":"2026-09-06T06:51:12.013636975Z","level":"info"}
{"message":"  event: 'http_request',","timestamp":"2026-09-06T06:51:12.013648425Z","level":"info"}
{"level":"info","message":"  ts: '2026-09-06T06:51:12.011Z',","timestamp":"2026-09-06T06:51:12.013653135Z"}
{"message":"  requestId: 'aac414fb-093b-45a0-920c-edd107c5c931',","level":"info","timestamp":"2026-09-06T06:51:12.013697834Z"}
{"level":"info","timestamp":"2026-09-06T06:51:12.013701384Z","message":"  method: 'GET',"}
{"message":"  route: '/api/v2/agents/active',","timestamp":"2026-09-06T06:51:12.013704694Z","level":"info"}
{"level":"info","message":"  status: 200,","timestamp":"2026-09-06T06:51:12.013708014Z"}
{"timestamp":"2026-09-06T06:51:12.013711134Z","message":"  durationMs: 56","level":"info"}
{"timestamp":"2026-09-06T06:51:12.013714384Z","level":"info","message":"}"}
{"message":"[ops] {","timestamp":"2026-09-06T06:51:12.530604003Z","level":"info"}
{"timestamp":"2026-09-06T06:51:12.530607153Z","level":"info","message":"  event: 'http_request',"}
{"level":"info","message":"  ts: '2026-09-06T06:51:12.520Z',","timestamp":"2026-09-06T06:51:12.530609943Z"}
{"level":"info","message":"  requestId: 'a13c54cd-04f0-4bfb-84eb-bcaf175da0b5',","timestamp":"2026-09-06T06:51:12.530612663Z"}
{"timestamp":"2026-09-06T06:51:12.530617253Z","level":"info","message":"  method: 'GET',"}
{"timestamp":"2026-09-06T06:51:12.530620813Z","level":"info","message":"  route: '/api/v2/events',"}
{"timestamp":"2026-09-06T06:51:12.530623673Z","level":"info","message":"  status: 200,"}
{"timestamp":"2026-09-06T06:51:12.530626143Z","message":"  durationMs: 565","level":"info"}
{"level":"info","timestamp":"2026-09-06T06:51:12.530628953Z","message":"}"}
{"level":"info","message":"[ops] {","timestamp":"2026-09-06T06:51:14.240538611Z"}
{"timestamp":"2026-09-06T06:51:14.240542251Z","message":"  event: 'http_request',","level":"info"}
{"timestamp":"2026-09-06T06:51:14.240545671Z","message":"  ts: '2026-09-06T06:51:14.239Z',","level":"info"}
{"message":"  requestId: '74080af6-0a76-4e3e-a0a8-c3644e4a3b04',","level":"info","timestamp":"2026-09-06T06:51:14.240548921Z"}
{"level":"info","message":"  method: 'OPTIONS',","timestamp":"2026-09-06T06:51:14.240552761Z"}
{"timestamp":"2026-09-06T06:51:14.240555840Z","message":"  route: '/api/v2/events',","level":"info"}
{"timestamp":"2026-09-06T06:51:14.240559560Z","message":"  status: 204,","level":"info"}
{"timestamp":"2026-09-06T06:51:14.240562430Z","message":"  durationMs: 0","level":"info"}
{"level":"info","message":"}","timestamp":"2026-09-06T06:51:14.240567160Z"}
{"timestamp":"2026-09-06T06:51:14.405363741Z","message":"[ops] {","level":"error"}
{"level":"error","message":"  event: 'security.app_check_rejected',","timestamp":"2026-09-06T06:51:14.405370381Z"}
{"message":"  ts: '2026-09-06T06:51:14.403Z',","level":"error","timestamp":"2026-09-06T06:51:14.405374281Z"}
{"level":"error","timestamp":"2026-09-06T06:51:14.405377881Z","message":"  reason: 'missing_token',"}
{"level":"error","timestamp":"2026-09-06T06:51:14.405381251Z","message":"  mode: 'monitor',"}
{"message":"  route: '/api/v2/events'","level":"error","timestamp":"2026-09-06T06:51:14.405391381Z"}
{"message":"}","level":"error","timestamp":"2026-09-06T06:51:14.405394831Z"}
{"message":"  route: '/api/studio/commands/next',","timestamp":"2026-09-06T06:51:14.814512028Z","level":"info"}
{"timestamp":"2026-09-06T06:51:14.814525598Z","message":"  status: 204,","level":"info"}
{"timestamp":"2026-09-06T06:51:14.814531328Z","message":"  durationMs: 24400","level":"info"}
{"message":"}","timestamp":"2026-09-06T06:51:14.814537878Z","level":"info"}
{"level":"info","timestamp":"2026-09-06T06:51:14.814575428Z","message":"[ops] {"}
{"message":"  event: 'studio.command_polled',","level":"info","timestamp":"2026-09-06T06:51:14.814580158Z"}
{"timestamp":"2026-09-06T06:51:14.814583628Z","level":"info","message":"  ts: '2026-09-06T06:51:14.766Z',"}
{"level":"info","message":"  requestId: 'cbc4abc7-28c6-45e2-bf76-b9f6f8183593',","timestamp":"2026-09-06T06:51:14.814587348Z"}
{"timestamp":"2026-09-06T06:51:14.814591958Z","level":"info","message":"  sessionId: 'Iog4rWn0F2wcGR9xp3Jq',"}
{"timestamp":"2026-09-06T06:51:14.814595668Z","message":"  status: 'empty'","level":"info"}
{"timestamp":"2026-09-06T06:51:14.814599658Z","level":"info","message":"}"}
{"level":"info","message":"[ops] {","timestamp":"2026-09-06T06:51:14.814603108Z"}
{"timestamp":"2026-09-06T06:51:14.814606488Z","level":"info","message":"  event: 'http_request',"}
{"level":"info","message":"  ts: '2026-09-06T06:51:14.766Z',","timestamp":"2026-09-06T06:51:14.814610328Z"}
{"timestamp":"2026-09-06T06:51:14.814613548Z","level":"info","message":"  requestId: 'cbc4abc7-28c6-45e2-bf76-b9f6f8183593',"}
{"message":"  method: 'GET',","timestamp":"2026-09-06T06:51:14.814616678Z","level":"info"}
{"message":"  durationMs: 594","timestamp":"2026-09-06T06:51:14.998844306Z","level":"info"}
{"timestamp":"2026-09-06T06:51:14.998846406Z","message":"[ops] {","level":"info"}
{"timestamp":"2026-09-06T06:51:14.998853455Z","message":"}","level":"info"}
{"level":"info","message":"  event: 'http_request',","timestamp":"2026-09-06T06:51:14.998853575Z"}
{"level":"info","message":"  ts: '2026-09-06T06:51:14.997Z',","timestamp":"2026-09-06T06:51:14.998857815Z"}
{"message":"  requestId: 'a29fc30c-cc4c-44ea-8e22-5a9fb294861f',","timestamp":"2026-09-06T06:51:14.998863855Z","level":"info"}
{"message":"  method: 'GET',","timestamp":"2026-09-06T06:51:14.998867345Z","level":"info"}
{"timestamp":"2026-09-06T06:51:14.998870495Z","message":"  route: '/api/v2/events',","level":"info"}
{"message":"  status: 200,","timestamp":"2026-09-06T06:51:14.998873335Z","level":"info"}
{"message":"[ops] {","timestamp":"2026-09-06T06:51:16.784998932Z","level":"info"}
{"level":"info","timestamp":"2026-09-06T06:51:16.785002342Z","message":"  event: 'studio.command_polled',"}
{"message":"  ts: '2026-09-06T06:51:16.680Z',","timestamp":"2026-09-06T06:51:16.785005762Z","level":"info"}
{"timestamp":"2026-09-06T06:51:16.785008882Z","message":"  requestId: '22329fcc-a8a7-41d0-9570-1b1164a73cad',","level":"info"}
{"timestamp":"2026-09-06T06:51:16.785011622Z","level":"info","message":"  sessionId: 'MLq8J3mhz56J6BRsAeQe',"}
{"level":"info","message":"  status: 'empty'","timestamp":"2026-09-06T06:51:16.785015152Z"}
{"level":"info","message":"}","timestamp":"2026-09-06T06:51:16.785018072Z"}
{"level":"info","timestamp":"2026-09-06T06:51:16.785021462Z","message":"[ops] {"}
{"level":"info","message":"  event: 'http_request',","timestamp":"2026-09-06T06:51:16.785024692Z"}
{"message":"  ts: '2026-09-06T06:51:16.680Z',","level":"info","timestamp":"2026-09-06T06:51:16.785028912Z"}
{"message":"  requestId: '22329fcc-a8a7-41d0-9570-1b1164a73cad',","timestamp":"2026-09-06T06:51:16.785032202Z","level":"info"}
{"level":"info","message":"  method: 'GET',","timestamp":"2026-09-06T06:51:16.785035472Z"}
{"level":"info","message":"  route: '/api/studio/commands/next',","timestamp":"2026-09-06T06:51:16.785038452Z"}
{"timestamp":"2026-09-06T06:51:16.785041452Z","level":"info","message":"  status: 204,"}
{"level":"info","message":"  durationMs: 24413","timestamp":"2026-09-06T06:51:16.785044392Z"}
{"level":"info","timestamp":"2026-09-06T06:51:16.785047862Z","message":"}"}
{"message":"[ops] {","level":"info","timestamp":"2026-09-06T06:51:16.785051151Z"}
{"level":"info","message":"  event: 'http_request',","timestamp":"2026-09-06T06:51:16.785054001Z"}
{"timestamp":"2026-09-06T06:51:16.785057381Z","message":"  ts: '2026-09-06T06:51:16.741Z',","level":"info"}
{"message":"  requestId: '8bfff418-f515-4965-8290-7d3d87acec45',","timestamp":"2026-09-06T06:51:16.785060761Z","level":"info"}
{"timestamp":"2026-09-06T06:51:16.785063691Z","level":"info","message":"  method: 'OPTIONS',"}
{"message":"  route: '/api/v2/events',","timestamp":"2026-09-06T06:51:16.785066701Z","level":"info"}
{"level":"info","message":"  status: 204,","timestamp":"2026-09-06T06:51:16.785069501Z"}
{"level":"info","timestamp":"2026-09-06T06:51:16.785076741Z","message":"  durationMs: 0"}
{"timestamp":"2026-09-06T06:51:16.785080001Z","level":"info","message":"}"}
{"timestamp":"2026-09-06T06:51:16.918524290Z","level":"error","message":"[ops] {"}
{"level":"error","message":"  event: 'security.app_check_rejected',","timestamp":"2026-09-06T06:51:16.918530380Z"}
{"message":"  ts: '2026-09-06T06:51:16.913Z',","timestamp":"2026-09-06T06:51:16.918534910Z","level":"error"}
{"level":"error","message":"  reason: 'missing_token',","timestamp":"2026-09-06T06:51:16.918538840Z"}
{"message":"  mode: 'monitor',","timestamp":"2026-09-06T06:51:16.918543100Z","level":"error"}
{"level":"error","message":"  route: '/api/v2/events'","timestamp":"2026-09-06T06:51:16.918546740Z"}
{"level":"error","message":"}","timestamp":"2026-09-06T06:51:16.918550260Z"}
{"level":"info","timestamp":"2026-09-06T06:51:17.428495892Z","message":"[ops] {"}
{"message":"  event: 'http_request',","timestamp":"2026-09-06T06:51:17.428506572Z","level":"info"}
{"level":"info","message":"  ts: '2026-09-06T06:51:17.426Z',","timestamp":"2026-09-06T06:51:17.428512342Z"}
{"timestamp":"2026-09-06T06:51:17.428519791Z","message":"  requestId: '4d0d9e48-9d4a-4bc8-b7e6-175dbe0f4762',","level":"info"}
{"timestamp":"2026-09-06T06:51:17.428524111Z","message":"  method: 'POST',","level":"info"}
{"message":"  route: '/api/studio/mcp/session/ping',","level":"info","timestamp":"2026-09-06T06:51:17.428528331Z"}
{"timestamp":"2026-09-06T06:51:17.428531971Z","message":"  status: 200,","level":"info"}
{"timestamp":"2026-09-06T06:51:17.428535281Z","level":"info","message":"  durationMs: 355"}
{"message":"}","timestamp":"2026-09-06T06:51:17.428539201Z","level":"info"}
{"message":"[ops] {","timestamp":"2026-09-06T06:51:17.525389630Z","level":"info"}
{"timestamp":"2026-09-06T06:51:17.525396800Z","message":"  event: 'http_request',","level":"info"}
{"level":"info","message":"  ts: '2026-09-06T06:51:17.507Z',","timestamp":"2026-09-06T06:51:17.525406520Z"}
{"message":"  requestId: '4353c506-72ce-44ef-ae7c-fd297bb50eb8',","timestamp":"2026-09-06T06:51:17.525410380Z","level":"info"}
{"timestamp":"2026-09-06T06:51:17.525423730Z","message":"  method: 'GET',","level":"info"}
{"level":"info","timestamp":"2026-09-06T06:51:17.525427410Z","message":"  route: '/api/v2/events',"}
{"message":"  status: 200,","level":"info","timestamp":"2026-09-06T06:51:17.525430840Z"}
{"message":"  durationMs: 594","level":"info","timestamp":"2026-09-06T06:51:17.525434510Z"}
{"timestamp":"2026-09-06T06:51:17.525438050Z","level":"info","message":"}"}
{"level":"info","timestamp":"2026-09-06T06:51:17.873332604Z","message":"  method: 'GET',"}
{"timestamp":"2026-09-06T06:51:17.873344344Z","message":"  route: '/api/studio/mcp/commands/next',","level":"info"}
{"level":"info","message":"  status: 204,","timestamp":"2026-09-06T06:51:17.873349754Z"}
{"message":"  durationMs: 5091","timestamp":"2026-09-06T06:51:17.873354234Z","level":"info"}
{"level":"info","timestamp":"2026-09-06T06:51:17.873358324Z","message":"}"}
{"message":"[ops] {","level":"info","timestamp":"2026-09-06T06:51:17.873468273Z"}
{"level":"info","message":"  event: 'studio.command_polled',","timestamp":"2026-09-06T06:51:17.873471813Z"}
{"timestamp":"2026-09-06T06:51:17.873475163Z","level":"info","message":"  ts: '2026-09-06T06:51:17.753Z',"}
{"level":"info","message":"  requestId: 'c220882b-39fe-4eb9-b027-17b28b1c62d2',","timestamp":"2026-09-06T06:51:17.873478353Z"}
{"timestamp":"2026-09-06T06:51:17.873482733Z","level":"info","message":"  sessionId: 'DlvFpLpN0vX1CB5Fvwv9',"}
{"message":"  status: 'empty'","level":"info","timestamp":"2026-09-06T06:51:17.873486313Z"}
{"message":"}","timestamp":"2026-09-06T06:51:17.873489523Z","level":"info"}
{"level":"info","message":"[ops] {","timestamp":"2026-09-06T06:51:17.873493133Z"}
{"level":"info","message":"  event: 'http_request',","timestamp":"2026-09-06T06:51:17.873496993Z"}
{"level":"info","timestamp":"2026-09-06T06:51:17.873500073Z","message":"  ts: '2026-09-06T06:51:17.753Z',"}
{"message":"  requestId: 'c220882b-39fe-4eb9-b027-17b28b1c62d2',","timestamp":"2026-09-06T06:51:17.873503523Z","level":"info"}
{"timestamp":"2026-09-06T06:51:18.328342893Z","level":"info","message":"[ops] {"}
{"message":"  event: 'http_request',","timestamp":"2026-09-06T06:51:18.328348243Z","level":"info"}
{"message":"  ts: '2026-09-06T06:51:18.320Z',","timestamp":"2026-09-06T06:51:18.328352323Z","level":"info"}
{"timestamp":"2026-09-06T06:51:18.328355233Z","level":"info","message":"  requestId: 'c1f3184c-ec06-45a8-8fe4-a0cb630740c7',"}
{"timestamp":"2026-09-06T06:51:18.328357713Z","level":"info","message":"  method: 'POST',"}
{"level":"info","timestamp":"2026-09-06T06:51:18.328360753Z","message":"  route: '/api/studio/mcp/session/ping',"}
{"timestamp":"2026-09-06T06:51:18.328363263Z","level":"info","message":"  status: 200,"}
{"timestamp":"2026-09-06T06:51:18.328365853Z","message":"  durationMs: 272","level":"info"}
{"level":"info","timestamp":"2026-09-06T06:51:18.328368483Z","message":"}"}
{"timestamp":"2026-09-06T06:51:18.760309127Z","level":"info","message":"[ops] {"}
{"level":"info","message":"  event: 'http_request',","timestamp":"2026-09-06T06:51:18.760312507Z"}
{"level":"info","timestamp":"2026-09-06T06:51:18.760315997Z","message":"  ts: '2026-09-06T06:51:18.689Z',"}
{"message":"  requestId: '4453a293-f94d-4156-9b21-12d439ce3e13',","timestamp":"2026-09-06T06:51:18.760320387Z","level":"info"}
{"timestamp":"2026-09-06T06:51:18.760324377Z","message":"  method: 'OPTIONS',","level":"info"}
{"message":"  route: '/api/studio/mcp/status',","timestamp":"2026-09-06T06:51:18.760327887Z","level":"info"}
{"message":"  status: 204,","timestamp":"2026-09-06T06:51:18.760331467Z","level":"info"}
{"timestamp":"2026-09-06T06:51:18.760334587Z","level":"info","message":"  durationMs: 0"}
{"message":"}","timestamp":"2026-09-06T06:51:18.760338007Z","level":"info"}
{"message":"[ops] {","level":"info","timestamp":"2026-09-06T06:51:18.760342357Z"}
{"message":"  event: 'http_request',","timestamp":"2026-09-06T06:51:18.760345487Z","level":"info"}
{"level":"info","timestamp":"2026-09-06T06:51:18.760348747Z","message":"  ts: '2026-09-06T06:51:18.689Z',"}
{"message":"  requestId: '8cdf1bc4-3d1f-4b46-8261-35e09b42b4e3',","level":"info","timestamp":"2026-09-06T06:51:18.760352667Z"}
{"level":"info","timestamp":"2026-09-06T06:51:18.760356207Z","message":"  method: 'OPTIONS',"}
{"message":"  route: '/api/studio/status',","timestamp":"2026-09-06T06:51:18.760359727Z","level":"info"}
{"timestamp":"2026-09-06T06:51:18.760364387Z","level":"info","message":"  status: 204,"}
{"timestamp":"2026-09-06T06:51:18.760367987Z","level":"info","message":"  durationMs: 0"}
{"message":"}","timestamp":"2026-09-06T06:51:18.760371967Z","level":"info"}
{"level":"error","timestamp":"2026-09-06T06:51:18.862928769Z","message":"[ops] {"}
{"level":"error","timestamp":"2026-09-06T06:51:18.862935869Z","message":"  event: 'security.app_check_rejected',"}
{"level":"error","message":"  ts: '2026-09-06T06:51:18.855Z',","timestamp":"2026-09-06T06:51:18.862940289Z"}
{"timestamp":"2026-09-06T06:51:18.862947279Z","level":"error","message":"  reason: 'missing_token',"}
{"level":"error","timestamp":"2026-09-06T06:51:18.862951129Z","message":"  mode: 'monitor',"}
{"timestamp":"2026-09-06T06:51:18.862955239Z","level":"error","message":"  route: '/api/studio/mcp/status'"}
{"level":"error","timestamp":"2026-09-06T06:51:18.862959019Z","message":"}"}
{"level":"error","message":"[ops] {","timestamp":"2026-09-06T06:51:18.867439591Z"}
{"level":"error","message":"  event: 'security.app_check_rejected',","timestamp":"2026-09-06T06:51:18.867445151Z"}
{"message":"  ts: '2026-09-06T06:51:18.863Z',","timestamp":"2026-09-06T06:51:18.867449011Z","level":"error"}
{"level":"error","message":"  reason: 'missing_token',","timestamp":"2026-09-06T06:51:18.867452661Z"}
{"message":"  mode: 'monitor',","timestamp":"2026-09-06T06:51:18.867456441Z","level":"error"}
{"timestamp":"2026-09-06T06:51:18.867459811Z","message":"  route: '/api/studio/status'","level":"error"}
{"message":"}","timestamp":"2026-09-06T06:51:18.867463221Z","level":"error"}
{"timestamp":"2026-09-06T06:51:19.079343383Z","message":"[ops] {","level":"info"}
{"level":"info","message":"  event: 'http_request',","timestamp":"2026-09-06T06:51:19.079347583Z"}
{"timestamp":"2026-09-06T06:51:19.079350773Z","message":"  ts: '2026-09-06T06:51:19.072Z',","level":"info"}
{"level":"info","message":"  requestId: '09819735-c267-44ab-90fa-b901d347ea17',","timestamp":"2026-09-06T06:51:19.079353383Z"}
{"timestamp":"2026-09-06T06:51:19.079356443Z","message":"  method: 'GET',","level":"info"}
{"level":"info","message":"  route: '/api/studio/mcp/status',","timestamp":"2026-09-06T06:51:19.079359293Z"}
{"message":"  status: 200,","level":"info","timestamp":"2026-09-06T06:51:19.079362273Z"}
{"timestamp":"2026-09-06T06:51:19.079364973Z","level":"info","message":"  durationMs: 217"}
{"level":"info","message":"}","timestamp":"2026-09-06T06:51:19.079367893Z"}
{"message":"[ops] {","timestamp":"2026-09-06T06:51:19.384260120Z","level":"info"}
{"level":"info","message":"  event: 'http_request',","timestamp":"2026-09-06T06:51:19.384267960Z"}
{"level":"info","message":"  ts: '2026-09-06T06:51:19.374Z',","timestamp":"2026-09-06T06:51:19.384272010Z"}
{"message":"  requestId: '0a09362b-2bb5-4263-aaca-5257fd790c64',","timestamp":"2026-09-06T06:51:19.384275590Z","level":"info"}
{"level":"info","timestamp":"2026-09-06T06:51:19.384279500Z","message":"  method: 'GET',"}
{"level":"info","timestamp":"2026-09-06T06:51:19.384283900Z","message":"  route: '/api/studio/status',"}
{"message":"  status: 200,","timestamp":"2026-09-06T06:51:19.384287220Z","level":"info"}
{"message":"  durationMs: 511","timestamp":"2026-09-06T06:51:19.384290170Z","level":"info"}
{"timestamp":"2026-09-06T06:51:19.384293380Z","level":"info","message":"}"}
{"message":"[ops] {","timestamp":"2026-09-06T06:51:19.611707994Z","level":"info"}
{"message":"  event: 'http_request',","level":"info","timestamp":"2026-09-06T06:51:19.611712824Z"}
{"timestamp":"2026-09-06T06:51:19.611717994Z","level":"info","message":"  ts: '2026-09-06T06:51:19.609Z',"}
{"level":"info","message":"  requestId: '742f8914-0186-4035-bc30-822cac9ce3e7',","timestamp":"2026-09-06T06:51:19.611721074Z"}
{"message":"  method: 'OPTIONS',","level":"info","timestamp":"2026-09-06T06:51:19.611724064Z"}
{"level":"info","message":"  route: '/api/v2/events',","timestamp":"2026-09-06T06:51:19.611727194Z"}
{"message":"  status: 204,","timestamp":"2026-09-06T06:51:19.611730224Z","level":"info"}
{"message":"  durationMs: 0","timestamp":"2026-09-06T06:51:19.611732784Z","level":"info"}
{"level":"info","timestamp":"2026-09-06T06:51:19.611735514Z","message":"}"}
{"message":"  ts: '2026-09-06T06:51:19.836Z',","timestamp":"2026-09-06T06:51:19.903129925Z","level":"error"}
{"timestamp":"2026-09-06T06:51:19.903137225Z","level":"error","message":"  reason: 'missing_token',"}
{"message":"  mode: 'monitor',","level":"error","timestamp":"2026-09-06T06:51:19.903141765Z"}
{"message":"  route: '/api/v2/events'","timestamp":"2026-09-06T06:51:19.903146175Z","level":"error"}
{"message":"}","timestamp":"2026-09-06T06:51:19.903150255Z","level":"error"}
{"level":"error","message":"[ops] {","timestamp":"2026-09-06T06:51:19.903217435Z"}
{"message":"  event: 'security.app_check_rejected',","timestamp":"2026-09-06T06:51:19.903221095Z","level":"error"}
{"timestamp":"2026-09-06T06:51:20.427802494Z","level":"info","message":"[ops] {"}
{"timestamp":"2026-09-06T06:51:20.427806914Z","level":"info","message":"  event: 'http_request',"}
{"level":"info","message":"  ts: '2026-09-06T06:51:20.368Z',","timestamp":"2026-09-06T06:51:20.427812204Z"}
{"timestamp":"2026-09-06T06:51:20.427816434Z","message":"  requestId: 'da3b0e20-fbeb-4a46-9c7f-d4038c5fe251',","level":"info"}
{"timestamp":"2026-09-06T06:51:20.427821054Z","level":"info","message":"  method: 'GET',"}
{"message":"  route: '/api/v2/events',","level":"info","timestamp":"2026-09-06T06:51:20.427825264Z"}
{"message":"  status: 200,","timestamp":"2026-09-06T06:51:20.427830614Z","level":"info"}
{"level":"info","timestamp":"2026-09-06T06:51:20.427834734Z","message":"  durationMs: 532"}
{"timestamp":"2026-09-06T06:51:20.427839034Z","message":"}","level":"info"}
{"count":1,"jobId":null,"writesPerStudioSessionHour":3,"ts":1788677481100,"timestamp":"2026-09-06T06:51:21.102268318Z","total":11,"counter":"studio_session","sessionId":"MLq8J3mhz56J6BRsAeQe","level":"info","type":"firestore_write_metric","message":""}
{"timestamp":"2026-09-06T06:51:21.609459677Z","level":"info","message":"[ops] {"}
{"timestamp":"2026-09-06T06:51:21.609462967Z","message":"}","level":"info"}
{"level":"info","timestamp":"2026-09-06T06:51:21.609469397Z","message":"  event: 'studio.plugin_compatibility_handshake',"}
{"level":"info","message":"  ts: '2026-09-06T06:51:21.607Z',","timestamp":"2026-09-06T06:51:21.609473977Z"}
{"level":"info","message":"  requestId: 'fdfaf0ec-3792-499c-90d4-74042ae03d16',","timestamp":"2026-09-06T06:51:21.609478657Z"}
{"message":"  sessionId: 'MLq8J3mhz56J6BRsAeQe',","timestamp":"2026-09-06T06:51:21.609483437Z","level":"info"}
{"timestamp":"2026-09-06T06:51:21.609488227Z","level":"info","message":"  userId: '0VSQotqOXxPXBLeQu1gUNkXELWH3',"}
{"message":"  status: 'compatible',","timestamp":"2026-09-06T06:51:21.609492217Z","level":"info"}
{"message":"  reasonCodes: [],","timestamp":"2026-09-06T06:51:21.609495767Z","level":"info"}
{"level":"info","message":"  buildId: 'nexusrbx-studio-0.14.0-r15-animation.12-toolbox',","timestamp":"2026-09-06T06:51:21.609499427Z"}
{"level":"info","timestamp":"2026-09-06T06:51:21.609503427Z","message":"  attestationWritten: false,"}
{"level":"info","timestamp":"2026-09-06T06:51:21.609506737Z","message":"  repairDurationMs: 857"}
{"message":"}","level":"info","timestamp":"2026-09-06T06:51:21.609511577Z"}
{"level":"info","timestamp":"2026-09-06T06:51:21.609515137Z","message":"[ops] {"}
{"message":"  event: 'http_request',","timestamp":"2026-09-06T06:51:21.609518547Z","level":"info"}
{"message":"  ts: '2026-09-06T06:51:21.608Z',","timestamp":"2026-09-06T06:51:21.609522127Z","level":"info"}
{"level":"info","timestamp":"2026-09-06T06:51:21.609526087Z","message":"  requestId: 'fdfaf0ec-3792-499c-90d4-74042ae03d16',"}
{"timestamp":"2026-09-06T06:51:21.609529757Z","message":"  method: 'POST',","level":"info"}
{"level":"info","timestamp":"2026-09-06T06:51:21.609533157Z","message":"  route: '/api/studio/session/ping',"}
{"message":"  status: 200,","timestamp":"2026-09-06T06:51:21.609536537Z","level":"info"}
{"level":"info","timestamp":"2026-09-06T06:51:21.609539947Z","message":"  durationMs: 916"}
{"timestamp":"2026-09-06T06:51:21.754702821Z","level":"info","message":"  method: 'OPTIONS',"}
{"message":"  durationMs: 0","timestamp":"2026-09-06T06:51:21.754713371Z","level":"info"}
{"message":"  route: '/api/v2/events',","timestamp":"2026-09-06T06:51:21.754716481Z","level":"info"}
{"timestamp":"2026-09-06T06:51:21.754736691Z","level":"info","message":"[ops] {"}
{"timestamp":"2026-09-06T06:51:21.754739231Z","message":"}","level":"info"}
{"message":"  status: 204,","timestamp":"2026-09-06T06:51:21.754740711Z","level":"info"}
{"timestamp":"2026-09-06T06:51:21.754743801Z","message":"  event: 'http_request',","level":"info"}
{"timestamp":"2026-09-06T06:51:21.754746461Z","level":"info","message":"[ops] {"}
{"message":"  durationMs: 0","level":"info","timestamp":"2026-09-06T06:51:21.754750951Z"}
{"timestamp":"2026-09-06T06:51:21.754751021Z","message":"  ts: '2026-09-06T06:51:21.740Z',","level":"info"}
{"message":"  event: 'http_request',","timestamp":"2026-09-06T06:51:21.754752621Z","level":"info"}
{"message":"  requestId: '802bb1fb-e1be-40ce-b70b-cdc3eff44966',","level":"info","timestamp":"2026-09-06T06:51:21.754757241Z"}
{"message":"  ts: '2026-09-06T06:51:21.745Z',","timestamp":"2026-09-06T06:51:21.754758261Z","level":"info"}
{"level":"info","message":"}","timestamp":"2026-09-06T06:51:21.754762291Z"}
{"level":"info","timestamp":"2026-09-06T06:51:21.754764861Z","message":"  requestId: '941d4d11-8e5a-472a-8d9f-9a5ba2f87998',"}
{"timestamp":"2026-09-06T06:51:21.754765451Z","level":"info","message":"  method: 'OPTIONS',"}
{"level":"info","message":"  route: '/api/v2/agents/active',","timestamp":"2026-09-06T06:51:21.754770330Z"}
{"level":"info","message":"  status: 204,","timestamp":"2026-09-06T06:51:21.754774480Z"}
{"level":"error","timestamp":"2026-09-06T06:51:21.925857741Z","message":"[ops] {"}
{"timestamp":"2026-09-06T06:51:21.925864311Z","level":"error","message":"  event: 'security.app_check_rejected',"}
{"message":"  ts: '2026-09-06T06:51:21.910Z',","timestamp":"2026-09-06T06:51:21.925870121Z","level":"error"}
{"message":"  reason: 'missing_token',","timestamp":"2026-09-06T06:51:21.925874591Z","level":"error"}
{"message":"  mode: 'monitor',","timestamp":"2026-09-06T06:51:21.925879221Z","level":"error"}
{"timestamp":"2026-09-06T06:51:21.925882741Z","message":"  route: '/api/v2/agents/active'","level":"error"}
{"message":"}","timestamp":"2026-09-06T06:51:21.925886071Z","level":"error"}
{"message":"[ops] {","level":"error","timestamp":"2026-09-06T06:51:21.925890581Z"}
{"level":"error","timestamp":"2026-09-06T06:51:21.925894851Z","message":"  event: 'security.app_check_rejected',"}
{"level":"error","timestamp":"2026-09-06T06:51:21.925898431Z","message":"  ts: '2026-09-06T06:51:21.918Z',"}
{"level":"error","message":"  reason: 'missing_token',","timestamp":"2026-09-06T06:51:21.925902161Z"}
{"level":"error","message":"  mode: 'monitor',","timestamp":"2026-09-06T06:51:21.925905781Z"}
{"level":"error","message":"  route: '/api/v2/events'","timestamp":"2026-09-06T06:51:21.925909911Z"}
{"timestamp":"2026-09-06T06:51:21.925913901Z","message":"}","level":"error"}
{"level":"info","message":"[ops] {","timestamp":"2026-09-06T06:51:21.994959614Z"}
{"message":"  event: 'http_request',","timestamp":"2026-09-06T06:51:21.994963944Z","level":"info"}
{"timestamp":"2026-09-06T06:51:21.994967884Z","message":"  ts: '2026-09-06T06:51:21.992Z',","level":"info"}
{"message":"  requestId: '1940a8b7-6ccc-47fd-a4e2-bfcbf14cd08e',","level":"info","timestamp":"2026-09-06T06:51:21.994971754Z"}
{"message":"  method: 'GET',","timestamp":"2026-09-06T06:51:21.994975774Z","level":"info"}
{"timestamp":"2026-09-06T06:51:21.994979174Z","level":"info","message":"  route: '/api/v2/agents/active',"}
{"timestamp":"2026-09-06T06:51:21.994982954Z","level":"info","message":"  status: 200,"}
{"message":"  durationMs: 82","level":"info","timestamp":"2026-09-06T06:51:21.994988654Z"}
{"timestamp":"2026-09-06T06:51:21.994991964Z","level":"info","message":"}"}
{"message":"[ops] {","timestamp":"2026-09-06T06:51:22.823048099Z","level":"info"}
{"timestamp":"2026-09-06T06:51:22.823052939Z","level":"info","message":"  event: 'http_request',"}
{"message":"  ts: '2026-09-06T06:51:22.649Z',","timestamp":"2026-09-06T06:51:22.823057439Z","level":"info"}
{"level":"info","message":"  requestId: '3733a7cd-7714-4fe7-86ab-99035dc7ce24',","timestamp":"2026-09-06T06:51:22.823064679Z"}
{"timestamp":"2026-09-06T06:51:22.823069069Z","message":"  method: 'GET',","level":"info"}
{"level":"info","message":"  route: '/api/v2/events',","timestamp":"2026-09-06T06:51:22.823073859Z"}
{"timestamp":"2026-09-06T06:51:22.823078929Z","level":"info","message":"  status: 200,"}
{"timestamp":"2026-09-06T06:51:22.823083669Z","level":"info","message":"  durationMs: 730"}
{"timestamp":"2026-09-06T06:51:22.823094419Z","message":"}","level":"info"}
{"message":"[ops] {","level":"info","timestamp":"2026-09-06T06:51:24.257680155Z"}
{"message":"  event: 'http_request',","timestamp":"2026-09-06T06:51:24.257694835Z","level":"info"}
{"message":"  ts: '2026-09-06T06:51:24.231Z',","level":"info","timestamp":"2026-09-06T06:51:24.257699765Z"}
{"timestamp":"2026-09-06T06:51:24.257702985Z","level":"info","message":"  requestId: 'f9b79386-5fd7-4bd2-817e-0d01bf6f7363',"}
{"timestamp":"2026-09-06T06:51:24.257709805Z","level":"info","message":"  method: 'OPTIONS',"}
{"level":"info","timestamp":"2026-09-06T06:51:24.257713915Z","message":"  route: '/api/v2/events',"}
{"timestamp":"2026-09-06T06:51:24.257717445Z","message":"  status: 204,","level":"info"}
{"message":"  durationMs: 0","level":"info","timestamp":"2026-09-06T06:51:24.257721165Z"}
{"message":"}","level":"info","timestamp":"2026-09-06T06:51:24.257724855Z"}
{"message":"[ops] {","timestamp":"2026-09-06T06:51:24.492771421Z","level":"error"}
{"level":"error","timestamp":"2026-09-06T06:51:24.492778021Z","message":"  event: 'security.app_check_rejected',"}
{"timestamp":"2026-09-06T06:51:24.492782501Z","message":"  ts: '2026-09-06T06:51:24.490Z',","level":"error"}
{"message":"  reason: 'missing_token',","timestamp":"2026-09-06T06:51:24.492786141Z","level":"error"}
{"message":"  mode: 'monitor',","timestamp":"2026-09-06T06:51:24.492792541Z","level":"error"}
{"message":"  route: '/api/v2/events'","timestamp":"2026-09-06T06:51:24.492796691Z","level":"error"}
{"level":"error","message":"}","timestamp":"2026-09-06T06:51:24.492800581Z"}
{"message":"[ops] {","level":"info","timestamp":"2026-09-06T06:51:25.218252883Z"}
{"timestamp":"2026-09-06T06:51:25.218257683Z","level":"info","message":"  event: 'http_request',"}
{"message":"  ts: '2026-09-06T06:51:25.198Z',","timestamp":"2026-09-06T06:51:25.218261213Z","level":"info"}
{"message":"  requestId: '9f728aaf-2ee4-4aed-a778-122e15fbebe2',","timestamp":"2026-09-06T06:51:25.218264123Z","level":"info"}
{"level":"info","timestamp":"2026-09-06T06:51:25.218266723Z","message":"  method: 'GET',"}
{"message":"  route: '/api/v2/events',","timestamp":"2026-09-06T06:51:25.218269283Z","level":"info"}
{"timestamp":"2026-09-06T06:51:25.218288493Z","message":"  status: 200,","level":"info"}
{"timestamp":"2026-09-06T06:51:25.218291903Z","message":"  durationMs: 709","level":"info"}
{"timestamp":"2026-09-06T06:51:25.218294813Z","level":"info","message":"}"}
{"timestamp":"2026-09-06T06:51:25.839737582Z","level":"info","message":"  requestId: 'd9dc7ee5-bee2-4dbe-b37a-84ac6a0faed6',"}
{"timestamp":"2026-09-06T06:51:25.839749521Z","level":"info","message":"  method: 'POST',"}
{"level":"info","message":"  route: '/api/studio/session/ping',","timestamp":"2026-09-06T06:51:25.839754541Z"}
{"message":"  status: 200,","level":"info","timestamp":"2026-09-06T06:51:25.839758421Z"}
{"message":"  durationMs: 464","level":"info","timestamp":"2026-09-06T06:51:25.839762341Z"}
{"message":"}","timestamp":"2026-09-06T06:51:25.839766361Z","level":"info"}
{"level":"info","timestamp":"2026-09-06T06:51:25.839794071Z","message":"[ops] {"}
{"message":"  event: 'studio.plugin_compatibility_handshake',","level":"info","timestamp":"2026-09-06T06:51:25.839798091Z"}
{"message":"  ts: '2026-09-06T06:51:25.818Z',","timestamp":"2026-09-06T06:51:25.839802061Z","level":"info"}
{"level":"info","timestamp":"2026-09-06T06:51:25.839806301Z","message":"  requestId: 'd9dc7ee5-bee2-4dbe-b37a-84ac6a0faed6',"}
{"message":"  sessionId: 'Iog4rWn0F2wcGR9xp3Jq',","timestamp":"2026-09-06T06:51:25.839811671Z","level":"info"}
{"timestamp":"2026-09-06T06:51:25.839815431Z","level":"info","message":"  userId: 'klu6Sv5QeEgYWlHjsgQwMkZCvsb2',"}
{"message":"  status: 'degraded',","level":"info","timestamp":"2026-09-06T06:51:25.839820691Z"}
{"level":"info","message":"  reasonCodes: [ 'command_unavailable' ],","timestamp":"2026-09-06T06:51:25.839824051Z"}
{"timestamp":"2026-09-06T06:51:25.839827941Z","message":"  buildId: 'nexusrbx-studio-0.14.0-r15-animation.10-native-value-normalization',","level":"info"}
{"timestamp":"2026-09-06T06:51:25.839831991Z","level":"info","message":"  attestationWritten: false,"}
{"timestamp":"2026-09-06T06:51:25.839835881Z","level":"info","message":"  repairDurationMs: 393"}
{"message":"}","level":"info","timestamp":"2026-09-06T06:51:25.839839281Z"}
{"message":"[ops] {","level":"info","timestamp":"2026-09-06T06:51:25.839842621Z"}
{"level":"info","timestamp":"2026-09-06T06:51:25.839845841Z","message":"  event: 'http_request',"}
{"message":"  ts: '2026-09-06T06:51:25.818Z',","timestamp":"2026-09-06T06:51:25.839849081Z","level":"info"}
{"message":"}","timestamp":"2026-09-06T06:51:25.982842068Z","level":"info"}
{"timestamp":"2026-09-06T06:51:25.982846118Z","message":"[ops] {","level":"info"}
{"message":"  event: 'studio.command_polled',","timestamp":"2026-09-06T06:51:25.982849708Z","level":"info"}
{"level":"info","message":"  ts: '2026-09-06T06:51:25.979Z',","timestamp":"2026-09-06T06:51:25.982852538Z"}
{"level":"info","message":"  requestId: '98f5afe6-662c-49b5-93c8-dbc54dc7c675',","timestamp":"2026-09-06T06:51:25.982855188Z"}
{"message":"  sessionId: 'DlvFpLpN0vX1CB5Fvwv9',","level":"info","timestamp":"2026-09-06T06:51:25.982857658Z"}
{"timestamp":"2026-09-06T06:51:25.982860308Z","level":"info","message":"  status: 'empty'"}
{"timestamp":"2026-09-06T06:51:25.982864258Z","level":"info","message":"}"}
{"timestamp":"2026-09-06T06:51:25.982866998Z","level":"info","message":"[ops] {"}
{"message":"  event: 'http_request',","level":"info","timestamp":"2026-09-06T06:51:25.982869698Z"}
{"message":"  ts: '2026-09-06T06:51:25.980Z',","timestamp":"2026-09-06T06:51:25.982872088Z","level":"info"}
{"message":"  requestId: '98f5afe6-662c-49b5-93c8-dbc54dc7c675',","timestamp":"2026-09-06T06:51:25.982874748Z","level":"info"}
{"level":"info","message":"  method: 'GET',","timestamp":"2026-09-06T06:51:25.982877688Z"}
{"message":"  route: '/api/studio/mcp/commands/next',","timestamp":"2026-09-06T06:51:25.982880588Z","level":"info"}
{"timestamp":"2026-09-06T06:51:25.982883078Z","message":"  status: 204,","level":"info"}
{"message":"  durationMs: 5438","timestamp":"2026-09-06T06:51:25.982886328Z","level":"info"}
{"level":"info","timestamp":"2026-09-06T06:51:26.580834125Z","message":"[ops] {"}
{"message":"  event: 'http_request',","timestamp":"2026-09-06T06:51:26.580837635Z","level":"info"}
{"level":"info","message":"  ts: '2026-09-06T06:51:26.559Z',","timestamp":"2026-09-06T06:51:26.580840355Z"}
{"level":"info","timestamp":"2026-09-06T06:51:26.580843035Z","message":"  requestId: '18b9aed9-347f-416d-ac99-3c223b129c95',"}
{"timestamp":"2026-09-06T06:51:26.580845705Z","message":"  method: 'POST',","level":"info"}
{"level":"info","timestamp":"2026-09-06T06:51:26.580848435Z","message":"  route: '/api/studio/mcp/session/ping',"}
{"level":"info","timestamp":"2026-09-06T06:51:26.580851345Z","message":"  status: 200,"}
{"message":"  durationMs: 264","level":"info","timestamp":"2026-09-06T06:51:26.580854335Z"}
{"message":"}","level":"info","timestamp":"2026-09-06T06:51:26.580856975Z"}
{"message":"[ops] {","timestamp":"2026-09-06T06:51:26.864125027Z","level":"info"}
{"timestamp":"2026-09-06T06:51:26.864127917Z","level":"info","message":"  event: 'http_request',"}
{"message":"  ts: '2026-09-06T06:51:26.739Z',","timestamp":"2026-09-06T06:51:26.864130367Z","level":"info"}
{"message":"  requestId: 'a446e8ce-1f57-4865-aa01-f9529c1e8d86',","level":"info","timestamp":"2026-09-06T06:51:26.864132797Z"}
{"message":"  method: 'OPTIONS',","timestamp":"2026-09-06T06:51:26.864135507Z","level":"info"}
{"level":"info","message":"  route: '/api/v2/events',","timestamp":"2026-09-06T06:51:26.864137877Z"}
{"level":"info","message":"  status: 204,","timestamp":"2026-09-06T06:51:26.864140777Z"}
{"timestamp":"2026-09-06T06:51:26.864143847Z","message":"  durationMs: 0","level":"info"}
{"timestamp":"2026-09-06T06:51:26.864146417Z","level":"info","message":"}"}
{"level":"error","message":"[ops] {","timestamp":"2026-09-06T06:51:26.959568685Z"}
{"timestamp":"2026-09-06T06:51:26.959571975Z","message":"  event: 'security.app_check_rejected',","level":"error"}
{"level":"error","message":"  ts: '2026-09-06T06:51:26.906Z',","timestamp":"2026-09-06T06:51:26.959575035Z"}
{"message":"  reason: 'missing_token',","timestamp":"2026-09-06T06:51:26.959578145Z","level":"error"}
{"level":"error","message":"  mode: 'monitor',","timestamp":"2026-09-06T06:51:26.959580745Z"}
{"level":"error","message":"  route: '/api/v2/events'","timestamp":"2026-09-06T06:51:26.959583205Z"}
{"timestamp":"2026-09-06T06:51:26.959585915Z","level":"error","message":"}"}
{"message":"[ops] {","level":"info","timestamp":"2026-09-06T06:51:27.511967789Z"}
{"timestamp":"2026-09-06T06:51:27.511972479Z","level":"info","message":"  event: 'http_request',"}
{"level":"info","message":"  ts: '2026-09-06T06:51:27.483Z',","timestamp":"2026-09-06T06:51:27.511975789Z"}
{"message":"  requestId: 'd93dc265-b88e-4df5-932d-c99d6e5845f6',","level":"info","timestamp":"2026-09-06T06:51:27.511978899Z"}
{"level":"info","message":"  method: 'GET',","timestamp":"2026-09-06T06:51:27.511981579Z"}
{"timestamp":"2026-09-06T06:51:27.511984059Z","message":"  route: '/api/v2/events',","level":"info"}
{"timestamp":"2026-09-06T06:51:27.511987019Z","message":"  status: 200,","level":"info"}
{"message":"  durationMs: 578","timestamp":"2026-09-06T06:51:27.511995228Z","level":"info"}
{"message":"}","timestamp":"2026-09-06T06:51:27.511998328Z","level":"info"}
{"level":"info","timestamp":"2026-09-06T06:51:29.243648711Z","message":"[ops] {"}
{"message":"  event: 'http_request',","timestamp":"2026-09-06T06:51:29.243656201Z","level":"info"}
{"level":"info","message":"  ts: '2026-09-06T06:51:29.230Z',","timestamp":"2026-09-06T06:51:29.243661201Z"}
{"timestamp":"2026-09-06T06:51:29.243666421Z","level":"info","message":"  requestId: '1575defb-84a3-4174-a605-0a3a33e1e608',"}
{"message":"  method: 'OPTIONS',","level":"info","timestamp":"2026-09-06T06:51:29.243670171Z"}
{"timestamp":"2026-09-06T06:51:29.243674241Z","level":"info","message":"  route: '/api/v2/events',"}
{"level":"info","timestamp":"2026-09-06T06:51:29.243678101Z","message":"  status: 204,"}
{"timestamp":"2026-09-06T06:51:29.243682481Z","level":"info","message":"  durationMs: 0"}
{"level":"info","message":"}","timestamp":"2026-09-06T06:51:29.243686371Z"}
{"timestamp":"2026-09-06T06:51:29.407145099Z","level":"error","message":"[ops] {"}
{"message":"  event: 'security.app_check_rejected',","timestamp":"2026-09-06T06:51:29.407149869Z","level":"error"}
{"timestamp":"2026-09-06T06:51:29.407153749Z","message":"  ts: '2026-09-06T06:51:29.393Z',","level":"error"}
{"message":"  reason: 'missing_token',","timestamp":"2026-09-06T06:51:29.407157589Z","level":"error"}
{"message":"  mode: 'monitor',","timestamp":"2026-09-06T06:51:29.407160799Z","level":"error"}
{"level":"error","timestamp":"2026-09-06T06:51:29.407163479Z","message":"  route: '/api/v2/events'"}
{"level":"error","message":"}","timestamp":"2026-09-06T06:51:29.407166119Z"}
{"level":"info","message":"[ops] {","timestamp":"2026-09-06T06:51:29.997762342Z"}
{"message":"  event: 'http_request',","level":"info","timestamp":"2026-09-06T06:51:29.997767792Z"}
{"message":"  ts: '2026-09-06T06:51:29.987Z',","timestamp":"2026-09-06T06:51:29.997771662Z","level":"info"}
{"message":"  requestId: '219b7928-87e1-44da-85b0-084b528a4b10',","timestamp":"2026-09-06T06:51:29.997774942Z","level":"info"}
{"message":"  method: 'GET',","timestamp":"2026-09-06T06:51:29.997778162Z","level":"info"}
{"level":"info","message":"  route: '/api/v2/events',","timestamp":"2026-09-06T06:51:29.997781412Z"}
{"timestamp":"2026-09-06T06:51:29.997785282Z","message":"  status: 200,","level":"info"}
{"level":"info","timestamp":"2026-09-06T06:51:29.997788382Z","message":"  durationMs: 594"}
{"message":"}","level":"info","timestamp":"2026-09-06T06:51:29.997791492Z"}
{"level":"info","timestamp":"2026-09-06T06:51:31.888974527Z","message":"  method: 'OPTIONS',"}
{"timestamp":"2026-09-06T06:51:31.888987767Z","level":"info","message":"  route: '/api/v2/events',"}
{"timestamp":"2026-09-06T06:51:31.888994937Z","message":"  status: 204,","level":"info"}
{"message":"  durationMs: 0","timestamp":"2026-09-06T06:51:31.889000927Z","level":"info"}
{"timestamp":"2026-09-06T06:51:31.889008107Z","message":"[ops] {","level":"info"}
{"timestamp":"2026-09-06T06:51:31.889010367Z","message":"}","level":"info"}
{"level":"info","timestamp":"2026-09-06T06:51:31.889015827Z","message":"  event: 'http_request',"}
{"level":"info","timestamp":"2026-09-06T06:51:31.889020497Z","message":"[ops] {"}
{"message":"  ts: '2026-09-06T06:51:31.736Z',","timestamp":"2026-09-06T06:51:31.889024577Z","level":"info"}
{"timestamp":"2026-09-06T06:51:31.889028847Z","level":"info","message":"  event: 'http_request',"}
{"level":"info","message":"  requestId: 'f50beec5-abc4-4220-aaa0-cfe64681fe24',","timestamp":"2026-09-06T06:51:31.889033417Z"}
{"timestamp":"2026-09-06T06:51:31.889037167Z","level":"info","message":"  ts: '2026-09-06T06:51:31.737Z',"}
{"message":"  requestId: 'c3a8f95c-065e-4a76-9d5d-a01ed668f3f4',","level":"info","timestamp":"2026-09-06T06:51:31.889042816Z"}
{"level":"info","message":"  method: 'OPTIONS',","timestamp":"2026-09-06T06:51:31.889048526Z"}
{"timestamp":"2026-09-06T06:51:31.889053606Z","message":"  route: '/api/v2/agents/active',","level":"info"}
{"message":"  status: 204,","timestamp":"2026-09-06T06:51:31.889060456Z","level":"info"}
{"timestamp":"2026-09-06T06:51:31.889065546Z","level":"info","message":"  durationMs: 0"}
{"timestamp":"2026-09-06T06:51:31.889071016Z","level":"info","message":"}"}
{"timestamp":"2026-09-06T06:51:31.927842532Z","level":"error","message":"[ops] {"}
{"timestamp":"2026-09-06T06:51:31.927848921Z","level":"error","message":"  event: 'security.app_check_rejected',"}
{"message":"  ts: '2026-09-06T06:51:31.908Z',","level":"error","timestamp":"2026-09-06T06:51:31.927853221Z"}
{"timestamp":"2026-09-06T06:51:31.927857151Z","message":"  reason: 'missing_token',","level":"error"}
{"message":"  mode: 'monitor',","timestamp":"2026-09-06T06:51:31.927866851Z","level":"error"}
{"timestamp":"2026-09-06T06:51:31.927870341Z","message":"  route: '/api/v2/events'","level":"error"}
{"message":"}","timestamp":"2026-09-06T06:51:31.927873751Z","level":"error"}
{"timestamp":"2026-09-06T06:51:31.927877201Z","message":"[ops] {","level":"error"}
{"message":"  event: 'security.app_check_rejected',","level":"error","timestamp":"2026-09-06T06:51:31.927881161Z"}
{"message":"  ts: '2026-09-06T06:51:31.911Z',","level":"error","timestamp":"2026-09-06T06:51:31.927884651Z"}
{"message":"  reason: 'missing_token',","timestamp":"2026-09-06T06:51:31.927888221Z","level":"error"}
{"timestamp":"2026-09-06T06:51:31.927898381Z","level":"error","message":"  mode: 'monitor',"}
{"message":"  route: '/api/v2/agents/active'","timestamp":"2026-09-06T06:51:31.927902171Z","level":"error"}
{"message":"}","timestamp":"2026-09-06T06:51:31.927905731Z","level":"error"}
{"timestamp":"2026-09-06T06:51:32.006829393Z","message":"[ops] {","level":"info"}
{"timestamp":"2026-09-06T06:51:32.006837293Z","level":"info","message":"  event: 'http_request',"}
{"level":"info","message":"  ts: '2026-09-06T06:51:32.003Z',","timestamp":"2026-09-06T06:51:32.006842563Z"}
{"message":"  requestId: '6af6e3ff-950e-4ebd-a516-0acf4db19a5b',","timestamp":"2026-09-06T06:51:32.006847933Z","level":"info"}
{"timestamp":"2026-09-06T06:51:32.006852843Z","level":"info","message":"  method: 'GET',"}
{"message":"  route: '/api/v2/agents/active',","timestamp":"2026-09-06T06:51:32.006857203Z","level":"info"}
{"timestamp":"2026-09-06T06:51:32.006860883Z","level":"info","message":"  status: 200,"}
{"message":"  durationMs: 92","timestamp":"2026-09-06T06:51:32.006865023Z","level":"info"}
{"level":"info","message":"}","timestamp":"2026-09-06T06:51:32.006868843Z"}
{"level":"info","message":"[ops] {","timestamp":"2026-09-06T06:51:32.550400403Z"}
{"level":"info","message":"  event: 'http_request',","timestamp":"2026-09-06T06:51:32.550406762Z"}
{"message":"  ts: '2026-09-06T06:51:32.538Z',","timestamp":"2026-09-06T06:51:32.550410702Z","level":"info"}
{"message":"  requestId: '72b70e5d-86b2-457a-9a98-f666c596511b',","timestamp":"2026-09-06T06:51:32.550415052Z","level":"info"}
{"timestamp":"2026-09-06T06:51:32.550420802Z","level":"info","message":"  method: 'GET',"}
{"level":"info","message":"  route: '/api/v2/events',","timestamp":"2026-09-06T06:51:32.550424992Z"}
{"timestamp":"2026-09-06T06:51:32.550429142Z","message":"  status: 200,","level":"info"}
{"level":"info","timestamp":"2026-09-06T06:51:32.550433102Z","message":"  durationMs: 630"}
{"timestamp":"2026-09-06T06:51:32.550436552Z","level":"info","message":"}"}
{"message":"[ops] {","level":"info","timestamp":"2026-09-06T06:51:33.548396325Z"}
{"timestamp":"2026-09-06T06:51:33.548400875Z","message":"  event: 'http_request',","level":"info"}
{"message":"  ts: '2026-09-06T06:51:33.531Z',","level":"info","timestamp":"2026-09-06T06:51:33.548404985Z"}
{"message":"  requestId: 'b3c47569-e39b-4946-8128-8ff98e684741',","timestamp":"2026-09-06T06:51:33.548409225Z","level":"info"}
{"timestamp":"2026-09-06T06:51:33.548412724Z","message":"  method: 'POST',","level":"info"}
{"timestamp":"2026-09-06T06:51:33.548415994Z","level":"info","message":"  route: '/api/studio/mcp/session/ping',"}
{"level":"info","timestamp":"2026-09-06T06:51:33.548421164Z","message":"  status: 200,"}
{"message":"  durationMs: 325","timestamp":"2026-09-06T06:51:33.548424414Z","level":"info"}
{"timestamp":"2026-09-06T06:51:33.548437334Z","level":"info","message":"}"}
{"message":"[ops] {","level":"info","timestamp":"2026-09-06T06:51:34.197681047Z"}
{"level":"info","message":"  route: '/api/studio/mcp/commands/next',","timestamp":"2026-09-06T06:51:34.197681287Z"}
{"level":"info","message":"  status: 204,","timestamp":"2026-09-06T06:51:34.197687947Z"}
{"level":"info","timestamp":"2026-09-06T06:51:34.197688087Z","message":"  event: 'studio.command_polled',"}
{"timestamp":"2026-09-06T06:51:34.197692297Z","message":"  durationMs: 5402","level":"info"}
{"message":"  ts: '2026-09-06T06:51:34.196Z',","timestamp":"2026-09-06T06:51:34.197693487Z","level":"info"}
{"message":"}","timestamp":"2026-09-06T06:51:34.197695837Z","level":"info"}
{"timestamp":"2026-09-06T06:51:34.197698157Z","level":"info","message":"  requestId: '4dbef2b4-aeab-43b1-a985-862a66b50ee0',"}
{"level":"info","message":"  sessionId: 'DlvFpLpN0vX1CB5Fvwv9',","timestamp":"2026-09-06T06:51:34.197702107Z"}
{"level":"info","message":"  status: 'empty'","timestamp":"2026-09-06T06:51:34.197706217Z"}
{"message":"}","timestamp":"2026-09-06T06:51:34.197710177Z","level":"info"}
{"level":"info","timestamp":"2026-09-06T06:51:34.197714447Z","message":"[ops] {"}
{"timestamp":"2026-09-06T06:51:34.197718346Z","message":"  event: 'http_request',","level":"info"}
{"level":"info","timestamp":"2026-09-06T06:51:34.197722006Z","message":"  ts: '2026-09-06T06:51:34.196Z',"}
{"message":"  requestId: '4dbef2b4-aeab-43b1-a985-862a66b50ee0',","timestamp":"2026-09-06T06:51:34.197725296Z","level":"info"}
{"timestamp":"2026-09-06T06:51:34.197775966Z","message":"  method: 'GET',","level":"info"}
{"timestamp":"2026-09-06T06:51:34.237195108Z","level":"info","message":"[ops] {"}
{"level":"info","timestamp":"2026-09-06T06:51:34.237201628Z","message":"  event: 'http_request',"}
{"timestamp":"2026-09-06T06:51:34.237205108Z","level":"info","message":"  ts: '2026-09-06T06:51:34.236Z',"}
{"message":"  requestId: '8ada4743-f09d-49a2-8d06-7099da2c1792',","level":"info","timestamp":"2026-09-06T06:51:34.237209108Z"}
{"level":"info","timestamp":"2026-09-06T06:51:34.237213128Z","message":"  method: 'OPTIONS',"}
{"level":"info","message":"  route: '/api/v2/events',","timestamp":"2026-09-06T06:51:34.237216848Z"}
{"level":"info","timestamp":"2026-09-06T06:51:34.237220428Z","message":"  status: 204,"}
{"timestamp":"2026-09-06T06:51:34.237225088Z","level":"info","message":"  durationMs: 0"}
{"message":"}","timestamp":"2026-09-06T06:51:34.237228498Z","level":"info"}
{"message":"[ops] {","timestamp":"2026-09-06T06:51:34.415758781Z","level":"error"}
{"message":"  event: 'security.app_check_rejected',","level":"error","timestamp":"2026-09-06T06:51:34.415763401Z"}
{"message":"  ts: '2026-09-06T06:51:34.404Z',","timestamp":"2026-09-06T06:51:34.415766241Z","level":"error"}
{"level":"error","message":"  reason: 'missing_token',","timestamp":"2026-09-06T06:51:34.415769241Z"}
{"message":"  mode: 'monitor',","timestamp":"2026-09-06T06:51:34.415771991Z","level":"error"}
{"level":"error","timestamp":"2026-09-06T06:51:34.415775730Z","message":"  route: '/api/v2/events'"}
{"message":"}","level":"error","timestamp":"2026-09-06T06:51:34.415779150Z"}
{"timestamp":"2026-09-06T06:51:34.571352729Z","message":"[ops] {","level":"info"}
{"message":"  event: 'http_request',","level":"info","timestamp":"2026-09-06T06:51:34.571356859Z"}
{"timestamp":"2026-09-06T06:51:34.571360998Z","level":"info","message":"  ts: '2026-09-06T06:51:34.570Z',"}
{"level":"info","message":"  requestId: '062d090c-0012-4850-94d3-4732b962c143',","timestamp":"2026-09-06T06:51:34.571367648Z"}
{"level":"info","message":"  method: 'OPTIONS',","timestamp":"2026-09-06T06:51:34.571371298Z"}
{"level":"info","timestamp":"2026-09-06T06:51:34.571375128Z","message":"  route: '/api/studio/mcp/status',"}
{"level":"info","timestamp":"2026-09-06T06:51:34.571378718Z","message":"  status: 204,"}
{"message":"  durationMs: 0","timestamp":"2026-09-06T06:51:34.571382168Z","level":"info"}
{"level":"info","timestamp":"2026-09-06T06:51:34.571385398Z","message":"}"}
{"level":"info","timestamp":"2026-09-06T06:51:34.576280108Z","message":"[ops] {"}
{"message":"  event: 'http_request',","timestamp":"2026-09-06T06:51:34.576283648Z","level":"info"}
{"level":"info","timestamp":"2026-09-06T06:51:34.576286688Z","message":"  ts: '2026-09-06T06:51:34.572Z',"}
{"message":"  requestId: 'bca44f97-c09b-47b0-b8f1-fc89a0e51115',","timestamp":"2026-09-06T06:51:34.576289818Z","level":"info"}
{"message":"  method: 'OPTIONS',","timestamp":"2026-09-06T06:51:34.576292558Z","level":"info"}
{"message":"  route: '/api/studio/status',","level":"info","timestamp":"2026-09-06T06:51:34.576295198Z"}
{"timestamp":"2026-09-06T06:51:34.576297728Z","level":"info","message":"  status: 204,"}
{"timestamp":"2026-09-06T06:51:34.576300368Z","level":"info","message":"  durationMs: 0"}
{"timestamp":"2026-09-06T06:51:34.576302908Z","level":"info","message":"}"}
{"level":"error","timestamp":"2026-09-06T06:51:34.744251887Z","message":"[ops] {"}
{"level":"error","message":"  event: 'security.app_check_rejected',","timestamp":"2026-09-06T06:51:34.744256957Z"}
{"message":"  ts: '2026-09-06T06:51:34.741Z',","timestamp":"2026-09-06T06:51:34.744260127Z","level":"error"}
{"level":"error","timestamp":"2026-09-06T06:51:34.744263477Z","message":"  reason: 'missing_token',"}
{"message":"  mode: 'monitor',","timestamp":"2026-09-06T06:51:34.744266207Z","level":"error"}
{"level":"error","timestamp":"2026-09-06T06:51:34.744268777Z","message":"  route: '/api/studio/mcp/status'"}
{"timestamp":"2026-09-06T06:51:34.744271387Z","level":"error","message":"}"}
{"message":"[ops] {","timestamp":"2026-09-06T06:51:34.749279475Z","level":"error"}
{"message":"  event: 'security.app_check_rejected',","timestamp":"2026-09-06T06:51:34.749284345Z","level":"error"}
{"message":"  ts: '2026-09-06T06:51:34.748Z',","level":"error","timestamp":"2026-09-06T06:51:34.749287075Z"}
{"level":"error","message":"  reason: 'missing_token',","timestamp":"2026-09-06T06:51:34.749290065Z"}
{"level":"error","timestamp":"2026-09-06T06:51:34.749293085Z","message":"  mode: 'monitor',"}
{"level":"error","message":"  route: '/api/studio/status'","timestamp":"2026-09-06T06:51:34.749295745Z"}
{"timestamp":"2026-09-06T06:51:34.749298115Z","level":"error","message":"}"}
{"level":"info","message":"[ops] {","timestamp":"2026-09-06T06:51:34.940731948Z"}
{"message":"  event: 'http_request',","timestamp":"2026-09-06T06:51:34.940746137Z","level":"info"}
{"message":"  ts: '2026-09-06T06:51:34.875Z',","level":"info","timestamp":"2026-09-06T06:51:34.940754447Z"}
{"timestamp":"2026-09-06T06:51:34.940760577Z","level":"info","message":"  requestId: '47c87a3f-f283-4272-9741-2bceb259be94',"}
{"level":"info","message":"  method: 'POST',","timestamp":"2026-09-06T06:51:34.940767127Z"}
{"level":"info","timestamp":"2026-09-06T06:51:34.940774617Z","message":"  route: '/api/studio/mcp/session/ping',"}
{"level":"info","timestamp":"2026-09-06T06:51:34.940780657Z","message":"  status: 200,"}
{"timestamp":"2026-09-06T06:51:34.940786127Z","message":"  durationMs: 393","level":"info"}
{"timestamp":"2026-09-06T06:51:34.940792637Z","level":"info","message":"}"}
{"message":"[ops] {","timestamp":"2026-09-06T06:51:34.961915794Z","level":"info"}
{"message":"  event: 'http_request',","timestamp":"2026-09-06T06:51:34.961927554Z","level":"info"}
{"message":"  ts: '2026-09-06T06:51:34.956Z',","timestamp":"2026-09-06T06:51:34.961933054Z","level":"info"}
{"level":"info","message":"  requestId: '21d3da7f-e607-4e1b-89d4-6a0b706e9d4b',","timestamp":"2026-09-06T06:51:34.961937373Z"}
{"timestamp":"2026-09-06T06:51:34.961942673Z","message":"  method: 'GET',","level":"info"}
{"message":"  route: '/api/studio/mcp/status',","timestamp":"2026-09-06T06:51:34.961947113Z","level":"info"}
{"timestamp":"2026-09-06T06:51:34.961951803Z","level":"info","message":"  status: 200,"}
{"level":"info","message":"  durationMs: 215","timestamp":"2026-09-06T06:51:34.961956243Z"}
{"timestamp":"2026-09-06T06:51:34.961960383Z","message":"}","level":"info"}
{"level":"info","message":"[ops] {","timestamp":"2026-09-06T06:51:35.110867783Z"}
{"message":"  event: 'http_request',","level":"info","timestamp":"2026-09-06T06:51:35.110871783Z"}
{"level":"info","message":"  ts: '2026-09-06T06:51:35.102Z',","timestamp":"2026-09-06T06:51:35.110876533Z"}
{"timestamp":"2026-09-06T06:51:35.110880773Z","level":"info","message":"  requestId: '13dcd6ec-b4cc-47fd-8995-3e191c7d2a8d',"}
{"level":"info","message":"  method: 'GET',","timestamp":"2026-09-06T06:51:35.110884783Z"}
{"message":"  route: '/api/v2/events',","timestamp":"2026-09-06T06:51:35.110888683Z","level":"info"}
{"level":"info","message":"  status: 200,","timestamp":"2026-09-06T06:51:35.110892403Z"}
{"timestamp":"2026-09-06T06:51:35.110897193Z","message":"  durationMs: 698","level":"info"}
{"level":"info","timestamp":"2026-09-06T06:51:35.110900653Z","message":"}"}
{"timestamp":"2026-09-06T06:51:35.284056971Z","level":"info","message":"[ops] {"}
{"level":"info","message":"  event: 'http_request',","timestamp":"2026-09-06T06:51:35.284062211Z"}
{"level":"info","timestamp":"2026-09-06T06:51:35.284066161Z","message":"  ts: '2026-09-06T06:51:35.282Z',"}
{"level":"info","timestamp":"2026-09-06T06:51:35.284069771Z","message":"  requestId: 'aa3ab63e-f3bc-4346-93c6-623ef287d0a2',"}
{"message":"  method: 'GET',","timestamp":"2026-09-06T06:51:35.284073721Z","level":"info"}
{"level":"info","timestamp":"2026-09-06T06:51:35.284077321Z","message":"  route: '/api/studio/status',"}
{"timestamp":"2026-09-06T06:51:35.284080631Z","level":"info","message":"  status: 200,"}
{"level":"info","message":"  durationMs: 534","timestamp":"2026-09-06T06:51:35.284084461Z"}
{"level":"info","message":"}","timestamp":"2026-09-06T06:51:35.284088371Z"}
{"message":"[ops] {","timestamp":"2026-09-06T06:51:36.741677382Z","level":"info"}
{"timestamp":"2026-09-06T06:51:36.741680642Z","message":"  event: 'http_request',","level":"info"}
{"message":"  ts: '2026-09-06T06:51:36.739Z',","timestamp":"2026-09-06T06:51:36.741683532Z","level":"info"}
{"message":"  requestId: 'b2d3be77-9028-4fe1-9f39-91525fe3cc02',","timestamp":"2026-09-06T06:51:36.741686432Z","level":"info"}
{"level":"info","message":"  method: 'OPTIONS',","timestamp":"2026-09-06T06:51:36.741689002Z"}
{"level":"info","message":"  route: '/api/v2/events',","timestamp":"2026-09-06T06:51:36.741693312Z"}
{"message":"  status: 204,","timestamp":"2026-09-06T06:51:36.741696062Z","level":"info"}
{"timestamp":"2026-09-06T06:51:36.741699412Z","level":"info","message":"  durationMs: 0"}
{"message":"}","level":"info","timestamp":"2026-09-06T06:51:36.741702822Z"}
{"timestamp":"2026-09-06T06:51:36.910071930Z","message":"[ops] {","level":"error"}
{"message":"  event: 'security.app_check_rejected',","timestamp":"2026-09-06T06:51:36.910075169Z","level":"error"}
{"timestamp":"2026-09-06T06:51:36.910078619Z","message":"  ts: '2026-09-06T06:51:36.907Z',","level":"error"}
{"level":"error","message":"  reason: 'missing_token',","timestamp":"2026-09-06T06:51:36.910081619Z"}
{"timestamp":"2026-09-06T06:51:36.910084629Z","level":"error","message":"  mode: 'monitor',"}
{"message":"  route: '/api/v2/events'","timestamp":"2026-09-06T06:51:36.910087639Z","level":"error"}
{"timestamp":"2026-09-06T06:51:36.910090539Z","level":"error","message":"}"}
{"level":"info","timestamp":"2026-09-06T06:51:37.544068649Z","message":"[ops] {"}
{"level":"info","timestamp":"2026-09-06T06:51:37.544072409Z","message":"  event: 'studio.plugin_compatibility_handshake',"}
{"message":"  ts: '2026-09-06T06:51:37.516Z',","timestamp":"2026-09-06T06:51:37.544076699Z","level":"info"}
{"level":"info","message":"  requestId: '35c1474d-dfac-4d6a-9ac5-b17968d23b05',","timestamp":"2026-09-06T06:51:37.544081179Z"}
{"level":"info","message":"  sessionId: 'MLq8J3mhz56J6BRsAeQe',","timestamp":"2026-09-06T06:51:37.544085109Z"}
{"level":"info","timestamp":"2026-09-06T06:51:37.544088589Z","message":"  userId: '0VSQotqOXxPXBLeQu1gUNkXELWH3',"}
{"timestamp":"2026-09-06T06:51:37.544092349Z","message":"  status: 'compatible',","level":"info"}
{"message":"  reasonCodes: [],","level":"info","timestamp":"2026-09-06T06:51:37.544097329Z"}
{"message":"  buildId: 'nexusrbx-studio-0.14.0-r15-animation.12-toolbox',","timestamp":"2026-09-06T06:51:37.544100768Z","level":"info"}
{"level":"info","timestamp":"2026-09-06T06:51:37.544104138Z","message":"  attestationWritten: false,"}
{"timestamp":"2026-09-06T06:51:37.544109068Z","level":"info","message":"  repairDurationMs: 512"}
{"timestamp":"2026-09-06T06:51:37.544113628Z","level":"info","message":"}"}
{"level":"info","message":"[ops] {","timestamp":"2026-09-06T06:51:37.544117478Z"}
{"message":"  event: 'http_request',","timestamp":"2026-09-06T06:51:37.544122128Z","level":"info"}
{"message":"  ts: '2026-09-06T06:51:37.517Z',","timestamp":"2026-09-06T06:51:37.544126618Z","level":"info"}
{"message":"  requestId: '35c1474d-dfac-4d6a-9ac5-b17968d23b05',","timestamp":"2026-09-06T06:51:37.544130608Z","level":"info"}
{"timestamp":"2026-09-06T06:51:37.544135358Z","message":"  method: 'POST',","level":"info"}
{"level":"info","message":"  route: '/api/studio/session/ping',","timestamp":"2026-09-06T06:51:37.544139128Z"}
{"level":"info","message":"  status: 200,","timestamp":"2026-09-06T06:51:37.544142678Z"}
{"timestamp":"2026-09-06T06:51:37.544146208Z","level":"info","message":"  durationMs: 587"}
{"message":"}","timestamp":"2026-09-06T06:51:37.544150048Z","level":"info"}
{"level":"info","message":"[ops] {","timestamp":"2026-09-06T06:51:37.544154638Z"}
{"level":"info","message":"  event: 'http_request',","timestamp":"2026-09-06T06:51:37.544158248Z"}
{"level":"info","timestamp":"2026-09-06T06:51:37.544161708Z","message":"  ts: '2026-09-06T06:51:37.540Z',"}
{"timestamp":"2026-09-06T06:51:37.544165808Z","message":"  requestId: 'c4b49098-3a3d-44a0-9f9d-5411c1d46cdc',","level":"info"}
{"message":"  method: 'GET',","timestamp":"2026-09-06T06:51:37.544170668Z","level":"info"}
{"message":"  route: '/api/v2/events',","level":"info","timestamp":"2026-09-06T06:51:37.544174738Z"}
{"timestamp":"2026-09-06T06:51:37.544178698Z","message":"  status: 200,","level":"info"}
{"level":"info","message":"  durationMs: 634","timestamp":"2026-09-06T06:51:37.544182738Z"}
{"level":"info","message":"}","timestamp":"2026-09-06T06:51:37.544797424Z"}
{"message":"[ops] {","timestamp":"2026-09-06T06:51:39.231859847Z","level":"info"}
{"timestamp":"2026-09-06T06:51:39.231863397Z","level":"info","message":"  event: 'http_request',"}
{"level":"info","timestamp":"2026-09-06T06:51:39.231867367Z","message":"  ts: '2026-09-06T06:51:39.227Z',"}
{"timestamp":"2026-09-06T06:51:39.231869967Z","message":"  requestId: '7cd48778-b3a3-4324-9f9e-8e08657e70a1',","level":"info"}
{"level":"info","message":"  method: 'OPTIONS',","timestamp":"2026-09-06T06:51:39.231872587Z"}
{"message":"  route: '/api/v2/events',","level":"info","timestamp":"2026-09-06T06:51:39.231875797Z"}
{"level":"info","timestamp":"2026-09-06T06:51:39.231878637Z","message":"  status: 204,"}
{"timestamp":"2026-09-06T06:51:39.231881487Z","message":"  durationMs: 0","level":"info"}
{"timestamp":"2026-09-06T06:51:39.231884017Z","message":"}","level":"info"}
{"level":"error","message":"[ops] {","timestamp":"2026-09-06T06:51:39.425665983Z"}
{"timestamp":"2026-09-06T06:51:39.425669603Z","level":"error","message":"  event: 'security.app_check_rejected',"}
{"message":"  ts: '2026-09-06T06:51:39.394Z',","level":"error","timestamp":"2026-09-06T06:51:39.425673283Z"}
{"message":"  reason: 'missing_token',","timestamp":"2026-09-06T06:51:39.425677333Z","level":"error"}
{"message":"  mode: 'monitor',","timestamp":"2026-09-06T06:51:39.425680943Z","level":"error"}
{"level":"error","message":"  route: '/api/v2/events'","timestamp":"2026-09-06T06:51:39.425684763Z"}
{"level":"error","message":"}","timestamp":"2026-09-06T06:51:39.425688293Z"}
{"timestamp":"2026-09-06T06:51:39.685583683Z","message":"[ops] {","level":"info"}
{"timestamp":"2026-09-06T06:51:39.685588453Z","message":"  event: 'studio.command_polled',","level":"info"}
{"timestamp":"2026-09-06T06:51:39.685591763Z","level":"info","message":"  ts: '2026-09-06T06:51:39.681Z',"}
{"level":"info","message":"  requestId: '77c8c9de-a149-4fbe-a746-50b3108905d3',","timestamp":"2026-09-06T06:51:39.685594563Z"}
{"timestamp":"2026-09-06T06:51:39.685597213Z","level":"info","message":"  sessionId: 'Iog4rWn0F2wcGR9xp3Jq',"}
{"level":"info","message":"  status: 'empty'","timestamp":"2026-09-06T06:51:39.685599693Z"}
{"timestamp":"2026-09-06T06:51:39.685602123Z","message":"}","level":"info"}
{"timestamp":"2026-09-06T06:51:39.685604653Z","level":"info","message":"[ops] {"}
{"timestamp":"2026-09-06T06:51:39.685607823Z","message":"  event: 'http_request',","level":"info"}
{"message":"  ts: '2026-09-06T06:51:39.682Z',","timestamp":"2026-09-06T06:51:39.685610533Z","level":"info"}
{"timestamp":"2026-09-06T06:51:39.685613063Z","message":"  requestId: '77c8c9de-a149-4fbe-a746-50b3108905d3',","level":"info"}
{"timestamp":"2026-09-06T06:51:39.685615643Z","level":"info","message":"  method: 'GET',"}
{"level":"info","timestamp":"2026-09-06T06:51:39.685618553Z","message":"  route: '/api/studio/commands/next',"}
{"timestamp":"2026-09-06T06:51:39.685621273Z","message":"  status: 204,","level":"info"}
{"message":"  durationMs: 24443","timestamp":"2026-09-06T06:51:39.685623773Z","level":"info"}
{"message":"}","timestamp":"2026-09-06T06:51:39.685627093Z","level":"info"}
{"timestamp":"2026-09-06T06:51:40.057128129Z","level":"info","message":"[ops] {"}
{"message":"  event: 'http_request',","level":"info","timestamp":"2026-09-06T06:51:40.057131659Z"}
{"timestamp":"2026-09-06T06:51:40.057135078Z","level":"info","message":"  ts: '2026-09-06T06:51:39.902Z',"}
{"level":"info","timestamp":"2026-09-06T06:51:40.057138588Z","message":"  requestId: '72c9328d-921b-4562-ac9a-e9de4c6279cd',"}
{"message":"  method: 'GET',","timestamp":"2026-09-06T06:51:40.057141868Z","level":"info"}
{"message":"  route: '/api/v2/events',","level":"info","timestamp":"2026-09-06T06:51:40.057145958Z"}
{"timestamp":"2026-09-06T06:51:40.057149538Z","level":"info","message":"  status: 200,"}
{"timestamp":"2026-09-06T06:51:40.057153048Z","message":"  durationMs: 508","level":"info"}
{"timestamp":"2026-09-06T06:51:40.057156488Z","message":"}","level":"info"}
{"level":"info","message":"[ops] {","timestamp":"2026-09-06T06:51:41.226091561Z"}
{"level":"info","message":"  event: 'studio.command_polled',","timestamp":"2026-09-06T06:51:41.226102531Z"}
{"message":"  ts: '2026-09-06T06:51:41.222Z',","timestamp":"2026-09-06T06:51:41.226107421Z","level":"info"}
{"timestamp":"2026-09-06T06:51:41.226111311Z","message":"  requestId: '8408e320-5db4-4d29-8317-d17ee5980f89',","level":"info"}
{"timestamp":"2026-09-06T06:51:41.226115421Z","level":"info","message":"  sessionId: 'MLq8J3mhz56J6BRsAeQe',"}
{"level":"info","timestamp":"2026-09-06T06:51:41.226119921Z","message":"  status: 'empty'"}
{"message":"}","level":"info","timestamp":"2026-09-06T06:51:41.226122871Z"}
{"message":"[ops] {","timestamp":"2026-09-06T06:51:41.226125681Z","level":"info"}
{"level":"info","timestamp":"2026-09-06T06:51:41.226129171Z","message":"  event: 'http_request',"}
{"timestamp":"2026-09-06T06:51:41.226132501Z","message":"  ts: '2026-09-06T06:51:41.222Z',","level":"info"}
{"message":"  requestId: '8408e320-5db4-4d29-8317-d17ee5980f89',","level":"info","timestamp":"2026-09-06T06:51:41.226136411Z"}
{"timestamp":"2026-09-06T06:51:41.226139421Z","level":"info","message":"  method: 'GET',"}
{"level":"info","timestamp":"2026-09-06T06:51:41.226143591Z","message":"  route: '/api/studio/commands/next',"}
{"message":"  status: 204,","level":"info","timestamp":"2026-09-06T06:51:41.226156450Z"}
{"message":"  durationMs: 24054","timestamp":"2026-09-06T06:51:41.226159670Z","level":"info"}
{"message":"}","timestamp":"2026-09-06T06:51:41.226162520Z","level":"info"}
{"message":"[ops] {","timestamp":"2026-09-06T06:51:41.429950135Z","level":"info"}
{"message":"  event: 'studio.plugin_compatibility_handshake',","timestamp":"2026-09-06T06:51:41.429956135Z","level":"info"}
{"level":"info","message":"  ts: '2026-09-06T06:51:41.423Z',","timestamp":"2026-09-06T06:51:41.429959275Z"}
{"message":"  requestId: '3279f04f-a5d8-4d45-a527-4cccb3666ed7',","timestamp":"2026-09-06T06:51:41.429962325Z","level":"info"}
{"message":"  sessionId: 'Iog4rWn0F2wcGR9xp3Jq',","level":"info","timestamp":"2026-09-06T06:51:41.429965765Z"}
{"timestamp":"2026-09-06T06:51:41.429968395Z","level":"info","message":"  userId: 'klu6Sv5QeEgYWlHjsgQwMkZCvsb2',"}
{"message":"  status: 'degraded',","timestamp":"2026-09-06T06:51:41.429970955Z","level":"info"}
{"level":"info","timestamp":"2026-09-06T06:51:41.429973625Z","message":"  reasonCodes: [ 'command_unavailable' ],"}
{"message":"  buildId: 'nexusrbx-studio-0.14.0-r15-animation.10-native-value-normalization',","timestamp":"2026-09-06T06:51:41.429976045Z","level":"info"}
{"message":"  attestationWritten: false,","level":"info","timestamp":"2026-09-06T06:51:41.429978325Z"}
{"message":"  repairDurationMs: 322","timestamp":"2026-09-06T06:51:41.429981475Z","level":"info"}
{"message":"}","timestamp":"2026-09-06T06:51:41.429984695Z","level":"info"}
{"timestamp":"2026-09-06T06:51:41.429988285Z","message":"[ops] {","level":"info"}
{"message":"  event: 'http_request',","level":"info","timestamp":"2026-09-06T06:51:41.429991165Z"}
{"level":"info","message":"  ts: '2026-09-06T06:51:41.423Z',","timestamp":"2026-09-06T06:51:41.429994215Z"}
{"level":"info","timestamp":"2026-09-06T06:51:41.429996695Z","message":"  requestId: '3279f04f-a5d8-4d45-a527-4cccb3666ed7',"}
{"level":"info","timestamp":"2026-09-06T06:51:41.429999905Z","message":"  method: 'POST',"}
{"level":"info","message":"  route: '/api/studio/session/ping',","timestamp":"2026-09-06T06:51:41.430002595Z"}
{"level":"info","message":"  status: 200,","timestamp":"2026-09-06T06:51:41.430005245Z"}
{"level":"info","message":"  durationMs: 376","timestamp":"2026-09-06T06:51:41.430007465Z"}
{"timestamp":"2026-09-06T06:51:41.430009845Z","level":"info","message":"}"}
{"level":"info","message":"}","timestamp":"2026-09-06T06:51:41.827469576Z"}
{"message":"[ops] {","timestamp":"2026-09-06T06:51:41.827484006Z","level":"info"}
{"level":"info","timestamp":"2026-09-06T06:51:41.827486986Z","message":"  event: 'http_request',"}
{"level":"info","message":"  ts: '2026-09-06T06:51:41.743Z',","timestamp":"2026-09-06T06:51:41.827489846Z"}
{"timestamp":"2026-09-06T06:51:41.827492846Z","message":"  requestId: '20aecee9-f066-40f1-94df-23899b27351f',","level":"info"}
{"timestamp":"2026-09-06T06:51:41.827495496Z","message":"  method: 'OPTIONS',","level":"info"}
{"message":"  route: '/api/v2/agents/active',","timestamp":"2026-09-06T06:51:41.827498326Z","level":"info"}
{"timestamp":"2026-09-06T06:51:41.827501056Z","message":"  status: 204,","level":"info"}
{"level":"info","timestamp":"2026-09-06T06:51:41.827504076Z","message":"  durationMs: 0"}
{"level":"info","timestamp":"2026-09-06T06:51:41.827506876Z","message":"}"}
{"timestamp":"2026-09-06T06:51:41.827509646Z","message":"[ops] {","level":"info"}
{"timestamp":"2026-09-06T06:51:41.827512386Z","level":"info","message":"  event: 'http_request',"}
{"message":"  ts: '2026-09-06T06:51:41.747Z',","level":"info","timestamp":"2026-09-06T06:51:41.827515125Z"}
{"message":"  requestId: '9e017941-1f8a-4096-a78d-3ca9e3a52b85',","timestamp":"2026-09-06T06:51:41.827517715Z","level":"info"}
{"message":"  method: 'OPTIONS',","timestamp":"2026-09-06T06:51:41.827520415Z","level":"info"}
{"message":"  route: '/api/v2/events',","timestamp":"2026-09-06T06:51:41.827523065Z","level":"info"}
{"timestamp":"2026-09-06T06:51:41.827526125Z","message":"  status: 204,","level":"info"}
{"message":"  durationMs: 0","timestamp":"2026-09-06T06:51:41.827529005Z","level":"info"}
{"message":"  method: 'GET',","timestamp":"2026-09-06T06:51:42.133791143Z","level":"info"}
{"level":"info","message":"  route: '/api/v2/agents/active',","timestamp":"2026-09-06T06:51:42.133797333Z"}
{"timestamp":"2026-09-06T06:51:42.133813613Z","message":"  reason: 'missing_token',","level":"error"}
{"timestamp":"2026-09-06T06:51:42.133818202Z","level":"error","message":"  mode: 'monitor',"}
{"timestamp":"2026-09-06T06:51:42.133825132Z","level":"error","message":"  route: '/api/v2/events'"}
{"message":"  event: 'security.app_check_rejected',","timestamp":"2026-09-06T06:51:42.133827122Z","level":"error"}
{"message":"[ops] {","level":"info","timestamp":"2026-09-06T06:51:42.133827662Z"}
{"timestamp":"2026-09-06T06:51:42.133833422Z","level":"error","message":"}"}
{"message":"[ops] {","timestamp":"2026-09-06T06:51:42.133834382Z","level":"error"}
{"message":"  event: 'http_request',","timestamp":"2026-09-06T06:51:42.133838652Z","level":"info"}
{"message":"  ts: '2026-09-06T06:51:42.009Z',","timestamp":"2026-09-06T06:51:42.133838662Z","level":"info"}
{"timestamp":"2026-09-06T06:51:42.133846282Z","message":"  reason: 'missing_token',","level":"error"}
{"message":"  ts: '2026-09-06T06:51:41.913Z',","level":"error","timestamp":"2026-09-06T06:51:42.133846732Z"}
{"level":"info","message":"  requestId: 'b9da75be-9b08-4543-af12-9b84c949ad2c',","timestamp":"2026-09-06T06:51:42.133847142Z"}
{"level":"error","message":"  mode: 'monitor',","timestamp":"2026-09-06T06:51:42.133850952Z"}
{"level":"error","message":"  route: '/api/v2/agents/active'","timestamp":"2026-09-06T06:51:42.133855822Z"}
{"message":"  status: 200,","timestamp":"2026-09-06T06:51:42.133860532Z","level":"info"}
{"message":"}","timestamp":"2026-09-06T06:51:42.133863192Z","level":"error"}
{"level":"error","message":"[ops] {","timestamp":"2026-09-06T06:51:42.133866022Z"}
{"timestamp":"2026-09-06T06:51:42.133867572Z","level":"info","message":"  durationMs: 96"}
{"timestamp":"2026-09-06T06:51:42.133874052Z","level":"info","message":"}"}
{"message":"  event: 'security.app_check_rejected',","level":"error","timestamp":"2026-09-06T06:51:42.133877012Z"}
{"level":"error","timestamp":"2026-09-06T06:51:42.133888602Z","message":"  ts: '2026-09-06T06:51:41.916Z',"}
{"message":"  requestId: '3ec9c146-3536-4e54-8068-dff8cf18b0fc',","timestamp":"2026-09-06T06:51:42.585802060Z","level":"info"}
{"level":"info","message":"  method: 'GET',","timestamp":"2026-09-06T06:51:42.585808520Z"}
{"message":"  route: '/api/v2/events',","timestamp":"2026-09-06T06:51:42.585812770Z","level":"info"}
{"level":"info","message":"  status: 200,","timestamp":"2026-09-06T06:51:42.585815660Z"}
{"level":"info","message":"  durationMs: 579","timestamp":"2026-09-06T06:51:42.585818370Z"}
{"level":"info","message":"}","timestamp":"2026-09-06T06:51:42.585821800Z"}
{"timestamp":"2026-09-06T06:51:42.585823820Z","message":"[ops] {","level":"info"}
{"message":"[ops] {","timestamp":"2026-09-06T06:51:42.585825140Z","level":"info"}
{"level":"info","message":"  event: 'http_request',","timestamp":"2026-09-06T06:51:42.585826640Z"}
{"message":"  ts: '2026-09-06T06:51:42.495Z',","timestamp":"2026-09-06T06:51:42.585829450Z","level":"info"}
{"level":"info","timestamp":"2026-09-06T06:51:42.585831000Z","message":"  event: 'studio.command_polled',"}
{"level":"info","message":"  ts: '2026-09-06T06:51:42.507Z',","timestamp":"2026-09-06T06:51:42.585833720Z"}
{"level":"info","message":"  requestId: 'acf3276f-7edc-4691-9d5a-d45c387f7d52',","timestamp":"2026-09-06T06:51:42.585837000Z"}
{"level":"info","timestamp":"2026-09-06T06:51:42.585839790Z","message":"  sessionId: 'DlvFpLpN0vX1CB5Fvwv9',"}
{"message":"  status: 'empty'","timestamp":"2026-09-06T06:51:42.585843010Z","level":"info"}
{"level":"info","message":"}","timestamp":"2026-09-06T06:51:42.585846140Z"}
{"message":"[ops] {","timestamp":"2026-09-06T06:51:42.585849170Z","level":"info"}
{"timestamp":"2026-09-06T06:51:42.585852050Z","message":"  event: 'http_request',","level":"info"}
{"message":"  ts: '2026-09-06T06:51:42.507Z',","level":"info","timestamp":"2026-09-06T06:51:42.585854860Z"}
{"level":"info","message":"  requestId: 'acf3276f-7edc-4691-9d5a-d45c387f7d52',","timestamp":"2026-09-06T06:51:42.585857670Z"}
{"message":"  method: 'GET',","timestamp":"2026-09-06T06:51:42.585860530Z","level":"info"}
{"timestamp":"2026-09-06T06:51:42.585863070Z","message":"  route: '/api/studio/mcp/commands/next',","level":"info"}
{"timestamp":"2026-09-06T06:51:42.585865760Z","level":"info","message":"  status: 204,"}
{"timestamp":"2026-09-06T06:51:42.585868500Z","level":"info","message":"  durationMs: 5412"}
{"message":"}","level":"info","timestamp":"2026-09-06T06:51:42.585871890Z"}
{"level":"info","message":"[ops] {","timestamp":"2026-09-06T06:51:43.154072513Z"}
{"message":"  event: 'http_request',","timestamp":"2026-09-06T06:51:43.154077533Z","level":"info"}
{"level":"info","message":"  ts: '2026-09-06T06:51:43.132Z',","timestamp":"2026-09-06T06:51:43.154082443Z"}
{"timestamp":"2026-09-06T06:51:43.154086993Z","message":"  requestId: '19d6f4bf-f66c-4b04-9b4e-e34ed26c6c5c',","level":"info"}
{"message":"  method: 'POST',","timestamp":"2026-09-06T06:51:43.154091623Z","level":"info"}
{"message":"  route: '/api/studio/mcp/session/ping',","timestamp":"2026-09-06T06:51:43.154096033Z","level":"info"}
{"message":"  status: 200,","level":"info","timestamp":"2026-09-06T06:51:43.154100993Z"}
{"timestamp":"2026-09-06T06:51:43.154105713Z","message":"  durationMs: 315","level":"info"}
{"message":"}","timestamp":"2026-09-06T06:51:43.154110653Z","level":"info"}
{"timestamp":"2026-09-06T06:51:44.288448264Z","level":"info","message":"[ops] {"}
{"level":"info","message":"  event: 'http_request',","timestamp":"2026-09-06T06:51:44.288453084Z"}
{"message":"  ts: '2026-09-06T06:51:44.236Z',","timestamp":"2026-09-06T06:51:44.288457154Z","level":"info"}
{"timestamp":"2026-09-06T06:51:44.288460925Z","level":"info","message":"  requestId: '0bf755cb-19ae-43d8-93f8-75449c85f43b',"}
{"message":"  method: 'OPTIONS',","timestamp":"2026-09-06T06:51:44.288464145Z","level":"info"}
{"timestamp":"2026-09-06T06:51:44.288467005Z","level":"info","message":"  route: '/api/v2/events',"}
{"message":"  status: 204,","level":"info","timestamp":"2026-09-06T06:51:44.288469885Z"}
{"message":"  durationMs: 0","level":"info","timestamp":"2026-09-06T06:51:44.288472435Z"}
{"message":"}","timestamp":"2026-09-06T06:51:44.288475265Z","level":"info"}
{"level":"error","timestamp":"2026-09-06T06:51:44.431469712Z","message":"[ops] {"}
{"level":"error","timestamp":"2026-09-06T06:51:44.431473532Z","message":"  event: 'security.app_check_rejected',"}
{"message":"  ts: '2026-09-06T06:51:44.402Z',","timestamp":"2026-09-06T06:51:44.431476632Z","level":"error"}
{"message":"  reason: 'missing_token',","level":"error","timestamp":"2026-09-06T06:51:44.431479942Z"}
{"level":"error","message":"  mode: 'monitor',","timestamp":"2026-09-06T06:51:44.431482992Z"}
{"message":"  route: '/api/v2/events'","level":"error","timestamp":"2026-09-06T06:51:44.431494381Z"}
{"level":"error","message":"}","timestamp":"2026-09-06T06:51:44.431497271Z"}
{"timestamp":"2026-09-06T06:51:44.915906935Z","level":"info","message":"[ops] {"}
{"level":"info","timestamp":"2026-09-06T06:51:44.915912375Z","message":"  event: 'http_request',"}
{"message":"  ts: '2026-09-06T06:51:44.910Z',","timestamp":"2026-09-06T06:51:44.915916115Z","level":"info"}
{"message":"  requestId: 'b4b8741e-7556-409a-985f-2d5e1a8ba51b',","timestamp":"2026-09-06T06:51:44.915919485Z","level":"info"}
{"message":"  method: 'GET',","level":"info","timestamp":"2026-09-06T06:51:44.915922215Z"}
{"timestamp":"2026-09-06T06:51:44.915925085Z","level":"info","message":"  route: '/api/v2/events',"}
{"timestamp":"2026-09-06T06:51:44.915928095Z","message":"  status: 200,","level":"info"}
{"timestamp":"2026-09-06T06:51:44.915931505Z","level":"info","message":"  durationMs: 508"}
{"timestamp":"2026-09-06T06:51:44.915934655Z","level":"info","message":"}"}
{"timestamp":"2026-09-06T06:51:46.766643895Z","message":"[ops] {","level":"info"}
{"timestamp":"2026-09-06T06:51:46.766646635Z","message":"  event: 'http_request',","level":"info"}
{"level":"info","message":"  ts: '2026-09-06T06:51:46.740Z',","timestamp":"2026-09-06T06:51:46.766649765Z"}
{"message":"  requestId: '4a8f4bc0-da32-43a6-bed8-22ebb39dbf56',","level":"info","timestamp":"2026-09-06T06:51:46.766652735Z"}
{"message":"  method: 'OPTIONS',","timestamp":"2026-09-06T06:51:46.766656455Z","level":"info"}
{"level":"info","timestamp":"2026-09-06T06:51:46.766660265Z","message":"  route: '/api/v2/events',"}
{"message":"  status: 204,","timestamp":"2026-09-06T06:51:46.766663875Z","level":"info"}
{"message":"  durationMs: 0","timestamp":"2026-09-06T06:51:46.766668465Z","level":"info"}
{"message":"}","timestamp":"2026-09-06T06:51:46.766671095Z","level":"info"}
{"level":"error","message":"[ops] {","timestamp":"2026-09-06T06:51:46.911165563Z"}
{"level":"error","message":"  event: 'security.app_check_rejected',","timestamp":"2026-09-06T06:51:46.911178053Z"}
{"level":"error","message":"  ts: '2026-09-06T06:51:46.907Z',","timestamp":"2026-09-06T06:51:46.911183743Z"}
{"timestamp":"2026-09-06T06:51:46.911188313Z","message":"  reason: 'missing_token',","level":"error"}
{"timestamp":"2026-09-06T06:51:46.911193633Z","level":"error","message":"  mode: 'monitor',"}
{"level":"error","message":"  route: '/api/v2/events'","timestamp":"2026-09-06T06:51:46.911198823Z"}
{"level":"error","timestamp":"2026-09-06T06:51:46.911203673Z","message":"}"}
{"timestamp":"2026-09-06T06:51:47.477394109Z","level":"info","message":"  status: 200,"}
{"message":"[ops] {","timestamp":"2026-09-06T06:51:47.477396629Z","level":"info"}
{"timestamp":"2026-09-06T06:51:47.477398999Z","message":"  durationMs: 565","level":"info"}
{"message":"}","level":"info","timestamp":"2026-09-06T06:51:47.477402359Z"}
{"message":"  event: 'http_request',","timestamp":"2026-09-06T06:51:47.477404139Z","level":"info"}
{"timestamp":"2026-09-06T06:51:47.477408899Z","level":"info","message":"  ts: '2026-09-06T06:51:47.471Z',"}
{"level":"info","timestamp":"2026-09-06T06:51:47.477449598Z","message":"  requestId: '2f360dd5-8db0-4807-9216-0453a23fcd75',"}
{"level":"info","message":"  method: 'GET',","timestamp":"2026-09-06T06:51:47.477458268Z"}
{"message":"  route: '/api/v2/events',","level":"info","timestamp":"2026-09-06T06:51:47.477463658Z"}
{"timestamp":"2026-09-06T06:51:49.245043413Z","level":"info","message":"[ops] {"}
{"timestamp":"2026-09-06T06:51:49.245047933Z","level":"info","message":"  event: 'http_request',"}
{"message":"  ts: '2026-09-06T06:51:49.244Z',","level":"info","timestamp":"2026-09-06T06:51:49.245052003Z"}
{"timestamp":"2026-09-06T06:51:49.245055163Z","level":"info","message":"  requestId: '01985917-2690-45a3-896c-5b98b9c90d2f',"}
{"timestamp":"2026-09-06T06:51:49.245059343Z","message":"  method: 'OPTIONS',","level":"info"}
{"timestamp":"2026-09-06T06:51:49.245061943Z","message":"  route: '/api/v2/events',","level":"info"}
{"message":"  status: 204,","timestamp":"2026-09-06T06:51:49.245064403Z","level":"info"}
{"timestamp":"2026-09-06T06:51:49.245067423Z","message":"  durationMs: 0","level":"info"}
{"timestamp":"2026-09-06T06:51:49.245070273Z","level":"info","message":"}"}
{"level":"error","message":"[ops] {","timestamp":"2026-09-06T06:51:49.462900499Z"}
{"level":"error","timestamp":"2026-09-06T06:51:49.462905379Z","message":"  event: 'security.app_check_rejected',"}
{"message":"  ts: '2026-09-06T06:51:49.436Z',","timestamp":"2026-09-06T06:51:49.462909229Z","level":"error"}
{"message":"  reason: 'missing_token',","level":"error","timestamp":"2026-09-06T06:51:49.462912979Z"}
{"timestamp":"2026-09-06T06:51:49.462917739Z","message":"  mode: 'monitor',","level":"error"}
{"message":"  route: '/api/v2/events'","timestamp":"2026-09-06T06:51:49.462922379Z","level":"error"}
{"message":"}","timestamp":"2026-09-06T06:51:49.462926189Z","level":"error"}
{"message":"[ops] {","timestamp":"2026-09-06T06:51:49.897898213Z","level":"info"}
{"level":"info","message":"  event: 'http_request',","timestamp":"2026-09-06T06:51:49.897908593Z"}
{"timestamp":"2026-09-06T06:51:49.897913363Z","level":"info","message":"  ts: '2026-09-06T06:51:49.889Z',"}
{"timestamp":"2026-09-06T06:51:49.897918003Z","message":"  requestId: '4eb010df-ff41-451b-b4b2-6f05e82e1af4',","level":"info"}
{"timestamp":"2026-09-06T06:51:49.897922153Z","level":"info","message":"  method: 'POST',"}
{"message":"  route: '/api/studio/mcp/session/ping',","timestamp":"2026-09-06T06:51:49.897926703Z","level":"info"}
{"message":"  status: 200,","timestamp":"2026-09-06T06:51:49.897930803Z","level":"info"}
{"timestamp":"2026-09-06T06:51:49.897934933Z","message":"  durationMs: 323","level":"info"}
{"level":"info","message":"}","timestamp":"2026-09-06T06:51:49.897939563Z"}
{"level":"info","timestamp":"2026-09-06T06:51:50.003223698Z","message":"[ops] {"}
{"message":"  event: 'http_request',","timestamp":"2026-09-06T06:51:50.003228798Z","level":"info"}
{"message":"  ts: '2026-09-06T06:51:50.000Z',","timestamp":"2026-09-06T06:51:50.003232078Z","level":"info"}
{"timestamp":"2026-09-06T06:51:50.003236988Z","message":"  requestId: '8f5406b7-f13f-472a-88eb-1984cbdc9736',","level":"info"}
{"message":"  method: 'GET',","timestamp":"2026-09-06T06:51:50.003240028Z","level":"info"}
{"message":"  route: '/api/v2/events',","level":"info","timestamp":"2026-09-06T06:51:50.003243038Z"}
{"timestamp":"2026-09-06T06:51:50.003245868Z","level":"info","message":"  status: 200,"}
{"level":"info","message":"  durationMs: 564","timestamp":"2026-09-06T06:51:50.003248558Z"}
{"message":"}","level":"info","timestamp":"2026-09-06T06:51:50.003253198Z"}
{"timestamp":"2026-09-06T06:51:50.538241472Z","level":"info","message":"}"}
{"message":"[ops] {","timestamp":"2026-09-06T06:51:50.538252132Z","level":"info"}
{"message":"  event: 'http_request',","level":"info","timestamp":"2026-09-06T06:51:50.538260411Z"}
{"timestamp":"2026-09-06T06:51:50.538264861Z","message":"  ts: '2026-09-06T06:51:50.473Z',","level":"info"}
{"timestamp":"2026-09-06T06:51:50.538269021Z","level":"info","message":"  requestId: 'b30a15e0-7aa2-4647-b0ca-f783c5eb32c9',"}
{"timestamp":"2026-09-06T06:51:50.538273511Z","message":"  method: 'OPTIONS',","level":"info"}
{"level":"info","message":"  route: '/api/studio/mcp/status',","timestamp":"2026-09-06T06:51:50.538277691Z"}
{"level":"info","message":"  status: 204,","timestamp":"2026-09-06T06:51:50.538281221Z"}
{"timestamp":"2026-09-06T06:51:50.538284741Z","message":"  durationMs: 0","level":"info"}
{"timestamp":"2026-09-06T06:51:50.538288761Z","level":"info","message":"}"}
{"message":"[ops] {","level":"info","timestamp":"2026-09-06T06:51:50.538292311Z"}
{"timestamp":"2026-09-06T06:51:50.538295131Z","level":"info","message":"  event: 'http_request',"}
{"timestamp":"2026-09-06T06:51:50.538298861Z","message":"  ts: '2026-09-06T06:51:50.469Z',","level":"info"}
{"message":"  requestId: '360ce53e-d794-4532-a0f7-89867b4e314a',","level":"info","timestamp":"2026-09-06T06:51:50.538303681Z"}
{"timestamp":"2026-09-06T06:51:50.538307471Z","level":"info","message":"  method: 'OPTIONS',"}
{"message":"  route: '/api/studio/status',","timestamp":"2026-09-06T06:51:50.538311041Z","level":"info"}
{"message":"  status: 204,","timestamp":"2026-09-06T06:51:50.538314381Z","level":"info"}
{"message":"  durationMs: 0","timestamp":"2026-09-06T06:51:50.538318951Z","level":"info"}
{"timestamp":"2026-09-06T06:51:50.646189771Z","message":"[ops] {","level":"error"}
{"message":"  event: 'security.app_check_rejected',","timestamp":"2026-09-06T06:51:50.646192481Z","level":"error"}
{"message":"  ts: '2026-09-06T06:51:50.645Z',","timestamp":"2026-09-06T06:51:50.646195171Z","level":"error"}
{"level":"error","timestamp":"2026-09-06T06:51:50.646197761Z","message":"  reason: 'missing_token',"}
{"message":"  mode: 'monitor',","timestamp":"2026-09-06T06:51:50.646200601Z","level":"error"}
{"level":"error","timestamp":"2026-09-06T06:51:50.646204871Z","message":"  route: '/api/studio/status'"}
{"level":"error","message":"}","timestamp":"2026-09-06T06:51:50.646207691Z"}
{"level":"error","message":"[ops] {","timestamp":"2026-09-06T06:51:50.657274291Z"}
{"message":"  event: 'security.app_check_rejected',","timestamp":"2026-09-06T06:51:50.657279141Z","level":"error"}
{"timestamp":"2026-09-06T06:51:50.657282571Z","level":"error","message":"  ts: '2026-09-06T06:51:50.652Z',"}
{"message":"  reason: 'missing_token',","timestamp":"2026-09-06T06:51:50.657285570Z","level":"error"}
{"message":"  mode: 'monitor',","timestamp":"2026-09-06T06:51:50.657288520Z","level":"error"}
{"message":"  route: '/api/studio/mcp/status'","timestamp":"2026-09-06T06:51:50.657291700Z","level":"error"}
{"message":"}","timestamp":"2026-09-06T06:51:50.657294940Z","level":"error"}
{"level":"info","message":"[ops] {","timestamp":"2026-09-06T06:51:50.807403283Z"}
{"message":"  event: 'studio.command_polled',","timestamp":"2026-09-06T06:51:50.807410083Z","level":"info"}
{"message":"  ts: '2026-09-06T06:51:50.798Z',","level":"info","timestamp":"2026-09-06T06:51:50.807413663Z"}
{"level":"info","message":"  requestId: '6e56a34e-0287-4245-9c63-258a5459e3f3',","timestamp":"2026-09-06T06:51:50.807416643Z"}
{"level":"info","message":"  sessionId: 'DlvFpLpN0vX1CB5Fvwv9',","timestamp":"2026-09-06T06:51:50.807419463Z"}
{"timestamp":"2026-09-06T06:51:50.807422193Z","message":"  status: 'empty'","level":"info"}
{"message":"}","timestamp":"2026-09-06T06:51:50.807424703Z","level":"info"}
{"timestamp":"2026-09-06T06:51:50.807427443Z","level":"info","message":"[ops] {"}
{"timestamp":"2026-09-06T06:51:50.807430303Z","message":"  event: 'http_request',","level":"info"}
{"timestamp":"2026-09-06T06:51:50.807433253Z","level":"info","message":"  ts: '2026-09-06T06:51:50.799Z',"}
{"message":"  requestId: '6e56a34e-0287-4245-9c63-258a5459e3f3',","timestamp":"2026-09-06T06:51:50.807435913Z","level":"info"}
{"level":"info","message":"  method: 'GET',","timestamp":"2026-09-06T06:51:50.807439553Z"}
{"level":"info","message":"  route: '/api/studio/mcp/commands/next',","timestamp":"2026-09-06T06:51:50.807442043Z"}
{"message":"  status: 204,","timestamp":"2026-09-06T06:51:50.807444343Z","level":"info"}
{"message":"  durationMs: 5431","timestamp":"2026-09-06T06:51:50.807446723Z","level":"info"}
{"timestamp":"2026-09-06T06:51:50.807449283Z","message":"}","level":"info"}
{"message":"[ops] {","timestamp":"2026-09-06T06:51:51.032369863Z","level":"info"}
{"level":"info","message":"  event: 'http_request',","timestamp":"2026-09-06T06:51:51.032372583Z"}
{"message":"  ts: '2026-09-06T06:51:51.031Z',","timestamp":"2026-09-06T06:51:51.032376393Z","level":"info"}
{"level":"info","timestamp":"2026-09-06T06:51:51.032380193Z","message":"  requestId: '2bda8416-f37a-453d-ac8a-b83003c2b485',"}
{"timestamp":"2026-09-06T06:51:51.032383503Z","level":"info","message":"  method: 'GET',"}
{"level":"info","timestamp":"2026-09-06T06:51:51.032385963Z","message":"  route: '/api/studio/mcp/status',"}
{"timestamp":"2026-09-06T06:51:51.032388323Z","level":"info","message":"  status: 200,"}
{"level":"info","message":"  durationMs: 379","timestamp":"2026-09-06T06:51:51.032390693Z"}
{"timestamp":"2026-09-06T06:51:51.032393103Z","level":"info","message":"}"}
{"message":"[ops] {","timestamp":"2026-09-06T06:51:51.246039475Z","level":"info"}
{"timestamp":"2026-09-06T06:51:51.246046295Z","level":"info","message":"  event: 'http_request',"}
{"timestamp":"2026-09-06T06:51:51.246050835Z","message":"  ts: '2026-09-06T06:51:51.245Z',","level":"info"}
{"level":"info","timestamp":"2026-09-06T06:51:51.246054065Z","message":"  requestId: '708a6419-168c-4594-8f21-04ca116ca051',"}
{"level":"info","timestamp":"2026-09-06T06:51:51.246057265Z","message":"  method: 'GET',"}
{"level":"info","message":"  route: '/api/studio/status',","timestamp":"2026-09-06T06:51:51.246060345Z"}
{"message":"  status: 200,","timestamp":"2026-09-06T06:51:51.246063524Z","level":"info"}
{"level":"info","message":"  durationMs: 600","timestamp":"2026-09-06T06:51:51.246067364Z"}
{"message":"}","timestamp":"2026-09-06T06:51:51.246070784Z","level":"info"}
{"timestamp":"2026-09-06T06:51:51.527967216Z","level":"info","message":"[ops] {"}
{"level":"info","message":"  event: 'http_request',","timestamp":"2026-09-06T06:51:51.527972316Z"}
{"message":"  ts: '2026-09-06T06:51:51.483Z',","timestamp":"2026-09-06T06:51:51.527976516Z","level":"info"}
{"timestamp":"2026-09-06T06:51:51.527979466Z","level":"info","message":"  requestId: 'd22777b4-bfb8-4dff-ba90-a00c1a691322',"}
{"timestamp":"2026-09-06T06:51:51.527983876Z","level":"info","message":"  method: 'POST',"}
{"message":"  route: '/api/studio/mcp/session/ping',","timestamp":"2026-09-06T06:51:51.527986566Z","level":"info"}
{"message":"  status: 200,","level":"info","timestamp":"2026-09-06T06:51:51.527989126Z"}
{"timestamp":"2026-09-06T06:51:51.527992176Z","level":"info","message":"  durationMs: 376"}
{"message":"}","timestamp":"2026-09-06T06:51:51.527994886Z","level":"info"}
{"message":"[ops] {","level":"info","timestamp":"2026-09-06T06:51:51.745280544Z"}
{"timestamp":"2026-09-06T06:51:51.745292624Z","message":"  event: 'http_request',","level":"info"}
{"message":"  ts: '2026-09-06T06:51:51.741Z',","timestamp":"2026-09-06T06:51:51.745297264Z","level":"info"}
{"level":"info","message":"  requestId: '6a47710b-c907-44c5-894d-2e3868227c34',","timestamp":"2026-09-06T06:51:51.745301304Z"}
{"level":"info","message":"  method: 'OPTIONS',","timestamp":"2026-09-06T06:51:51.745305314Z"}
{"message":"  route: '/api/v2/agents/active',","level":"info","timestamp":"2026-09-06T06:51:51.745310674Z"}
{"level":"info","message":"  status: 204,","timestamp":"2026-09-06T06:51:51.745314884Z"}
{"timestamp":"2026-09-06T06:51:51.745319074Z","message":"  durationMs: 0","level":"info"}
{"timestamp":"2026-09-06T06:51:51.745322594Z","level":"info","message":"}"}
{"timestamp":"2026-09-06T06:51:51.750631360Z","message":"  route: '/api/v2/events',","level":"info"}
{"timestamp":"2026-09-06T06:51:51.750633080Z","message":"[ops] {","level":"info"}
{"message":"  status: 204,","timestamp":"2026-09-06T06:51:51.750635710Z","level":"info"}
{"message":"  durationMs: 0","level":"info","timestamp":"2026-09-06T06:51:51.750638940Z"}
{"message":"  event: 'http_request',","timestamp":"2026-09-06T06:51:51.750639980Z","level":"info"}
{"timestamp":"2026-09-06T06:51:51.750641870Z","level":"info","message":"}"}
{"message":"  ts: '2026-09-06T06:51:51.745Z',","timestamp":"2026-09-06T06:51:51.750645840Z","level":"info"}
{"message":"  requestId: '986e6c10-0a40-4680-8993-5c235ed40dea',","timestamp":"2026-09-06T06:51:51.750649060Z","level":"info"}
{"timestamp":"2026-09-06T06:51:51.750651830Z","message":"  method: 'OPTIONS',","level":"info"}
{"message":"[ops] {","timestamp":"2026-09-06T06:51:51.979873023Z","level":"error"}
{"level":"error","timestamp":"2026-09-06T06:51:51.979878173Z","message":"  event: 'security.app_check_rejected',"}
{"timestamp":"2026-09-06T06:51:51.979881563Z","message":"  ts: '2026-09-06T06:51:51.979Z',","level":"error"}
{"level":"error","message":"  reason: 'missing_token',","timestamp":"2026-09-06T06:51:51.979884673Z"}
{"timestamp":"2026-09-06T06:51:51.979887703Z","level":"error","message":"  mode: 'monitor',"}
{"level":"error","message":"  route: '/api/v2/agents/active'","timestamp":"2026-09-06T06:51:51.979890383Z"}
{"timestamp":"2026-09-06T06:51:51.979893123Z","level":"error","message":"}"}
{"level":"error","message":"[ops] {","timestamp":"2026-09-06T06:51:51.990573476Z"}
{"level":"error","timestamp":"2026-09-06T06:51:51.990578645Z","message":"  event: 'security.app_check_rejected',"}
{"message":"  ts: '2026-09-06T06:51:51.985Z',","level":"error","timestamp":"2026-09-06T06:51:51.990582795Z"}
{"timestamp":"2026-09-06T06:51:51.990586285Z","level":"error","message":"  reason: 'missing_token',"}
{"level":"error","message":"  mode: 'monitor',","timestamp":"2026-09-06T06:51:51.990589425Z"}
{"timestamp":"2026-09-06T06:51:51.990592895Z","message":"  route: '/api/v2/events'","level":"error"}
{"message":"}","timestamp":"2026-09-06T06:51:51.990596335Z","level":"error"}
{"message":"[ops] {","level":"info","timestamp":"2026-09-06T06:51:52.066027019Z"}
{"timestamp":"2026-09-06T06:51:52.066030279Z","level":"info","message":"  event: 'http_request',"}
{"timestamp":"2026-09-06T06:51:52.066033599Z","level":"info","message":"  ts: '2026-09-06T06:51:52.039Z',"}
{"level":"info","timestamp":"2026-09-06T06:51:52.066036459Z","message":"  requestId: 'a6a535b6-c0a5-4656-a797-0493ea2ab1f7',"}
{"timestamp":"2026-09-06T06:51:52.066039959Z","message":"  method: 'GET',","level":"info"}
{"message":"  route: '/api/v2/agents/active',","timestamp":"2026-09-06T06:51:52.066042929Z","level":"info"}
{"level":"info","message":"  status: 200,","timestamp":"2026-09-06T06:51:52.066046059Z"}
{"message":"  durationMs: 61","level":"info","timestamp":"2026-09-06T06:51:52.066049609Z"}
{"message":"}","level":"info","timestamp":"2026-09-06T06:51:52.066053019Z"}
{"message":"[ops] {","timestamp":"2026-09-06T06:51:52.509142373Z","level":"info"}
{"message":"  event: 'http_request',","timestamp":"2026-09-06T06:51:52.509146393Z","level":"info"}
{"message":"  ts: '2026-09-06T06:51:52.496Z',","timestamp":"2026-09-06T06:51:52.509150633Z","level":"info"}
{"level":"info","timestamp":"2026-09-06T06:51:52.509155223Z","message":"  requestId: 'ff01b539-bc39-45fa-90a1-e4c723a9a5bf',"}
{"timestamp":"2026-09-06T06:51:52.509161743Z","message":"  method: 'GET',","level":"info"}
{"timestamp":"2026-09-06T06:51:52.509165423Z","level":"info","message":"  route: '/api/v2/events',"}
{"timestamp":"2026-09-06T06:51:52.509169213Z","message":"  status: 200,","level":"info"}
{"message":"  durationMs: 510","timestamp":"2026-09-06T06:51:52.509175473Z","level":"info"}
{"level":"info","timestamp":"2026-09-06T06:51:52.509180613Z","message":"}"}
{"timestamp":"2026-09-06T06:51:53.480925970Z","message":"  status: 200,","level":"info"}
{"level":"info","message":"  durationMs: 618","timestamp":"2026-09-06T06:51:53.480937490Z"}
{"timestamp":"2026-09-06T06:51:53.480942550Z","level":"info","message":"}"}
{"timestamp":"2026-09-06T06:51:53.480966999Z","message":"[ops] {","level":"info"}
{"timestamp":"2026-09-06T06:51:53.480971519Z","message":"  event: 'studio.plugin_compatibility_handshake',","level":"info"}
{"timestamp":"2026-09-06T06:51:53.480975109Z","message":"  ts: '2026-09-06T06:51:53.476Z',","level":"info"}
{"message":"  requestId: '219afca9-4275-42bc-8b15-af1e833cee78',","timestamp":"2026-09-06T06:51:53.480979719Z","level":"info"}
{"timestamp":"2026-09-06T06:51:53.480983169Z","level":"info","message":"  sessionId: 'MLq8J3mhz56J6BRsAeQe',"}
{"message":"  userId: '0VSQotqOXxPXBLeQu1gUNkXELWH3',","timestamp":"2026-09-06T06:51:53.480986719Z","level":"info"}
{"timestamp":"2026-09-06T06:51:53.480990629Z","message":"  status: 'compatible',","level":"info"}
{"timestamp":"2026-09-06T06:51:53.480994789Z","level":"info","message":"  reasonCodes: [],"}
{"level":"info","timestamp":"2026-09-06T06:51:53.480998619Z","message":"  buildId: 'nexusrbx-studio-0.14.0-r15-animation.12-toolbox',"}
{"timestamp":"2026-09-06T06:51:53.481002939Z","level":"info","message":"  attestationWritten: false,"}
{"level":"info","message":"  repairDurationMs: 562","timestamp":"2026-09-06T06:51:53.481006229Z"}
{"timestamp":"2026-09-06T06:51:53.481009559Z","message":"}","level":"info"}
{"timestamp":"2026-09-06T06:51:53.481013759Z","level":"info","message":"[ops] {"}
{"message":"  event: 'http_request',","timestamp":"2026-09-06T06:51:53.481017179Z","level":"info"}
{"level":"info","timestamp":"2026-09-06T06:51:53.481020789Z","message":"  ts: '2026-09-06T06:51:53.476Z',"}
{"timestamp":"2026-09-06T06:51:53.481027689Z","level":"info","message":"  requestId: '219afca9-4275-42bc-8b15-af1e833cee78',"}
{"timestamp":"2026-09-06T06:51:53.481032359Z","message":"  method: 'POST',","level":"info"}
{"level":"info","message":"  route: '/api/studio/session/ping',","timestamp":"2026-09-06T06:51:53.481037099Z"}
{"level":"info","timestamp":"2026-09-06T06:51:54.303085781Z","message":"  durationMs: 0"}
{"message":"}","timestamp":"2026-09-06T06:51:54.303098431Z","level":"info"}
{"level":"info","timestamp":"2026-09-06T06:51:54.303112291Z","message":"[ops] {"}
{"level":"info","message":"  event: 'http_request',","timestamp":"2026-09-06T06:51:54.303115061Z"}
{"timestamp":"2026-09-06T06:51:54.303117941Z","message":"  ts: '2026-09-06T06:51:54.247Z',","level":"info"}
{"message":"  requestId: '98bd4ff0-2247-489e-9ad1-88194bccbfb0',","timestamp":"2026-09-06T06:51:54.303120871Z","level":"info"}
{"message":"  method: 'OPTIONS',","timestamp":"2026-09-06T06:51:54.303123801Z","level":"info"}
{"timestamp":"2026-09-06T06:51:54.303127491Z","message":"  route: '/api/v2/events',","level":"info"}
{"message":"  status: 204,","timestamp":"2026-09-06T06:51:54.303130411Z","level":"info"}
{"message":"  event: 'security.app_check_rejected',","timestamp":"2026-09-06T06:51:54.616415204Z","level":"error"}
{"level":"error","message":"  ts: '2026-09-06T06:51:54.565Z',","timestamp":"2026-09-06T06:51:54.616420444Z"}
{"message":"  reason: 'missing_token',","timestamp":"2026-09-06T06:51:54.616424134Z","level":"error"}
{"level":"error","message":"  mode: 'monitor',","timestamp":"2026-09-06T06:51:54.616427114Z"}
{"level":"error","message":"  route: '/api/v2/events'","timestamp":"2026-09-06T06:51:54.616430244Z"}
{"message":"}","level":"error","timestamp":"2026-09-06T06:51:54.616433054Z"}
{"message":"[ops] {","timestamp":"2026-09-06T06:51:54.616441404Z","level":"error"}
{"level":"info","timestamp":"2026-09-06T06:51:55.330704015Z","message":"[ops] {"}
{"level":"info","message":"  event: 'http_request',","timestamp":"2026-09-06T06:51:55.330709125Z"}
{"message":"  ts: '2026-09-06T06:51:55.156Z',","timestamp":"2026-09-06T06:51:55.330713645Z","level":"info"}
{"level":"info","message":"  requestId: '62e6f2e4-5973-4d96-9cc1-81a499e7c46c',","timestamp":"2026-09-06T06:51:55.330718845Z"}
{"message":"  method: 'GET',","timestamp":"2026-09-06T06:51:55.330731685Z","level":"info"}
{"level":"info","message":"  route: '/api/v2/events',","timestamp":"2026-09-06T06:51:55.330735905Z"}
{"timestamp":"2026-09-06T06:51:55.330740335Z","level":"info","message":"  status: 200,"}
{"level":"info","message":"  durationMs: 592","timestamp":"2026-09-06T06:51:55.330746015Z"}
{"message":"}","timestamp":"2026-09-06T06:51:55.330751375Z","level":"info"}
{"level":"info","message":"[ops] {","timestamp":"2026-09-06T06:51:56.754885078Z"}
{"timestamp":"2026-09-06T06:51:56.754890357Z","message":"  event: 'http_request',","level":"info"}
{"level":"info","message":"  ts: '2026-09-06T06:51:56.750Z',","timestamp":"2026-09-06T06:51:56.754894477Z"}
{"timestamp":"2026-09-06T06:51:56.754897207Z","level":"info","message":"  requestId: 'ac32669b-5d9e-4f3c-ab00-a958d09584ea',"}
{"message":"  method: 'OPTIONS',","timestamp":"2026-09-06T06:51:56.754899697Z","level":"info"}
{"message":"  route: '/api/v2/events',","level":"info","timestamp":"2026-09-06T06:51:56.754902327Z"}
{"message":"  status: 204,","timestamp":"2026-09-06T06:51:56.754904657Z","level":"info"}
{"timestamp":"2026-09-06T06:51:56.754907137Z","level":"info","message":"  durationMs: 0"}
{"message":"}","timestamp":"2026-09-06T06:51:56.754909697Z","level":"info"}
{"level":"error","message":"[ops] {","timestamp":"2026-09-06T06:51:56.940949543Z"}
{"message":"  event: 'security.app_check_rejected',","timestamp":"2026-09-06T06:51:56.940956003Z","level":"error"}
{"level":"error","message":"  ts: '2026-09-06T06:51:56.920Z',","timestamp":"2026-09-06T06:51:56.940960833Z"}
{"message":"  reason: 'missing_token',","timestamp":"2026-09-06T06:51:56.940965613Z","level":"error"}
{"level":"error","message":"  mode: 'monitor',","timestamp":"2026-09-06T06:51:56.940971823Z"}
{"message":"  route: '/api/v2/events'","level":"error","timestamp":"2026-09-06T06:51:56.940975663Z"}
{"message":"}","timestamp":"2026-09-06T06:51:56.940979353Z","level":"error"}
{"message":"[ops] {","timestamp":"2026-09-06T06:51:57.101053873Z","level":"info"}
{"timestamp":"2026-09-06T06:51:57.101059123Z","level":"info","message":"  event: 'studio.plugin_compatibility_handshake',"}
{"timestamp":"2026-09-06T06:51:57.101062573Z","level":"info","message":"  ts: '2026-09-06T06:51:57.097Z',"}
{"level":"info","message":"  requestId: '2e053354-4bfa-4125-805c-7cceb6198eb1',","timestamp":"2026-09-06T06:51:57.101065583Z"}
{"level":"info","timestamp":"2026-09-06T06:51:57.101069232Z","message":"  sessionId: 'Iog4rWn0F2wcGR9xp3Jq',"}
{"timestamp":"2026-09-06T06:51:57.101072922Z","level":"info","message":"  userId: 'klu6Sv5QeEgYWlHjsgQwMkZCvsb2',"}
{"timestamp":"2026-09-06T06:51:57.101076122Z","message":"  status: 'degraded',","level":"info"}
{"message":"  reasonCodes: [ 'command_unavailable' ],","level":"info","timestamp":"2026-09-06T06:51:57.101079582Z"}
{"level":"info","timestamp":"2026-09-06T06:51:57.101082272Z","message":"  buildId: 'nexusrbx-studio-0.14.0-r15-animation.10-native-value-normalization',"}
{"timestamp":"2026-09-06T06:51:57.101085052Z","message":"  attestationWritten: false,","level":"info"}
{"level":"info","message":"  repairDurationMs: 382","timestamp":"2026-09-06T06:51:57.101088052Z"}
{"message":"}","timestamp":"2026-09-06T06:51:57.101090692Z","level":"info"}
{"level":"info","message":"[ops] {","timestamp":"2026-09-06T06:51:57.101093262Z"}
{"timestamp":"2026-09-06T06:51:57.101095622Z","level":"info","message":"  event: 'http_request',"}
{"timestamp":"2026-09-06T06:51:57.101098262Z","level":"info","message":"  ts: '2026-09-06T06:51:57.097Z',"}
{"timestamp":"2026-09-06T06:51:57.101100792Z","message":"  requestId: '2e053354-4bfa-4125-805c-7cceb6198eb1',","level":"info"}
{"timestamp":"2026-09-06T06:51:57.101103272Z","level":"info","message":"  method: 'POST',"}
{"message":"  route: '/api/studio/session/ping',","timestamp":"2026-09-06T06:51:57.101105642Z","level":"info"}
{"timestamp":"2026-09-06T06:51:57.101108282Z","level":"info","message":"  status: 200,"}
{"level":"info","timestamp":"2026-09-06T06:51:57.101110852Z","message":"  durationMs: 444"}
{"level":"info","timestamp":"2026-09-06T06:51:57.101113452Z","message":"}"}
{"timestamp":"2026-09-06T06:51:57.494812347Z","message":"[ops] {","level":"info"}
{"level":"info","message":"  event: 'http_request',","timestamp":"2026-09-06T06:51:57.494814797Z"}
{"message":"  ts: '2026-09-06T06:51:57.491Z',","timestamp":"2026-09-06T06:51:57.494817717Z","level":"info"}
{"level":"info","message":"  requestId: '44b78376-d7b5-4ac9-b4d8-4b1338edaa45',","timestamp":"2026-09-06T06:51:57.494821087Z"}
{"message":"  method: 'GET',","level":"info","timestamp":"2026-09-06T06:51:57.494823737Z"}
{"timestamp":"2026-09-06T06:51:57.494826237Z","message":"  route: '/api/v2/events',","level":"info"}
{"timestamp":"2026-09-06T06:51:57.494828547Z","level":"info","message":"  status: 200,"}
{"timestamp":"2026-09-06T06:51:57.494830947Z","message":"  durationMs: 571","level":"info"}
{"level":"info","message":"}","timestamp":"2026-09-06T06:51:57.494833437Z"}
{"message":"[ops] {","level":"info","timestamp":"2026-09-06T06:51:59.318168419Z"}
{"message":"  event: 'studio.command_polled',","timestamp":"2026-09-06T06:51:59.318172169Z","level":"info"}
{"timestamp":"2026-09-06T06:51:59.318175969Z","level":"info","message":"  ts: '2026-09-06T06:51:59.205Z',"}
{"timestamp":"2026-09-06T06:51:59.318179179Z","level":"info","message":"  requestId: '9e324955-d811-4caa-98ba-b2d030b1c616',"}
{"message":"  sessionId: 'DlvFpLpN0vX1CB5Fvwv9',","timestamp":"2026-09-06T06:51:59.318182959Z","level":"info"}
{"level":"info","message":"  status: 'empty'","timestamp":"2026-09-06T06:51:59.318187569Z"}
{"level":"info","message":"}","timestamp":"2026-09-06T06:51:59.318190939Z"}
{"timestamp":"2026-09-06T06:51:59.318193869Z","level":"info","message":"[ops] {"}
{"message":"  event: 'http_request',","timestamp":"2026-09-06T06:51:59.318197319Z","level":"info"}
{"message":"  ts: '2026-09-06T06:51:59.205Z',","timestamp":"2026-09-06T06:51:59.318201659Z","level":"info"}
{"message":"  requestId: '9e324955-d811-4caa-98ba-b2d030b1c616',","timestamp":"2026-09-06T06:51:59.318205139Z","level":"info"}
{"timestamp":"2026-09-06T06:51:59.318208259Z","level":"info","message":"  method: 'GET',"}
{"message":"  route: '/api/studio/mcp/commands/next',","timestamp":"2026-09-06T06:51:59.318211719Z","level":"info"}
{"message":"  status: 204,","timestamp":"2026-09-06T06:51:59.318215209Z","level":"info"}
{"message":"  durationMs: 5434","timestamp":"2026-09-06T06:51:59.318218259Z","level":"info"}
{"level":"info","timestamp":"2026-09-06T06:51:59.318221609Z","message":"}"}
{"timestamp":"2026-09-06T06:51:59.318224959Z","message":"[ops] {","level":"info"}
{"message":"  event: 'http_request',","level":"info","timestamp":"2026-09-06T06:51:59.318228959Z"}
{"timestamp":"2026-09-06T06:51:59.318232809Z","level":"info","message":"  ts: '2026-09-06T06:51:59.238Z',"}
{"level":"info","message":"  requestId: '350b3b13-50c8-4795-b3b1-24035ebca02b',","timestamp":"2026-09-06T06:51:59.318236419Z"}
{"timestamp":"2026-09-06T06:51:59.318239879Z","message":"  method: 'OPTIONS',","level":"info"}
{"timestamp":"2026-09-06T06:51:59.318243469Z","message":"  route: '/api/v2/events',","level":"info"}
{"timestamp":"2026-09-06T06:51:59.318247009Z","level":"info","message":"  status: 204,"}
{"level":"info","message":"  durationMs: 0","timestamp":"2026-09-06T06:51:59.318250559Z"}
{"level":"info","timestamp":"2026-09-06T06:51:59.318254149Z","message":"}"}
{"level":"error","timestamp":"2026-09-06T06:51:59.430099903Z","message":"[ops] {"}
{"message":"  event: 'security.app_check_rejected',","timestamp":"2026-09-06T06:51:59.430105463Z","level":"error"}
{"level":"error","message":"  ts: '2026-09-06T06:51:59.411Z',","timestamp":"2026-09-06T06:51:59.430110013Z"}
{"timestamp":"2026-09-06T06:51:59.430114973Z","message":"  reason: 'missing_token',","level":"error"}
{"message":"  mode: 'monitor',","timestamp":"2026-09-06T06:51:59.430120383Z","level":"error"}
{"message":"  route: '/api/v2/events'","timestamp":"2026-09-06T06:51:59.430125393Z","level":"error"}
{"timestamp":"2026-09-06T06:51:59.430130343Z","message":"}","level":"error"}
{"message":"[ops] {","level":"info","timestamp":"2026-09-06T06:51:59.822425237Z"}
{"timestamp":"2026-09-06T06:51:59.822427907Z","message":"  event: 'http_request',","level":"info"}
{"timestamp":"2026-09-06T06:51:59.822430327Z","level":"info","message":"  ts: '2026-09-06T06:51:59.811Z',"}
{"message":"  requestId: '5fd819ec-5102-4987-bfd1-01b8442de311',","level":"info","timestamp":"2026-09-06T06:51:59.822432927Z"}
{"level":"info","message":"  method: 'POST',","timestamp":"2026-09-06T06:51:59.822435517Z"}
{"timestamp":"2026-09-06T06:51:59.822438967Z","message":"  route: '/api/studio/mcp/session/ping',","level":"info"}
{"level":"info","timestamp":"2026-09-06T06:51:59.822441977Z","message":"  status: 200,"}
{"timestamp":"2026-09-06T06:51:59.822444777Z","message":"  durationMs: 314","level":"info"}
{"level":"info","message":"}","timestamp":"2026-09-06T06:51:59.822447487Z"}
{"message":"[ops] {","timestamp":"2026-09-06T06:51:59.911805214Z","level":"info"}
{"timestamp":"2026-09-06T06:51:59.911810114Z","level":"info","message":"  event: 'http_request',"}
{"timestamp":"2026-09-06T06:51:59.911815534Z","level":"info","message":"  ts: '2026-09-06T06:51:59.910Z',"}
{"message":"  requestId: '57c33dc2-4dce-4b5f-b8b8-912798b96d2c',","timestamp":"2026-09-06T06:51:59.911819754Z","level":"info"}
{"message":"  method: 'GET',","timestamp":"2026-09-06T06:51:59.911824123Z","level":"info"}
{"timestamp":"2026-09-06T06:51:59.911829963Z","message":"  route: '/api/v2/events',","level":"info"}
{"level":"info","message":"  status: 200,","timestamp":"2026-09-06T06:51:59.911833503Z"}
{"timestamp":"2026-09-06T06:51:59.911837213Z","message":"  durationMs: 499","level":"info"}
{"message":"}","timestamp":"2026-09-06T06:51:59.911840873Z","level":"info"}
{"message":"  durationMs: 0","level":"info","timestamp":"2026-09-06T06:52:01.742582548Z"}
{"timestamp":"2026-09-06T06:52:01.742587958Z","message":"[ops] {","level":"info"}
{"timestamp":"2026-09-06T06:52:01.742590518Z","message":"}","level":"info"}
{"level":"info","message":"[ops] {","timestamp":"2026-09-06T06:52:01.742595968Z"}
{"level":"info","message":"  event: 'http_request',","timestamp":"2026-09-06T06:52:01.742596618Z"}
{"level":"info","message":"  event: 'http_request',","timestamp":"2026-09-06T06:52:01.742600678Z"}
{"level":"info","timestamp":"2026-09-06T06:52:01.742601508Z","message":"  ts: '2026-09-06T06:52:01.741Z',"}
{"level":"info","message":"  ts: '2026-09-06T06:52:01.741Z',","timestamp":"2026-09-06T06:52:01.742605918Z"}
{"timestamp":"2026-09-06T06:52:01.742606278Z","level":"info","message":"  requestId: 'b5b4557a-063c-4f9a-9222-072674746a89',"}
{"message":"  requestId: 'a4c88b8b-5aed-458f-bb1d-1ef1b01edee0',","timestamp":"2026-09-06T06:52:01.742610698Z","level":"info"}
{"timestamp":"2026-09-06T06:52:01.742610828Z","level":"info","message":"  method: 'OPTIONS',"}
{"timestamp":"2026-09-06T06:52:01.742616258Z","message":"  method: 'OPTIONS',","level":"info"}
{"timestamp":"2026-09-06T06:52:01.742616668Z","level":"info","message":"  route: '/api/v2/events',"}
{"timestamp":"2026-09-06T06:52:01.742620568Z","message":"  status: 204,","level":"info"}
{"level":"info","timestamp":"2026-09-06T06:52:01.742620808Z","message":"  route: '/api/v2/agents/active',"}
{"timestamp":"2026-09-06T06:52:01.742624408Z","message":"  status: 204,","level":"info"}
{"message":"  durationMs: 0","timestamp":"2026-09-06T06:52:01.742627858Z","level":"info"}
{"timestamp":"2026-09-06T06:52:01.742631328Z","level":"info","message":"}"}
{"level":"error","message":"[ops] {","timestamp":"2026-09-06T06:52:01.927143553Z"}
{"message":"  event: 'security.app_check_rejected',","timestamp":"2026-09-06T06:52:01.927152633Z","level":"error"}
{"timestamp":"2026-09-06T06:52:01.927157963Z","message":"  ts: '2026-09-06T06:52:01.918Z',","level":"error"}
{"timestamp":"2026-09-06T06:52:01.927161633Z","level":"error","message":"  reason: 'missing_token',"}
{"level":"error","message":"  mode: 'monitor',","timestamp":"2026-09-06T06:52:01.927166903Z"}
{"level":"error","timestamp":"2026-09-06T06:52:01.927172003Z","message":"  route: '/api/v2/agents/active'"}
{"timestamp":"2026-09-06T06:52:01.927177443Z","message":"}","level":"error"}
{"timestamp":"2026-09-06T06:52:01.927182503Z","level":"error","message":"[ops] {"}
{"timestamp":"2026-09-06T06:52:01.927186913Z","message":"  event: 'security.app_check_rejected',","level":"error"}
{"message":"  ts: '2026-09-06T06:52:01.924Z',","timestamp":"2026-09-06T06:52:01.927190833Z","level":"error"}
{"level":"error","message":"  reason: 'missing_token',","timestamp":"2026-09-06T06:52:01.927194783Z"}
{"message":"  mode: 'monitor',","timestamp":"2026-09-06T06:52:01.927198523Z","level":"error"}
{"message":"  route: '/api/v2/events'","level":"error","timestamp":"2026-09-06T06:52:01.927202333Z"}
{"level":"error","message":"}","timestamp":"2026-09-06T06:52:01.927206893Z"}
{"timestamp":"2026-09-06T06:52:01.996897683Z","message":"[ops] {","level":"info"}
{"timestamp":"2026-09-06T06:52:01.996900983Z","message":"  event: 'http_request',","level":"info"}
{"message":"  ts: '2026-09-06T06:52:01.984Z',","level":"info","timestamp":"2026-09-06T06:52:01.996903933Z"}
{"message":"  requestId: '0c9e7159-1c17-4279-ac39-4d3142de3b6a',","timestamp":"2026-09-06T06:52:01.996907333Z","level":"info"}
{"message":"  method: 'GET',","timestamp":"2026-09-06T06:52:01.996911293Z","level":"info"}
{"level":"info","message":"  route: '/api/v2/agents/active',","timestamp":"2026-09-06T06:52:01.996913943Z"}
{"timestamp":"2026-09-06T06:52:01.996916523Z","message":"  status: 200,","level":"info"}
{"level":"info","message":"  durationMs: 66","timestamp":"2026-09-06T06:52:01.996920743Z"}
{"timestamp":"2026-09-06T06:52:01.996923283Z","level":"info","message":"}"}
{"message":"  method: 'GET',","level":"info","timestamp":"2026-09-06T06:52:02.477525130Z"}
{"timestamp":"2026-09-06T06:52:02.477531040Z","message":"  route: '/api/v2/events',","level":"info"}
{"message":"  status: 200,","timestamp":"2026-09-06T06:52:02.477535310Z","level":"info"}
{"timestamp":"2026-09-06T06:52:02.477539260Z","level":"info","message":"  durationMs: 529"}
{"timestamp":"2026-09-06T06:52:02.477543060Z","message":"}","level":"info"}
{"message":"[ops] {","timestamp":"2026-09-06T06:52:02.477571330Z","level":"info"}
{"timestamp":"2026-09-06T06:52:02.477578400Z","level":"info","message":"  event: 'http_request',"}
{"message":"  ts: '2026-09-06T06:52:02.453Z',","timestamp":"2026-09-06T06:52:02.477582930Z","level":"info"}
{"level":"info","timestamp":"2026-09-06T06:52:02.477587210Z","message":"  requestId: 'aefb09ea-c6d5-485c-8a8b-5b0e4adeaebf',"}
{"message":"[ops] {","timestamp":"2026-09-06T06:52:04.496875515Z","level":"info"}
{"message":"  event: 'http_request',","level":"info","timestamp":"2026-09-06T06:52:04.496879615Z"}
{"message":"  ts: '2026-09-06T06:52:04.259Z',","timestamp":"2026-09-06T06:52:04.496883025Z","level":"info"}
{"level":"info","timestamp":"2026-09-06T06:52:04.496886525Z","message":"  requestId: '08b8a92f-ee15-49db-845a-0d7802f08816',"}
{"timestamp":"2026-09-06T06:52:04.496890175Z","level":"info","message":"  method: 'OPTIONS',"}
{"message":"  route: '/api/v2/events',","level":"info","timestamp":"2026-09-06T06:52:04.496893735Z"}
{"message":"  status: 204,","timestamp":"2026-09-06T06:52:04.496896945Z","level":"info"}
{"timestamp":"2026-09-06T06:52:04.496900305Z","message":"  durationMs: 0","level":"info"}
{"message":"}","level":"info","timestamp":"2026-09-06T06:52:04.496903895Z"}
{"level":"error","message":"[ops] {","timestamp":"2026-09-06T06:52:04.516986608Z"}
{"message":"  event: 'security.app_check_rejected',","timestamp":"2026-09-06T06:52:04.516990768Z","level":"error"}
{"message":"  ts: '2026-09-06T06:52:04.512Z',","timestamp":"2026-09-06T06:52:04.516994818Z","level":"error"}
{"message":"  reason: 'missing_token',","timestamp":"2026-09-06T06:52:04.516998278Z","level":"error"}
{"message":"  mode: 'monitor',","timestamp":"2026-09-06T06:52:04.517001398Z","level":"error"}
{"timestamp":"2026-09-06T06:52:04.517004368Z","message":"  route: '/api/v2/events'","level":"error"}
{"timestamp":"2026-09-06T06:52:04.517007058Z","level":"error","message":"}"}
{"message":"[ops] {","timestamp":"2026-09-06T06:52:04.527791330Z","level":"info"}
{"message":"  event: 'studio.command_polled',","timestamp":"2026-09-06T06:52:04.527801110Z","level":"info"}
{"timestamp":"2026-09-06T06:52:04.527805370Z","level":"info","message":"  ts: '2026-09-06T06:52:04.525Z',"}
{"message":"  requestId: '8efe515d-83d5-4de0-848b-c9328812bc05',","level":"info","timestamp":"2026-09-06T06:52:04.527809280Z"}
{"message":"  sessionId: 'Iog4rWn0F2wcGR9xp3Jq',","timestamp":"2026-09-06T06:52:04.527813910Z","level":"info"}
{"message":"  status: 'empty'","timestamp":"2026-09-06T06:52:04.527818170Z","level":"info"}
{"level":"info","message":"}","timestamp":"2026-09-06T06:52:04.527821330Z"}
{"level":"info","message":"[ops] {","timestamp":"2026-09-06T06:52:04.527824320Z"}
{"timestamp":"2026-09-06T06:52:04.527828770Z","message":"  event: 'http_request',","level":"info"}
{"timestamp":"2026-09-06T06:52:04.527834540Z","level":"info","message":"  ts: '2026-09-06T06:52:04.525Z',"}
{"level":"info","message":"  requestId: '8efe515d-83d5-4de0-848b-c9328812bc05',","timestamp":"2026-09-06T06:52:04.527839090Z"}
{"level":"info","message":"  method: 'GET',","timestamp":"2026-09-06T06:52:04.527843410Z"}
{"level":"info","message":"  route: '/api/studio/commands/next',","timestamp":"2026-09-06T06:52:04.527847920Z"}
{"timestamp":"2026-09-06T06:52:04.527856120Z","level":"info","message":"  status: 204,"}
{"timestamp":"2026-09-06T06:52:04.527860290Z","level":"info","message":"  durationMs: 24354"}
{"message":"}","timestamp":"2026-09-06T06:52:04.527864700Z","level":"info"}
{"message":"[ops] {","timestamp":"2026-09-06T06:52:05.051096287Z","level":"info"}
{"message":"  event: 'http_request',","timestamp":"2026-09-06T06:52:05.051099567Z","level":"info"}
{"level":"info","timestamp":"2026-09-06T06:52:05.051103027Z","message":"  ts: '2026-09-06T06:52:05.025Z',"}
{"message":"  requestId: 'a7bbf18d-9a76-4498-be49-96273c504f39',","level":"info","timestamp":"2026-09-06T06:52:05.051108237Z"}
{"timestamp":"2026-09-06T06:52:05.051111727Z","level":"info","message":"  method: 'GET',"}
{"level":"info","message":"  route: '/api/v2/events',","timestamp":"2026-09-06T06:52:05.051114727Z"}
{"message":"  status: 200,","timestamp":"2026-09-06T06:52:05.051118067Z","level":"info"}
{"message":"  durationMs: 513","timestamp":"2026-09-06T06:52:05.051124987Z","level":"info"}
{"timestamp":"2026-09-06T06:52:05.051128027Z","message":"}","level":"info"}
{"level":"info","timestamp":"2026-09-06T06:52:06.049428567Z","message":"[ops] {"}
{"timestamp":"2026-09-06T06:52:06.049438096Z","message":"  event: 'studio.command_polled',","level":"info"}
{"level":"info","message":"  ts: '2026-09-06T06:52:06.032Z',","timestamp":"2026-09-06T06:52:06.049445106Z"}
{"level":"info","message":"  requestId: 'bf0a70b0-c00f-42d7-ac34-586a863b876f',","timestamp":"2026-09-06T06:52:06.049449726Z"}
{"level":"info","message":"  sessionId: 'MLq8J3mhz56J6BRsAeQe',","timestamp":"2026-09-06T06:52:06.049453766Z"}
{"message":"  status: 'empty'","level":"info","timestamp":"2026-09-06T06:52:06.049458196Z"}
{"level":"info","timestamp":"2026-09-06T06:52:06.049462786Z","message":"}"}
{"level":"info","message":"[ops] {","timestamp":"2026-09-06T06:52:06.049467086Z"}
{"timestamp":"2026-09-06T06:52:06.049471526Z","level":"info","message":"  event: 'http_request',"}
{"level":"info","message":"  ts: '2026-09-06T06:52:06.032Z',","timestamp":"2026-09-06T06:52:06.049475796Z"}
{"timestamp":"2026-09-06T06:52:06.049479456Z","level":"info","message":"  requestId: 'bf0a70b0-c00f-42d7-ac34-586a863b876f',"}
{"message":"  method: 'GET',","level":"info","timestamp":"2026-09-06T06:52:06.049484286Z"}
{"timestamp":"2026-09-06T06:52:06.049488086Z","message":"  route: '/api/studio/commands/next',","level":"info"}
{"message":"  status: 204,","timestamp":"2026-09-06T06:52:06.049492646Z","level":"info"}
{"timestamp":"2026-09-06T06:52:06.049496756Z","message":"  durationMs: 24339","level":"info"}
{"timestamp":"2026-09-06T06:52:06.049501566Z","level":"info","message":"}"}
{"timestamp":"2026-09-06T06:52:06.548597306Z","message":"  method: 'POST',","level":"info"}
{"message":"  method: 'OPTIONS',","timestamp":"2026-09-06T06:52:06.548597646Z","level":"info"}
{"timestamp":"2026-09-06T06:52:06.548603586Z","message":"  route: '/api/studio/mcp/session/ping',","level":"info"}
{"message":"  route: '/api/studio/mcp/status',","timestamp":"2026-09-06T06:52:06.548604966Z","level":"info"}
{"level":"info","timestamp":"2026-09-06T06:52:06.548608136Z","message":"  status: 200,"}
{"timestamp":"2026-09-06T06:52:06.548609606Z","message":"  status: 204,","level":"info"}
{"timestamp":"2026-09-06T06:52:06.548611616Z","message":"  durationMs: 278","level":"info"}
{"level":"info","message":"  durationMs: 0","timestamp":"2026-09-06T06:52:06.548613846Z"}
{"message":"}","timestamp":"2026-09-06T06:52:06.548615336Z","level":"info"}
{"message":"}","timestamp":"2026-09-06T06:52:06.548617996Z","level":"info"}
{"timestamp":"2026-09-06T06:52:06.548618816Z","message":"[ops] {","level":"info"}
{"level":"info","message":"  event: 'http_request',","timestamp":"2026-09-06T06:52:06.548622666Z"}
{"timestamp":"2026-09-06T06:52:06.548625846Z","message":"  ts: '2026-09-06T06:52:06.514Z',","level":"info"}
{"level":"info","message":"  requestId: 'f2ba9cd9-857e-4303-9d50-48e338f767ea',","timestamp":"2026-09-06T06:52:06.548628646Z"}
{"message":"  method: 'OPTIONS',","level":"info","timestamp":"2026-09-06T06:52:06.548631446Z"}
{"timestamp":"2026-09-06T06:52:06.548634526Z","level":"info","message":"  route: '/api/studio/status',"}
{"timestamp":"2026-09-06T06:52:06.548638226Z","level":"info","message":"[ops] {"}
{"message":"  event: 'http_request',","timestamp":"2026-09-06T06:52:06.548641656Z","level":"info"}
{"level":"info","timestamp":"2026-09-06T06:52:06.548645186Z","message":"  ts: '2026-09-06T06:52:06.457Z',"}
{"message":"  requestId: '5d558598-0f87-40b5-95a3-d0166aa70ec2',","level":"info","timestamp":"2026-09-06T06:52:06.548648256Z"}
{"level":"info","timestamp":"2026-09-06T06:52:06.548659406Z","message":"  status: 204,"}
{"timestamp":"2026-09-06T06:52:06.548662506Z","level":"info","message":"  durationMs: 0"}
{"message":"}","timestamp":"2026-09-06T06:52:06.548665836Z","level":"info"}
{"level":"info","timestamp":"2026-09-06T06:52:06.548668496Z","message":"[ops] {"}
{"timestamp":"2026-09-06T06:52:06.548671586Z","message":"  event: 'http_request',","level":"info"}
{"message":"  ts: '2026-09-06T06:52:06.515Z',","timestamp":"2026-09-06T06:52:06.548678126Z","level":"info"}
{"message":"  requestId: 'dd655875-e088-4476-bb12-7077553618ee',","timestamp":"2026-09-06T06:52:06.548680896Z","level":"info"}
{"message":"[ops] {","level":"error","timestamp":"2026-09-06T06:52:06.683457695Z"}
{"level":"error","message":"  event: 'security.app_check_rejected',","timestamp":"2026-09-06T06:52:06.683464105Z"}
{"timestamp":"2026-09-06T06:52:06.683468865Z","message":"  ts: '2026-09-06T06:52:06.677Z',","level":"error"}
{"level":"error","timestamp":"2026-09-06T06:52:06.683474275Z","message":"  reason: 'missing_token',"}
{"timestamp":"2026-09-06T06:52:06.683478265Z","message":"  mode: 'monitor',","level":"error"}
{"message":"  route: '/api/studio/status'","timestamp":"2026-09-06T06:52:06.683481995Z","level":"error"}
{"level":"error","timestamp":"2026-09-06T06:52:06.683486015Z","message":"}"}
{"level":"error","message":"[ops] {","timestamp":"2026-09-06T06:52:06.683489825Z"}
{"level":"error","message":"  event: 'security.app_check_rejected',","timestamp":"2026-09-06T06:52:06.683493415Z"}
{"timestamp":"2026-09-06T06:52:06.683497255Z","message":"  ts: '2026-09-06T06:52:06.678Z',","level":"error"}
{"timestamp":"2026-09-06T06:52:06.683501825Z","level":"error","message":"  reason: 'missing_token',"}
{"message":"  mode: 'monitor',","timestamp":"2026-09-06T06:52:06.683505915Z","level":"error"}
{"level":"error","timestamp":"2026-09-06T06:52:06.683509965Z","message":"  route: '/api/studio/mcp/status'"}
{"timestamp":"2026-09-06T06:52:06.683513445Z","message":"}","level":"error"}
{"message":"[ops] {","timestamp":"2026-09-06T06:52:06.757807215Z","level":"info"}
{"timestamp":"2026-09-06T06:52:06.757814365Z","level":"info","message":"  event: 'http_request',"}
{"level":"info","timestamp":"2026-09-06T06:52:06.757818245Z","message":"  ts: '2026-09-06T06:52:06.741Z',"}
{"level":"info","message":"  requestId: '160cc7d2-a6d2-4649-83cb-c15be5319c80',","timestamp":"2026-09-06T06:52:06.757822255Z"}
{"message":"  method: 'OPTIONS',","timestamp":"2026-09-06T06:52:06.757825835Z","level":"info"}
{"timestamp":"2026-09-06T06:52:06.757829255Z","level":"info","message":"  route: '/api/v2/events',"}
{"level":"info","message":"  status: 204,","timestamp":"2026-09-06T06:52:06.757831955Z"}
{"timestamp":"2026-09-06T06:52:06.757834515Z","message":"  durationMs: 0","level":"info"}
{"level":"info","message":"}","timestamp":"2026-09-06T06:52:06.757838085Z"}
{"message":"[ops] {","timestamp":"2026-09-06T06:52:06.924433514Z","level":"error"}
{"level":"error","message":"  event: 'security.app_check_rejected',","timestamp":"2026-09-06T06:52:06.924438064Z"}
{"message":"  ts: '2026-09-06T06:52:06.918Z',","timestamp":"2026-09-06T06:52:06.924440944Z","level":"error"}
{"timestamp":"2026-09-06T06:52:06.924444173Z","level":"error","message":"  reason: 'missing_token',"}
{"message":"  mode: 'monitor',","timestamp":"2026-09-06T06:52:06.924446813Z","level":"error"}
{"message":"  route: '/api/v2/events'","timestamp":"2026-09-06T06:52:06.924449653Z","level":"error"}
{"timestamp":"2026-09-06T06:52:06.924452483Z","level":"error","message":"}"}
{"level":"info","message":"[ops] {","timestamp":"2026-09-06T06:52:07.050355209Z"}
{"timestamp":"2026-09-06T06:52:07.050367169Z","level":"info","message":"  event: 'http_request',"}
{"timestamp":"2026-09-06T06:52:07.050374399Z","level":"info","message":"  ts: '2026-09-06T06:52:07.031Z',"}
{"timestamp":"2026-09-06T06:52:07.050380289Z","level":"info","message":"  requestId: 'c2ff46a7-0760-4600-81b9-d7491427e803',"}
{"level":"info","timestamp":"2026-09-06T06:52:07.050385519Z","message":"  method: 'GET',"}
{"level":"info","timestamp":"2026-09-06T06:52:07.050390419Z","message":"  route: '/api/studio/mcp/status',"}
{"message":"  status: 200,","timestamp":"2026-09-06T06:52:07.050394449Z","level":"info"}
{"message":"  durationMs: 353","level":"info","timestamp":"2026-09-06T06:52:07.050398709Z"}
{"message":"}","level":"info","timestamp":"2026-09-06T06:52:07.050403309Z"}
{"level":"info","message":"[ops] {","timestamp":"2026-09-06T06:52:07.241186994Z"}
{"message":"  event: 'http_request',","level":"info","timestamp":"2026-09-06T06:52:07.241196734Z"}
{"timestamp":"2026-09-06T06:52:07.241201394Z","level":"info","message":"  ts: '2026-09-06T06:52:07.217Z',"}
{"timestamp":"2026-09-06T06:52:07.241205924Z","message":"  requestId: '44df4447-c0a0-42cc-8d21-98cf37e32be1',","level":"info"}
{"timestamp":"2026-09-06T06:52:07.241209654Z","level":"info","message":"  method: 'GET',"}
{"level":"info","timestamp":"2026-09-06T06:52:07.241213804Z","message":"  route: '/api/studio/status',"}
{"level":"info","message":"  status: 200,","timestamp":"2026-09-06T06:52:07.241217064Z"}
{"timestamp":"2026-09-06T06:52:07.241222854Z","message":"  durationMs: 539","level":"info"}
{"message":"}","timestamp":"2026-09-06T06:52:07.241226404Z","level":"info"}
{"message":"[ops] {","level":"info","timestamp":"2026-09-06T06:52:07.589588396Z"}
{"message":"  event: 'studio.command_polled',","level":"info","timestamp":"2026-09-06T06:52:07.589591056Z"}
{"message":"  ts: '2026-09-06T06:52:07.500Z',","timestamp":"2026-09-06T06:52:07.589593456Z","level":"info"}
{"message":"  requestId: 'bd949dd4-d64a-4f46-881a-4ca62432dc10',","timestamp":"2026-09-06T06:52:07.589596516Z","level":"info"}
{"timestamp":"2026-09-06T06:52:07.589598876Z","message":"  sessionId: 'DlvFpLpN0vX1CB5Fvwv9',","level":"info"}
{"message":"  status: 'empty'","level":"info","timestamp":"2026-09-06T06:52:07.589601506Z"}
{"timestamp":"2026-09-06T06:52:07.589603916Z","message":"}","level":"info"}
{"timestamp":"2026-09-06T06:52:07.589606146Z","level":"info","message":"[ops] {"}
{"timestamp":"2026-09-06T06:52:07.589608806Z","level":"info","message":"  event: 'http_request',"}
{"timestamp":"2026-09-06T06:52:07.589611216Z","level":"info","message":"  ts: '2026-09-06T06:52:07.500Z',"}
{"timestamp":"2026-09-06T06:52:07.589613546Z","message":"  requestId: 'bd949dd4-d64a-4f46-881a-4ca62432dc10',","level":"info"}
{"message":"  method: 'GET',","level":"info","timestamp":"2026-09-06T06:52:07.589615696Z"}
{"message":"  route: '/api/studio/mcp/commands/next',","timestamp":"2026-09-06T06:52:07.589618226Z","level":"info"}
{"timestamp":"2026-09-06T06:52:07.589620986Z","message":"  status: 204,","level":"info"}
{"timestamp":"2026-09-06T06:52:07.589632916Z","message":"  durationMs: 5460","level":"info"}
{"message":"}","level":"info","timestamp":"2026-09-06T06:52:07.589635875Z"}
{"message":"[ops] {","timestamp":"2026-09-06T06:52:07.589638595Z","level":"info"}
{"message":"  event: 'http_request',","level":"info","timestamp":"2026-09-06T06:52:07.589641665Z"}
{"message":"  ts: '2026-09-06T06:52:07.507Z',","timestamp":"2026-09-06T06:52:07.589644245Z","level":"info"}
{"timestamp":"2026-09-06T06:52:07.589646835Z","level":"info","message":"  requestId: 'd7a90a95-c768-4880-94ad-6c8721bc0bd7',"}
{"timestamp":"2026-09-06T06:52:07.589649365Z","level":"info","message":"  method: 'GET',"}
{"timestamp":"2026-09-06T06:52:07.589651715Z","message":"  route: '/api/v2/events',","level":"info"}
{"level":"info","timestamp":"2026-09-06T06:52:07.589654145Z","message":"  status: 200,"}
{"timestamp":"2026-09-06T06:52:07.589656325Z","level":"info","message":"  durationMs: 589"}
{"message":"}","level":"info","timestamp":"2026-09-06T06:52:07.589658995Z"}
{"timestamp":"2026-09-06T06:52:08.125573723Z","level":"info","message":"  status: 200,"}
{"timestamp":"2026-09-06T06:52:08.125582973Z","message":"  durationMs: 291","level":"info"}
{"level":"info","message":"[ops] {","timestamp":"2026-09-06T06:52:08.125583143Z"}
{"message":"  event: 'http_request',","level":"info","timestamp":"2026-09-06T06:52:08.125586383Z"}
{"timestamp":"2026-09-06T06:52:08.125588263Z","level":"info","message":"}"}
{"message":"  ts: '2026-09-06T06:52:08.093Z',","timestamp":"2026-09-06T06:52:08.125591423Z","level":"info"}
{"timestamp":"2026-09-06T06:52:08.125594663Z","level":"info","message":"  requestId: 'd39c0857-c15f-41a8-8434-91216629e871',"}
{"message":"  method: 'POST',","timestamp":"2026-09-06T06:52:08.125597263Z","level":"info"}
{"level":"info","message":"  route: '/api/studio/mcp/session/ping',","timestamp":"2026-09-06T06:52:08.125599763Z"}
{"level":"info","timestamp":"2026-09-06T06:52:09.253012137Z","message":"[ops] {"}
{"timestamp":"2026-09-06T06:52:09.253023837Z","message":"  event: 'http_request',","level":"info"}
{"message":"  ts: '2026-09-06T06:52:09.246Z',","level":"info","timestamp":"2026-09-06T06:52:09.253029617Z"}
{"message":"  requestId: '028148c5-5330-4765-bfce-5a896fb4f80e',","timestamp":"2026-09-06T06:52:09.253037337Z","level":"info"}
{"level":"info","timestamp":"2026-09-06T06:52:09.253041987Z","message":"  method: 'OPTIONS',"}
{"timestamp":"2026-09-06T06:52:09.253047197Z","message":"  route: '/api/v2/events',","level":"info"}
{"message":"  status: 204,","timestamp":"2026-09-06T06:52:09.253051077Z","level":"info"}
{"level":"info","message":"  durationMs: 1","timestamp":"2026-09-06T06:52:09.253054977Z"}
{"level":"info","message":"}","timestamp":"2026-09-06T06:52:09.253059227Z"}
{"timestamp":"2026-09-06T06:52:09.410099926Z","level":"info","message":"[ops] {"}
{"timestamp":"2026-09-06T06:52:09.410104576Z","level":"info","message":"  event: 'studio.plugin_compatibility_handshake',"}
{"timestamp":"2026-09-06T06:52:09.410107446Z","level":"info","message":"  ts: '2026-09-06T06:52:09.400Z',"}
{"message":"  requestId: 'd28a8025-7526-4065-b0ef-d42234be93af',","timestamp":"2026-09-06T06:52:09.410110456Z","level":"info"}
{"message":"  sessionId: 'MLq8J3mhz56J6BRsAeQe',","timestamp":"2026-09-06T06:52:09.410113236Z","level":"info"}
{"timestamp":"2026-09-06T06:52:09.410116056Z","level":"info","message":"  userId: '0VSQotqOXxPXBLeQu1gUNkXELWH3',"}
{"message":"  status: 'compatible',","level":"info","timestamp":"2026-09-06T06:52:09.410119146Z"}
{"level":"info","timestamp":"2026-09-06T06:52:09.410122366Z","message":"  reasonCodes: [],"}
{"timestamp":"2026-09-06T06:52:09.410124876Z","level":"info","message":"  buildId: 'nexusrbx-studio-0.14.0-r15-animation.12-toolbox',"}
{"timestamp":"2026-09-06T06:52:09.410128346Z","level":"info","message":"  attestationWritten: false,"}
{"level":"info","message":"  repairDurationMs: 414","timestamp":"2026-09-06T06:52:09.410130646Z"}
{"message":"}","timestamp":"2026-09-06T06:52:09.410132906Z","level":"info"}
{"message":"[ops] {","level":"info","timestamp":"2026-09-06T06:52:09.410135576Z"}
{"message":"  event: 'http_request',","level":"info","timestamp":"2026-09-06T06:52:09.410138446Z"}
{"timestamp":"2026-09-06T06:52:09.410141785Z","level":"info","message":"  ts: '2026-09-06T06:52:09.401Z',"}
{"level":"info","message":"  requestId: 'd28a8025-7526-4065-b0ef-d42234be93af',","timestamp":"2026-09-06T06:52:09.410144085Z"}
{"timestamp":"2026-09-06T06:52:09.410146565Z","message":"  method: 'POST',","level":"info"}
{"timestamp":"2026-09-06T06:52:09.410149355Z","message":"  route: '/api/studio/session/ping',","level":"info"}
{"message":"  status: 200,","level":"info","timestamp":"2026-09-06T06:52:09.410152065Z"}
{"timestamp":"2026-09-06T06:52:09.410154835Z","message":"  durationMs: 467","level":"info"}
{"timestamp":"2026-09-06T06:52:09.410157235Z","level":"info","message":"}"}
{"message":"[ops] {","timestamp":"2026-09-06T06:52:09.420230482Z","level":"error"}
{"timestamp":"2026-09-06T06:52:09.420235372Z","level":"error","message":"  event: 'security.app_check_rejected',"}
{"timestamp":"2026-09-06T06:52:09.420238442Z","level":"error","message":"  ts: '2026-09-06T06:52:09.409Z',"}
{"message":"  reason: 'missing_token',","level":"error","timestamp":"2026-09-06T06:52:09.420241222Z"}
{"timestamp":"2026-09-06T06:52:09.420244282Z","level":"error","message":"  mode: 'monitor',"}
{"message":"  route: '/api/v2/events'","timestamp":"2026-09-06T06:52:09.420247302Z","level":"error"}
{"message":"}","level":"error","timestamp":"2026-09-06T06:52:09.420250422Z"}
{"timestamp":"2026-09-06T06:52:09.930446792Z","level":"info","message":"[ops] {"}
{"timestamp":"2026-09-06T06:52:09.930452172Z","level":"info","message":"  event: 'http_request',"}
{"message":"  ts: '2026-09-06T06:52:09.912Z',","timestamp":"2026-09-06T06:52:09.930455702Z","level":"info"}
{"message":"  requestId: '5cc1b5de-8502-4fbf-9d66-b96b79dac2e6',","timestamp":"2026-09-06T06:52:09.930458571Z","level":"info"}
{"level":"info","timestamp":"2026-09-06T06:52:09.930462151Z","message":"  method: 'GET',"}
{"level":"info","message":"  route: '/api/v2/events',","timestamp":"2026-09-06T06:52:09.930465451Z"}
{"timestamp":"2026-09-06T06:52:09.930467831Z","level":"info","message":"  status: 200,"}
{"message":"  durationMs: 503","level":"info","timestamp":"2026-09-06T06:52:09.930470761Z"}
{"timestamp":"2026-09-06T06:52:09.930473311Z","level":"info","message":"}"}
{"timestamp":"2026-09-06T06:52:11.800020102Z","level":"info","message":"[ops] {"}
{"level":"info","timestamp":"2026-09-06T06:52:11.800023072Z","message":"  event: 'http_request',"}
{"timestamp":"2026-09-06T06:52:11.800025652Z","level":"info","message":"  ts: '2026-09-06T06:52:11.746Z',"}
{"level":"info","message":"  requestId: '0333372e-9d00-4e2b-9c06-94da73cff96c',","timestamp":"2026-09-06T06:52:11.800028282Z"}
{"timestamp":"2026-09-06T06:52:11.800031342Z","message":"  method: 'OPTIONS',","level":"info"}
{"timestamp":"2026-09-06T06:52:11.800033862Z","message":"  route: '/api/v2/agents/active',","level":"info"}
{"level":"info","timestamp":"2026-09-06T06:52:11.800036692Z","message":"  status: 204,"}
{"level":"info","message":"  durationMs: 1","timestamp":"2026-09-06T06:52:11.800039502Z"}
{"timestamp":"2026-09-06T06:52:11.800042192Z","level":"info","message":"}"}
{"timestamp":"2026-09-06T06:52:11.800044792Z","message":"[ops] {","level":"info"}
{"level":"info","timestamp":"2026-09-06T06:52:11.800047312Z","message":"  event: 'http_request',"}
{"message":"  ts: '2026-09-06T06:52:11.747Z',","timestamp":"2026-09-06T06:52:11.800049962Z","level":"info"}
{"timestamp":"2026-09-06T06:52:11.800052482Z","message":"  requestId: '709ed27d-7b80-4241-a5ff-73c968da6255',","level":"info"}
{"timestamp":"2026-09-06T06:52:11.800054712Z","message":"  method: 'OPTIONS',","level":"info"}
{"level":"info","message":"  route: '/api/v2/events',","timestamp":"2026-09-06T06:52:11.800057112Z"}
{"timestamp":"2026-09-06T06:52:11.800059532Z","level":"info","message":"  status: 204,"}
{"timestamp":"2026-09-06T06:52:11.800062012Z","message":"  durationMs: 0","level":"info"}
{"message":"}","timestamp":"2026-09-06T06:52:11.800064462Z","level":"info"}
{"message":"[ops] {","timestamp":"2026-09-06T06:52:11.914005483Z","level":"error"}
{"message":"  event: 'security.app_check_rejected',","timestamp":"2026-09-06T06:52:11.914013393Z","level":"error"}
{"level":"error","timestamp":"2026-09-06T06:52:11.914017923Z","message":"  ts: '2026-09-06T06:52:11.912Z',"}
{"timestamp":"2026-09-06T06:52:11.914022193Z","level":"error","message":"  reason: 'missing_token',"}
{"message":"  mode: 'monitor',","level":"error","timestamp":"2026-09-06T06:52:11.914026313Z"}
{"level":"error","timestamp":"2026-09-06T06:52:11.914030813Z","message":"  route: '/api/v2/agents/active'"}
{"message":"}","timestamp":"2026-09-06T06:52:11.914048292Z","level":"error"}
{"level":"error","message":"[ops] {","timestamp":"2026-09-06T06:52:11.918230376Z"}
{"timestamp":"2026-09-06T06:52:11.918240205Z","level":"error","message":"  event: 'security.app_check_rejected',"}
{"message":"  ts: '2026-09-06T06:52:11.915Z',","timestamp":"2026-09-06T06:52:11.918244245Z","level":"error"}
{"message":"  reason: 'missing_token',","timestamp":"2026-09-06T06:52:11.918247435Z","level":"error"}
{"timestamp":"2026-09-06T06:52:11.918250885Z","level":"error","message":"  mode: 'monitor',"}
{"message":"  route: '/api/v2/events'","level":"error","timestamp":"2026-09-06T06:52:11.918253865Z"}
{"message":"}","timestamp":"2026-09-06T06:52:11.918257175Z","level":"error"}
{"message":"  event: 'http_request',","timestamp":"2026-09-06T06:52:11.973152678Z","level":"info"}
{"timestamp":"2026-09-06T06:52:11.973157778Z","message":"  ts: '2026-09-06T06:52:11.965Z',","level":"info"}
{"timestamp":"2026-09-06T06:52:11.973161918Z","level":"info","message":"  requestId: '167e4ef0-4cfa-4003-9d6e-df7920c50a7b',"}
{"message":"  method: 'GET',","timestamp":"2026-09-06T06:52:11.973166288Z","level":"info"}
{"level":"info","message":"  route: '/api/v2/agents/active',","timestamp":"2026-09-06T06:52:11.973170888Z"}
{"level":"info","message":"  status: 200,","timestamp":"2026-09-06T06:52:11.973175038Z"}
{"message":"}","level":"info","timestamp":"2026-09-06T06:52:11.973184778Z"}
{"message":"","type":"firestore_write_metric","counter":"studio_session","ts":1788677532731,"timestamp":"2026-09-06T06:52:12.743951875Z","total":12,"jobId":null,"sessionId":"Iog4rWn0F2wcGR9xp3Jq","level":"info","writesPerStudioSessionHour":9,"count":1}
{"message":"[ops] {","timestamp":"2026-09-06T06:52:12.746089260Z","level":"info"}
{"timestamp":"2026-09-06T06:52:12.746093910Z","message":"  event: 'http_request',","level":"info"}
{"level":"info","message":"  ts: '2026-09-06T06:52:12.745Z',","timestamp":"2026-09-06T06:52:12.746096900Z"}
{"level":"info","timestamp":"2026-09-06T06:52:12.746099840Z","message":"  requestId: 'c723fd93-6dcd-4646-8003-f88ff05ef284',"}
{"timestamp":"2026-09-06T06:52:12.746102790Z","level":"info","message":"  method: 'GET',"}
{"level":"info","message":"  status: 200,","timestamp":"2026-09-06T06:52:12.746108520Z"}
{"timestamp":"2026-09-06T06:52:12.746114550Z","message":"}","level":"info"}
{"timestamp":"2026-09-06T06:52:12.758322953Z","message":"  ts: '2026-09-06T06:52:12.756Z',","level":"info"}
{"message":"[ops] {","level":"info","timestamp":"2026-09-06T06:52:12.758326863Z"}
{"message":"  event: 'studio.plugin_compatibility_handshake',","timestamp":"2026-09-06T06:52:12.758330013Z","level":"info"}
{"timestamp":"2026-09-06T06:52:12.758333223Z","message":"  ts: '2026-09-06T06:52:12.756Z',","level":"info"}
{"timestamp":"2026-09-06T06:52:12.758336243Z","message":"  requestId: 'a64caae6-81f8-49f7-9164-e6e23949b564',","level":"info"}
{"level":"info","message":"  method: 'POST',","timestamp":"2026-09-06T06:52:12.758336313Z"}
{"message":"  sessionId: 'Iog4rWn0F2wcGR9xp3Jq',","timestamp":"2026-09-06T06:52:12.758339503Z","level":"info"}
{"level":"info","message":"  route: '/api/studio/session/ping',","timestamp":"2026-09-06T06:52:12.758340743Z"}
{"message":"  userId: 'klu6Sv5QeEgYWlHjsgQwMkZCvsb2',","timestamp":"2026-09-06T06:52:12.758343583Z","level":"info"}
{"timestamp":"2026-09-06T06:52:12.758346343Z","level":"info","message":"  status: 200,"}
{"message":"  status: 'degraded',","timestamp":"2026-09-06T06:52:12.758346823Z","level":"info"}
{"message":"  durationMs: 428","level":"info","timestamp":"2026-09-06T06:52:12.758350303Z"}
{"message":"  reasonCodes: [ 'command_unavailable' ],","timestamp":"2026-09-06T06:52:12.758350653Z","level":"info"}
{"level":"info","message":"}","timestamp":"2026-09-06T06:52:12.758353453Z"}
{"message":"  buildId: 'nexusrbx-studio-0.14.0-r15-animation.10-native-value-normalization',","timestamp":"2026-09-06T06:52:12.758354453Z","level":"info"}
{"message":"  attestationWritten: false,","timestamp":"2026-09-06T06:52:12.758356833Z","level":"info"}
{"timestamp":"2026-09-06T06:52:12.758359543Z","level":"info","message":"  repairDurationMs: 372"}
{"message":"[ops] {","timestamp":"2026-09-06T06:52:12.758365483Z","level":"info"}
{"timestamp":"2026-09-06T06:52:12.758368113Z","message":"  event: 'http_request',","level":"info"}
